onset	duration	trial_type	value	sample
23.012	n/a	NonTarget	1	5753
23.188	n/a	NonTarget	1	5797
23.368	n/a	NonTarget	1	5842
23.536	n/a	Target	2	5884
23.712	n/a	NonTarget	1	5928
23.888	n/a	NonTarget	1	5972
24.064	n/a	Target	2	6016
24.236	n/a	NonTarget	1	6059
24.412	n/a	NonTarget	1	6103
24.588	n/a	NonTarget	1	6147
24.764	n/a	NonTarget	1	6191
24.936	n/a	NonTarget	1	6234
25.112	n/a	Target	2	6278
25.288	n/a	NonTarget	1	6322
25.464	n/a	NonTarget	1	6366
25.636	n/a	NonTarget	1	6409
25.812	n/a	NonTarget	1	6453
25.988	n/a	NonTarget	1	6497
26.164	n/a	Target	2	6541
26.34	n/a	NonTarget	1	6585
26.512	n/a	NonTarget	1	6628
26.688	n/a	NonTarget	1	6672
26.864	n/a	NonTarget	1	6716
27.036	n/a	NonTarget	1	6759
27.212	n/a	NonTarget	1	6803
27.388	n/a	NonTarget	1	6847
27.564	n/a	NonTarget	1	6891
27.736	n/a	Target	2	6934
27.912	n/a	NonTarget	1	6978
28.088	n/a	NonTarget	1	7022
28.264	n/a	Target	2	7066
28.436	n/a	NonTarget	1	7109
28.612	n/a	NonTarget	1	7153
28.788	n/a	NonTarget	1	7197
28.964	n/a	NonTarget	1	7241
29.136	n/a	NonTarget	1	7284
29.312	n/a	Target	2	7328
29.488	n/a	NonTarget	1	7372
29.668	n/a	NonTarget	1	7417
29.836	n/a	NonTarget	1	7459
30.012	n/a	NonTarget	1	7503
30.188	n/a	NonTarget	1	7547
30.364	n/a	NonTarget	1	7591
30.536	n/a	NonTarget	1	7634
30.712	n/a	Target	2	7678
30.888	n/a	NonTarget	1	7722
31.064	n/a	NonTarget	1	7766
31.236	n/a	NonTarget	1	7809
31.412	n/a	NonTarget	1	7853
31.588	n/a	NonTarget	1	7897
31.764	n/a	Target	2	7941
31.936	n/a	NonTarget	1	7984
32.112	n/a	NonTarget	1	8028
32.288	n/a	NonTarget	1	8072
32.472	n/a	NonTarget	1	8118
32.636	n/a	NonTarget	1	8159
32.812	n/a	Target	2	8203
32.988	n/a	NonTarget	1	8247
33.164	n/a	NonTarget	1	8291
33.336	n/a	NonTarget	1	8334
33.512	n/a	NonTarget	1	8378
33.688	n/a	Target	2	8422
33.864	n/a	NonTarget	1	8466
34.036	n/a	NonTarget	1	8509
34.212	n/a	NonTarget	1	8553
34.388	n/a	NonTarget	1	8597
34.564	n/a	NonTarget	1	8641
34.736	n/a	Target	2	8684
34.912	n/a	NonTarget	1	8728
35.088	n/a	NonTarget	1	8772
35.264	n/a	NonTarget	1	8816
35.436	n/a	NonTarget	1	8859
35.612	n/a	NonTarget	1	8903
35.788	n/a	NonTarget	1	8947
35.964	n/a	Target	2	8991
36.136	n/a	NonTarget	1	9034
36.312	n/a	NonTarget	1	9078
36.488	n/a	NonTarget	1	9122
36.664	n/a	NonTarget	1	9166
36.836	n/a	NonTarget	1	9209
37.012	n/a	NonTarget	1	9253
37.188	n/a	Target	2	9297
37.364	n/a	NonTarget	1	9341
37.536	n/a	NonTarget	1	9384
37.712	n/a	NonTarget	1	9428
37.888	n/a	NonTarget	1	9472
38.064	n/a	NonTarget	1	9516
38.236	n/a	NonTarget	1	9559
38.412	n/a	Target	2	9603
38.588	n/a	NonTarget	1	9647
54.92	n/a	NonTarget	1	13730
55.096	n/a	NonTarget	1	13774
55.272	n/a	NonTarget	1	13818
55.444	n/a	Target	2	13861
55.62	n/a	NonTarget	1	13905
55.796	n/a	NonTarget	1	13949
55.972	n/a	NonTarget	1	13993
56.144	n/a	Target	2	14036
56.32	n/a	NonTarget	1	14080
56.496	n/a	NonTarget	1	14124
56.672	n/a	NonTarget	1	14168
56.844	n/a	NonTarget	1	14211
57.02	n/a	Target	2	14255
57.196	n/a	NonTarget	1	14299
57.372	n/a	NonTarget	1	14343
57.544	n/a	NonTarget	1	14386
57.72	n/a	NonTarget	1	14430
57.896	n/a	NonTarget	1	14474
58.072	n/a	Target	2	14518
58.244	n/a	NonTarget	1	14561
58.42	n/a	NonTarget	1	14605
58.596	n/a	NonTarget	1	14649
58.772	n/a	NonTarget	1	14693
58.944	n/a	NonTarget	1	14736
59.12	n/a	NonTarget	1	14780
59.296	n/a	NonTarget	1	14824
59.472	n/a	NonTarget	1	14868
59.644	n/a	NonTarget	1	14911
59.82	n/a	Target	2	14955
59.996	n/a	NonTarget	1	14999
60.172	n/a	NonTarget	1	15043
60.344	n/a	NonTarget	1	15086
60.52	n/a	NonTarget	1	15130
60.696	n/a	NonTarget	1	15174
60.872	n/a	Target	2	15218
61.044	n/a	NonTarget	1	15261
61.22	n/a	NonTarget	1	15305
61.396	n/a	NonTarget	1	15349
61.572	n/a	NonTarget	1	15393
61.744	n/a	NonTarget	1	15436
61.92	n/a	Target	2	15480
62.096	n/a	NonTarget	1	15524
62.272	n/a	NonTarget	1	15568
62.444	n/a	NonTarget	1	15611
62.62	n/a	NonTarget	1	15655
62.796	n/a	NonTarget	1	15699
62.972	n/a	Target	2	15743
63.144	n/a	NonTarget	1	15786
63.32	n/a	NonTarget	1	15830
63.496	n/a	NonTarget	1	15874
63.672	n/a	NonTarget	1	15918
63.844	n/a	Target	2	15961
64.02	n/a	NonTarget	1	16005
64.196	n/a	NonTarget	1	16049
64.372	n/a	NonTarget	1	16093
64.544	n/a	NonTarget	1	16136
64.72	n/a	NonTarget	1	16180
64.896	n/a	NonTarget	1	16224
65.072	n/a	NonTarget	1	16268
65.244	n/a	Target	2	16311
65.42	n/a	NonTarget	1	16355
65.596	n/a	NonTarget	1	16399
65.772	n/a	NonTarget	1	16443
65.952	n/a	Target	2	16488
66.12	n/a	NonTarget	1	16530
66.296	n/a	NonTarget	1	16574
66.472	n/a	NonTarget	1	16618
66.644	n/a	NonTarget	1	16661
66.82	n/a	NonTarget	1	16705
66.996	n/a	NonTarget	1	16749
67.172	n/a	NonTarget	1	16793
67.344	n/a	Target	2	16836
67.52	n/a	NonTarget	1	16880
67.696	n/a	NonTarget	1	16924
67.872	n/a	NonTarget	1	16968
68.044	n/a	NonTarget	1	17011
68.22	n/a	Target	2	17055
68.396	n/a	NonTarget	1	17099
68.568	n/a	NonTarget	1	17142
68.744	n/a	NonTarget	1	17186
68.92	n/a	NonTarget	1	17230
69.092	n/a	NonTarget	1	17273
69.268	n/a	Target	2	17317
69.444	n/a	NonTarget	1	17361
69.62	n/a	NonTarget	1	17405
69.792	n/a	NonTarget	1	17448
69.968	n/a	NonTarget	1	17492
70.144	n/a	NonTarget	1	17536
70.32	n/a	Target	2	17580
70.492	n/a	NonTarget	1	17623
90.664	n/a	NonTarget	1	22666
90.836	n/a	Target	2	22709
91.012	n/a	NonTarget	1	22753
91.188	n/a	NonTarget	1	22797
91.364	n/a	NonTarget	1	22841
91.54	n/a	NonTarget	1	22885
91.712	n/a	Target	2	22928
91.888	n/a	NonTarget	1	22972
92.064	n/a	NonTarget	1	23016
92.236	n/a	NonTarget	1	23059
92.416	n/a	NonTarget	1	23104
92.588	n/a	NonTarget	1	23147
92.764	n/a	NonTarget	1	23191
92.936	n/a	NonTarget	1	23234
93.112	n/a	NonTarget	1	23278
93.288	n/a	NonTarget	1	23322
93.464	n/a	NonTarget	1	23366
93.636	n/a	Target	2	23409
93.812	n/a	NonTarget	1	23453
93.988	n/a	NonTarget	1	23497
94.164	n/a	NonTarget	1	23541
94.336	n/a	NonTarget	1	23584
94.512	n/a	NonTarget	1	23628
94.688	n/a	Target	2	23672
94.864	n/a	NonTarget	1	23716
95.04	n/a	NonTarget	1	23760
95.212	n/a	NonTarget	1	23803
95.388	n/a	Target	2	23847
95.564	n/a	NonTarget	1	23891
95.74	n/a	NonTarget	1	23935
95.912	n/a	NonTarget	1	23978
96.088	n/a	NonTarget	1	24022
96.264	n/a	Target	2	24066
96.436	n/a	NonTarget	1	24109
96.612	n/a	NonTarget	1	24153
96.788	n/a	NonTarget	1	24197
96.964	n/a	NonTarget	1	24241
97.136	n/a	NonTarget	1	24284
97.312	n/a	NonTarget	1	24328
97.488	n/a	Target	2	24372
97.664	n/a	NonTarget	1	24416
97.836	n/a	NonTarget	1	24459
98.012	n/a	NonTarget	1	24503
98.188	n/a	NonTarget	1	24547
98.364	n/a	NonTarget	1	24591
98.536	n/a	Target	2	24634
98.712	n/a	NonTarget	1	24678
98.888	n/a	NonTarget	1	24722
99.064	n/a	NonTarget	1	24766
99.236	n/a	NonTarget	1	24809
99.412	n/a	Target	2	24853
99.588	n/a	NonTarget	1	24897
99.76	n/a	NonTarget	1	24940
99.936	n/a	NonTarget	1	24984
100.112	n/a	NonTarget	1	25028
100.288	n/a	NonTarget	1	25072
100.46	n/a	Target	2	25115
100.636	n/a	NonTarget	1	25159
100.812	n/a	NonTarget	1	25203
100.988	n/a	NonTarget	1	25247
101.16	n/a	NonTarget	1	25290
101.336	n/a	Target	2	25334
101.512	n/a	NonTarget	1	25378
101.688	n/a	NonTarget	1	25422
101.86	n/a	NonTarget	1	25465
102.036	n/a	NonTarget	1	25509
102.212	n/a	NonTarget	1	25553
102.388	n/a	NonTarget	1	25597
102.56	n/a	Target	2	25640
102.736	n/a	NonTarget	1	25684
102.912	n/a	NonTarget	1	25728
103.088	n/a	NonTarget	1	25772
103.26	n/a	NonTarget	1	25815
103.436	n/a	NonTarget	1	25859
103.612	n/a	NonTarget	1	25903
103.788	n/a	NonTarget	1	25947
103.96	n/a	Target	2	25990
104.136	n/a	NonTarget	1	26034
104.312	n/a	NonTarget	1	26078
104.488	n/a	NonTarget	1	26122
104.66	n/a	NonTarget	1	26165
104.836	n/a	Target	2	26209
105.012	n/a	NonTarget	1	26253
105.188	n/a	NonTarget	1	26297
105.36	n/a	NonTarget	1	26340
105.536	n/a	Target	2	26384
105.712	n/a	NonTarget	1	26428
105.888	n/a	NonTarget	1	26472
106.06	n/a	NonTarget	1	26515
106.236	n/a	NonTarget	1	26559
121.36	n/a	NonTarget	1	30340
121.536	n/a	NonTarget	1	30384
121.708	n/a	Target	2	30427
121.884	n/a	NonTarget	1	30471
122.06	n/a	NonTarget	1	30515
122.236	n/a	NonTarget	1	30559
122.408	n/a	NonTarget	1	30602
122.584	n/a	NonTarget	1	30646
122.76	n/a	NonTarget	1	30690
122.936	n/a	NonTarget	1	30734
123.108	n/a	NonTarget	1	30777
123.288	n/a	Target	2	30822
123.46	n/a	NonTarget	1	30865
123.636	n/a	NonTarget	1	30909
123.808	n/a	NonTarget	1	30952
123.984	n/a	NonTarget	1	30996
124.16	n/a	Target	2	31040
124.336	n/a	NonTarget	1	31084
124.508	n/a	NonTarget	1	31127
124.684	n/a	NonTarget	1	31171
124.86	n/a	NonTarget	1	31215
125.036	n/a	NonTarget	1	31259
125.208	n/a	Target	2	31302
125.384	n/a	NonTarget	1	31346
125.56	n/a	NonTarget	1	31390
125.736	n/a	NonTarget	1	31434
125.908	n/a	NonTarget	1	31477
126.084	n/a	NonTarget	1	31521
126.26	n/a	Target	2	31565
126.436	n/a	NonTarget	1	31609
126.608	n/a	NonTarget	1	31652
126.784	n/a	NonTarget	1	31696
126.96	n/a	NonTarget	1	31740
127.136	n/a	NonTarget	1	31784
127.308	n/a	Target	2	31827
127.484	n/a	NonTarget	1	31871
127.66	n/a	NonTarget	1	31915
127.836	n/a	NonTarget	1	31959
128.008	n/a	NonTarget	1	32002
128.184	n/a	Target	2	32046
128.36	n/a	NonTarget	1	32090
128.536	n/a	NonTarget	1	32134
128.708	n/a	Target	2	32177
128.884	n/a	NonTarget	1	32221
129.06	n/a	NonTarget	1	32265
129.236	n/a	NonTarget	1	32309
129.408	n/a	NonTarget	1	32352
129.584	n/a	NonTarget	1	32396
129.76	n/a	NonTarget	1	32440
129.932	n/a	Target	2	32483
130.108	n/a	NonTarget	1	32527
130.284	n/a	NonTarget	1	32571
130.46	n/a	NonTarget	1	32615
130.632	n/a	NonTarget	1	32658
130.808	n/a	Target	2	32702
130.984	n/a	NonTarget	1	32746
131.16	n/a	NonTarget	1	32790
131.332	n/a	NonTarget	1	32833
131.508	n/a	NonTarget	1	32877
131.684	n/a	NonTarget	1	32921
131.86	n/a	NonTarget	1	32965
132.036	n/a	NonTarget	1	33009
132.212	n/a	NonTarget	1	33053
132.384	n/a	NonTarget	1	33096
132.56	n/a	NonTarget	1	33140
132.736	n/a	Target	2	33184
132.908	n/a	NonTarget	1	33227
133.084	n/a	NonTarget	1	33271
133.26	n/a	NonTarget	1	33315
133.436	n/a	NonTarget	1	33359
133.608	n/a	Target	2	33402
133.784	n/a	NonTarget	1	33446
133.96	n/a	NonTarget	1	33490
134.136	n/a	NonTarget	1	33534
134.308	n/a	NonTarget	1	33577
134.484	n/a	NonTarget	1	33621
134.66	n/a	Target	2	33665
134.836	n/a	NonTarget	1	33709
135.008	n/a	NonTarget	1	33752
135.184	n/a	NonTarget	1	33796
135.36	n/a	NonTarget	1	33840
135.536	n/a	NonTarget	1	33884
135.712	n/a	Target	2	33928
135.884	n/a	NonTarget	1	33971
136.06	n/a	NonTarget	1	34015
136.236	n/a	NonTarget	1	34059
136.412	n/a	Target	2	34103
136.584	n/a	NonTarget	1	34146
136.76	n/a	NonTarget	1	34190
136.936	n/a	NonTarget	1	34234
157.484	n/a	NonTarget	1	39371
157.656	n/a	NonTarget	1	39414
157.832	n/a	Target	2	39458
158.008	n/a	NonTarget	1	39502
158.184	n/a	NonTarget	1	39546
158.356	n/a	NonTarget	1	39589
158.532	n/a	NonTarget	1	39633
158.708	n/a	Target	2	39677
158.884	n/a	NonTarget	1	39721
159.056	n/a	NonTarget	1	39764
159.232	n/a	NonTarget	1	39808
159.408	n/a	NonTarget	1	39852
159.584	n/a	NonTarget	1	39896
159.756	n/a	Target	2	39939
159.932	n/a	NonTarget	1	39983
160.108	n/a	NonTarget	1	40027
160.28	n/a	NonTarget	1	40070
160.456	n/a	NonTarget	1	40114
160.632	n/a	NonTarget	1	40158
160.808	n/a	Target	2	40202
160.98	n/a	NonTarget	1	40245
161.156	n/a	NonTarget	1	40289
161.332	n/a	NonTarget	1	40333
161.508	n/a	NonTarget	1	40377
161.684	n/a	Target	2	40421
161.856	n/a	NonTarget	1	40464
162.032	n/a	NonTarget	1	40508
162.208	n/a	NonTarget	1	40552
162.384	n/a	NonTarget	1	40596
162.556	n/a	NonTarget	1	40639
162.732	n/a	NonTarget	1	40683
162.908	n/a	Target	2	40727
163.084	n/a	NonTarget	1	40771
163.256	n/a	NonTarget	1	40814
163.432	n/a	NonTarget	1	40858
163.608	n/a	NonTarget	1	40902
163.784	n/a	NonTarget	1	40946
163.956	n/a	NonTarget	1	40989
164.132	n/a	Target	2	41033
164.308	n/a	NonTarget	1	41077
164.484	n/a	NonTarget	1	41121
164.656	n/a	NonTarget	1	41164
164.832	n/a	NonTarget	1	41208
165.008	n/a	Target	2	41252
165.184	n/a	NonTarget	1	41296
165.356	n/a	NonTarget	1	41339
165.532	n/a	NonTarget	1	41383
165.708	n/a	NonTarget	1	41427
165.884	n/a	NonTarget	1	41471
166.056	n/a	Target	2	41514
166.232	n/a	NonTarget	1	41558
166.408	n/a	NonTarget	1	41602
166.584	n/a	NonTarget	1	41646
166.76	n/a	NonTarget	1	41690
166.932	n/a	Target	2	41733
167.108	n/a	NonTarget	1	41777
167.284	n/a	NonTarget	1	41821
167.456	n/a	NonTarget	1	41864
167.632	n/a	NonTarget	1	41908
167.808	n/a	NonTarget	1	41952
167.984	n/a	Target	2	41996
168.156	n/a	NonTarget	1	42039
168.332	n/a	NonTarget	1	42083
168.508	n/a	NonTarget	1	42127
168.684	n/a	NonTarget	1	42171
168.856	n/a	NonTarget	1	42214
169.032	n/a	NonTarget	1	42258
169.208	n/a	Target	2	42302
169.384	n/a	NonTarget	1	42346
169.556	n/a	NonTarget	1	42389
169.732	n/a	NonTarget	1	42433
169.908	n/a	NonTarget	1	42477
170.084	n/a	NonTarget	1	42521
170.256	n/a	Target	2	42564
170.432	n/a	NonTarget	1	42608
170.608	n/a	NonTarget	1	42652
170.784	n/a	NonTarget	1	42696
170.956	n/a	NonTarget	1	42739
171.132	n/a	Target	2	42783
171.308	n/a	NonTarget	1	42827
171.488	n/a	NonTarget	1	42872
171.66	n/a	NonTarget	1	42915
171.832	n/a	NonTarget	1	42958
172.008	n/a	NonTarget	1	43002
172.184	n/a	NonTarget	1	43046
172.356	n/a	NonTarget	1	43089
172.532	n/a	NonTarget	1	43133
172.708	n/a	NonTarget	1	43177
172.884	n/a	Target	2	43221
173.056	n/a	NonTarget	1	43264
187.592	n/a	NonTarget	1	46898
187.768	n/a	Target	2	46942
187.94	n/a	NonTarget	1	46985
188.116	n/a	NonTarget	1	47029
188.292	n/a	NonTarget	1	47073
188.468	n/a	NonTarget	1	47117
188.64	n/a	NonTarget	1	47160
188.816	n/a	NonTarget	1	47204
188.992	n/a	Target	2	47248
189.168	n/a	NonTarget	1	47292
189.34	n/a	NonTarget	1	47335
189.516	n/a	NonTarget	1	47379
189.692	n/a	NonTarget	1	47423
189.868	n/a	NonTarget	1	47467
190.04	n/a	NonTarget	1	47510
190.216	n/a	NonTarget	1	47554
190.392	n/a	Target	2	47598
190.564	n/a	NonTarget	1	47641
190.74	n/a	NonTarget	1	47685
190.916	n/a	NonTarget	1	47729
191.092	n/a	NonTarget	1	47773
191.268	n/a	Target	2	47817
191.44	n/a	NonTarget	1	47860
191.616	n/a	NonTarget	1	47904
191.792	n/a	NonTarget	1	47948
191.968	n/a	NonTarget	1	47992
192.14	n/a	NonTarget	1	48035
192.316	n/a	Target	2	48079
192.492	n/a	NonTarget	1	48123
192.668	n/a	NonTarget	1	48167
192.84	n/a	NonTarget	1	48210
193.016	n/a	NonTarget	1	48254
193.192	n/a	Target	2	48298
193.368	n/a	NonTarget	1	48342
193.544	n/a	NonTarget	1	48386
193.716	n/a	NonTarget	1	48429
193.892	n/a	NonTarget	1	48473
194.068	n/a	Target	2	48517
194.244	n/a	NonTarget	1	48561
194.416	n/a	NonTarget	1	48604
194.592	n/a	NonTarget	1	48648
194.768	n/a	NonTarget	1	48692
194.944	n/a	NonTarget	1	48736
195.116	n/a	NonTarget	1	48779
195.292	n/a	NonTarget	1	48823
195.468	n/a	NonTarget	1	48867
195.64	n/a	NonTarget	1	48910
195.816	n/a	Target	2	48954
195.992	n/a	NonTarget	1	48998
196.168	n/a	NonTarget	1	49042
196.34	n/a	NonTarget	1	49085
196.516	n/a	NonTarget	1	49129
196.692	n/a	Target	2	49173
196.872	n/a	NonTarget	1	49218
197.04	n/a	NonTarget	1	49260
197.216	n/a	NonTarget	1	49304
197.392	n/a	Target	2	49348
197.568	n/a	NonTarget	1	49392
197.74	n/a	NonTarget	1	49435
197.916	n/a	NonTarget	1	49479
198.092	n/a	NonTarget	1	49523
198.268	n/a	NonTarget	1	49567
198.44	n/a	NonTarget	1	49610
198.616	n/a	NonTarget	1	49654
198.792	n/a	NonTarget	1	49698
198.972	n/a	Target	2	49743
199.144	n/a	NonTarget	1	49786
199.316	n/a	NonTarget	1	49829
199.492	n/a	NonTarget	1	49873
199.668	n/a	NonTarget	1	49917
199.84	n/a	Target	2	49960
200.016	n/a	NonTarget	1	50004
200.192	n/a	NonTarget	1	50048
200.368	n/a	NonTarget	1	50092
200.54	n/a	NonTarget	1	50135
200.716	n/a	Target	2	50179
200.892	n/a	NonTarget	1	50223
201.068	n/a	NonTarget	1	50267
201.24	n/a	NonTarget	1	50310
201.416	n/a	Target	2	50354
201.592	n/a	NonTarget	1	50398
201.768	n/a	NonTarget	1	50442
201.94	n/a	NonTarget	1	50485
202.116	n/a	NonTarget	1	50529
202.292	n/a	NonTarget	1	50573
202.468	n/a	Target	2	50617
202.64	n/a	NonTarget	1	50660
202.816	n/a	NonTarget	1	50704
202.992	n/a	NonTarget	1	50748
203.168	n/a	NonTarget	1	50792
223.344	n/a	NonTarget	1	55836
223.52	n/a	NonTarget	1	55880
223.692	n/a	Target	2	55923
223.868	n/a	NonTarget	1	55967
224.044	n/a	NonTarget	1	56011
224.22	n/a	NonTarget	1	56055
224.392	n/a	Target	2	56098
224.568	n/a	NonTarget	1	56142
224.744	n/a	NonTarget	1	56186
224.92	n/a	NonTarget	1	56230
225.092	n/a	NonTarget	1	56273
225.268	n/a	NonTarget	1	56317
225.444	n/a	NonTarget	1	56361
225.62	n/a	NonTarget	1	56405
225.792	n/a	NonTarget	1	56448
225.968	n/a	NonTarget	1	56492
226.144	n/a	NonTarget	1	56536
226.32	n/a	Target	2	56580
226.492	n/a	NonTarget	1	56623
226.668	n/a	NonTarget	1	56667
226.844	n/a	NonTarget	1	56711
227.02	n/a	NonTarget	1	56755
227.192	n/a	Target	2	56798
227.368	n/a	NonTarget	1	56842
227.544	n/a	NonTarget	1	56886
227.72	n/a	NonTarget	1	56930
227.896	n/a	NonTarget	1	56974
228.068	n/a	Target	2	57017
228.244	n/a	NonTarget	1	57061
228.42	n/a	NonTarget	1	57105
228.592	n/a	Target	2	57148
228.768	n/a	NonTarget	1	57192
228.944	n/a	NonTarget	1	57236
229.12	n/a	NonTarget	1	57280
229.292	n/a	NonTarget	1	57323
229.468	n/a	NonTarget	1	57367
229.644	n/a	NonTarget	1	57411
229.82	n/a	NonTarget	1	57455
229.992	n/a	Target	2	57498
230.172	n/a	NonTarget	1	57543
230.344	n/a	NonTarget	1	57586
230.52	n/a	NonTarget	1	57630
230.696	n/a	NonTarget	1	57674
230.868	n/a	NonTarget	1	57717
231.044	n/a	Target	2	57761
231.22	n/a	NonTarget	1	57805
231.392	n/a	NonTarget	1	57848
231.568	n/a	NonTarget	1	57892
231.744	n/a	NonTarget	1	57936
231.92	n/a	NonTarget	1	57980
232.092	n/a	Target	2	58023
232.268	n/a	NonTarget	1	58067
232.444	n/a	NonTarget	1	58111
232.62	n/a	NonTarget	1	58155
232.792	n/a	Target	2	58198
232.968	n/a	NonTarget	1	58242
233.144	n/a	NonTarget	1	58286
233.316	n/a	NonTarget	1	58329
233.492	n/a	NonTarget	1	58373
233.668	n/a	NonTarget	1	58417
233.844	n/a	NonTarget	1	58461
234.016	n/a	NonTarget	1	58504
234.192	n/a	NonTarget	1	58548
234.368	n/a	Target	2	58592
234.544	n/a	NonTarget	1	58636
234.716	n/a	NonTarget	1	58679
234.892	n/a	NonTarget	1	58723
235.068	n/a	NonTarget	1	58767
235.244	n/a	NonTarget	1	58811
235.416	n/a	Target	2	58854
235.592	n/a	NonTarget	1	58898
235.768	n/a	NonTarget	1	58942
235.944	n/a	NonTarget	1	58986
236.116	n/a	NonTarget	1	59029
236.292	n/a	NonTarget	1	59073
236.468	n/a	Target	2	59117
236.644	n/a	NonTarget	1	59161
236.816	n/a	NonTarget	1	59204
236.992	n/a	NonTarget	1	59248
237.168	n/a	NonTarget	1	59292
237.344	n/a	NonTarget	1	59336
237.516	n/a	NonTarget	1	59379
237.692	n/a	NonTarget	1	59423
237.868	n/a	Target	2	59467
238.044	n/a	NonTarget	1	59511
238.216	n/a	NonTarget	1	59554
238.392	n/a	NonTarget	1	59598
238.568	n/a	NonTarget	1	59642
238.744	n/a	Target	2	59686
238.916	n/a	NonTarget	1	59729
256.62	n/a	NonTarget	1	64155
256.796	n/a	NonTarget	1	64199
256.972	n/a	NonTarget	1	64243
257.148	n/a	NonTarget	1	64287
257.32	n/a	Target	2	64330
257.496	n/a	NonTarget	1	64374
257.672	n/a	NonTarget	1	64418
257.852	n/a	NonTarget	1	64463
258.02	n/a	NonTarget	1	64505
258.196	n/a	NonTarget	1	64549
258.372	n/a	Target	2	64593
258.548	n/a	NonTarget	1	64637
258.72	n/a	NonTarget	1	64680
258.896	n/a	NonTarget	1	64724
259.076	n/a	NonTarget	1	64769
259.248	n/a	NonTarget	1	64812
259.42	n/a	NonTarget	1	64855
259.596	n/a	Target	2	64899
259.772	n/a	NonTarget	1	64943
259.948	n/a	NonTarget	1	64987
260.12	n/a	NonTarget	1	65030
260.296	n/a	Target	2	65074
260.472	n/a	NonTarget	1	65118
260.648	n/a	NonTarget	1	65162
260.82	n/a	NonTarget	1	65205
260.996	n/a	NonTarget	1	65249
261.172	n/a	Target	2	65293
261.348	n/a	NonTarget	1	65337
261.52	n/a	NonTarget	1	65380
261.696	n/a	NonTarget	1	65424
261.872	n/a	NonTarget	1	65468
262.048	n/a	NonTarget	1	65512
262.22	n/a	NonTarget	1	65555
262.396	n/a	NonTarget	1	65599
262.572	n/a	NonTarget	1	65643
262.748	n/a	Target	2	65687
262.92	n/a	NonTarget	1	65730
263.096	n/a	NonTarget	1	65774
263.272	n/a	NonTarget	1	65818
263.448	n/a	Target	2	65862
263.62	n/a	NonTarget	1	65905
263.796	n/a	NonTarget	1	65949
263.972	n/a	NonTarget	1	65993
264.148	n/a	NonTarget	1	66037
264.32	n/a	NonTarget	1	66080
264.496	n/a	NonTarget	1	66124
264.672	n/a	Target	2	66168
264.844	n/a	NonTarget	1	66211
265.02	n/a	NonTarget	1	66255
265.196	n/a	NonTarget	1	66299
265.368	n/a	Target	2	66342
265.544	n/a	NonTarget	1	66386
265.72	n/a	NonTarget	1	66430
265.896	n/a	NonTarget	1	66474
266.072	n/a	Target	2	66518
266.244	n/a	NonTarget	1	66561
266.42	n/a	NonTarget	1	66605
266.596	n/a	NonTarget	1	66649
266.768	n/a	NonTarget	1	66692
266.944	n/a	NonTarget	1	66736
267.12	n/a	NonTarget	1	66780
267.296	n/a	Target	2	66824
267.472	n/a	NonTarget	1	66868
267.644	n/a	NonTarget	1	66911
267.82	n/a	NonTarget	1	66955
267.996	n/a	NonTarget	1	66999
268.168	n/a	NonTarget	1	67042
268.344	n/a	NonTarget	1	67086
268.52	n/a	Target	2	67130
268.696	n/a	NonTarget	1	67174
268.868	n/a	NonTarget	1	67217
269.044	n/a	NonTarget	1	67261
269.22	n/a	NonTarget	1	67305
269.396	n/a	NonTarget	1	67349
269.568	n/a	NonTarget	1	67392
269.744	n/a	NonTarget	1	67436
269.92	n/a	Target	2	67480
270.096	n/a	NonTarget	1	67524
270.268	n/a	NonTarget	1	67567
270.444	n/a	NonTarget	1	67611
270.62	n/a	NonTarget	1	67655
270.796	n/a	Target	2	67699
270.968	n/a	NonTarget	1	67742
271.144	n/a	NonTarget	1	67786
271.32	n/a	NonTarget	1	67830
271.496	n/a	NonTarget	1	67874
271.672	n/a	NonTarget	1	67918
271.844	n/a	Target	2	67961
272.02	n/a	NonTarget	1	68005
272.196	n/a	NonTarget	1	68049
293.42	n/a	Target	2	73355
293.596	n/a	NonTarget	1	73399
293.772	n/a	NonTarget	1	73443
293.944	n/a	NonTarget	1	73486
294.12	n/a	NonTarget	1	73530
294.296	n/a	NonTarget	1	73574
294.472	n/a	NonTarget	1	73618
294.644	n/a	NonTarget	1	73661
294.82	n/a	NonTarget	1	73705
294.996	n/a	NonTarget	1	73749
295.172	n/a	Target	2	73793
295.344	n/a	NonTarget	1	73836
295.52	n/a	NonTarget	1	73880
295.696	n/a	NonTarget	1	73924
295.872	n/a	NonTarget	1	73968
296.048	n/a	Target	2	74012
296.22	n/a	NonTarget	1	74055
296.396	n/a	NonTarget	1	74099
296.572	n/a	NonTarget	1	74143
296.744	n/a	NonTarget	1	74186
296.92	n/a	Target	2	74230
297.096	n/a	NonTarget	1	74274
297.272	n/a	NonTarget	1	74318
297.444	n/a	NonTarget	1	74361
297.62	n/a	Target	2	74405
297.796	n/a	NonTarget	1	74449
297.972	n/a	NonTarget	1	74493
298.144	n/a	NonTarget	1	74536
298.32	n/a	NonTarget	1	74580
298.496	n/a	NonTarget	1	74624
298.672	n/a	NonTarget	1	74668
298.852	n/a	NonTarget	1	74713
299.02	n/a	NonTarget	1	74755
299.196	n/a	Target	2	74799
299.372	n/a	NonTarget	1	74843
299.548	n/a	NonTarget	1	74887
299.72	n/a	NonTarget	1	74930
299.896	n/a	NonTarget	1	74974
300.072	n/a	Target	2	75018
300.244	n/a	NonTarget	1	75061
300.42	n/a	NonTarget	1	75105
300.596	n/a	NonTarget	1	75149
300.772	n/a	NonTarget	1	75193
300.944	n/a	NonTarget	1	75236
301.12	n/a	NonTarget	1	75280
301.296	n/a	NonTarget	1	75324
301.472	n/a	NonTarget	1	75368
301.644	n/a	Target	2	75411
301.82	n/a	NonTarget	1	75455
301.996	n/a	NonTarget	1	75499
302.172	n/a	NonTarget	1	75543
302.344	n/a	NonTarget	1	75586
302.52	n/a	NonTarget	1	75630
302.696	n/a	Target	2	75674
302.872	n/a	NonTarget	1	75718
303.044	n/a	NonTarget	1	75761
303.22	n/a	NonTarget	1	75805
303.396	n/a	NonTarget	1	75849
303.572	n/a	NonTarget	1	75893
303.744	n/a	Target	2	75936
303.92	n/a	NonTarget	1	75980
304.096	n/a	NonTarget	1	76024
304.272	n/a	NonTarget	1	76068
304.444	n/a	Target	2	76111
304.62	n/a	NonTarget	1	76155
304.796	n/a	NonTarget	1	76199
304.972	n/a	NonTarget	1	76243
305.144	n/a	NonTarget	1	76286
305.32	n/a	NonTarget	1	76330
305.496	n/a	NonTarget	1	76374
305.672	n/a	Target	2	76418
305.844	n/a	NonTarget	1	76461
306.02	n/a	NonTarget	1	76505
306.196	n/a	NonTarget	1	76549
306.372	n/a	NonTarget	1	76593
306.544	n/a	NonTarget	1	76636
306.72	n/a	Target	2	76680
306.896	n/a	NonTarget	1	76724
307.072	n/a	NonTarget	1	76768
307.244	n/a	NonTarget	1	76811
307.42	n/a	NonTarget	1	76855
307.596	n/a	NonTarget	1	76899
307.772	n/a	NonTarget	1	76943
307.944	n/a	Target	2	76986
308.12	n/a	NonTarget	1	77030
308.296	n/a	NonTarget	1	77074
308.472	n/a	Target	2	77118
308.644	n/a	NonTarget	1	77161
308.82	n/a	NonTarget	1	77205
308.996	n/a	NonTarget	1	77249
323.524	n/a	NonTarget	1	80881
323.7	n/a	NonTarget	1	80925
323.876	n/a	NonTarget	1	80969
324.048	n/a	NonTarget	1	81012
324.224	n/a	Target	2	81056
324.4	n/a	NonTarget	1	81100
324.576	n/a	NonTarget	1	81144
324.752	n/a	NonTarget	1	81188
324.924	n/a	NonTarget	1	81231
325.1	n/a	NonTarget	1	81275
325.276	n/a	NonTarget	1	81319
325.448	n/a	Target	2	81362
325.624	n/a	NonTarget	1	81406
325.8	n/a	NonTarget	1	81450
325.976	n/a	NonTarget	1	81494
326.148	n/a	NonTarget	1	81537
326.324	n/a	NonTarget	1	81581
326.5	n/a	Target	2	81625
326.676	n/a	NonTarget	1	81669
326.852	n/a	NonTarget	1	81713
327.024	n/a	NonTarget	1	81756
327.2	n/a	NonTarget	1	81800
327.376	n/a	NonTarget	1	81844
327.552	n/a	Target	2	81888
327.724	n/a	NonTarget	1	81931
327.9	n/a	NonTarget	1	81975
328.076	n/a	NonTarget	1	82019
328.248	n/a	NonTarget	1	82062
328.424	n/a	NonTarget	1	82106
328.6	n/a	Target	2	82150
328.776	n/a	NonTarget	1	82194
328.956	n/a	NonTarget	1	82239
329.124	n/a	NonTarget	1	82281
329.3	n/a	NonTarget	1	82325
329.476	n/a	NonTarget	1	82369
329.648	n/a	Target	2	82412
329.832	n/a	NonTarget	1	82458
330.0	n/a	NonTarget	1	82500
330.176	n/a	NonTarget	1	82544
330.348	n/a	NonTarget	1	82587
330.524	n/a	NonTarget	1	82631
330.7	n/a	Target	2	82675
330.876	n/a	NonTarget	1	82719
331.048	n/a	NonTarget	1	82762
331.224	n/a	NonTarget	1	82806
331.4	n/a	NonTarget	1	82850
331.576	n/a	NonTarget	1	82894
331.748	n/a	Target	2	82937
331.924	n/a	NonTarget	1	82981
332.1	n/a	NonTarget	1	83025
332.276	n/a	NonTarget	1	83069
332.448	n/a	NonTarget	1	83112
332.624	n/a	Target	2	83156
332.8	n/a	NonTarget	1	83200
332.98	n/a	NonTarget	1	83245
333.148	n/a	NonTarget	1	83287
333.324	n/a	NonTarget	1	83331
333.5	n/a	Target	2	83375
333.676	n/a	NonTarget	1	83419
333.848	n/a	NonTarget	1	83462
334.024	n/a	NonTarget	1	83506
334.2	n/a	NonTarget	1	83550
334.376	n/a	NonTarget	1	83594
334.548	n/a	NonTarget	1	83637
334.724	n/a	Target	2	83681
334.9	n/a	NonTarget	1	83725
335.076	n/a	NonTarget	1	83769
335.248	n/a	NonTarget	1	83812
335.424	n/a	NonTarget	1	83856
335.6	n/a	NonTarget	1	83900
335.776	n/a	Target	2	83944
335.952	n/a	NonTarget	1	83988
336.124	n/a	NonTarget	1	84031
336.3	n/a	NonTarget	1	84075
336.476	n/a	NonTarget	1	84119
336.648	n/a	NonTarget	1	84162
336.824	n/a	NonTarget	1	84206
337.0	n/a	Target	2	84250
337.176	n/a	NonTarget	1	84294
337.348	n/a	NonTarget	1	84337
337.524	n/a	NonTarget	1	84381
337.704	n/a	Target	2	84426
337.876	n/a	NonTarget	1	84469
338.048	n/a	NonTarget	1	84512
338.224	n/a	NonTarget	1	84556
338.4	n/a	NonTarget	1	84600
338.576	n/a	Target	2	84644
338.748	n/a	NonTarget	1	84687
338.924	n/a	NonTarget	1	84731
339.1	n/a	NonTarget	1	84775
359.244	n/a	NonTarget	1	89811
359.42	n/a	Target	2	89855
359.592	n/a	NonTarget	1	89898
359.768	n/a	NonTarget	1	89942
359.944	n/a	NonTarget	1	89986
360.116	n/a	NonTarget	1	90029
360.292	n/a	Target	2	90073
360.468	n/a	NonTarget	1	90117
360.644	n/a	NonTarget	1	90161
360.816	n/a	NonTarget	1	90204
360.992	n/a	NonTarget	1	90248
361.168	n/a	NonTarget	1	90292
361.344	n/a	NonTarget	1	90336
361.516	n/a	NonTarget	1	90379
361.692	n/a	NonTarget	1	90423
361.868	n/a	NonTarget	1	90467
362.044	n/a	NonTarget	1	90511
362.216	n/a	Target	2	90554
362.392	n/a	NonTarget	1	90598
362.568	n/a	NonTarget	1	90642
362.744	n/a	NonTarget	1	90686
362.916	n/a	NonTarget	1	90729
363.092	n/a	NonTarget	1	90773
363.268	n/a	Target	2	90817
363.444	n/a	NonTarget	1	90861
363.616	n/a	NonTarget	1	90904
363.792	n/a	NonTarget	1	90948
363.968	n/a	Target	2	90992
364.144	n/a	NonTarget	1	91036
364.316	n/a	NonTarget	1	91079
364.492	n/a	NonTarget	1	91123
364.668	n/a	NonTarget	1	91167
364.844	n/a	Target	2	91211
365.016	n/a	NonTarget	1	91254
365.192	n/a	NonTarget	1	91298
365.368	n/a	NonTarget	1	91342
365.544	n/a	NonTarget	1	91386
365.716	n/a	NonTarget	1	91429
365.892	n/a	NonTarget	1	91473
366.068	n/a	Target	2	91517
366.244	n/a	NonTarget	1	91561
366.416	n/a	NonTarget	1	91604
366.592	n/a	NonTarget	1	91648
366.768	n/a	NonTarget	1	91692
366.944	n/a	NonTarget	1	91736
367.116	n/a	Target	2	91779
367.292	n/a	NonTarget	1	91823
367.468	n/a	NonTarget	1	91867
367.644	n/a	NonTarget	1	91911
367.816	n/a	NonTarget	1	91954
367.992	n/a	Target	2	91998
368.168	n/a	NonTarget	1	92042
368.344	n/a	NonTarget	1	92086
368.516	n/a	NonTarget	1	92129
368.692	n/a	NonTarget	1	92173
368.868	n/a	NonTarget	1	92217
369.044	n/a	Target	2	92261
369.216	n/a	NonTarget	1	92304
369.392	n/a	NonTarget	1	92348
369.568	n/a	NonTarget	1	92392
369.744	n/a	NonTarget	1	92436
369.916	n/a	Target	2	92479
370.092	n/a	NonTarget	1	92523
370.268	n/a	NonTarget	1	92567
370.444	n/a	NonTarget	1	92611
370.616	n/a	NonTarget	1	92654
370.792	n/a	NonTarget	1	92698
370.968	n/a	NonTarget	1	92742
371.144	n/a	Target	2	92786
371.316	n/a	NonTarget	1	92829
371.492	n/a	NonTarget	1	92873
371.668	n/a	NonTarget	1	92917
371.844	n/a	NonTarget	1	92961
372.016	n/a	NonTarget	1	93004
372.192	n/a	NonTarget	1	93048
372.368	n/a	NonTarget	1	93092
372.544	n/a	Target	2	93136
372.716	n/a	NonTarget	1	93179
372.892	n/a	NonTarget	1	93223
373.068	n/a	NonTarget	1	93267
373.244	n/a	NonTarget	1	93311
373.416	n/a	Target	2	93354
373.592	n/a	NonTarget	1	93398
373.768	n/a	NonTarget	1	93442
373.944	n/a	NonTarget	1	93486
374.116	n/a	Target	2	93529
374.292	n/a	NonTarget	1	93573
374.468	n/a	NonTarget	1	93617
374.644	n/a	NonTarget	1	93661
374.816	n/a	NonTarget	1	93704
389.948	n/a	NonTarget	1	97487
390.12	n/a	NonTarget	1	97530
390.296	n/a	NonTarget	1	97574
390.472	n/a	NonTarget	1	97618
390.648	n/a	NonTarget	1	97662
390.82	n/a	Target	2	97705
390.996	n/a	NonTarget	1	97749
391.172	n/a	NonTarget	1	97793
391.348	n/a	NonTarget	1	97837
391.52	n/a	NonTarget	1	97880
391.696	n/a	Target	2	97924
391.872	n/a	NonTarget	1	97968
392.048	n/a	NonTarget	1	98012
392.224	n/a	NonTarget	1	98056
392.396	n/a	NonTarget	1	98099
392.572	n/a	Target	2	98143
392.748	n/a	NonTarget	1	98187
392.924	n/a	NonTarget	1	98231
393.096	n/a	NonTarget	1	98274
393.272	n/a	Target	2	98318
393.448	n/a	NonTarget	1	98362
393.62	n/a	NonTarget	1	98405
393.796	n/a	NonTarget	1	98449
393.972	n/a	NonTarget	1	98493
394.148	n/a	NonTarget	1	98537
394.32	n/a	Target	2	98580
394.496	n/a	NonTarget	1	98624
394.676	n/a	NonTarget	1	98669
394.848	n/a	NonTarget	1	98712
395.02	n/a	NonTarget	1	98755
395.196	n/a	NonTarget	1	98799
395.372	n/a	NonTarget	1	98843
395.548	n/a	NonTarget	1	98887
395.724	n/a	NonTarget	1	98931
395.9	n/a	NonTarget	1	98975
396.072	n/a	Target	2	99018
396.248	n/a	NonTarget	1	99062
396.424	n/a	NonTarget	1	99106
396.596	n/a	Target	2	99149
396.772	n/a	NonTarget	1	99193
396.956	n/a	NonTarget	1	99239
397.124	n/a	NonTarget	1	99281
397.296	n/a	NonTarget	1	99324
397.472	n/a	Target	2	99368
397.648	n/a	NonTarget	1	99412
397.824	n/a	NonTarget	1	99456
397.996	n/a	NonTarget	1	99499
398.172	n/a	NonTarget	1	99543
398.348	n/a	Target	2	99587
398.52	n/a	NonTarget	1	99630
398.696	n/a	NonTarget	1	99674
398.872	n/a	NonTarget	1	99718
399.048	n/a	NonTarget	1	99762
399.224	n/a	NonTarget	1	99806
399.396	n/a	NonTarget	1	99849
399.572	n/a	NonTarget	1	99893
399.748	n/a	NonTarget	1	99937
399.92	n/a	NonTarget	1	99980
400.096	n/a	NonTarget	1	100024
400.272	n/a	Target	2	100068
400.448	n/a	NonTarget	1	100112
400.62	n/a	NonTarget	1	100155
400.796	n/a	NonTarget	1	100199
400.972	n/a	NonTarget	1	100243
401.144	n/a	Target	2	100286
401.32	n/a	NonTarget	1	100330
401.496	n/a	NonTarget	1	100374
401.672	n/a	NonTarget	1	100418
401.844	n/a	NonTarget	1	100461
402.02	n/a	NonTarget	1	100505
402.196	n/a	NonTarget	1	100549
402.372	n/a	Target	2	100593
402.548	n/a	NonTarget	1	100637
402.72	n/a	NonTarget	1	100680
402.896	n/a	NonTarget	1	100724
403.072	n/a	NonTarget	1	100768
403.248	n/a	NonTarget	1	100812
403.424	n/a	Target	2	100856
403.596	n/a	NonTarget	1	100899
403.772	n/a	NonTarget	1	100943
403.948	n/a	NonTarget	1	100987
404.12	n/a	NonTarget	1	101030
404.296	n/a	NonTarget	1	101074
404.472	n/a	Target	2	101118
404.648	n/a	NonTarget	1	101162
404.82	n/a	NonTarget	1	101205
404.996	n/a	NonTarget	1	101249
405.172	n/a	NonTarget	1	101293
405.348	n/a	NonTarget	1	101337
405.52	n/a	Target	2	101380
425.788	n/a	NonTarget	1	106447
425.964	n/a	NonTarget	1	106491
426.14	n/a	NonTarget	1	106535
426.316	n/a	NonTarget	1	106579
426.488	n/a	NonTarget	1	106622
426.664	n/a	Target	2	106666
426.84	n/a	NonTarget	1	106710
427.016	n/a	NonTarget	1	106754
427.192	n/a	NonTarget	1	106798
427.364	n/a	NonTarget	1	106841
427.54	n/a	NonTarget	1	106885
427.716	n/a	Target	2	106929
427.888	n/a	NonTarget	1	106972
428.064	n/a	NonTarget	1	107016
428.24	n/a	NonTarget	1	107060
428.416	n/a	NonTarget	1	107104
428.588	n/a	NonTarget	1	107147
428.764	n/a	Target	2	107191
428.94	n/a	NonTarget	1	107235
429.116	n/a	NonTarget	1	107279
429.288	n/a	NonTarget	1	107322
429.464	n/a	NonTarget	1	107366
429.64	n/a	Target	2	107410
429.816	n/a	NonTarget	1	107454
429.988	n/a	NonTarget	1	107497
430.164	n/a	NonTarget	1	107541
430.34	n/a	NonTarget	1	107585
430.516	n/a	Target	2	107629
430.688	n/a	NonTarget	1	107672
430.864	n/a	NonTarget	1	107716
431.04	n/a	NonTarget	1	107760
431.212	n/a	NonTarget	1	107803
431.388	n/a	NonTarget	1	107847
431.564	n/a	NonTarget	1	107891
431.74	n/a	Target	2	107935
431.912	n/a	NonTarget	1	107978
432.088	n/a	NonTarget	1	108022
432.264	n/a	NonTarget	1	108066
432.444	n/a	NonTarget	1	108111
432.616	n/a	NonTarget	1	108154
432.788	n/a	Target	2	108197
432.964	n/a	NonTarget	1	108241
433.14	n/a	NonTarget	1	108285
433.316	n/a	NonTarget	1	108329
433.488	n/a	NonTarget	1	108372
433.664	n/a	NonTarget	1	108416
433.84	n/a	NonTarget	1	108460
434.016	n/a	Target	2	108504
434.192	n/a	NonTarget	1	108548
434.364	n/a	NonTarget	1	108591
434.54	n/a	NonTarget	1	108635
434.716	n/a	Target	2	108679
434.888	n/a	NonTarget	1	108722
435.068	n/a	NonTarget	1	108767
435.24	n/a	NonTarget	1	108810
435.416	n/a	NonTarget	1	108854
435.588	n/a	Target	2	108897
435.764	n/a	NonTarget	1	108941
435.94	n/a	NonTarget	1	108985
436.116	n/a	NonTarget	1	109029
436.296	n/a	NonTarget	1	109074
436.464	n/a	NonTarget	1	109116
436.64	n/a	NonTarget	1	109160
436.82	n/a	NonTarget	1	109205
436.988	n/a	NonTarget	1	109247
437.164	n/a	Target	2	109291
437.34	n/a	NonTarget	1	109335
437.516	n/a	NonTarget	1	109379
437.688	n/a	NonTarget	1	109422
437.864	n/a	Target	2	109466
438.04	n/a	NonTarget	1	109510
438.216	n/a	NonTarget	1	109554
438.392	n/a	NonTarget	1	109598
438.564	n/a	NonTarget	1	109641
438.74	n/a	NonTarget	1	109685
438.916	n/a	NonTarget	1	109729
439.088	n/a	Target	2	109772
439.264	n/a	NonTarget	1	109816
439.44	n/a	NonTarget	1	109860
439.616	n/a	NonTarget	1	109904
439.788	n/a	Target	2	109947
439.964	n/a	NonTarget	1	109991
440.14	n/a	NonTarget	1	110035
440.316	n/a	NonTarget	1	110079
440.496	n/a	Target	2	110124
440.664	n/a	NonTarget	1	110166
440.84	n/a	NonTarget	1	110210
441.016	n/a	NonTarget	1	110254
441.188	n/a	NonTarget	1	110297
441.364	n/a	NonTarget	1	110341
455.588	n/a	Target	2	113897
455.76	n/a	NonTarget	1	113940
455.932	n/a	NonTarget	1	113983
456.108	n/a	NonTarget	1	114027
456.284	n/a	NonTarget	1	114071
456.46	n/a	NonTarget	1	114115
456.632	n/a	NonTarget	1	114158
456.812	n/a	Target	2	114203
456.984	n/a	NonTarget	1	114246
457.16	n/a	NonTarget	1	114290
457.332	n/a	NonTarget	1	114333
457.508	n/a	NonTarget	1	114377
457.684	n/a	Target	2	114421
457.86	n/a	NonTarget	1	114465
458.032	n/a	NonTarget	1	114508
458.208	n/a	NonTarget	1	114552
458.384	n/a	NonTarget	1	114596
458.56	n/a	NonTarget	1	114640
458.732	n/a	NonTarget	1	114683
458.908	n/a	NonTarget	1	114727
459.084	n/a	NonTarget	1	114771
459.256	n/a	NonTarget	1	114814
459.432	n/a	NonTarget	1	114858
459.608	n/a	Target	2	114902
459.784	n/a	NonTarget	1	114946
459.96	n/a	NonTarget	1	114990
460.132	n/a	NonTarget	1	115033
460.308	n/a	NonTarget	1	115077
460.484	n/a	Target	2	115121
460.66	n/a	NonTarget	1	115165
460.832	n/a	NonTarget	1	115208
461.008	n/a	NonTarget	1	115252
461.184	n/a	NonTarget	1	115296
461.36	n/a	Target	2	115340
461.532	n/a	NonTarget	1	115383
461.708	n/a	NonTarget	1	115427
461.884	n/a	Target	2	115471
462.06	n/a	NonTarget	1	115515
462.232	n/a	NonTarget	1	115558
462.408	n/a	NonTarget	1	115602
462.584	n/a	NonTarget	1	115646
462.76	n/a	NonTarget	1	115690
462.932	n/a	Target	2	115733
463.108	n/a	NonTarget	1	115777
463.284	n/a	NonTarget	1	115821
463.46	n/a	NonTarget	1	115865
463.632	n/a	NonTarget	1	115908
463.808	n/a	NonTarget	1	115952
463.984	n/a	Target	2	115996
464.16	n/a	NonTarget	1	116040
464.332	n/a	NonTarget	1	116083
464.508	n/a	NonTarget	1	116127
464.684	n/a	NonTarget	1	116171
464.86	n/a	NonTarget	1	116215
465.036	n/a	NonTarget	1	116259
465.208	n/a	NonTarget	1	116302
465.384	n/a	NonTarget	1	116346
465.56	n/a	Target	2	116390
465.732	n/a	NonTarget	1	116433
465.912	n/a	NonTarget	1	116478
466.084	n/a	Target	2	116521
466.26	n/a	NonTarget	1	116565
466.432	n/a	NonTarget	1	116608
466.608	n/a	NonTarget	1	116652
466.784	n/a	NonTarget	1	116696
466.96	n/a	NonTarget	1	116740
467.136	n/a	Target	2	116784
467.308	n/a	NonTarget	1	116827
467.484	n/a	NonTarget	1	116871
467.66	n/a	NonTarget	1	116915
467.832	n/a	NonTarget	1	116958
468.008	n/a	NonTarget	1	117002
468.184	n/a	NonTarget	1	117046
468.36	n/a	NonTarget	1	117090
468.532	n/a	Target	2	117133
468.708	n/a	NonTarget	1	117177
468.884	n/a	NonTarget	1	117221
469.06	n/a	NonTarget	1	117265
469.236	n/a	NonTarget	1	117309
469.408	n/a	NonTarget	1	117352
469.584	n/a	Target	2	117396
469.76	n/a	NonTarget	1	117440
469.932	n/a	NonTarget	1	117483
470.108	n/a	NonTarget	1	117527
470.284	n/a	NonTarget	1	117571
470.46	n/a	NonTarget	1	117615
470.632	n/a	Target	2	117658
470.808	n/a	NonTarget	1	117702
470.984	n/a	NonTarget	1	117746
471.16	n/a	NonTarget	1	117790
491.316	n/a	Target	2	122829
491.492	n/a	NonTarget	1	122873
491.668	n/a	NonTarget	1	122917
491.84	n/a	NonTarget	1	122960
492.016	n/a	NonTarget	1	123004
492.192	n/a	NonTarget	1	123048
492.368	n/a	NonTarget	1	123092
492.54	n/a	NonTarget	1	123135
492.716	n/a	NonTarget	1	123179
492.892	n/a	NonTarget	1	123223
493.068	n/a	NonTarget	1	123267
493.24	n/a	Target	2	123310
493.416	n/a	NonTarget	1	123354
493.592	n/a	NonTarget	1	123398
493.772	n/a	NonTarget	1	123443
493.94	n/a	Target	2	123485
494.116	n/a	NonTarget	1	123529
494.292	n/a	NonTarget	1	123573
494.468	n/a	NonTarget	1	123617
494.64	n/a	NonTarget	1	123660
494.816	n/a	Target	2	123704
494.992	n/a	NonTarget	1	123748
495.168	n/a	NonTarget	1	123792
495.34	n/a	NonTarget	1	123835
495.516	n/a	NonTarget	1	123879
495.692	n/a	Target	2	123923
495.868	n/a	NonTarget	1	123967
496.04	n/a	NonTarget	1	124010
496.216	n/a	NonTarget	1	124054
496.392	n/a	NonTarget	1	124098
496.568	n/a	NonTarget	1	124142
496.744	n/a	NonTarget	1	124186
496.916	n/a	Target	2	124229
497.092	n/a	NonTarget	1	124273
497.268	n/a	NonTarget	1	124317
497.44	n/a	NonTarget	1	124360
497.62	n/a	Target	2	124405
497.792	n/a	NonTarget	1	124448
497.968	n/a	NonTarget	1	124492
498.14	n/a	NonTarget	1	124535
498.316	n/a	NonTarget	1	124579
498.492	n/a	NonTarget	1	124623
498.668	n/a	NonTarget	1	124667
498.84	n/a	Target	2	124710
499.016	n/a	NonTarget	1	124754
499.192	n/a	NonTarget	1	124798
499.368	n/a	NonTarget	1	124842
499.54	n/a	NonTarget	1	124885
499.716	n/a	NonTarget	1	124929
499.892	n/a	Target	2	124973
500.068	n/a	NonTarget	1	125017
500.24	n/a	NonTarget	1	125060
500.416	n/a	NonTarget	1	125104
500.592	n/a	NonTarget	1	125148
500.768	n/a	NonTarget	1	125192
500.94	n/a	NonTarget	1	125235
501.116	n/a	NonTarget	1	125279
501.292	n/a	Target	2	125323
501.468	n/a	NonTarget	1	125367
501.644	n/a	NonTarget	1	125411
501.816	n/a	NonTarget	1	125454
501.992	n/a	Target	2	125498
502.168	n/a	NonTarget	1	125542
502.344	n/a	NonTarget	1	125586
502.516	n/a	NonTarget	1	125629
502.692	n/a	NonTarget	1	125673
502.868	n/a	NonTarget	1	125717
503.04	n/a	NonTarget	1	125760
503.216	n/a	Target	2	125804
503.392	n/a	NonTarget	1	125848
503.568	n/a	NonTarget	1	125892
503.74	n/a	NonTarget	1	125935
503.916	n/a	NonTarget	1	125979
504.092	n/a	NonTarget	1	126023
504.264	n/a	Target	2	126066
504.44	n/a	NonTarget	1	126110
504.616	n/a	NonTarget	1	126154
504.792	n/a	NonTarget	1	126198
504.964	n/a	NonTarget	1	126241
505.14	n/a	NonTarget	1	126285
505.316	n/a	Target	2	126329
505.492	n/a	NonTarget	1	126373
505.668	n/a	NonTarget	1	126417
505.84	n/a	NonTarget	1	126460
506.016	n/a	NonTarget	1	126504
506.192	n/a	Target	2	126548
506.364	n/a	NonTarget	1	126591
506.54	n/a	NonTarget	1	126635
506.716	n/a	NonTarget	1	126679
506.892	n/a	NonTarget	1	126723
521.16	n/a	Target	2	130290
521.336	n/a	NonTarget	1	130334
521.512	n/a	NonTarget	1	130378
521.684	n/a	NonTarget	1	130421
521.86	n/a	NonTarget	1	130465
522.036	n/a	NonTarget	1	130509
522.212	n/a	Target	2	130553
522.384	n/a	NonTarget	1	130596
522.56	n/a	NonTarget	1	130640
522.736	n/a	NonTarget	1	130684
522.912	n/a	NonTarget	1	130728
523.084	n/a	NonTarget	1	130771
523.26	n/a	NonTarget	1	130815
523.436	n/a	NonTarget	1	130859
523.612	n/a	NonTarget	1	130903
523.784	n/a	Target	2	130946
523.96	n/a	NonTarget	1	130990
524.136	n/a	NonTarget	1	131034
524.312	n/a	NonTarget	1	131078
524.484	n/a	NonTarget	1	131121
524.66	n/a	NonTarget	1	131165
524.836	n/a	NonTarget	1	131209
525.012	n/a	NonTarget	1	131253
525.184	n/a	Target	2	131296
525.36	n/a	NonTarget	1	131340
525.536	n/a	NonTarget	1	131384
525.712	n/a	NonTarget	1	131428
525.884	n/a	NonTarget	1	131471
526.06	n/a	NonTarget	1	131515
526.236	n/a	Target	2	131559
526.412	n/a	NonTarget	1	131603
526.584	n/a	NonTarget	1	131646
526.76	n/a	Target	2	131690
526.936	n/a	NonTarget	1	131734
527.112	n/a	NonTarget	1	131778
527.284	n/a	NonTarget	1	131821
527.46	n/a	NonTarget	1	131865
527.636	n/a	NonTarget	1	131909
527.812	n/a	NonTarget	1	131953
527.984	n/a	NonTarget	1	131996
528.16	n/a	NonTarget	1	132040
528.336	n/a	Target	2	132084
528.512	n/a	NonTarget	1	132128
528.688	n/a	NonTarget	1	132172
528.86	n/a	Target	2	132215
529.036	n/a	NonTarget	1	132259
529.22	n/a	NonTarget	1	132305
529.384	n/a	NonTarget	1	132346
529.56	n/a	NonTarget	1	132390
529.736	n/a	NonTarget	1	132434
529.912	n/a	NonTarget	1	132478
530.084	n/a	NonTarget	1	132521
530.26	n/a	Target	2	132565
530.436	n/a	NonTarget	1	132609
530.612	n/a	NonTarget	1	132653
530.784	n/a	NonTarget	1	132696
530.96	n/a	Target	2	132740
531.136	n/a	NonTarget	1	132784
531.312	n/a	NonTarget	1	132828
531.488	n/a	NonTarget	1	132872
531.66	n/a	NonTarget	1	132915
531.836	n/a	NonTarget	1	132959
532.012	n/a	NonTarget	1	133003
532.188	n/a	Target	2	133047
532.36	n/a	NonTarget	1	133090
532.536	n/a	NonTarget	1	133134
532.712	n/a	Target	2	133178
532.884	n/a	NonTarget	1	133221
533.06	n/a	NonTarget	1	133265
533.236	n/a	NonTarget	1	133309
533.412	n/a	NonTarget	1	133353
533.584	n/a	NonTarget	1	133396
533.76	n/a	NonTarget	1	133440
533.936	n/a	Target	2	133484
534.112	n/a	NonTarget	1	133528
534.284	n/a	NonTarget	1	133571
534.46	n/a	NonTarget	1	133615
534.636	n/a	NonTarget	1	133659
534.812	n/a	NonTarget	1	133703
534.984	n/a	Target	2	133746
535.16	n/a	NonTarget	1	133790
535.336	n/a	NonTarget	1	133834
535.512	n/a	NonTarget	1	133878
535.688	n/a	NonTarget	1	133922
535.86	n/a	Target	2	133965
536.036	n/a	NonTarget	1	134009
536.212	n/a	NonTarget	1	134053
536.384	n/a	NonTarget	1	134096
536.56	n/a	NonTarget	1	134140
536.736	n/a	NonTarget	1	134184
556.896	n/a	NonTarget	1	139224
557.072	n/a	NonTarget	1	139268
557.248	n/a	NonTarget	1	139312
557.424	n/a	NonTarget	1	139356
557.596	n/a	NonTarget	1	139399
557.772	n/a	Target	2	139443
557.948	n/a	NonTarget	1	139487
558.12	n/a	NonTarget	1	139530
558.296	n/a	NonTarget	1	139574
558.472	n/a	NonTarget	1	139618
558.648	n/a	NonTarget	1	139662
558.824	n/a	Target	2	139706
558.996	n/a	NonTarget	1	139749
559.172	n/a	NonTarget	1	139793
559.348	n/a	Target	2	139837
559.52	n/a	NonTarget	1	139880
559.696	n/a	NonTarget	1	139924
559.872	n/a	NonTarget	1	139968
560.048	n/a	NonTarget	1	140012
560.22	n/a	NonTarget	1	140055
560.396	n/a	NonTarget	1	140099
560.572	n/a	NonTarget	1	140143
560.748	n/a	NonTarget	1	140187
560.92	n/a	Target	2	140230
561.096	n/a	NonTarget	1	140274
561.272	n/a	NonTarget	1	140318
561.448	n/a	NonTarget	1	140362
561.62	n/a	NonTarget	1	140405
561.796	n/a	NonTarget	1	140449
561.972	n/a	Target	2	140493
562.148	n/a	NonTarget	1	140537
562.32	n/a	NonTarget	1	140580
562.496	n/a	NonTarget	1	140624
562.672	n/a	NonTarget	1	140668
562.848	n/a	Target	2	140712
563.02	n/a	NonTarget	1	140755
563.196	n/a	NonTarget	1	140799
563.372	n/a	NonTarget	1	140843
563.548	n/a	NonTarget	1	140887
563.72	n/a	Target	2	140930
563.896	n/a	NonTarget	1	140974
564.072	n/a	NonTarget	1	141018
564.248	n/a	NonTarget	1	141062
564.42	n/a	Target	2	141105
564.596	n/a	NonTarget	1	141149
564.772	n/a	NonTarget	1	141193
564.948	n/a	NonTarget	1	141237
565.12	n/a	NonTarget	1	141280
565.296	n/a	Target	2	141324
565.472	n/a	NonTarget	1	141368
565.648	n/a	NonTarget	1	141412
565.82	n/a	NonTarget	1	141455
565.996	n/a	NonTarget	1	141499
566.172	n/a	NonTarget	1	141543
566.348	n/a	Target	2	141587
566.52	n/a	NonTarget	1	141630
566.696	n/a	NonTarget	1	141674
566.872	n/a	NonTarget	1	141718
567.048	n/a	NonTarget	1	141762
567.22	n/a	NonTarget	1	141805
567.396	n/a	NonTarget	1	141849
567.572	n/a	NonTarget	1	141893
567.748	n/a	Target	2	141937
567.92	n/a	NonTarget	1	141980
568.096	n/a	NonTarget	1	142024
568.272	n/a	NonTarget	1	142068
568.448	n/a	Target	2	142112
568.62	n/a	NonTarget	1	142155
568.796	n/a	NonTarget	1	142199
568.972	n/a	NonTarget	1	142243
569.148	n/a	NonTarget	1	142287
569.324	n/a	NonTarget	1	142331
569.496	n/a	NonTarget	1	142374
569.672	n/a	NonTarget	1	142418
569.848	n/a	NonTarget	1	142462
570.02	n/a	NonTarget	1	142505
570.196	n/a	NonTarget	1	142549
570.372	n/a	Target	2	142593
570.548	n/a	NonTarget	1	142637
570.72	n/a	NonTarget	1	142680
570.896	n/a	NonTarget	1	142724
571.072	n/a	NonTarget	1	142768
571.248	n/a	Target	2	142812
571.42	n/a	NonTarget	1	142855
571.596	n/a	NonTarget	1	142899
571.772	n/a	NonTarget	1	142943
571.948	n/a	NonTarget	1	142987
572.12	n/a	Target	2	143030
572.296	n/a	NonTarget	1	143074
572.472	n/a	NonTarget	1	143118
590.22	n/a	NonTarget	1	147555
590.396	n/a	NonTarget	1	147599
590.572	n/a	NonTarget	1	147643
590.748	n/a	NonTarget	1	147687
590.924	n/a	Target	2	147731
591.096	n/a	NonTarget	1	147774
591.272	n/a	NonTarget	1	147818
591.448	n/a	NonTarget	1	147862
591.62	n/a	NonTarget	1	147905
591.796	n/a	NonTarget	1	147949
591.972	n/a	NonTarget	1	147993
592.148	n/a	Target	2	148037
592.32	n/a	NonTarget	1	148080
592.496	n/a	NonTarget	1	148124
592.672	n/a	NonTarget	1	148168
592.848	n/a	NonTarget	1	148212
593.02	n/a	NonTarget	1	148255
593.196	n/a	Target	2	148299
593.372	n/a	NonTarget	1	148343
593.548	n/a	NonTarget	1	148387
593.72	n/a	NonTarget	1	148430
593.896	n/a	NonTarget	1	148474
594.072	n/a	NonTarget	1	148518
594.248	n/a	Target	2	148562
594.42	n/a	NonTarget	1	148605
594.596	n/a	NonTarget	1	148649
594.772	n/a	NonTarget	1	148693
594.948	n/a	NonTarget	1	148737
595.12	n/a	NonTarget	1	148780
595.296	n/a	Target	2	148824
595.472	n/a	NonTarget	1	148868
595.648	n/a	NonTarget	1	148912
595.82	n/a	NonTarget	1	148955
595.996	n/a	NonTarget	1	148999
596.172	n/a	NonTarget	1	149043
596.348	n/a	Target	2	149087
596.524	n/a	NonTarget	1	149131
596.696	n/a	NonTarget	1	149174
596.872	n/a	NonTarget	1	149218
597.048	n/a	NonTarget	1	149262
597.22	n/a	NonTarget	1	149305
597.396	n/a	Target	2	149349
597.572	n/a	NonTarget	1	149393
597.748	n/a	NonTarget	1	149437
597.92	n/a	NonTarget	1	149480
598.096	n/a	NonTarget	1	149524
598.272	n/a	NonTarget	1	149568
598.448	n/a	Target	2	149612
598.624	n/a	NonTarget	1	149656
598.796	n/a	NonTarget	1	149699
598.972	n/a	NonTarget	1	149743
599.148	n/a	NonTarget	1	149787
599.32	n/a	Target	2	149830
599.496	n/a	NonTarget	1	149874
599.672	n/a	NonTarget	1	149918
599.848	n/a	NonTarget	1	149962
600.02	n/a	NonTarget	1	150005
600.196	n/a	Target	2	150049
600.372	n/a	NonTarget	1	150093
600.548	n/a	NonTarget	1	150137
600.72	n/a	NonTarget	1	150180
600.896	n/a	NonTarget	1	150224
601.072	n/a	NonTarget	1	150268
601.248	n/a	NonTarget	1	150312
601.42	n/a	Target	2	150355
601.596	n/a	NonTarget	1	150399
601.772	n/a	NonTarget	1	150443
601.948	n/a	NonTarget	1	150487
602.12	n/a	NonTarget	1	150530
602.296	n/a	NonTarget	1	150574
602.472	n/a	Target	2	150618
602.648	n/a	NonTarget	1	150662
602.82	n/a	NonTarget	1	150705
602.996	n/a	NonTarget	1	150749
603.172	n/a	NonTarget	1	150793
603.348	n/a	NonTarget	1	150837
603.528	n/a	NonTarget	1	150882
603.696	n/a	Target	2	150924
603.872	n/a	NonTarget	1	150968
604.048	n/a	NonTarget	1	151012
604.22	n/a	NonTarget	1	151055
604.396	n/a	Target	2	151099
604.572	n/a	NonTarget	1	151143
604.748	n/a	NonTarget	1	151187
604.92	n/a	NonTarget	1	151230
605.096	n/a	NonTarget	1	151274
605.272	n/a	Target	2	151318
605.448	n/a	NonTarget	1	151362
605.62	n/a	NonTarget	1	151405
605.796	n/a	NonTarget	1	151449
623.656	n/a	NonTarget	1	155914
623.832	n/a	NonTarget	1	155958
624.008	n/a	NonTarget	1	156002
624.188	n/a	Target	2	156047
624.36	n/a	NonTarget	1	156090
624.536	n/a	NonTarget	1	156134
624.708	n/a	NonTarget	1	156177
624.884	n/a	NonTarget	1	156221
625.056	n/a	Target	2	156264
625.232	n/a	NonTarget	1	156308
625.408	n/a	NonTarget	1	156352
625.584	n/a	NonTarget	1	156396
625.76	n/a	Target	2	156440
625.932	n/a	NonTarget	1	156483
626.108	n/a	NonTarget	1	156527
626.284	n/a	NonTarget	1	156571
626.46	n/a	NonTarget	1	156615
626.632	n/a	NonTarget	1	156658
626.808	n/a	NonTarget	1	156702
626.984	n/a	Target	2	156746
627.156	n/a	NonTarget	1	156789
627.332	n/a	NonTarget	1	156833
627.508	n/a	NonTarget	1	156877
627.684	n/a	NonTarget	1	156921
627.86	n/a	NonTarget	1	156965
628.04	n/a	NonTarget	1	157010
628.208	n/a	NonTarget	1	157052
628.384	n/a	NonTarget	1	157096
628.556	n/a	NonTarget	1	157139
628.732	n/a	Target	2	157183
628.912	n/a	NonTarget	1	157228
629.084	n/a	NonTarget	1	157271
629.256	n/a	NonTarget	1	157314
629.436	n/a	NonTarget	1	157359
629.608	n/a	Target	2	157402
629.784	n/a	NonTarget	1	157446
629.956	n/a	NonTarget	1	157489
630.132	n/a	NonTarget	1	157533
630.308	n/a	NonTarget	1	157577
630.484	n/a	NonTarget	1	157621
630.656	n/a	NonTarget	1	157664
630.832	n/a	Target	2	157708
631.008	n/a	NonTarget	1	157752
631.184	n/a	NonTarget	1	157796
631.356	n/a	NonTarget	1	157839
631.536	n/a	NonTarget	1	157884
631.708	n/a	NonTarget	1	157927
631.884	n/a	Target	2	157971
632.068	n/a	NonTarget	1	158017
632.232	n/a	NonTarget	1	158058
632.408	n/a	NonTarget	1	158102
632.584	n/a	NonTarget	1	158146
632.756	n/a	Target	2	158189
632.932	n/a	NonTarget	1	158233
633.108	n/a	NonTarget	1	158277
633.284	n/a	NonTarget	1	158321
633.456	n/a	NonTarget	1	158364
633.632	n/a	NonTarget	1	158408
633.808	n/a	NonTarget	1	158452
633.984	n/a	Target	2	158496
634.156	n/a	NonTarget	1	158539
634.336	n/a	NonTarget	1	158584
634.508	n/a	NonTarget	1	158627
634.684	n/a	NonTarget	1	158671
634.86	n/a	NonTarget	1	158715
635.032	n/a	Target	2	158758
635.208	n/a	NonTarget	1	158802
635.384	n/a	NonTarget	1	158846
635.556	n/a	NonTarget	1	158889
635.732	n/a	NonTarget	1	158933
635.908	n/a	NonTarget	1	158977
636.084	n/a	Target	2	159021
636.256	n/a	NonTarget	1	159064
636.432	n/a	NonTarget	1	159108
636.608	n/a	Target	2	159152
636.784	n/a	NonTarget	1	159196
636.96	n/a	NonTarget	1	159240
637.136	n/a	NonTarget	1	159284
637.308	n/a	NonTarget	1	159327
637.484	n/a	NonTarget	1	159371
637.656	n/a	NonTarget	1	159414
637.832	n/a	NonTarget	1	159458
638.008	n/a	NonTarget	1	159502
638.184	n/a	Target	2	159546
638.356	n/a	NonTarget	1	159589
638.532	n/a	NonTarget	1	159633
638.708	n/a	NonTarget	1	159677
638.884	n/a	NonTarget	1	159721
639.056	n/a	NonTarget	1	159764
639.232	n/a	Target	2	159808
655.428	n/a	NonTarget	1	163857
655.6	n/a	NonTarget	1	163900
655.776	n/a	NonTarget	1	163944
655.952	n/a	NonTarget	1	163988
656.128	n/a	NonTarget	1	164032
656.3	n/a	Target	2	164075
656.476	n/a	NonTarget	1	164119
656.652	n/a	NonTarget	1	164163
656.828	n/a	NonTarget	1	164207
657.0	n/a	NonTarget	1	164250
657.176	n/a	Target	2	164294
657.352	n/a	NonTarget	1	164338
657.528	n/a	NonTarget	1	164382
657.7	n/a	NonTarget	1	164425
657.876	n/a	NonTarget	1	164469
658.052	n/a	Target	2	164513
658.228	n/a	NonTarget	1	164557
658.404	n/a	NonTarget	1	164601
658.576	n/a	NonTarget	1	164644
658.752	n/a	Target	2	164688
658.928	n/a	NonTarget	1	164732
659.1	n/a	NonTarget	1	164775
659.276	n/a	NonTarget	1	164819
659.452	n/a	NonTarget	1	164863
659.628	n/a	NonTarget	1	164907
659.8	n/a	Target	2	164950
659.976	n/a	NonTarget	1	164994
660.152	n/a	NonTarget	1	165038
660.328	n/a	NonTarget	1	165082
660.5	n/a	NonTarget	1	165125
660.676	n/a	NonTarget	1	165169
660.852	n/a	NonTarget	1	165213
661.028	n/a	NonTarget	1	165257
661.2	n/a	NonTarget	1	165300
661.376	n/a	NonTarget	1	165344
661.552	n/a	Target	2	165388
661.728	n/a	NonTarget	1	165432
661.904	n/a	NonTarget	1	165476
662.076	n/a	Target	2	165519
662.252	n/a	NonTarget	1	165563
662.428	n/a	NonTarget	1	165607
662.604	n/a	NonTarget	1	165651
662.776	n/a	NonTarget	1	165694
662.952	n/a	Target	2	165738
663.128	n/a	NonTarget	1	165782
663.3	n/a	NonTarget	1	165825
663.476	n/a	NonTarget	1	165869
663.652	n/a	NonTarget	1	165913
663.824	n/a	Target	2	165956
664.0	n/a	NonTarget	1	166000
664.176	n/a	NonTarget	1	166044
664.352	n/a	NonTarget	1	166088
664.524	n/a	NonTarget	1	166131
664.7	n/a	NonTarget	1	166175
664.876	n/a	NonTarget	1	166219
665.052	n/a	NonTarget	1	166263
665.224	n/a	NonTarget	1	166306
665.4	n/a	NonTarget	1	166350
665.576	n/a	NonTarget	1	166394
665.752	n/a	Target	2	166438
665.924	n/a	NonTarget	1	166481
666.1	n/a	NonTarget	1	166525
666.276	n/a	NonTarget	1	166569
666.452	n/a	NonTarget	1	166613
666.624	n/a	Target	2	166656
666.8	n/a	NonTarget	1	166700
666.976	n/a	NonTarget	1	166744
667.152	n/a	NonTarget	1	166788
667.324	n/a	NonTarget	1	166831
667.5	n/a	NonTarget	1	166875
667.676	n/a	NonTarget	1	166919
667.852	n/a	Target	2	166963
668.024	n/a	NonTarget	1	167006
668.2	n/a	NonTarget	1	167050
668.376	n/a	NonTarget	1	167094
668.552	n/a	NonTarget	1	167138
668.724	n/a	NonTarget	1	167181
668.9	n/a	Target	2	167225
669.076	n/a	NonTarget	1	167269
669.252	n/a	NonTarget	1	167313
669.424	n/a	NonTarget	1	167356
669.6	n/a	NonTarget	1	167400
669.776	n/a	NonTarget	1	167444
669.952	n/a	Target	2	167488
670.124	n/a	NonTarget	1	167531
670.3	n/a	NonTarget	1	167575
670.476	n/a	NonTarget	1	167619
670.652	n/a	NonTarget	1	167663
670.824	n/a	NonTarget	1	167706
671.0	n/a	Target	2	167750
692.22	n/a	NonTarget	1	173055
692.392	n/a	Target	2	173098
692.568	n/a	NonTarget	1	173142
692.744	n/a	NonTarget	1	173186
692.92	n/a	NonTarget	1	173230
693.092	n/a	NonTarget	1	173273
693.268	n/a	NonTarget	1	173317
693.444	n/a	NonTarget	1	173361
693.62	n/a	Target	2	173405
693.792	n/a	NonTarget	1	173448
693.968	n/a	NonTarget	1	173492
694.144	n/a	NonTarget	1	173536
694.32	n/a	NonTarget	1	173580
694.496	n/a	NonTarget	1	173624
694.668	n/a	Target	2	173667
694.844	n/a	NonTarget	1	173711
695.02	n/a	NonTarget	1	173755
695.192	n/a	NonTarget	1	173798
695.368	n/a	NonTarget	1	173842
695.544	n/a	NonTarget	1	173886
695.72	n/a	Target	2	173930
695.892	n/a	NonTarget	1	173973
696.068	n/a	NonTarget	1	174017
696.244	n/a	NonTarget	1	174061
696.42	n/a	NonTarget	1	174105
696.592	n/a	Target	2	174148
696.768	n/a	NonTarget	1	174192
696.944	n/a	NonTarget	1	174236
697.12	n/a	NonTarget	1	174280
697.292	n/a	NonTarget	1	174323
697.468	n/a	Target	2	174367
697.644	n/a	NonTarget	1	174411
697.82	n/a	NonTarget	1	174455
697.992	n/a	NonTarget	1	174498
698.168	n/a	NonTarget	1	174542
698.344	n/a	NonTarget	1	174586
698.52	n/a	Target	2	174630
698.692	n/a	NonTarget	1	174673
698.868	n/a	NonTarget	1	174717
699.044	n/a	NonTarget	1	174761
699.22	n/a	NonTarget	1	174805
699.392	n/a	NonTarget	1	174848
699.572	n/a	NonTarget	1	174893
699.744	n/a	NonTarget	1	174936
699.92	n/a	NonTarget	1	174980
700.092	n/a	Target	2	175023
700.268	n/a	NonTarget	1	175067
700.444	n/a	NonTarget	1	175111
700.62	n/a	NonTarget	1	175155
700.792	n/a	NonTarget	1	175198
700.968	n/a	NonTarget	1	175242
701.144	n/a	NonTarget	1	175286
701.32	n/a	NonTarget	1	175330
701.492	n/a	Target	2	175373
701.668	n/a	NonTarget	1	175417
701.844	n/a	NonTarget	1	175461
702.016	n/a	NonTarget	1	175504
702.192	n/a	NonTarget	1	175548
702.368	n/a	NonTarget	1	175592
702.544	n/a	Target	2	175636
702.72	n/a	NonTarget	1	175680
702.892	n/a	NonTarget	1	175723
703.068	n/a	Target	2	175767
703.244	n/a	NonTarget	1	175811
703.42	n/a	NonTarget	1	175855
703.592	n/a	NonTarget	1	175898
703.768	n/a	NonTarget	1	175942
703.944	n/a	NonTarget	1	175986
704.12	n/a	NonTarget	1	176030
704.292	n/a	NonTarget	1	176073
704.468	n/a	NonTarget	1	176117
704.644	n/a	Target	2	176161
704.82	n/a	NonTarget	1	176205
704.992	n/a	NonTarget	1	176248
705.168	n/a	Target	2	176292
705.344	n/a	NonTarget	1	176336
705.52	n/a	NonTarget	1	176380
705.692	n/a	NonTarget	1	176423
705.868	n/a	NonTarget	1	176467
706.044	n/a	NonTarget	1	176511
706.22	n/a	NonTarget	1	176555
706.392	n/a	NonTarget	1	176598
706.572	n/a	Target	2	176643
706.744	n/a	NonTarget	1	176686
706.92	n/a	NonTarget	1	176730
707.092	n/a	NonTarget	1	176773
707.268	n/a	Target	2	176817
707.444	n/a	NonTarget	1	176861
707.62	n/a	NonTarget	1	176905
707.792	n/a	NonTarget	1	176948
722.06	n/a	NonTarget	1	180515
722.236	n/a	NonTarget	1	180559
722.412	n/a	NonTarget	1	180603
722.584	n/a	Target	2	180646
722.76	n/a	NonTarget	1	180690
722.936	n/a	NonTarget	1	180734
723.112	n/a	Target	2	180778
723.288	n/a	NonTarget	1	180822
723.46	n/a	NonTarget	1	180865
723.636	n/a	NonTarget	1	180909
723.812	n/a	NonTarget	1	180953
723.988	n/a	NonTarget	1	180997
724.164	n/a	NonTarget	1	181041
724.336	n/a	Target	2	181084
724.512	n/a	NonTarget	1	181128
724.684	n/a	NonTarget	1	181171
724.86	n/a	NonTarget	1	181215
725.036	n/a	NonTarget	1	181259
725.212	n/a	NonTarget	1	181303
725.388	n/a	Target	2	181347
725.56	n/a	NonTarget	1	181390
725.736	n/a	NonTarget	1	181434
725.912	n/a	NonTarget	1	181478
726.084	n/a	NonTarget	1	181521
726.26	n/a	Target	2	181565
726.444	n/a	NonTarget	1	181611
726.612	n/a	NonTarget	1	181653
726.784	n/a	NonTarget	1	181696
726.96	n/a	NonTarget	1	181740
727.136	n/a	NonTarget	1	181784
727.312	n/a	NonTarget	1	181828
727.488	n/a	NonTarget	1	181872
727.66	n/a	NonTarget	1	181915
727.836	n/a	NonTarget	1	181959
728.012	n/a	Target	2	182003
728.188	n/a	NonTarget	1	182047
728.36	n/a	NonTarget	1	182090
728.536	n/a	NonTarget	1	182134
728.712	n/a	NonTarget	1	182178
728.884	n/a	Target	2	182221
729.06	n/a	NonTarget	1	182265
729.236	n/a	NonTarget	1	182309
729.412	n/a	NonTarget	1	182353
729.584	n/a	Target	2	182396
729.76	n/a	NonTarget	1	182440
729.936	n/a	NonTarget	1	182484
730.112	n/a	NonTarget	1	182528
730.292	n/a	NonTarget	1	182573
730.46	n/a	NonTarget	1	182615
730.644	n/a	Target	2	182661
730.812	n/a	NonTarget	1	182703
730.984	n/a	NonTarget	1	182746
731.16	n/a	NonTarget	1	182790
731.336	n/a	NonTarget	1	182834
731.512	n/a	NonTarget	1	182878
731.684	n/a	NonTarget	1	182921
731.86	n/a	NonTarget	1	182965
732.036	n/a	NonTarget	1	183009
732.212	n/a	Target	2	183053
732.384	n/a	NonTarget	1	183096
732.56	n/a	NonTarget	1	183140
732.736	n/a	Target	2	183184
732.912	n/a	NonTarget	1	183228
733.084	n/a	NonTarget	1	183271
733.26	n/a	NonTarget	1	183315
733.436	n/a	NonTarget	1	183359
733.612	n/a	NonTarget	1	183403
733.784	n/a	Target	2	183446
733.96	n/a	NonTarget	1	183490
734.136	n/a	NonTarget	1	183534
734.312	n/a	NonTarget	1	183578
734.488	n/a	NonTarget	1	183622
734.66	n/a	Target	2	183665
734.836	n/a	NonTarget	1	183709
735.012	n/a	NonTarget	1	183753
735.184	n/a	NonTarget	1	183796
735.364	n/a	NonTarget	1	183841
735.536	n/a	NonTarget	1	183884
735.712	n/a	NonTarget	1	183928
735.888	n/a	NonTarget	1	183972
736.06	n/a	NonTarget	1	184015
736.236	n/a	Target	2	184059
736.412	n/a	NonTarget	1	184103
736.584	n/a	NonTarget	1	184146
736.76	n/a	NonTarget	1	184190
736.936	n/a	NonTarget	1	184234
737.112	n/a	NonTarget	1	184278
737.288	n/a	Target	2	184322
737.46	n/a	NonTarget	1	184365
737.636	n/a	NonTarget	1	184409
757.852	n/a	NonTarget	1	189463
758.028	n/a	NonTarget	1	189507
758.204	n/a	Target	2	189551
758.38	n/a	NonTarget	1	189595
758.552	n/a	NonTarget	1	189638
758.728	n/a	NonTarget	1	189682
758.908	n/a	Target	2	189727
759.084	n/a	NonTarget	1	189771
759.252	n/a	NonTarget	1	189813
759.428	n/a	NonTarget	1	189857
759.604	n/a	NonTarget	1	189901
759.78	n/a	NonTarget	1	189945
759.952	n/a	NonTarget	1	189988
760.128	n/a	NonTarget	1	190032
760.304	n/a	NonTarget	1	190076
760.48	n/a	NonTarget	1	190120
760.652	n/a	NonTarget	1	190163
760.828	n/a	Target	2	190207
761.004	n/a	NonTarget	1	190251
761.18	n/a	NonTarget	1	190295
761.352	n/a	NonTarget	1	190338
761.528	n/a	NonTarget	1	190382
761.704	n/a	Target	2	190426
761.876	n/a	NonTarget	1	190469
762.052	n/a	NonTarget	1	190513
762.228	n/a	NonTarget	1	190557
762.404	n/a	NonTarget	1	190601
762.58	n/a	Target	2	190645
762.752	n/a	NonTarget	1	190688
762.928	n/a	NonTarget	1	190732
763.104	n/a	Target	2	190776
763.28	n/a	NonTarget	1	190820
763.452	n/a	NonTarget	1	190863
763.628	n/a	NonTarget	1	190907
763.804	n/a	NonTarget	1	190951
763.98	n/a	NonTarget	1	190995
764.152	n/a	NonTarget	1	191038
764.328	n/a	NonTarget	1	191082
764.504	n/a	Target	2	191126
764.68	n/a	NonTarget	1	191170
764.852	n/a	NonTarget	1	191213
765.032	n/a	NonTarget	1	191258
765.204	n/a	NonTarget	1	191301
765.38	n/a	NonTarget	1	191345
765.556	n/a	Target	2	191389
765.728	n/a	NonTarget	1	191432
765.904	n/a	NonTarget	1	191476
766.08	n/a	NonTarget	1	191520
766.252	n/a	NonTarget	1	191563
766.428	n/a	NonTarget	1	191607
766.604	n/a	Target	2	191651
766.78	n/a	NonTarget	1	191695
766.952	n/a	NonTarget	1	191738
767.128	n/a	NonTarget	1	191782
767.304	n/a	Target	2	191826
767.48	n/a	NonTarget	1	191870
767.652	n/a	NonTarget	1	191913
767.828	n/a	NonTarget	1	191957
768.004	n/a	NonTarget	1	192001
768.18	n/a	NonTarget	1	192045
768.352	n/a	NonTarget	1	192088
768.528	n/a	NonTarget	1	192132
768.704	n/a	NonTarget	1	192176
768.88	n/a	Target	2	192220
769.052	n/a	NonTarget	1	192263
769.228	n/a	NonTarget	1	192307
769.404	n/a	NonTarget	1	192351
769.58	n/a	NonTarget	1	192395
769.752	n/a	NonTarget	1	192438
769.928	n/a	Target	2	192482
770.104	n/a	NonTarget	1	192526
770.28	n/a	NonTarget	1	192570
770.452	n/a	NonTarget	1	192613
770.628	n/a	NonTarget	1	192657
770.804	n/a	NonTarget	1	192701
770.98	n/a	Target	2	192745
771.152	n/a	NonTarget	1	192788
771.328	n/a	NonTarget	1	192832
771.504	n/a	NonTarget	1	192876
771.68	n/a	NonTarget	1	192920
771.852	n/a	NonTarget	1	192963
772.028	n/a	NonTarget	1	193007
772.204	n/a	NonTarget	1	193051
772.38	n/a	Target	2	193095
772.552	n/a	NonTarget	1	193138
772.728	n/a	NonTarget	1	193182
772.904	n/a	NonTarget	1	193226
773.08	n/a	NonTarget	1	193270
773.252	n/a	Target	2	193313
773.428	n/a	NonTarget	1	193357
788.576	n/a	NonTarget	1	197144
788.748	n/a	NonTarget	1	197187
788.924	n/a	Target	2	197231
789.1	n/a	NonTarget	1	197275
789.276	n/a	NonTarget	1	197319
789.448	n/a	NonTarget	1	197362
789.624	n/a	NonTarget	1	197406
789.8	n/a	Target	2	197450
789.976	n/a	NonTarget	1	197494
790.148	n/a	NonTarget	1	197537
790.324	n/a	NonTarget	1	197581
790.5	n/a	NonTarget	1	197625
790.676	n/a	Target	2	197669
790.848	n/a	NonTarget	1	197712
791.024	n/a	NonTarget	1	197756
791.2	n/a	NonTarget	1	197800
791.38	n/a	NonTarget	1	197845
791.548	n/a	NonTarget	1	197887
791.724	n/a	Target	2	197931
791.9	n/a	NonTarget	1	197975
792.072	n/a	NonTarget	1	198018
792.248	n/a	NonTarget	1	198062
792.424	n/a	NonTarget	1	198106
792.6	n/a	NonTarget	1	198150
792.772	n/a	NonTarget	1	198193
792.948	n/a	NonTarget	1	198237
793.124	n/a	NonTarget	1	198281
793.3	n/a	Target	2	198325
793.476	n/a	NonTarget	1	198369
793.648	n/a	NonTarget	1	198412
793.824	n/a	NonTarget	1	198456
794.0	n/a	NonTarget	1	198500
794.176	n/a	NonTarget	1	198544
794.348	n/a	Target	2	198587
794.524	n/a	NonTarget	1	198631
794.7	n/a	NonTarget	1	198675
794.876	n/a	NonTarget	1	198719
795.052	n/a	NonTarget	1	198763
795.224	n/a	Target	2	198806
795.4	n/a	NonTarget	1	198850
795.576	n/a	NonTarget	1	198894
795.748	n/a	NonTarget	1	198937
795.924	n/a	Target	2	198981
796.1	n/a	NonTarget	1	199025
796.276	n/a	NonTarget	1	199069
796.448	n/a	NonTarget	1	199112
796.624	n/a	NonTarget	1	199156
796.8	n/a	NonTarget	1	199200
796.976	n/a	NonTarget	1	199244
797.148	n/a	Target	2	199287
797.324	n/a	NonTarget	1	199331
797.5	n/a	NonTarget	1	199375
797.676	n/a	NonTarget	1	199419
797.852	n/a	NonTarget	1	199463
798.024	n/a	NonTarget	1	199506
798.2	n/a	NonTarget	1	199550
798.376	n/a	NonTarget	1	199594
798.548	n/a	NonTarget	1	199637
798.724	n/a	NonTarget	1	199681
798.9	n/a	Target	2	199725
799.076	n/a	NonTarget	1	199769
799.248	n/a	NonTarget	1	199812
799.424	n/a	NonTarget	1	199856
799.6	n/a	NonTarget	1	199900
799.776	n/a	Target	2	199944
799.948	n/a	NonTarget	1	199987
800.124	n/a	NonTarget	1	200031
800.3	n/a	NonTarget	1	200075
800.476	n/a	NonTarget	1	200119
800.648	n/a	NonTarget	1	200162
800.824	n/a	NonTarget	1	200206
801.0	n/a	Target	2	200250
801.176	n/a	NonTarget	1	200294
801.348	n/a	NonTarget	1	200337
801.524	n/a	NonTarget	1	200381
801.7	n/a	NonTarget	1	200425
801.876	n/a	NonTarget	1	200469
802.048	n/a	Target	2	200512
802.224	n/a	NonTarget	1	200556
802.4	n/a	NonTarget	1	200600
802.576	n/a	NonTarget	1	200644
802.748	n/a	NonTarget	1	200687
802.924	n/a	Target	2	200731
803.1	n/a	NonTarget	1	200775
803.276	n/a	NonTarget	1	200819
803.448	n/a	NonTarget	1	200862
803.624	n/a	NonTarget	1	200906
803.8	n/a	NonTarget	1	200950
803.976	n/a	NonTarget	1	200994
804.148	n/a	Target	2	201037
824.588	n/a	NonTarget	1	206147
824.764	n/a	NonTarget	1	206191
824.94	n/a	NonTarget	1	206235
825.116	n/a	NonTarget	1	206279
825.292	n/a	NonTarget	1	206323
825.464	n/a	Target	2	206366
825.64	n/a	NonTarget	1	206410
825.816	n/a	NonTarget	1	206454
825.992	n/a	NonTarget	1	206498
826.164	n/a	NonTarget	1	206541
826.344	n/a	NonTarget	1	206586
826.516	n/a	Target	2	206629
826.692	n/a	NonTarget	1	206673
826.864	n/a	NonTarget	1	206716
827.04	n/a	Target	2	206760
827.216	n/a	NonTarget	1	206804
827.388	n/a	NonTarget	1	206847
827.564	n/a	NonTarget	1	206891
827.74	n/a	NonTarget	1	206935
827.916	n/a	NonTarget	1	206979
828.088	n/a	NonTarget	1	207022
828.264	n/a	NonTarget	1	207066
828.44	n/a	NonTarget	1	207110
828.616	n/a	Target	2	207154
828.788	n/a	NonTarget	1	207197
828.964	n/a	NonTarget	1	207241
829.14	n/a	NonTarget	1	207285
829.316	n/a	NonTarget	1	207329
829.488	n/a	NonTarget	1	207372
829.664	n/a	Target	2	207416
829.84	n/a	NonTarget	1	207460
830.016	n/a	NonTarget	1	207504
830.192	n/a	NonTarget	1	207548
830.364	n/a	NonTarget	1	207591
830.54	n/a	Target	2	207635
830.716	n/a	NonTarget	1	207679
830.892	n/a	NonTarget	1	207723
831.064	n/a	NonTarget	1	207766
831.24	n/a	NonTarget	1	207810
831.416	n/a	Target	2	207854
831.588	n/a	NonTarget	1	207897
831.764	n/a	NonTarget	1	207941
831.94	n/a	NonTarget	1	207985
832.116	n/a	Target	2	208029
832.288	n/a	NonTarget	1	208072
832.464	n/a	NonTarget	1	208116
832.64	n/a	NonTarget	1	208160
832.816	n/a	NonTarget	1	208204
832.988	n/a	Target	2	208247
833.164	n/a	NonTarget	1	208291
833.34	n/a	NonTarget	1	208335
833.516	n/a	NonTarget	1	208379
833.688	n/a	NonTarget	1	208422
833.864	n/a	NonTarget	1	208466
834.04	n/a	Target	2	208510
834.216	n/a	NonTarget	1	208554
834.388	n/a	NonTarget	1	208597
834.564	n/a	NonTarget	1	208641
834.74	n/a	NonTarget	1	208685
834.916	n/a	NonTarget	1	208729
835.088	n/a	NonTarget	1	208772
835.264	n/a	NonTarget	1	208816
835.44	n/a	Target	2	208860
835.616	n/a	NonTarget	1	208904
835.792	n/a	NonTarget	1	208948
835.964	n/a	NonTarget	1	208991
836.14	n/a	Target	2	209035
836.316	n/a	NonTarget	1	209079
836.488	n/a	NonTarget	1	209122
836.664	n/a	NonTarget	1	209166
836.84	n/a	NonTarget	1	209210
837.016	n/a	NonTarget	1	209254
837.192	n/a	NonTarget	1	209298
837.364	n/a	NonTarget	1	209341
837.54	n/a	NonTarget	1	209385
837.716	n/a	NonTarget	1	209429
837.888	n/a	NonTarget	1	209472
838.064	n/a	Target	2	209516
838.24	n/a	NonTarget	1	209560
838.42	n/a	NonTarget	1	209605
838.588	n/a	NonTarget	1	209647
838.764	n/a	NonTarget	1	209691
838.94	n/a	Target	2	209735
839.116	n/a	NonTarget	1	209779
839.288	n/a	NonTarget	1	209822
839.464	n/a	NonTarget	1	209866
839.64	n/a	NonTarget	1	209910
839.816	n/a	Target	2	209954
839.988	n/a	NonTarget	1	209997
840.164	n/a	NonTarget	1	210041
857.9	n/a	NonTarget	1	214475
858.076	n/a	NonTarget	1	214519
858.252	n/a	NonTarget	1	214563
858.428	n/a	NonTarget	1	214607
858.6	n/a	Target	2	214650
858.776	n/a	NonTarget	1	214694
858.952	n/a	NonTarget	1	214738
859.128	n/a	NonTarget	1	214782
859.3	n/a	NonTarget	1	214825
859.476	n/a	NonTarget	1	214869
859.652	n/a	NonTarget	1	214913
859.828	n/a	Target	2	214957
860.004	n/a	NonTarget	1	215001
860.176	n/a	NonTarget	1	215044
860.352	n/a	NonTarget	1	215088
860.524	n/a	NonTarget	1	215131
860.7	n/a	NonTarget	1	215175
860.876	n/a	Target	2	215219
861.052	n/a	NonTarget	1	215263
861.228	n/a	NonTarget	1	215307
861.4	n/a	NonTarget	1	215350
861.576	n/a	NonTarget	1	215394
861.752	n/a	NonTarget	1	215438
861.928	n/a	Target	2	215482
862.1	n/a	NonTarget	1	215525
862.276	n/a	NonTarget	1	215569
862.452	n/a	NonTarget	1	215613
862.624	n/a	NonTarget	1	215656
862.8	n/a	NonTarget	1	215700
862.976	n/a	Target	2	215744
863.152	n/a	NonTarget	1	215788
863.328	n/a	NonTarget	1	215832
863.5	n/a	NonTarget	1	215875
863.676	n/a	NonTarget	1	215919
863.852	n/a	NonTarget	1	215963
864.028	n/a	Target	2	216007
864.2	n/a	NonTarget	1	216050
864.376	n/a	NonTarget	1	216094
864.552	n/a	NonTarget	1	216138
864.728	n/a	NonTarget	1	216182
864.9	n/a	NonTarget	1	216225
865.076	n/a	Target	2	216269
865.252	n/a	NonTarget	1	216313
865.428	n/a	NonTarget	1	216357
865.6	n/a	NonTarget	1	216400
865.78	n/a	NonTarget	1	216445
865.952	n/a	NonTarget	1	216488
866.124	n/a	Target	2	216531
866.304	n/a	NonTarget	1	216576
866.476	n/a	NonTarget	1	216619
866.652	n/a	NonTarget	1	216663
866.828	n/a	NonTarget	1	216707
867.0	n/a	Target	2	216750
867.176	n/a	NonTarget	1	216794
867.352	n/a	NonTarget	1	216838
867.524	n/a	NonTarget	1	216881
867.7	n/a	NonTarget	1	216925
867.876	n/a	Target	2	216969
868.052	n/a	NonTarget	1	217013
868.228	n/a	NonTarget	1	217057
868.4	n/a	NonTarget	1	217100
868.576	n/a	NonTarget	1	217144
868.752	n/a	NonTarget	1	217188
868.928	n/a	NonTarget	1	217232
869.1	n/a	Target	2	217275
869.276	n/a	NonTarget	1	217319
869.452	n/a	NonTarget	1	217363
869.624	n/a	NonTarget	1	217406
869.8	n/a	NonTarget	1	217450
869.98	n/a	NonTarget	1	217495
870.152	n/a	Target	2	217538
870.324	n/a	NonTarget	1	217581
870.5	n/a	NonTarget	1	217625
870.676	n/a	NonTarget	1	217669
870.852	n/a	NonTarget	1	217713
871.024	n/a	NonTarget	1	217756
871.2	n/a	NonTarget	1	217800
871.376	n/a	Target	2	217844
871.552	n/a	NonTarget	1	217888
871.724	n/a	NonTarget	1	217931
871.9	n/a	NonTarget	1	217975
872.076	n/a	Target	2	218019
872.252	n/a	NonTarget	1	218063
872.428	n/a	NonTarget	1	218107
872.6	n/a	NonTarget	1	218150
872.776	n/a	NonTarget	1	218194
872.952	n/a	Target	2	218238
873.128	n/a	NonTarget	1	218282
873.304	n/a	NonTarget	1	218326
873.476	n/a	NonTarget	1	218369
894.728	n/a	NonTarget	1	223682
894.904	n/a	NonTarget	1	223726
895.08	n/a	Target	2	223770
895.256	n/a	NonTarget	1	223814
895.428	n/a	NonTarget	1	223857
895.604	n/a	NonTarget	1	223901
895.78	n/a	NonTarget	1	223945
895.956	n/a	NonTarget	1	223989
896.132	n/a	NonTarget	1	224033
896.304	n/a	NonTarget	1	224076
896.48	n/a	NonTarget	1	224120
896.656	n/a	Target	2	224164
896.832	n/a	NonTarget	1	224208
897.004	n/a	NonTarget	1	224251
897.18	n/a	Target	2	224295
897.356	n/a	NonTarget	1	224339
897.528	n/a	NonTarget	1	224382
897.704	n/a	NonTarget	1	224426
897.88	n/a	NonTarget	1	224470
898.056	n/a	NonTarget	1	224514
898.228	n/a	NonTarget	1	224557
898.404	n/a	NonTarget	1	224601
898.58	n/a	Target	2	224645
898.756	n/a	NonTarget	1	224689
898.928	n/a	NonTarget	1	224732
899.104	n/a	NonTarget	1	224776
899.28	n/a	Target	2	224820
899.456	n/a	NonTarget	1	224864
899.628	n/a	NonTarget	1	224907
899.804	n/a	NonTarget	1	224951
899.98	n/a	NonTarget	1	224995
900.156	n/a	NonTarget	1	225039
900.328	n/a	NonTarget	1	225082
900.504	n/a	Target	2	225126
900.68	n/a	NonTarget	1	225170
900.856	n/a	NonTarget	1	225214
901.028	n/a	Target	2	225257
901.204	n/a	NonTarget	1	225301
901.38	n/a	NonTarget	1	225345
901.556	n/a	NonTarget	1	225389
901.728	n/a	NonTarget	1	225432
901.904	n/a	NonTarget	1	225476
902.08	n/a	NonTarget	1	225520
902.256	n/a	Target	2	225564
902.428	n/a	NonTarget	1	225607
902.604	n/a	NonTarget	1	225651
902.78	n/a	NonTarget	1	225695
902.956	n/a	NonTarget	1	225739
903.128	n/a	NonTarget	1	225782
903.304	n/a	Target	2	225826
903.48	n/a	NonTarget	1	225870
903.656	n/a	NonTarget	1	225914
903.828	n/a	NonTarget	1	225957
904.004	n/a	NonTarget	1	226001
904.18	n/a	Target	2	226045
904.356	n/a	NonTarget	1	226089
904.528	n/a	NonTarget	1	226132
904.704	n/a	NonTarget	1	226176
904.88	n/a	NonTarget	1	226220
905.056	n/a	NonTarget	1	226264
905.228	n/a	NonTarget	1	226307
905.404	n/a	NonTarget	1	226351
905.58	n/a	NonTarget	1	226395
905.756	n/a	NonTarget	1	226439
905.928	n/a	Target	2	226482
906.104	n/a	NonTarget	1	226526
906.28	n/a	NonTarget	1	226570
906.456	n/a	NonTarget	1	226614
906.628	n/a	NonTarget	1	226657
906.804	n/a	Target	2	226701
906.98	n/a	NonTarget	1	226745
907.156	n/a	NonTarget	1	226789
907.332	n/a	NonTarget	1	226833
907.504	n/a	Target	2	226876
907.68	n/a	NonTarget	1	226920
907.856	n/a	NonTarget	1	226964
908.028	n/a	NonTarget	1	227007
908.204	n/a	NonTarget	1	227051
908.38	n/a	NonTarget	1	227095
908.556	n/a	Target	2	227139
908.728	n/a	NonTarget	1	227182
908.904	n/a	NonTarget	1	227226
909.08	n/a	NonTarget	1	227270
909.256	n/a	NonTarget	1	227314
909.428	n/a	NonTarget	1	227357
909.604	n/a	NonTarget	1	227401
909.78	n/a	NonTarget	1	227445
909.956	n/a	NonTarget	1	227489
910.128	n/a	Target	2	227532
910.304	n/a	NonTarget	1	227576
924.888	n/a	NonTarget	1	231222
925.06	n/a	NonTarget	1	231265
925.236	n/a	NonTarget	1	231309
925.412	n/a	NonTarget	1	231353
925.584	n/a	Target	2	231396
925.76	n/a	NonTarget	1	231440
925.936	n/a	NonTarget	1	231484
926.112	n/a	NonTarget	1	231528
926.284	n/a	NonTarget	1	231571
926.46	n/a	Target	2	231615
926.636	n/a	NonTarget	1	231659
926.812	n/a	NonTarget	1	231703
926.984	n/a	NonTarget	1	231746
927.16	n/a	Target	2	231790
927.336	n/a	NonTarget	1	231834
927.512	n/a	NonTarget	1	231878
927.684	n/a	NonTarget	1	231921
927.86	n/a	NonTarget	1	231965
928.036	n/a	Target	2	232009
928.212	n/a	NonTarget	1	232053
928.384	n/a	NonTarget	1	232096
928.56	n/a	NonTarget	1	232140
928.736	n/a	NonTarget	1	232184
928.912	n/a	NonTarget	1	232228
929.084	n/a	Target	2	232271
929.26	n/a	NonTarget	1	232315
929.436	n/a	NonTarget	1	232359
929.612	n/a	NonTarget	1	232403
929.784	n/a	NonTarget	1	232446
929.96	n/a	NonTarget	1	232490
930.136	n/a	NonTarget	1	232534
930.316	n/a	NonTarget	1	232579
930.484	n/a	Target	2	232621
930.66	n/a	NonTarget	1	232665
930.836	n/a	NonTarget	1	232709
931.012	n/a	NonTarget	1	232753
931.184	n/a	Target	2	232796
931.36	n/a	NonTarget	1	232840
931.536	n/a	NonTarget	1	232884
931.712	n/a	NonTarget	1	232928
931.884	n/a	NonTarget	1	232971
932.06	n/a	NonTarget	1	233015
932.236	n/a	NonTarget	1	233059
932.412	n/a	NonTarget	1	233103
932.584	n/a	NonTarget	1	233146
932.76	n/a	NonTarget	1	233190
932.936	n/a	NonTarget	1	233234
933.112	n/a	Target	2	233278
933.284	n/a	NonTarget	1	233321
933.46	n/a	NonTarget	1	233365
933.636	n/a	NonTarget	1	233409
933.812	n/a	NonTarget	1	233453
933.984	n/a	Target	2	233496
934.16	n/a	NonTarget	1	233540
934.336	n/a	NonTarget	1	233584
934.512	n/a	NonTarget	1	233628
934.684	n/a	NonTarget	1	233671
934.86	n/a	Target	2	233715
935.036	n/a	NonTarget	1	233759
935.212	n/a	NonTarget	1	233803
935.384	n/a	Target	2	233846
935.56	n/a	NonTarget	1	233890
935.736	n/a	NonTarget	1	233934
935.912	n/a	NonTarget	1	233978
936.084	n/a	NonTarget	1	234021
936.26	n/a	NonTarget	1	234065
936.436	n/a	NonTarget	1	234109
936.616	n/a	NonTarget	1	234154
936.784	n/a	Target	2	234196
936.968	n/a	NonTarget	1	234242
937.136	n/a	NonTarget	1	234284
937.312	n/a	NonTarget	1	234328
937.484	n/a	NonTarget	1	234371
937.66	n/a	NonTarget	1	234415
937.836	n/a	Target	2	234459
938.012	n/a	NonTarget	1	234503
938.188	n/a	NonTarget	1	234547
938.36	n/a	NonTarget	1	234590
938.536	n/a	NonTarget	1	234634
938.712	n/a	NonTarget	1	234678
938.884	n/a	Target	2	234721
939.06	n/a	NonTarget	1	234765
939.236	n/a	NonTarget	1	234809
939.412	n/a	NonTarget	1	234853
939.584	n/a	Target	2	234896
939.76	n/a	NonTarget	1	234940
939.936	n/a	NonTarget	1	234984
940.112	n/a	NonTarget	1	235028
940.284	n/a	NonTarget	1	235071
940.46	n/a	NonTarget	1	235115
960.88	n/a	NonTarget	1	240220
961.056	n/a	Target	2	240264
961.232	n/a	NonTarget	1	240308
961.404	n/a	NonTarget	1	240351
961.58	n/a	NonTarget	1	240395
961.756	n/a	NonTarget	1	240439
961.928	n/a	NonTarget	1	240482
962.104	n/a	NonTarget	1	240526
962.28	n/a	Target	2	240570
962.456	n/a	NonTarget	1	240614
962.628	n/a	NonTarget	1	240657
962.804	n/a	NonTarget	1	240701
962.98	n/a	NonTarget	1	240745
963.156	n/a	NonTarget	1	240789
963.328	n/a	Target	2	240832
963.504	n/a	NonTarget	1	240876
963.68	n/a	NonTarget	1	240920
963.856	n/a	NonTarget	1	240964
964.028	n/a	NonTarget	1	241007
964.204	n/a	NonTarget	1	241051
964.38	n/a	Target	2	241095
964.556	n/a	NonTarget	1	241139
964.728	n/a	NonTarget	1	241182
964.904	n/a	NonTarget	1	241226
965.08	n/a	NonTarget	1	241270
965.256	n/a	Target	2	241314
965.428	n/a	NonTarget	1	241357
965.608	n/a	NonTarget	1	241402
965.78	n/a	NonTarget	1	241445
965.956	n/a	NonTarget	1	241489
966.128	n/a	Target	2	241532
966.304	n/a	NonTarget	1	241576
966.48	n/a	NonTarget	1	241620
966.656	n/a	NonTarget	1	241664
966.828	n/a	NonTarget	1	241707
967.004	n/a	NonTarget	1	241751
967.18	n/a	Target	2	241795
967.356	n/a	NonTarget	1	241839
967.528	n/a	NonTarget	1	241882
967.704	n/a	NonTarget	1	241926
967.88	n/a	NonTarget	1	241970
968.056	n/a	NonTarget	1	242014
968.236	n/a	NonTarget	1	242059
968.404	n/a	NonTarget	1	242101
968.58	n/a	NonTarget	1	242145
968.756	n/a	Target	2	242189
968.928	n/a	NonTarget	1	242232
969.104	n/a	NonTarget	1	242276
969.28	n/a	NonTarget	1	242320
969.456	n/a	NonTarget	1	242364
969.628	n/a	NonTarget	1	242407
969.804	n/a	NonTarget	1	242451
969.98	n/a	NonTarget	1	242495
970.156	n/a	Target	2	242539
970.332	n/a	NonTarget	1	242583
970.504	n/a	NonTarget	1	242626
970.68	n/a	NonTarget	1	242670
970.856	n/a	NonTarget	1	242714
971.028	n/a	NonTarget	1	242757
971.204	n/a	Target	2	242801
971.38	n/a	NonTarget	1	242845
971.556	n/a	NonTarget	1	242889
971.728	n/a	Target	2	242932
971.904	n/a	NonTarget	1	242976
972.08	n/a	NonTarget	1	243020
972.256	n/a	NonTarget	1	243064
972.428	n/a	NonTarget	1	243107
972.604	n/a	NonTarget	1	243151
972.78	n/a	NonTarget	1	243195
972.952	n/a	NonTarget	1	243238
973.128	n/a	NonTarget	1	243282
973.304	n/a	Target	2	243326
973.48	n/a	NonTarget	1	243370
973.656	n/a	NonTarget	1	243414
973.828	n/a	Target	2	243457
974.004	n/a	NonTarget	1	243501
974.18	n/a	NonTarget	1	243545
974.356	n/a	NonTarget	1	243589
974.532	n/a	NonTarget	1	243633
974.704	n/a	NonTarget	1	243676
974.88	n/a	NonTarget	1	243720
975.052	n/a	NonTarget	1	243763
975.228	n/a	Target	2	243807
975.404	n/a	NonTarget	1	243851
975.58	n/a	NonTarget	1	243895
975.756	n/a	NonTarget	1	243939
975.928	n/a	Target	2	243982
976.104	n/a	NonTarget	1	244026
976.28	n/a	NonTarget	1	244070
976.456	n/a	NonTarget	1	244114
994.168	n/a	NonTarget	1	248542
994.34	n/a	NonTarget	1	248585
994.516	n/a	NonTarget	1	248629
994.692	n/a	NonTarget	1	248673
994.864	n/a	Target	2	248716
995.04	n/a	NonTarget	1	248760
995.216	n/a	NonTarget	1	248804
995.392	n/a	NonTarget	1	248848
995.564	n/a	NonTarget	1	248891
995.74	n/a	NonTarget	1	248935
995.916	n/a	NonTarget	1	248979
996.092	n/a	Target	2	249023
996.264	n/a	NonTarget	1	249066
996.44	n/a	NonTarget	1	249110
996.616	n/a	NonTarget	1	249154
996.792	n/a	NonTarget	1	249198
996.964	n/a	NonTarget	1	249241
997.14	n/a	Target	2	249285
997.316	n/a	NonTarget	1	249329
997.492	n/a	NonTarget	1	249373
997.668	n/a	NonTarget	1	249417
997.84	n/a	NonTarget	1	249460
998.016	n/a	Target	2	249504
998.192	n/a	NonTarget	1	249548
998.364	n/a	NonTarget	1	249591
998.54	n/a	NonTarget	1	249635
998.716	n/a	NonTarget	1	249679
998.892	n/a	NonTarget	1	249723
999.064	n/a	NonTarget	1	249766
999.244	n/a	Target	2	249811
999.416	n/a	NonTarget	1	249854
999.596	n/a	NonTarget	1	249899
999.764	n/a	NonTarget	1	249941
999.94	n/a	NonTarget	1	249985
1000.116	n/a	NonTarget	1	250029
1000.292	n/a	Target	2	250073
1000.464	n/a	NonTarget	1	250116
1000.64	n/a	NonTarget	1	250160
1000.816	n/a	NonTarget	1	250204
1000.992	n/a	NonTarget	1	250248
1001.164	n/a	NonTarget	1	250291
1001.344	n/a	Target	2	250336
1001.516	n/a	NonTarget	1	250379
1001.692	n/a	NonTarget	1	250423
1001.864	n/a	Target	2	250466
1002.04	n/a	NonTarget	1	250510
1002.216	n/a	NonTarget	1	250554
1002.392	n/a	NonTarget	1	250598
1002.568	n/a	NonTarget	1	250642
1002.74	n/a	NonTarget	1	250685
1002.916	n/a	NonTarget	1	250729
1003.088	n/a	NonTarget	1	250772
1003.264	n/a	NonTarget	1	250816
1003.44	n/a	Target	2	250860
1003.616	n/a	NonTarget	1	250904
1003.788	n/a	NonTarget	1	250947
1003.964	n/a	NonTarget	1	250991
1004.14	n/a	NonTarget	1	251035
1004.316	n/a	NonTarget	1	251079
1004.492	n/a	Target	2	251123
1004.664	n/a	NonTarget	1	251166
1004.84	n/a	NonTarget	1	251210
1005.016	n/a	NonTarget	1	251254
1005.192	n/a	NonTarget	1	251298
1005.368	n/a	Target	2	251342
1005.54	n/a	NonTarget	1	251385
1005.716	n/a	NonTarget	1	251429
1005.892	n/a	NonTarget	1	251473
1006.064	n/a	NonTarget	1	251516
1006.24	n/a	Target	2	251560
1006.416	n/a	NonTarget	1	251604
1006.592	n/a	NonTarget	1	251648
1006.764	n/a	NonTarget	1	251691
1006.94	n/a	Target	2	251735
1007.116	n/a	NonTarget	1	251779
1007.292	n/a	NonTarget	1	251823
1007.464	n/a	NonTarget	1	251866
1007.64	n/a	NonTarget	1	251910
1007.816	n/a	Target	2	251954
1007.992	n/a	NonTarget	1	251998
1008.164	n/a	NonTarget	1	252041
1008.34	n/a	NonTarget	1	252085
1008.516	n/a	NonTarget	1	252129
1008.692	n/a	NonTarget	1	252173
1008.864	n/a	Target	2	252216
1009.04	n/a	NonTarget	1	252260
1009.216	n/a	NonTarget	1	252304
1009.392	n/a	NonTarget	1	252348
1009.568	n/a	NonTarget	1	252392
1009.74	n/a	NonTarget	1	252435
1030.064	n/a	Target	2	257516
1030.236	n/a	NonTarget	1	257559
1030.412	n/a	NonTarget	1	257603
1030.588	n/a	NonTarget	1	257647
1030.764	n/a	NonTarget	1	257691
1030.94	n/a	NonTarget	1	257735
1031.112	n/a	NonTarget	1	257778
1031.288	n/a	NonTarget	1	257822
1031.464	n/a	NonTarget	1	257866
1031.636	n/a	NonTarget	1	257909
1031.812	n/a	NonTarget	1	257953
1031.988	n/a	Target	2	257997
1032.16	n/a	NonTarget	1	258040
1032.336	n/a	NonTarget	1	258084
1032.512	n/a	NonTarget	1	258128
1032.688	n/a	Target	2	258172
1032.86	n/a	NonTarget	1	258215
1033.036	n/a	NonTarget	1	258259
1033.212	n/a	NonTarget	1	258303
1033.388	n/a	NonTarget	1	258347
1033.56	n/a	Target	2	258390
1033.736	n/a	NonTarget	1	258434
1033.912	n/a	NonTarget	1	258478
1034.088	n/a	NonTarget	1	258522
1034.26	n/a	NonTarget	1	258565
1034.436	n/a	Target	2	258609
1034.612	n/a	NonTarget	1	258653
1034.788	n/a	NonTarget	1	258697
1034.96	n/a	NonTarget	1	258740
1035.136	n/a	NonTarget	1	258784
1035.312	n/a	NonTarget	1	258828
1035.488	n/a	NonTarget	1	258872
1035.66	n/a	Target	2	258915
1035.836	n/a	NonTarget	1	258959
1036.012	n/a	NonTarget	1	259003
1036.188	n/a	NonTarget	1	259047
1036.36	n/a	Target	2	259090
1036.536	n/a	NonTarget	1	259134
1036.712	n/a	NonTarget	1	259178
1036.888	n/a	NonTarget	1	259222
1037.06	n/a	NonTarget	1	259265
1037.236	n/a	NonTarget	1	259309
1037.412	n/a	NonTarget	1	259353
1037.588	n/a	Target	2	259397
1037.76	n/a	NonTarget	1	259440
1037.936	n/a	NonTarget	1	259484
1038.112	n/a	NonTarget	1	259528
1038.288	n/a	NonTarget	1	259572
1038.46	n/a	NonTarget	1	259615
1038.636	n/a	Target	2	259659
1038.812	n/a	NonTarget	1	259703
1038.988	n/a	NonTarget	1	259747
1039.16	n/a	NonTarget	1	259790
1039.336	n/a	NonTarget	1	259834
1039.512	n/a	NonTarget	1	259878
1039.688	n/a	NonTarget	1	259922
1039.86	n/a	NonTarget	1	259965
1040.036	n/a	Target	2	260009
1040.212	n/a	NonTarget	1	260053
1040.388	n/a	NonTarget	1	260097
1040.56	n/a	NonTarget	1	260140
1040.736	n/a	Target	2	260184
1040.912	n/a	NonTarget	1	260228
1041.088	n/a	NonTarget	1	260272
1041.26	n/a	NonTarget	1	260315
1041.436	n/a	NonTarget	1	260359
1041.612	n/a	NonTarget	1	260403
1041.788	n/a	NonTarget	1	260447
1041.96	n/a	Target	2	260490
1042.136	n/a	NonTarget	1	260534
1042.312	n/a	NonTarget	1	260578
1042.488	n/a	NonTarget	1	260622
1042.66	n/a	NonTarget	1	260665
1042.836	n/a	NonTarget	1	260709
1043.012	n/a	Target	2	260753
1043.188	n/a	NonTarget	1	260797
1043.36	n/a	NonTarget	1	260840
1043.536	n/a	NonTarget	1	260884
1043.712	n/a	NonTarget	1	260928
1043.888	n/a	NonTarget	1	260972
1044.064	n/a	Target	2	261016
1044.236	n/a	NonTarget	1	261059
1044.412	n/a	NonTarget	1	261103
1044.588	n/a	NonTarget	1	261147
1044.76	n/a	NonTarget	1	261190
1044.936	n/a	Target	2	261234
1045.112	n/a	NonTarget	1	261278
1045.288	n/a	NonTarget	1	261322
1045.46	n/a	NonTarget	1	261365
1045.636	n/a	NonTarget	1	261409
1059.896	n/a	Target	2	264974
1060.072	n/a	NonTarget	1	265018
1060.248	n/a	NonTarget	1	265062
1060.42	n/a	NonTarget	1	265105
1060.596	n/a	NonTarget	1	265149
1060.772	n/a	NonTarget	1	265193
1060.944	n/a	Target	2	265236
1061.124	n/a	NonTarget	1	265281
1061.296	n/a	NonTarget	1	265324
1061.472	n/a	NonTarget	1	265368
1061.648	n/a	NonTarget	1	265412
1061.82	n/a	NonTarget	1	265455
1061.996	n/a	NonTarget	1	265499
1062.172	n/a	NonTarget	1	265543
1062.344	n/a	NonTarget	1	265586
1062.52	n/a	Target	2	265630
1062.696	n/a	NonTarget	1	265674
1062.868	n/a	NonTarget	1	265717
1063.044	n/a	NonTarget	1	265761
1063.22	n/a	NonTarget	1	265805
1063.396	n/a	NonTarget	1	265849
1063.572	n/a	NonTarget	1	265893
1063.744	n/a	NonTarget	1	265936
1063.92	n/a	Target	2	265980
1064.096	n/a	NonTarget	1	266024
1064.272	n/a	NonTarget	1	266068
1064.444	n/a	NonTarget	1	266111
1064.62	n/a	NonTarget	1	266155
1064.796	n/a	NonTarget	1	266199
1064.972	n/a	Target	2	266243
1065.144	n/a	NonTarget	1	266286
1065.32	n/a	NonTarget	1	266330
1065.496	n/a	Target	2	266374
1065.672	n/a	NonTarget	1	266418
1065.848	n/a	NonTarget	1	266462
1066.02	n/a	NonTarget	1	266505
1066.196	n/a	NonTarget	1	266549
1066.372	n/a	NonTarget	1	266593
1066.544	n/a	NonTarget	1	266636
1066.72	n/a	NonTarget	1	266680
1066.896	n/a	NonTarget	1	266724
1067.072	n/a	Target	2	266768
1067.244	n/a	NonTarget	1	266811
1067.42	n/a	NonTarget	1	266855
1067.596	n/a	Target	2	266899
1067.772	n/a	NonTarget	1	266943
1067.944	n/a	NonTarget	1	266986
1068.12	n/a	NonTarget	1	267030
1068.296	n/a	NonTarget	1	267074
1068.472	n/a	NonTarget	1	267118
1068.644	n/a	NonTarget	1	267161
1068.82	n/a	NonTarget	1	267205
1068.996	n/a	Target	2	267249
1069.172	n/a	NonTarget	1	267293
1069.344	n/a	NonTarget	1	267336
1069.524	n/a	NonTarget	1	267381
1069.696	n/a	Target	2	267424
1069.872	n/a	NonTarget	1	267468
1070.048	n/a	NonTarget	1	267512
1070.22	n/a	NonTarget	1	267555
1070.396	n/a	NonTarget	1	267599
1070.572	n/a	NonTarget	1	267643
1070.744	n/a	NonTarget	1	267686
1070.92	n/a	Target	2	267730
1071.096	n/a	NonTarget	1	267774
1071.272	n/a	NonTarget	1	267818
1071.444	n/a	Target	2	267861
1071.62	n/a	NonTarget	1	267905
1071.796	n/a	NonTarget	1	267949
1071.972	n/a	NonTarget	1	267993
1072.144	n/a	NonTarget	1	268036
1072.32	n/a	NonTarget	1	268080
1072.496	n/a	NonTarget	1	268124
1072.672	n/a	Target	2	268168
1072.844	n/a	NonTarget	1	268211
1073.02	n/a	NonTarget	1	268255
1073.196	n/a	NonTarget	1	268299
1073.372	n/a	NonTarget	1	268343
1073.544	n/a	NonTarget	1	268386
1073.72	n/a	Target	2	268430
1073.896	n/a	NonTarget	1	268474
1074.072	n/a	NonTarget	1	268518
1074.244	n/a	NonTarget	1	268561
1074.42	n/a	NonTarget	1	268605
1074.596	n/a	Target	2	268649
1074.772	n/a	NonTarget	1	268693
1074.944	n/a	NonTarget	1	268736
1075.12	n/a	NonTarget	1	268780
1075.296	n/a	NonTarget	1	268824
1075.472	n/a	NonTarget	1	268868
1243.228	n/a	NonTarget	1	310807
1243.404	n/a	NonTarget	1	310851
1243.576	n/a	Target	2	310894
1243.752	n/a	NonTarget	1	310938
1243.928	n/a	NonTarget	1	310982
1244.1	n/a	NonTarget	1	311025
1244.276	n/a	NonTarget	1	311069
1244.452	n/a	NonTarget	1	311113
1244.628	n/a	NonTarget	1	311157
1244.8	n/a	NonTarget	1	311200
1244.976	n/a	NonTarget	1	311244
1245.152	n/a	Target	2	311288
1245.328	n/a	NonTarget	1	311332
1245.504	n/a	NonTarget	1	311376
1245.676	n/a	NonTarget	1	311419
1245.852	n/a	NonTarget	1	311463
1246.028	n/a	NonTarget	1	311507
1246.204	n/a	Target	2	311551
1246.376	n/a	NonTarget	1	311594
1246.552	n/a	NonTarget	1	311638
1246.728	n/a	NonTarget	1	311682
1246.904	n/a	Target	2	311726
1247.076	n/a	NonTarget	1	311769
1247.252	n/a	NonTarget	1	311813
1247.428	n/a	NonTarget	1	311857
1247.604	n/a	Target	2	311901
1247.776	n/a	NonTarget	1	311944
1247.952	n/a	NonTarget	1	311988
1248.128	n/a	NonTarget	1	312032
1248.304	n/a	NonTarget	1	312076
1248.48	n/a	Target	2	312120
1248.652	n/a	NonTarget	1	312163
1248.828	n/a	NonTarget	1	312207
1249.004	n/a	NonTarget	1	312251
1249.176	n/a	NonTarget	1	312294
1249.352	n/a	NonTarget	1	312338
1249.528	n/a	Target	2	312382
1249.704	n/a	NonTarget	1	312426
1249.876	n/a	NonTarget	1	312469
1250.052	n/a	NonTarget	1	312513
1250.228	n/a	NonTarget	1	312557
1250.404	n/a	NonTarget	1	312601
1250.576	n/a	NonTarget	1	312644
1250.752	n/a	NonTarget	1	312688
1250.928	n/a	Target	2	312732
1251.104	n/a	NonTarget	1	312776
1251.276	n/a	NonTarget	1	312819
1251.452	n/a	NonTarget	1	312863
1251.628	n/a	Target	2	312907
1251.804	n/a	NonTarget	1	312951
1251.976	n/a	NonTarget	1	312994
1252.152	n/a	NonTarget	1	313038
1252.328	n/a	NonTarget	1	313082
1252.504	n/a	NonTarget	1	313126
1252.676	n/a	NonTarget	1	313169
1252.856	n/a	NonTarget	1	313214
1253.028	n/a	NonTarget	1	313257
1253.204	n/a	Target	2	313301
1253.376	n/a	NonTarget	1	313344
1253.552	n/a	NonTarget	1	313388
1253.728	n/a	NonTarget	1	313432
1253.904	n/a	NonTarget	1	313476
1254.076	n/a	Target	2	313519
1254.252	n/a	NonTarget	1	313563
1254.428	n/a	NonTarget	1	313607
1254.604	n/a	NonTarget	1	313651
1254.776	n/a	Target	2	313694
1254.952	n/a	NonTarget	1	313738
1255.128	n/a	NonTarget	1	313782
1255.304	n/a	NonTarget	1	313826
1255.48	n/a	NonTarget	1	313870
1255.652	n/a	NonTarget	1	313913
1255.828	n/a	NonTarget	1	313957
1256.004	n/a	NonTarget	1	314001
1256.176	n/a	NonTarget	1	314044
1256.352	n/a	Target	2	314088
1256.528	n/a	NonTarget	1	314132
1256.7	n/a	NonTarget	1	314175
1256.88	n/a	NonTarget	1	314220
1257.052	n/a	NonTarget	1	314263
1257.228	n/a	NonTarget	1	314307
1257.404	n/a	Target	2	314351
1257.576	n/a	NonTarget	1	314394
1257.752	n/a	NonTarget	1	314438
1257.928	n/a	NonTarget	1	314482
1258.1	n/a	Target	2	314525
1258.276	n/a	NonTarget	1	314569
1258.452	n/a	NonTarget	1	314613
1258.628	n/a	NonTarget	1	314657
1258.8	n/a	NonTarget	1	314700
1274.828	n/a	NonTarget	1	318707
1275.004	n/a	Target	2	318751
1275.18	n/a	NonTarget	1	318795
1275.352	n/a	NonTarget	1	318838
1275.528	n/a	NonTarget	1	318882
1275.704	n/a	NonTarget	1	318926
1275.876	n/a	NonTarget	1	318969
1276.052	n/a	NonTarget	1	319013
1276.228	n/a	NonTarget	1	319057
1276.404	n/a	Target	2	319101
1276.58	n/a	NonTarget	1	319145
1276.752	n/a	NonTarget	1	319188
1276.928	n/a	NonTarget	1	319232
1277.104	n/a	Target	2	319276
1277.276	n/a	NonTarget	1	319319
1277.452	n/a	NonTarget	1	319363
1277.632	n/a	NonTarget	1	319408
1277.804	n/a	NonTarget	1	319451
1277.98	n/a	NonTarget	1	319495
1278.152	n/a	Target	2	319538
1278.328	n/a	NonTarget	1	319582
1278.504	n/a	NonTarget	1	319626
1278.676	n/a	NonTarget	1	319669
1278.852	n/a	NonTarget	1	319713
1279.028	n/a	Target	2	319757
1279.204	n/a	NonTarget	1	319801
1279.38	n/a	NonTarget	1	319845
1279.552	n/a	NonTarget	1	319888
1279.728	n/a	NonTarget	1	319932
1279.904	n/a	NonTarget	1	319976
1280.076	n/a	NonTarget	1	320019
1280.252	n/a	NonTarget	1	320063
1280.428	n/a	NonTarget	1	320107
1280.604	n/a	NonTarget	1	320151
1280.776	n/a	Target	2	320194
1280.952	n/a	NonTarget	1	320238
1281.128	n/a	NonTarget	1	320282
1281.304	n/a	NonTarget	1	320326
1281.48	n/a	NonTarget	1	320370
1281.652	n/a	NonTarget	1	320413
1281.828	n/a	NonTarget	1	320457
1282.004	n/a	Target	2	320501
1282.176	n/a	NonTarget	1	320544
1282.356	n/a	NonTarget	1	320589
1282.528	n/a	NonTarget	1	320632
1282.704	n/a	Target	2	320676
1282.88	n/a	NonTarget	1	320720
1283.06	n/a	NonTarget	1	320765
1283.228	n/a	NonTarget	1	320807
1283.416	n/a	NonTarget	1	320854
1283.576	n/a	Target	2	320894
1283.752	n/a	NonTarget	1	320938
1283.928	n/a	NonTarget	1	320982
1284.1	n/a	NonTarget	1	321025
1284.276	n/a	NonTarget	1	321069
1284.452	n/a	NonTarget	1	321113
1284.628	n/a	NonTarget	1	321157
1284.8	n/a	Target	2	321200
1284.976	n/a	NonTarget	1	321244
1285.152	n/a	NonTarget	1	321288
1285.328	n/a	NonTarget	1	321332
1285.5	n/a	NonTarget	1	321375
1285.676	n/a	NonTarget	1	321419
1285.852	n/a	NonTarget	1	321463
1286.028	n/a	Target	2	321507
1286.2	n/a	NonTarget	1	321550
1286.376	n/a	NonTarget	1	321594
1286.552	n/a	Target	2	321638
1286.728	n/a	NonTarget	1	321682
1286.9	n/a	NonTarget	1	321725
1287.076	n/a	NonTarget	1	321769
1287.252	n/a	NonTarget	1	321813
1287.428	n/a	NonTarget	1	321857
1287.6	n/a	NonTarget	1	321900
1287.776	n/a	NonTarget	1	321944
1287.952	n/a	NonTarget	1	321988
1288.128	n/a	NonTarget	1	322032
1288.3	n/a	Target	2	322075
1288.476	n/a	NonTarget	1	322119
1288.652	n/a	NonTarget	1	322163
1288.828	n/a	NonTarget	1	322207
1289.0	n/a	NonTarget	1	322250
1289.176	n/a	NonTarget	1	322294
1289.352	n/a	Target	2	322338
1289.528	n/a	NonTarget	1	322382
1289.7	n/a	NonTarget	1	322425
1289.876	n/a	NonTarget	1	322469
1290.052	n/a	NonTarget	1	322513
1290.228	n/a	NonTarget	1	322557
1290.4	n/a	Target	2	322600
1311.388	n/a	Target	2	327847
1311.564	n/a	NonTarget	1	327891
1311.74	n/a	NonTarget	1	327935
1311.916	n/a	NonTarget	1	327979
1312.088	n/a	NonTarget	1	328022
1312.264	n/a	NonTarget	1	328066
1312.44	n/a	NonTarget	1	328110
1312.616	n/a	NonTarget	1	328154
1312.788	n/a	NonTarget	1	328197
1312.964	n/a	NonTarget	1	328241
1313.14	n/a	Target	2	328285
1313.316	n/a	NonTarget	1	328329
1313.488	n/a	NonTarget	1	328372
1313.664	n/a	NonTarget	1	328416
1313.84	n/a	NonTarget	1	328460
1314.016	n/a	NonTarget	1	328504
1314.192	n/a	NonTarget	1	328548
1314.364	n/a	Target	2	328591
1314.54	n/a	NonTarget	1	328635
1314.716	n/a	NonTarget	1	328679
1314.888	n/a	NonTarget	1	328722
1315.064	n/a	NonTarget	1	328766
1315.24	n/a	Target	2	328810
1315.416	n/a	NonTarget	1	328854
1315.588	n/a	NonTarget	1	328897
1315.764	n/a	Target	2	328941
1315.94	n/a	NonTarget	1	328985
1316.116	n/a	NonTarget	1	329029
1316.288	n/a	NonTarget	1	329072
1316.464	n/a	NonTarget	1	329116
1316.64	n/a	NonTarget	1	329160
1316.816	n/a	NonTarget	1	329204
1316.992	n/a	NonTarget	1	329248
1317.164	n/a	Target	2	329291
1317.34	n/a	NonTarget	1	329335
1317.516	n/a	NonTarget	1	329379
1317.688	n/a	Target	2	329422
1317.864	n/a	NonTarget	1	329466
1318.04	n/a	NonTarget	1	329510
1318.216	n/a	NonTarget	1	329554
1318.388	n/a	NonTarget	1	329597
1318.564	n/a	NonTarget	1	329641
1318.74	n/a	Target	2	329685
1318.916	n/a	NonTarget	1	329729
1319.088	n/a	NonTarget	1	329772
1319.264	n/a	NonTarget	1	329816
1319.44	n/a	NonTarget	1	329860
1319.616	n/a	NonTarget	1	329904
1319.792	n/a	Target	2	329948
1319.964	n/a	NonTarget	1	329991
1320.14	n/a	NonTarget	1	330035
1320.316	n/a	NonTarget	1	330079
1320.488	n/a	NonTarget	1	330122
1320.668	n/a	NonTarget	1	330167
1320.84	n/a	Target	2	330210
1321.016	n/a	NonTarget	1	330254
1321.188	n/a	NonTarget	1	330297
1321.364	n/a	NonTarget	1	330341
1321.54	n/a	NonTarget	1	330385
1321.716	n/a	NonTarget	1	330429
1321.888	n/a	NonTarget	1	330472
1322.064	n/a	NonTarget	1	330516
1322.24	n/a	NonTarget	1	330560
1322.416	n/a	NonTarget	1	330604
1322.588	n/a	Target	2	330647
1322.764	n/a	NonTarget	1	330691
1322.94	n/a	NonTarget	1	330735
1323.116	n/a	NonTarget	1	330779
1323.288	n/a	NonTarget	1	330822
1323.464	n/a	NonTarget	1	330866
1323.64	n/a	Target	2	330910
1323.816	n/a	NonTarget	1	330954
1323.988	n/a	NonTarget	1	330997
1324.164	n/a	Target	2	331041
1324.34	n/a	NonTarget	1	331085
1324.516	n/a	NonTarget	1	331129
1324.692	n/a	NonTarget	1	331173
1324.864	n/a	NonTarget	1	331216
1325.04	n/a	Target	2	331260
1325.216	n/a	NonTarget	1	331304
1325.388	n/a	NonTarget	1	331347
1325.564	n/a	NonTarget	1	331391
1325.74	n/a	NonTarget	1	331435
1325.916	n/a	NonTarget	1	331479
1326.088	n/a	Target	2	331522
1326.264	n/a	NonTarget	1	331566
1326.44	n/a	NonTarget	1	331610
1326.616	n/a	NonTarget	1	331654
1326.792	n/a	NonTarget	1	331698
1326.964	n/a	NonTarget	1	331741
1342.14	n/a	NonTarget	1	335535
1342.316	n/a	Target	2	335579
1342.492	n/a	NonTarget	1	335623
1342.672	n/a	NonTarget	1	335668
1342.84	n/a	NonTarget	1	335710
1343.016	n/a	NonTarget	1	335754
1343.192	n/a	NonTarget	1	335798
1343.368	n/a	Target	2	335842
1343.54	n/a	NonTarget	1	335885
1343.716	n/a	NonTarget	1	335929
1343.892	n/a	NonTarget	1	335973
1344.068	n/a	NonTarget	1	336017
1344.24	n/a	NonTarget	1	336060
1344.416	n/a	NonTarget	1	336104
1344.592	n/a	NonTarget	1	336148
1344.768	n/a	Target	2	336192
1344.94	n/a	NonTarget	1	336235
1345.116	n/a	NonTarget	1	336279
1345.292	n/a	NonTarget	1	336323
1345.468	n/a	Target	2	336367
1345.644	n/a	NonTarget	1	336411
1345.816	n/a	NonTarget	1	336454
1345.996	n/a	NonTarget	1	336499
1346.168	n/a	NonTarget	1	336542
1346.34	n/a	NonTarget	1	336585
1346.516	n/a	NonTarget	1	336629
1346.692	n/a	Target	2	336673
1346.868	n/a	NonTarget	1	336717
1347.04	n/a	NonTarget	1	336760
1347.216	n/a	NonTarget	1	336804
1347.392	n/a	NonTarget	1	336848
1347.568	n/a	NonTarget	1	336892
1347.74	n/a	NonTarget	1	336935
1347.916	n/a	Target	2	336979
1348.092	n/a	NonTarget	1	337023
1348.268	n/a	NonTarget	1	337067
1348.44	n/a	NonTarget	1	337110
1348.616	n/a	NonTarget	1	337154
1348.792	n/a	Target	2	337198
1348.968	n/a	NonTarget	1	337242
1349.14	n/a	NonTarget	1	337285
1349.316	n/a	NonTarget	1	337329
1349.492	n/a	Target	2	337373
1349.668	n/a	NonTarget	1	337417
1349.84	n/a	NonTarget	1	337460
1350.016	n/a	NonTarget	1	337504
1350.192	n/a	NonTarget	1	337548
1350.368	n/a	NonTarget	1	337592
1350.54	n/a	Target	2	337635
1350.716	n/a	NonTarget	1	337679
1350.892	n/a	NonTarget	1	337723
1351.068	n/a	NonTarget	1	337767
1351.24	n/a	NonTarget	1	337810
1351.416	n/a	NonTarget	1	337854
1351.592	n/a	Target	2	337898
1351.768	n/a	NonTarget	1	337942
1351.944	n/a	NonTarget	1	337986
1352.116	n/a	NonTarget	1	338029
1352.292	n/a	NonTarget	1	338073
1352.468	n/a	NonTarget	1	338117
1352.64	n/a	NonTarget	1	338160
1352.816	n/a	NonTarget	1	338204
1352.992	n/a	Target	2	338248
1353.168	n/a	NonTarget	1	338292
1353.344	n/a	NonTarget	1	338336
1353.516	n/a	NonTarget	1	338379
1353.692	n/a	NonTarget	1	338423
1353.872	n/a	NonTarget	1	338468
1354.04	n/a	Target	2	338510
1354.216	n/a	NonTarget	1	338554
1354.392	n/a	NonTarget	1	338598
1354.568	n/a	NonTarget	1	338642
1354.74	n/a	NonTarget	1	338685
1354.916	n/a	NonTarget	1	338729
1355.092	n/a	Target	2	338773
1355.268	n/a	NonTarget	1	338817
1355.44	n/a	NonTarget	1	338860
1355.616	n/a	NonTarget	1	338904
1355.792	n/a	NonTarget	1	338948
1355.968	n/a	NonTarget	1	338992
1356.14	n/a	Target	2	339035
1356.316	n/a	NonTarget	1	339079
1356.492	n/a	NonTarget	1	339123
1356.668	n/a	NonTarget	1	339167
1356.84	n/a	NonTarget	1	339210
1357.016	n/a	NonTarget	1	339254
1357.192	n/a	NonTarget	1	339298
1357.368	n/a	NonTarget	1	339342
1357.54	n/a	Target	2	339385
1357.716	n/a	NonTarget	1	339429
1378.716	n/a	Target	2	344679
1378.892	n/a	NonTarget	1	344723
1379.064	n/a	NonTarget	1	344766
1379.24	n/a	NonTarget	1	344810
1379.416	n/a	NonTarget	1	344854
1379.588	n/a	NonTarget	1	344897
1379.764	n/a	NonTarget	1	344941
1379.944	n/a	NonTarget	1	344986
1380.116	n/a	NonTarget	1	345029
1380.288	n/a	Target	2	345072
1380.472	n/a	NonTarget	1	345118
1380.64	n/a	NonTarget	1	345160
1380.816	n/a	NonTarget	1	345204
1380.988	n/a	Target	2	345247
1381.164	n/a	NonTarget	1	345291
1381.34	n/a	NonTarget	1	345335
1381.516	n/a	NonTarget	1	345379
1381.688	n/a	NonTarget	1	345422
1381.864	n/a	Target	2	345466
1382.04	n/a	NonTarget	1	345510
1382.216	n/a	NonTarget	1	345554
1382.392	n/a	NonTarget	1	345598
1382.572	n/a	NonTarget	1	345643
1382.74	n/a	NonTarget	1	345685
1382.916	n/a	NonTarget	1	345729
1383.088	n/a	Target	2	345772
1383.264	n/a	NonTarget	1	345816
1383.44	n/a	NonTarget	1	345860
1383.612	n/a	NonTarget	1	345903
1383.788	n/a	NonTarget	1	345947
1383.964	n/a	NonTarget	1	345991
1384.14	n/a	Target	2	346035
1384.316	n/a	NonTarget	1	346079
1384.488	n/a	NonTarget	1	346122
1384.664	n/a	NonTarget	1	346166
1384.84	n/a	NonTarget	1	346210
1385.016	n/a	NonTarget	1	346254
1385.188	n/a	NonTarget	1	346297
1385.364	n/a	NonTarget	1	346341
1385.54	n/a	NonTarget	1	346385
1385.712	n/a	Target	2	346428
1385.896	n/a	NonTarget	1	346474
1386.064	n/a	NonTarget	1	346516
1386.24	n/a	NonTarget	1	346560
1386.416	n/a	NonTarget	1	346604
1386.588	n/a	Target	2	346647
1387.052	n/a	NonTarget	1	346763
1387.224	n/a	NonTarget	1	346806
1387.4	n/a	NonTarget	1	346850
1387.576	n/a	NonTarget	1	346894
1387.752	n/a	NonTarget	1	346938
1387.924	n/a	Target	2	346981
1388.1	n/a	NonTarget	1	347025
1388.276	n/a	NonTarget	1	347069
1388.452	n/a	NonTarget	1	347113
1388.624	n/a	NonTarget	1	347156
1388.8	n/a	Target	2	347200
1388.976	n/a	NonTarget	1	347244
1389.152	n/a	NonTarget	1	347288
1389.328	n/a	NonTarget	1	347332
1389.5	n/a	NonTarget	1	347375
1389.676	n/a	NonTarget	1	347419
1389.852	n/a	NonTarget	1	347463
1390.028	n/a	Target	2	347507
1390.2	n/a	NonTarget	1	347550
1390.376	n/a	NonTarget	1	347594
1390.552	n/a	NonTarget	1	347638
1390.728	n/a	Target	2	347682
1390.9	n/a	NonTarget	1	347725
1391.076	n/a	NonTarget	1	347769
1391.252	n/a	NonTarget	1	347813
1391.428	n/a	NonTarget	1	347857
1391.6	n/a	Target	2	347900
1391.776	n/a	NonTarget	1	347944
1391.956	n/a	NonTarget	1	347989
1392.128	n/a	NonTarget	1	348032
1392.3	n/a	NonTarget	1	348075
1392.476	n/a	NonTarget	1	348119
1392.652	n/a	NonTarget	1	348163
1392.828	n/a	NonTarget	1	348207
1393.0	n/a	Target	2	348250
1393.176	n/a	NonTarget	1	348294
1393.352	n/a	NonTarget	1	348338
1393.528	n/a	NonTarget	1	348382
1393.7	n/a	NonTarget	1	348425
1393.876	n/a	NonTarget	1	348469
1394.052	n/a	NonTarget	1	348513
1394.224	n/a	NonTarget	1	348556
1394.4	n/a	Target	2	348600
1394.576	n/a	NonTarget	1	348644
1409.684	n/a	NonTarget	1	352421
1409.856	n/a	Target	2	352464
1410.032	n/a	NonTarget	1	352508
1410.208	n/a	NonTarget	1	352552
1410.384	n/a	NonTarget	1	352596
1410.556	n/a	NonTarget	1	352639
1410.732	n/a	NonTarget	1	352683
1410.908	n/a	NonTarget	1	352727
1411.084	n/a	NonTarget	1	352771
1411.256	n/a	Target	2	352814
1411.432	n/a	NonTarget	1	352858
1411.608	n/a	NonTarget	1	352902
1411.784	n/a	NonTarget	1	352946
1411.956	n/a	NonTarget	1	352989
1412.132	n/a	Target	2	353033
1412.308	n/a	NonTarget	1	353077
1412.484	n/a	NonTarget	1	353121
1412.656	n/a	NonTarget	1	353164
1412.84	n/a	NonTarget	1	353210
1413.008	n/a	NonTarget	1	353252
1413.184	n/a	NonTarget	1	353296
1413.356	n/a	Target	2	353339
1413.532	n/a	NonTarget	1	353383
1413.708	n/a	NonTarget	1	353427
1413.884	n/a	NonTarget	1	353471
1414.06	n/a	NonTarget	1	353515
1414.232	n/a	Target	2	353558
1414.408	n/a	NonTarget	1	353602
1414.584	n/a	NonTarget	1	353646
1414.756	n/a	NonTarget	1	353689
1414.936	n/a	NonTarget	1	353734
1415.108	n/a	Target	2	353777
1415.284	n/a	NonTarget	1	353821
1415.456	n/a	NonTarget	1	353864
1415.632	n/a	NonTarget	1	353908
1415.808	n/a	NonTarget	1	353952
1415.984	n/a	Target	2	353996
1416.156	n/a	NonTarget	1	354039
1416.332	n/a	NonTarget	1	354083
1416.508	n/a	NonTarget	1	354127
1416.684	n/a	NonTarget	1	354171
1416.856	n/a	NonTarget	1	354214
1417.032	n/a	NonTarget	1	354258
1417.208	n/a	NonTarget	1	354302
1417.384	n/a	NonTarget	1	354346
1417.556	n/a	NonTarget	1	354389
1417.74	n/a	Target	2	354435
1417.908	n/a	NonTarget	1	354477
1418.084	n/a	NonTarget	1	354521
1418.256	n/a	NonTarget	1	354564
1418.432	n/a	NonTarget	1	354608
1418.608	n/a	NonTarget	1	354652
1418.784	n/a	Target	2	354696
1418.96	n/a	NonTarget	1	354740
1419.132	n/a	NonTarget	1	354783
1419.308	n/a	NonTarget	1	354827
1419.492	n/a	NonTarget	1	354873
1419.656	n/a	NonTarget	1	354914
1419.832	n/a	NonTarget	1	354958
1420.008	n/a	Target	2	355002
1420.184	n/a	NonTarget	1	355046
1420.356	n/a	NonTarget	1	355089
1420.532	n/a	NonTarget	1	355133
1420.708	n/a	Target	2	355177
1420.884	n/a	NonTarget	1	355221
1421.056	n/a	NonTarget	1	355264
1421.232	n/a	NonTarget	1	355308
1421.408	n/a	NonTarget	1	355352
1421.584	n/a	NonTarget	1	355396
1421.756	n/a	NonTarget	1	355439
1421.932	n/a	NonTarget	1	355483
1422.108	n/a	Target	2	355527
1422.284	n/a	NonTarget	1	355571
1422.46	n/a	NonTarget	1	355615
1422.632	n/a	NonTarget	1	355658
1422.808	n/a	NonTarget	1	355702
1422.984	n/a	NonTarget	1	355746
1423.16	n/a	Target	2	355790
1423.332	n/a	NonTarget	1	355833
1423.508	n/a	NonTarget	1	355877
1423.684	n/a	NonTarget	1	355921
1423.856	n/a	NonTarget	1	355964
1424.032	n/a	NonTarget	1	356008
1424.208	n/a	Target	2	356052
1424.38	n/a	NonTarget	1	356095
1424.556	n/a	NonTarget	1	356139
1424.732	n/a	NonTarget	1	356183
1424.908	n/a	NonTarget	1	356227
1425.08	n/a	Target	2	356270
1425.256	n/a	NonTarget	1	356314
1446.292	n/a	NonTarget	1	361573
1446.468	n/a	NonTarget	1	361617
1446.64	n/a	NonTarget	1	361660
1446.816	n/a	NonTarget	1	361704
1446.992	n/a	Target	2	361748
1447.164	n/a	NonTarget	1	361791
1447.348	n/a	NonTarget	1	361837
1447.516	n/a	NonTarget	1	361879
1447.692	n/a	NonTarget	1	361923
1447.868	n/a	NonTarget	1	361967
1448.04	n/a	NonTarget	1	362010
1448.216	n/a	Target	2	362054
1448.392	n/a	NonTarget	1	362098
1448.564	n/a	NonTarget	1	362141
1448.74	n/a	NonTarget	1	362185
1448.916	n/a	NonTarget	1	362229
1449.092	n/a	NonTarget	1	362273
1449.264	n/a	Target	2	362316
1449.44	n/a	NonTarget	1	362360
1449.616	n/a	NonTarget	1	362404
1449.792	n/a	NonTarget	1	362448
1449.964	n/a	NonTarget	1	362491
1450.14	n/a	NonTarget	1	362535
1450.316	n/a	Target	2	362579
1450.492	n/a	NonTarget	1	362623
1450.664	n/a	NonTarget	1	362666
1450.84	n/a	NonTarget	1	362710
1451.016	n/a	NonTarget	1	362754
1451.192	n/a	Target	2	362798
1451.364	n/a	NonTarget	1	362841
1451.54	n/a	NonTarget	1	362885
1451.716	n/a	NonTarget	1	362929
1451.892	n/a	NonTarget	1	362973
1452.064	n/a	NonTarget	1	363016
1452.24	n/a	Target	2	363060
1452.416	n/a	NonTarget	1	363104
1452.592	n/a	NonTarget	1	363148
1452.768	n/a	Target	2	363192
1452.94	n/a	NonTarget	1	363235
1453.116	n/a	NonTarget	1	363279
1453.292	n/a	NonTarget	1	363323
1453.464	n/a	NonTarget	1	363366
1453.64	n/a	NonTarget	1	363410
1453.816	n/a	NonTarget	1	363454
1453.992	n/a	NonTarget	1	363498
1454.164	n/a	NonTarget	1	363541
1454.34	n/a	NonTarget	1	363585
1454.516	n/a	Target	2	363629
1454.688	n/a	NonTarget	1	363672
1454.864	n/a	NonTarget	1	363716
1455.04	n/a	NonTarget	1	363760
1455.216	n/a	Target	2	363804
1455.388	n/a	NonTarget	1	363847
1455.564	n/a	NonTarget	1	363891
1455.74	n/a	NonTarget	1	363935
1455.916	n/a	NonTarget	1	363979
1456.092	n/a	NonTarget	1	364023
1456.264	n/a	NonTarget	1	364066
1456.44	n/a	NonTarget	1	364110
1456.616	n/a	Target	2	364154
1456.792	n/a	NonTarget	1	364198
1456.964	n/a	NonTarget	1	364241
1457.14	n/a	Target	2	364285
1457.316	n/a	NonTarget	1	364329
1457.492	n/a	NonTarget	1	364373
1457.664	n/a	NonTarget	1	364416
1457.84	n/a	NonTarget	1	364460
1458.016	n/a	NonTarget	1	364504
1458.192	n/a	Target	2	364548
1458.364	n/a	NonTarget	1	364591
1458.54	n/a	NonTarget	1	364635
1458.716	n/a	NonTarget	1	364679
1458.892	n/a	NonTarget	1	364723
1459.064	n/a	NonTarget	1	364766
1459.24	n/a	NonTarget	1	364810
1459.416	n/a	NonTarget	1	364854
1459.592	n/a	NonTarget	1	364898
1459.764	n/a	Target	2	364941
1459.94	n/a	NonTarget	1	364985
1460.116	n/a	NonTarget	1	365029
1460.292	n/a	NonTarget	1	365073
1460.464	n/a	NonTarget	1	365116
1460.64	n/a	NonTarget	1	365160
1460.816	n/a	Target	2	365204
1460.992	n/a	NonTarget	1	365248
1461.164	n/a	NonTarget	1	365291
1461.34	n/a	NonTarget	1	365335
1461.516	n/a	NonTarget	1	365379
1461.692	n/a	NonTarget	1	365423
1461.864	n/a	Target	2	365466
1477.884	n/a	Target	2	369471
1478.06	n/a	NonTarget	1	369515
1478.236	n/a	NonTarget	1	369559
1478.408	n/a	NonTarget	1	369602
1478.584	n/a	NonTarget	1	369646
1478.76	n/a	NonTarget	1	369690
1478.936	n/a	NonTarget	1	369734
1479.112	n/a	NonTarget	1	369778
1479.284	n/a	Target	2	369821
1479.46	n/a	NonTarget	1	369865
1479.636	n/a	NonTarget	1	369909
1479.812	n/a	NonTarget	1	369953
1479.984	n/a	NonTarget	1	369996
1480.16	n/a	Target	2	370040
1480.336	n/a	NonTarget	1	370084
1480.508	n/a	NonTarget	1	370127
1480.684	n/a	NonTarget	1	370171
1480.86	n/a	NonTarget	1	370215
1481.036	n/a	NonTarget	1	370259
1481.208	n/a	NonTarget	1	370302
1481.384	n/a	Target	2	370346
1481.56	n/a	NonTarget	1	370390
1481.736	n/a	NonTarget	1	370434
1481.912	n/a	NonTarget	1	370478
1482.084	n/a	NonTarget	1	370521
1482.26	n/a	NonTarget	1	370565
1482.436	n/a	NonTarget	1	370609
1482.608	n/a	NonTarget	1	370652
1482.784	n/a	Target	2	370696
1482.96	n/a	NonTarget	1	370740
1483.136	n/a	NonTarget	1	370784
1483.308	n/a	NonTarget	1	370827
1483.484	n/a	Target	2	370871
1483.66	n/a	NonTarget	1	370915
1483.836	n/a	NonTarget	1	370959
1484.012	n/a	NonTarget	1	371003
1484.184	n/a	Target	2	371046
1484.36	n/a	NonTarget	1	371090
1484.536	n/a	NonTarget	1	371134
1484.708	n/a	NonTarget	1	371177
1484.884	n/a	NonTarget	1	371221
1485.06	n/a	NonTarget	1	371265
1485.236	n/a	NonTarget	1	371309
1485.412	n/a	NonTarget	1	371353
1485.584	n/a	NonTarget	1	371396
1485.76	n/a	Target	2	371440
1485.936	n/a	NonTarget	1	371484
1486.112	n/a	NonTarget	1	371528
1486.284	n/a	Target	2	371571
1486.46	n/a	NonTarget	1	371615
1486.636	n/a	NonTarget	1	371659
1486.808	n/a	NonTarget	1	371702
1486.984	n/a	NonTarget	1	371746
1487.16	n/a	NonTarget	1	371790
1487.336	n/a	NonTarget	1	371834
1487.508	n/a	NonTarget	1	371877
1487.684	n/a	NonTarget	1	371921
1487.86	n/a	Target	2	371965
1488.036	n/a	NonTarget	1	372009
1488.208	n/a	NonTarget	1	372052
1488.384	n/a	Target	2	372096
1488.56	n/a	NonTarget	1	372140
1488.736	n/a	NonTarget	1	372184
1488.908	n/a	NonTarget	1	372227
1489.084	n/a	NonTarget	1	372271
1489.26	n/a	NonTarget	1	372315
1489.436	n/a	NonTarget	1	372359
1489.612	n/a	NonTarget	1	372403
1489.784	n/a	Target	2	372446
1489.96	n/a	NonTarget	1	372490
1490.136	n/a	NonTarget	1	372534
1490.308	n/a	NonTarget	1	372577
1490.484	n/a	NonTarget	1	372621
1490.66	n/a	NonTarget	1	372665
1490.836	n/a	NonTarget	1	372709
1491.008	n/a	NonTarget	1	372752
1491.184	n/a	Target	2	372796
1491.36	n/a	NonTarget	1	372840
1491.536	n/a	NonTarget	1	372884
1491.708	n/a	Target	2	372927
1491.884	n/a	NonTarget	1	372971
1492.06	n/a	NonTarget	1	373015
1492.24	n/a	NonTarget	1	373060
1492.412	n/a	NonTarget	1	373103
1492.584	n/a	NonTarget	1	373146
1492.76	n/a	NonTarget	1	373190
1492.936	n/a	NonTarget	1	373234
1493.112	n/a	NonTarget	1	373278
1493.284	n/a	NonTarget	1	373321
1493.46	n/a	Target	2	373365
1514.492	n/a	NonTarget	1	378623
1514.668	n/a	NonTarget	1	378667
1514.844	n/a	NonTarget	1	378711
1515.016	n/a	NonTarget	1	378754
1515.192	n/a	NonTarget	1	378798
1515.368	n/a	Target	2	378842
1515.54	n/a	NonTarget	1	378885
1515.716	n/a	NonTarget	1	378929
1515.892	n/a	Target	2	378973
1516.068	n/a	NonTarget	1	379017
1516.24	n/a	NonTarget	1	379060
1516.416	n/a	NonTarget	1	379104
1516.592	n/a	NonTarget	1	379148
1516.772	n/a	NonTarget	1	379193
1516.94	n/a	NonTarget	1	379235
1517.116	n/a	Target	2	379279
1517.292	n/a	NonTarget	1	379323
1517.468	n/a	NonTarget	1	379367
1517.644	n/a	NonTarget	1	379411
1517.816	n/a	Target	2	379454
1517.992	n/a	NonTarget	1	379498
1518.168	n/a	NonTarget	1	379542
1518.34	n/a	NonTarget	1	379585
1518.516	n/a	NonTarget	1	379629
1518.692	n/a	NonTarget	1	379673
1518.868	n/a	NonTarget	1	379717
1519.04	n/a	NonTarget	1	379760
1519.216	n/a	Target	2	379804
1519.392	n/a	NonTarget	1	379848
1519.568	n/a	NonTarget	1	379892
1519.74	n/a	NonTarget	1	379935
1519.916	n/a	NonTarget	1	379979
1520.092	n/a	NonTarget	1	380023
1520.268	n/a	NonTarget	1	380067
1520.44	n/a	Target	2	380110
1520.616	n/a	NonTarget	1	380154
1520.792	n/a	NonTarget	1	380198
1520.968	n/a	NonTarget	1	380242
1521.14	n/a	NonTarget	1	380285
1521.316	n/a	Target	2	380329
1521.492	n/a	NonTarget	1	380373
1521.668	n/a	NonTarget	1	380417
1521.844	n/a	Target	2	380461
1522.016	n/a	NonTarget	1	380504
1522.192	n/a	NonTarget	1	380548
1522.368	n/a	NonTarget	1	380592
1522.54	n/a	NonTarget	1	380635
1522.716	n/a	NonTarget	1	380679
1522.892	n/a	NonTarget	1	380723
1523.068	n/a	NonTarget	1	380767
1523.24	n/a	NonTarget	1	380810
1523.416	n/a	Target	2	380854
1523.592	n/a	NonTarget	1	380898
1523.768	n/a	NonTarget	1	380942
1523.94	n/a	Target	2	380985
1524.116	n/a	NonTarget	1	381029
1524.292	n/a	NonTarget	1	381073
1524.468	n/a	NonTarget	1	381117
1524.64	n/a	NonTarget	1	381160
1524.816	n/a	NonTarget	1	381204
1524.992	n/a	Target	2	381248
1525.168	n/a	NonTarget	1	381292
1525.344	n/a	NonTarget	1	381336
1525.516	n/a	NonTarget	1	381379
1525.692	n/a	NonTarget	1	381423
1525.868	n/a	NonTarget	1	381467
1526.04	n/a	NonTarget	1	381510
1526.216	n/a	NonTarget	1	381554
1526.392	n/a	NonTarget	1	381598
1526.568	n/a	Target	2	381642
1526.74	n/a	NonTarget	1	381685
1526.916	n/a	NonTarget	1	381729
1527.092	n/a	NonTarget	1	381773
1527.268	n/a	Target	2	381817
1527.44	n/a	NonTarget	1	381860
1527.616	n/a	NonTarget	1	381904
1527.792	n/a	NonTarget	1	381948
1527.968	n/a	NonTarget	1	381992
1528.14	n/a	NonTarget	1	382035
1528.316	n/a	Target	2	382079
1528.492	n/a	NonTarget	1	382123
1528.668	n/a	NonTarget	1	382167
1528.844	n/a	NonTarget	1	382211
1529.016	n/a	NonTarget	1	382254
1529.192	n/a	NonTarget	1	382298
1529.368	n/a	NonTarget	1	382342
1529.54	n/a	NonTarget	1	382385
1529.716	n/a	Target	2	382429
1529.892	n/a	NonTarget	1	382473
1530.068	n/a	NonTarget	1	382517
1548.7	n/a	NonTarget	1	387175
1548.872	n/a	NonTarget	1	387218
1549.048	n/a	NonTarget	1	387262
1549.224	n/a	NonTarget	1	387306
1549.4	n/a	NonTarget	1	387350
1549.572	n/a	Target	2	387393
1549.748	n/a	NonTarget	1	387437
1549.924	n/a	NonTarget	1	387481
1550.1	n/a	NonTarget	1	387525
1550.272	n/a	NonTarget	1	387568
1550.448	n/a	NonTarget	1	387612
1550.624	n/a	Target	2	387656
1550.8	n/a	NonTarget	1	387700
1550.972	n/a	NonTarget	1	387743
1551.148	n/a	NonTarget	1	387787
1551.324	n/a	NonTarget	1	387831
1551.5	n/a	Target	2	387875
1551.672	n/a	NonTarget	1	387918
1551.848	n/a	NonTarget	1	387962
1552.024	n/a	NonTarget	1	388006
1552.2	n/a	NonTarget	1	388050
1552.372	n/a	NonTarget	1	388093
1552.548	n/a	Target	2	388137
1552.724	n/a	NonTarget	1	388181
1552.9	n/a	NonTarget	1	388225
1553.072	n/a	NonTarget	1	388268
1553.248	n/a	Target	2	388312
1553.424	n/a	NonTarget	1	388356
1553.6	n/a	NonTarget	1	388400
1553.772	n/a	NonTarget	1	388443
1553.948	n/a	Target	2	388487
1554.124	n/a	NonTarget	1	388531
1554.3	n/a	NonTarget	1	388575
1554.472	n/a	NonTarget	1	388618
1554.648	n/a	NonTarget	1	388662
1554.824	n/a	NonTarget	1	388706
1555.0	n/a	NonTarget	1	388750
1555.172	n/a	NonTarget	1	388793
1555.348	n/a	NonTarget	1	388837
1555.524	n/a	Target	2	388881
1555.7	n/a	NonTarget	1	388925
1555.872	n/a	NonTarget	1	388968
1556.048	n/a	NonTarget	1	389012
1556.224	n/a	Target	2	389056
1556.4	n/a	NonTarget	1	389100
1556.572	n/a	NonTarget	1	389143
1556.748	n/a	NonTarget	1	389187
1556.924	n/a	NonTarget	1	389231
1557.096	n/a	Target	2	389274
1557.272	n/a	NonTarget	1	389318
1557.448	n/a	NonTarget	1	389362
1557.624	n/a	NonTarget	1	389406
1557.8	n/a	NonTarget	1	389450
1557.972	n/a	NonTarget	1	389493
1558.148	n/a	NonTarget	1	389537
1558.324	n/a	Target	2	389581
1558.496	n/a	NonTarget	1	389624
1558.672	n/a	NonTarget	1	389668
1558.848	n/a	NonTarget	1	389712
1559.024	n/a	NonTarget	1	389756
1559.2	n/a	NonTarget	1	389800
1559.372	n/a	Target	2	389843
1559.548	n/a	NonTarget	1	389887
1559.724	n/a	NonTarget	1	389931
1559.896	n/a	NonTarget	1	389974
1560.072	n/a	NonTarget	1	390018
1560.248	n/a	NonTarget	1	390062
1560.424	n/a	NonTarget	1	390106
1560.6	n/a	NonTarget	1	390150
1560.772	n/a	NonTarget	1	390193
1560.948	n/a	Target	2	390237
1561.124	n/a	NonTarget	1	390281
1561.3	n/a	NonTarget	1	390325
1561.472	n/a	NonTarget	1	390368
1561.648	n/a	NonTarget	1	390412
1561.824	n/a	Target	2	390456
1561.996	n/a	NonTarget	1	390499
1562.172	n/a	NonTarget	1	390543
1562.348	n/a	NonTarget	1	390587
1562.524	n/a	NonTarget	1	390631
1562.696	n/a	NonTarget	1	390674
1562.872	n/a	Target	2	390718
1563.048	n/a	NonTarget	1	390762
1563.224	n/a	NonTarget	1	390806
1563.4	n/a	NonTarget	1	390850
1563.572	n/a	NonTarget	1	390893
1563.748	n/a	Target	2	390937
1563.924	n/a	NonTarget	1	390981
1564.1	n/a	NonTarget	1	391025
1564.276	n/a	NonTarget	1	391069
1586.428	n/a	NonTarget	1	396607
1586.604	n/a	Target	2	396651
1586.78	n/a	NonTarget	1	396695
1586.956	n/a	NonTarget	1	396739
1587.128	n/a	NonTarget	1	396782
1587.304	n/a	NonTarget	1	396826
1587.48	n/a	NonTarget	1	396870
1587.656	n/a	NonTarget	1	396914
1587.832	n/a	NonTarget	1	396958
1588.004	n/a	NonTarget	1	397001
1588.18	n/a	NonTarget	1	397045
1588.356	n/a	Target	2	397089
1588.528	n/a	NonTarget	1	397132
1588.704	n/a	NonTarget	1	397176
1588.88	n/a	NonTarget	1	397220
1589.056	n/a	NonTarget	1	397264
1589.232	n/a	Target	2	397308
1589.404	n/a	NonTarget	1	397351
1589.58	n/a	NonTarget	1	397395
1589.756	n/a	Target	2	397439
1589.932	n/a	NonTarget	1	397483
1590.104	n/a	NonTarget	1	397526
1590.28	n/a	NonTarget	1	397570
1590.456	n/a	NonTarget	1	397614
1590.632	n/a	NonTarget	1	397658
1590.804	n/a	NonTarget	1	397701
1590.98	n/a	NonTarget	1	397745
1591.156	n/a	NonTarget	1	397789
1591.332	n/a	NonTarget	1	397833
1591.504	n/a	Target	2	397876
1591.68	n/a	NonTarget	1	397920
1591.856	n/a	NonTarget	1	397964
1592.032	n/a	Target	2	398008
1592.204	n/a	NonTarget	1	398051
1592.38	n/a	NonTarget	1	398095
1592.556	n/a	NonTarget	1	398139
1592.732	n/a	NonTarget	1	398183
1592.904	n/a	Target	2	398226
1593.08	n/a	NonTarget	1	398270
1593.256	n/a	NonTarget	1	398314
1593.432	n/a	NonTarget	1	398358
1593.604	n/a	NonTarget	1	398401
1593.78	n/a	NonTarget	1	398445
1593.956	n/a	NonTarget	1	398489
1594.132	n/a	NonTarget	1	398533
1594.304	n/a	Target	2	398576
1594.48	n/a	NonTarget	1	398620
1594.656	n/a	NonTarget	1	398664
1594.832	n/a	NonTarget	1	398708
1595.004	n/a	NonTarget	1	398751
1595.18	n/a	Target	2	398795
1595.356	n/a	NonTarget	1	398839
1595.532	n/a	NonTarget	1	398883
1595.704	n/a	NonTarget	1	398926
1595.88	n/a	NonTarget	1	398970
1596.056	n/a	Target	2	399014
1596.236	n/a	NonTarget	1	399059
1596.404	n/a	NonTarget	1	399101
1596.58	n/a	NonTarget	1	399145
1596.756	n/a	NonTarget	1	399189
1596.932	n/a	Target	2	399233
1597.104	n/a	NonTarget	1	399276
1597.28	n/a	NonTarget	1	399320
1597.456	n/a	NonTarget	1	399364
1597.628	n/a	NonTarget	1	399407
1597.812	n/a	NonTarget	1	399453
1597.98	n/a	NonTarget	1	399495
1598.156	n/a	Target	2	399539
1598.336	n/a	NonTarget	1	399584
1598.504	n/a	NonTarget	1	399626
1598.68	n/a	NonTarget	1	399670
1598.856	n/a	NonTarget	1	399714
1599.028	n/a	NonTarget	1	399757
1599.204	n/a	NonTarget	1	399801
1599.38	n/a	Target	2	399845
1599.556	n/a	NonTarget	1	399889
1599.732	n/a	NonTarget	1	399933
1599.904	n/a	NonTarget	1	399976
1600.08	n/a	NonTarget	1	400020
1600.256	n/a	NonTarget	1	400064
1600.428	n/a	NonTarget	1	400107
1600.604	n/a	NonTarget	1	400151
1600.78	n/a	NonTarget	1	400195
1600.956	n/a	Target	2	400239
1601.128	n/a	NonTarget	1	400282
1601.304	n/a	NonTarget	1	400326
1601.48	n/a	NonTarget	1	400370
1601.656	n/a	NonTarget	1	400414
1601.828	n/a	Target	2	400457
1602.004	n/a	NonTarget	1	400501
1620.584	n/a	NonTarget	1	405146
1620.76	n/a	NonTarget	1	405190
1620.932	n/a	NonTarget	1	405233
1621.108	n/a	NonTarget	1	405277
1621.284	n/a	Target	2	405321
1621.46	n/a	NonTarget	1	405365
1621.632	n/a	NonTarget	1	405408
1621.808	n/a	NonTarget	1	405452
1621.984	n/a	NonTarget	1	405496
1622.16	n/a	Target	2	405540
1622.332	n/a	NonTarget	1	405583
1622.508	n/a	NonTarget	1	405627
1622.684	n/a	Target	2	405671
1622.86	n/a	NonTarget	1	405715
1623.032	n/a	NonTarget	1	405758
1623.208	n/a	NonTarget	1	405802
1623.384	n/a	NonTarget	1	405846
1623.56	n/a	NonTarget	1	405890
1623.732	n/a	NonTarget	1	405933
1623.908	n/a	NonTarget	1	405977
1624.084	n/a	NonTarget	1	406021
1624.26	n/a	Target	2	406065
1624.432	n/a	NonTarget	1	406108
1624.612	n/a	NonTarget	1	406153
1624.784	n/a	Target	2	406196
1624.96	n/a	NonTarget	1	406240
1625.132	n/a	NonTarget	1	406283
1625.308	n/a	NonTarget	1	406327
1625.484	n/a	NonTarget	1	406371
1625.66	n/a	NonTarget	1	406415
1625.832	n/a	Target	2	406458
1626.008	n/a	NonTarget	1	406502
1626.184	n/a	NonTarget	1	406546
1626.36	n/a	NonTarget	1	406590
1626.532	n/a	NonTarget	1	406633
1626.708	n/a	NonTarget	1	406677
1626.884	n/a	NonTarget	1	406721
1627.06	n/a	NonTarget	1	406765
1627.232	n/a	NonTarget	1	406808
1627.408	n/a	Target	2	406852
1627.584	n/a	NonTarget	1	406896
1627.76	n/a	NonTarget	1	406940
1627.932	n/a	NonTarget	1	406983
1628.108	n/a	Target	2	407027
1628.284	n/a	NonTarget	1	407071
1628.456	n/a	NonTarget	1	407114
1628.632	n/a	NonTarget	1	407158
1628.808	n/a	NonTarget	1	407202
1628.984	n/a	NonTarget	1	407246
1629.16	n/a	Target	2	407290
1629.332	n/a	NonTarget	1	407333
1629.508	n/a	NonTarget	1	407377
1629.684	n/a	NonTarget	1	407421
1629.86	n/a	NonTarget	1	407465
1630.032	n/a	NonTarget	1	407508
1630.208	n/a	NonTarget	1	407552
1630.384	n/a	NonTarget	1	407596
1630.556	n/a	Target	2	407639
1630.732	n/a	NonTarget	1	407683
1630.908	n/a	NonTarget	1	407727
1631.084	n/a	NonTarget	1	407771
1631.26	n/a	NonTarget	1	407815
1631.432	n/a	NonTarget	1	407858
1631.608	n/a	Target	2	407902
1631.784	n/a	NonTarget	1	407946
1631.956	n/a	NonTarget	1	407989
1632.132	n/a	Target	2	408033
1632.308	n/a	NonTarget	1	408077
1632.484	n/a	NonTarget	1	408121
1632.656	n/a	NonTarget	1	408164
1632.832	n/a	NonTarget	1	408208
1633.008	n/a	NonTarget	1	408252
1633.184	n/a	Target	2	408296
1633.36	n/a	NonTarget	1	408340
1633.532	n/a	NonTarget	1	408383
1633.708	n/a	NonTarget	1	408427
1633.884	n/a	NonTarget	1	408471
1634.056	n/a	NonTarget	1	408514
1634.232	n/a	Target	2	408558
1634.408	n/a	NonTarget	1	408602
1634.584	n/a	NonTarget	1	408646
1634.756	n/a	NonTarget	1	408689
1634.932	n/a	NonTarget	1	408733
1635.108	n/a	NonTarget	1	408777
1635.28	n/a	NonTarget	1	408820
1635.456	n/a	Target	2	408864
1635.632	n/a	NonTarget	1	408908
1635.808	n/a	NonTarget	1	408952
1635.98	n/a	NonTarget	1	408995
1636.156	n/a	NonTarget	1	409039
1657.384	n/a	NonTarget	1	414346
1657.556	n/a	NonTarget	1	414389
1657.732	n/a	Target	2	414433
1657.908	n/a	NonTarget	1	414477
1658.084	n/a	NonTarget	1	414521
1658.256	n/a	NonTarget	1	414564
1658.432	n/a	NonTarget	1	414608
1658.608	n/a	NonTarget	1	414652
1658.784	n/a	Target	2	414696
1658.956	n/a	NonTarget	1	414739
1659.132	n/a	NonTarget	1	414783
1659.308	n/a	NonTarget	1	414827
1659.484	n/a	NonTarget	1	414871
1659.656	n/a	NonTarget	1	414914
1659.832	n/a	NonTarget	1	414958
1660.004	n/a	NonTarget	1	415001
1660.18	n/a	NonTarget	1	415045
1660.356	n/a	Target	2	415089
1660.532	n/a	NonTarget	1	415133
1660.704	n/a	NonTarget	1	415176
1660.88	n/a	NonTarget	1	415220
1661.056	n/a	NonTarget	1	415264
1661.232	n/a	NonTarget	1	415308
1661.404	n/a	Target	2	415351
1661.58	n/a	NonTarget	1	415395
1661.756	n/a	NonTarget	1	415439
1661.932	n/a	NonTarget	1	415483
1662.104	n/a	NonTarget	1	415526
1662.28	n/a	NonTarget	1	415570
1662.456	n/a	Target	2	415614
1662.632	n/a	NonTarget	1	415658
1662.804	n/a	NonTarget	1	415701
1662.98	n/a	Target	2	415745
1663.156	n/a	NonTarget	1	415789
1663.332	n/a	NonTarget	1	415833
1663.504	n/a	NonTarget	1	415876
1663.68	n/a	NonTarget	1	415920
1663.856	n/a	NonTarget	1	415964
1664.032	n/a	NonTarget	1	416008
1664.204	n/a	Target	2	416051
1664.38	n/a	NonTarget	1	416095
1664.556	n/a	NonTarget	1	416139
1664.732	n/a	NonTarget	1	416183
1664.904	n/a	NonTarget	1	416226
1665.08	n/a	Target	2	416270
1665.256	n/a	NonTarget	1	416314
1665.432	n/a	NonTarget	1	416358
1665.604	n/a	NonTarget	1	416401
1665.78	n/a	NonTarget	1	416445
1665.956	n/a	Target	2	416489
1666.132	n/a	NonTarget	1	416533
1666.304	n/a	NonTarget	1	416576
1666.48	n/a	NonTarget	1	416620
1666.656	n/a	NonTarget	1	416664
1666.832	n/a	NonTarget	1	416708
1667.004	n/a	NonTarget	1	416751
1667.18	n/a	NonTarget	1	416795
1667.356	n/a	Target	2	416839
1667.532	n/a	NonTarget	1	416883
1667.704	n/a	NonTarget	1	416926
1667.88	n/a	NonTarget	1	416970
1668.056	n/a	Target	2	417014
1668.232	n/a	NonTarget	1	417058
1668.404	n/a	NonTarget	1	417101
1668.58	n/a	NonTarget	1	417145
1668.756	n/a	NonTarget	1	417189
1668.932	n/a	NonTarget	1	417233
1669.104	n/a	NonTarget	1	417276
1669.28	n/a	NonTarget	1	417320
1669.456	n/a	NonTarget	1	417364
1669.632	n/a	NonTarget	1	417408
1669.804	n/a	Target	2	417451
1669.98	n/a	NonTarget	1	417495
1670.156	n/a	NonTarget	1	417539
1670.332	n/a	NonTarget	1	417583
1670.504	n/a	NonTarget	1	417626
1670.68	n/a	Target	2	417670
1670.856	n/a	NonTarget	1	417714
1671.032	n/a	NonTarget	1	417758
1671.204	n/a	Target	2	417801
1671.38	n/a	NonTarget	1	417845
1671.556	n/a	NonTarget	1	417889
1671.732	n/a	NonTarget	1	417933
1671.904	n/a	NonTarget	1	417976
1672.08	n/a	NonTarget	1	418020
1672.256	n/a	NonTarget	1	418064
1672.432	n/a	NonTarget	1	418108
1672.604	n/a	NonTarget	1	418151
1672.78	n/a	NonTarget	1	418195
1672.956	n/a	Target	2	418239
1689.096	n/a	NonTarget	1	422274
1689.272	n/a	NonTarget	1	422318
1689.444	n/a	NonTarget	1	422361
1689.62	n/a	NonTarget	1	422405
1689.796	n/a	Target	2	422449
1689.972	n/a	NonTarget	1	422493
1690.148	n/a	NonTarget	1	422537
1690.32	n/a	NonTarget	1	422580
1690.496	n/a	NonTarget	1	422624
1690.672	n/a	NonTarget	1	422668
1690.844	n/a	Target	2	422711
1691.02	n/a	NonTarget	1	422755
1691.196	n/a	NonTarget	1	422799
1691.372	n/a	Target	2	422843
1691.548	n/a	NonTarget	1	422887
1691.72	n/a	NonTarget	1	422930
1691.896	n/a	NonTarget	1	422974
1692.072	n/a	NonTarget	1	423018
1692.248	n/a	NonTarget	1	423062
1692.42	n/a	NonTarget	1	423105
1692.596	n/a	NonTarget	1	423149
1692.772	n/a	NonTarget	1	423193
1692.952	n/a	Target	2	423238
1693.12	n/a	NonTarget	1	423280
1693.296	n/a	NonTarget	1	423324
1693.472	n/a	NonTarget	1	423368
1693.648	n/a	NonTarget	1	423412
1693.824	n/a	Target	2	423456
1693.996	n/a	NonTarget	1	423499
1694.172	n/a	NonTarget	1	423543
1694.344	n/a	NonTarget	1	423586
1694.52	n/a	NonTarget	1	423630
1694.696	n/a	Target	2	423674
1694.872	n/a	NonTarget	1	423718
1695.044	n/a	NonTarget	1	423761
1695.22	n/a	NonTarget	1	423805
1695.396	n/a	NonTarget	1	423849
1695.568	n/a	NonTarget	1	423892
1695.744	n/a	NonTarget	1	423936
1695.92	n/a	NonTarget	1	423980
1696.096	n/a	NonTarget	1	424024
1696.272	n/a	Target	2	424068
1696.444	n/a	NonTarget	1	424111
1696.62	n/a	NonTarget	1	424155
1696.796	n/a	NonTarget	1	424199
1696.968	n/a	NonTarget	1	424242
1697.144	n/a	NonTarget	1	424286
1697.32	n/a	Target	2	424330
1697.496	n/a	NonTarget	1	424374
1697.668	n/a	NonTarget	1	424417
1697.844	n/a	NonTarget	1	424461
1698.028	n/a	Target	2	424507
1698.196	n/a	NonTarget	1	424549
1698.372	n/a	NonTarget	1	424593
1698.548	n/a	NonTarget	1	424637
1698.72	n/a	Target	2	424680
1698.896	n/a	NonTarget	1	424724
1699.072	n/a	NonTarget	1	424768
1699.244	n/a	NonTarget	1	424811
1699.42	n/a	NonTarget	1	424855
1699.596	n/a	Target	2	424899
1699.772	n/a	NonTarget	1	424943
1699.944	n/a	NonTarget	1	424986
1700.12	n/a	NonTarget	1	425030
1700.296	n/a	NonTarget	1	425074
1700.472	n/a	NonTarget	1	425118
1700.644	n/a	Target	2	425161
1700.82	n/a	NonTarget	1	425205
1700.996	n/a	NonTarget	1	425249
1701.172	n/a	NonTarget	1	425293
1701.344	n/a	NonTarget	1	425336
1701.52	n/a	NonTarget	1	425380
1701.696	n/a	NonTarget	1	425424
1701.872	n/a	NonTarget	1	425468
1702.048	n/a	Target	2	425512
1702.22	n/a	NonTarget	1	425555
1702.396	n/a	NonTarget	1	425599
1702.572	n/a	NonTarget	1	425643
1702.744	n/a	Target	2	425686
1702.92	n/a	NonTarget	1	425730
1703.096	n/a	NonTarget	1	425774
1703.272	n/a	NonTarget	1	425818
1703.444	n/a	NonTarget	1	425861
1703.62	n/a	NonTarget	1	425905
1703.796	n/a	NonTarget	1	425949
1703.972	n/a	NonTarget	1	425993
1704.148	n/a	NonTarget	1	426037
1704.32	n/a	Target	2	426080
1704.496	n/a	NonTarget	1	426124
1704.672	n/a	NonTarget	1	426168
1903.288	n/a	NonTarget	1	475822
1903.464	n/a	Target	2	475866
1903.636	n/a	NonTarget	1	475909
1903.812	n/a	NonTarget	1	475953
1903.988	n/a	NonTarget	1	475997
1904.16	n/a	NonTarget	1	476040
1904.336	n/a	NonTarget	1	476084
1904.512	n/a	NonTarget	1	476128
1904.688	n/a	Target	2	476172
1904.864	n/a	NonTarget	1	476216
1905.036	n/a	NonTarget	1	476259
1905.212	n/a	NonTarget	1	476303
1905.388	n/a	NonTarget	1	476347
1905.56	n/a	NonTarget	1	476390
1905.736	n/a	Target	2	476434
1905.912	n/a	NonTarget	1	476478
1906.084	n/a	NonTarget	1	476521
1906.26	n/a	NonTarget	1	476565
1906.436	n/a	NonTarget	1	476609
1906.612	n/a	NonTarget	1	476653
1906.788	n/a	NonTarget	1	476697
1906.96	n/a	Target	2	476740
1907.136	n/a	NonTarget	1	476784
1907.312	n/a	NonTarget	1	476828
1907.488	n/a	NonTarget	1	476872
1907.66	n/a	Target	2	476915
1907.836	n/a	NonTarget	1	476959
1908.012	n/a	NonTarget	1	477003
1908.188	n/a	NonTarget	1	477047
1908.36	n/a	NonTarget	1	477090
1908.536	n/a	NonTarget	1	477134
1908.712	n/a	NonTarget	1	477178
1908.888	n/a	Target	2	477222
1909.064	n/a	NonTarget	1	477266
1909.236	n/a	NonTarget	1	477309
1909.412	n/a	NonTarget	1	477353
1909.588	n/a	NonTarget	1	477397
1909.76	n/a	NonTarget	1	477440
1909.936	n/a	Target	2	477484
1910.112	n/a	NonTarget	1	477528
1910.288	n/a	NonTarget	1	477572
1910.464	n/a	NonTarget	1	477616
1910.636	n/a	NonTarget	1	477659
1910.812	n/a	Target	2	477703
1910.988	n/a	NonTarget	1	477747
1911.16	n/a	NonTarget	1	477790
1911.336	n/a	NonTarget	1	477834
1911.512	n/a	NonTarget	1	477878
1911.692	n/a	Target	2	477923
1911.86	n/a	NonTarget	1	477965
1912.036	n/a	NonTarget	1	478009
1912.212	n/a	NonTarget	1	478053
1912.388	n/a	NonTarget	1	478097
1912.564	n/a	NonTarget	1	478141
1912.736	n/a	NonTarget	1	478184
1912.912	n/a	NonTarget	1	478228
1913.088	n/a	NonTarget	1	478272
1913.26	n/a	NonTarget	1	478315
1913.436	n/a	Target	2	478359
1913.612	n/a	NonTarget	1	478403
1913.788	n/a	NonTarget	1	478447
1913.96	n/a	NonTarget	1	478490
1914.136	n/a	NonTarget	1	478534
1914.312	n/a	NonTarget	1	478578
1914.488	n/a	NonTarget	1	478622
1914.66	n/a	Target	2	478665
1914.836	n/a	NonTarget	1	478709
1915.012	n/a	NonTarget	1	478753
1915.188	n/a	Target	2	478797
1915.36	n/a	NonTarget	1	478840
1915.536	n/a	NonTarget	1	478884
1915.712	n/a	NonTarget	1	478928
1915.888	n/a	NonTarget	1	478972
1916.06	n/a	NonTarget	1	479015
1916.236	n/a	NonTarget	1	479059
1916.412	n/a	NonTarget	1	479103
1916.588	n/a	NonTarget	1	479147
1916.76	n/a	Target	2	479190
1916.936	n/a	NonTarget	1	479234
1917.112	n/a	NonTarget	1	479278
1917.288	n/a	NonTarget	1	479322
1917.46	n/a	NonTarget	1	479365
1917.636	n/a	NonTarget	1	479409
1917.812	n/a	Target	2	479453
1917.988	n/a	NonTarget	1	479497
1918.16	n/a	NonTarget	1	479540
1918.336	n/a	Target	2	479584
1918.512	n/a	NonTarget	1	479628
1918.688	n/a	NonTarget	1	479672
1918.86	n/a	NonTarget	1	479715
1935.06	n/a	NonTarget	1	483765
1935.232	n/a	NonTarget	1	483808
1935.408	n/a	NonTarget	1	483852
1935.584	n/a	NonTarget	1	483896
1935.756	n/a	NonTarget	1	483939
1935.932	n/a	Target	2	483983
1936.112	n/a	NonTarget	1	484028
1936.284	n/a	NonTarget	1	484071
1936.456	n/a	NonTarget	1	484114
1936.632	n/a	NonTarget	1	484158
1936.808	n/a	Target	2	484202
1936.984	n/a	NonTarget	1	484246
1937.16	n/a	NonTarget	1	484290
1937.332	n/a	NonTarget	1	484333
1937.508	n/a	NonTarget	1	484377
1937.684	n/a	Target	2	484421
1937.86	n/a	NonTarget	1	484465
1938.032	n/a	NonTarget	1	484508
1938.208	n/a	NonTarget	1	484552
1938.384	n/a	NonTarget	1	484596
1938.56	n/a	Target	2	484640
1938.732	n/a	NonTarget	1	484683
1938.908	n/a	NonTarget	1	484727
1939.084	n/a	NonTarget	1	484771
1939.26	n/a	NonTarget	1	484815
1939.432	n/a	Target	2	484858
1939.608	n/a	NonTarget	1	484902
1939.784	n/a	NonTarget	1	484946
1939.956	n/a	NonTarget	1	484989
1940.132	n/a	NonTarget	1	485033
1940.308	n/a	NonTarget	1	485077
1940.484	n/a	NonTarget	1	485121
1940.66	n/a	NonTarget	1	485165
1940.832	n/a	NonTarget	1	485208
1941.008	n/a	NonTarget	1	485252
1941.184	n/a	Target	2	485296
1941.356	n/a	NonTarget	1	485339
1941.532	n/a	NonTarget	1	485383
1941.708	n/a	NonTarget	1	485427
1941.884	n/a	NonTarget	1	485471
1942.056	n/a	Target	2	485514
1942.236	n/a	NonTarget	1	485559
1942.408	n/a	NonTarget	1	485602
1942.584	n/a	NonTarget	1	485646
1942.76	n/a	NonTarget	1	485690
1942.932	n/a	NonTarget	1	485733
1943.108	n/a	NonTarget	1	485777
1943.284	n/a	Target	2	485821
1943.456	n/a	NonTarget	1	485864
1943.632	n/a	NonTarget	1	485908
1943.808	n/a	NonTarget	1	485952
1943.984	n/a	Target	2	485996
1944.156	n/a	NonTarget	1	486039
1944.332	n/a	NonTarget	1	486083
1944.508	n/a	NonTarget	1	486127
1944.684	n/a	NonTarget	1	486171
1944.856	n/a	NonTarget	1	486214
1945.032	n/a	NonTarget	1	486258
1945.208	n/a	NonTarget	1	486302
1945.384	n/a	Target	2	486346
1945.556	n/a	NonTarget	1	486389
1945.732	n/a	NonTarget	1	486433
1945.908	n/a	Target	2	486477
1946.084	n/a	NonTarget	1	486521
1946.264	n/a	NonTarget	1	486566
1946.432	n/a	NonTarget	1	486608
1946.608	n/a	NonTarget	1	486652
1946.784	n/a	Target	2	486696
1946.956	n/a	NonTarget	1	486739
1947.132	n/a	NonTarget	1	486783
1947.308	n/a	NonTarget	1	486827
1947.484	n/a	NonTarget	1	486871
1947.66	n/a	NonTarget	1	486915
1947.832	n/a	NonTarget	1	486958
1948.008	n/a	NonTarget	1	487002
1948.184	n/a	NonTarget	1	487046
1948.356	n/a	NonTarget	1	487089
1948.532	n/a	Target	2	487133
1948.708	n/a	NonTarget	1	487177
1948.884	n/a	NonTarget	1	487221
1949.056	n/a	NonTarget	1	487264
1949.232	n/a	NonTarget	1	487308
1949.408	n/a	NonTarget	1	487352
1949.584	n/a	Target	2	487396
1949.76	n/a	NonTarget	1	487440
1949.932	n/a	NonTarget	1	487483
1950.112	n/a	NonTarget	1	487528
1950.284	n/a	NonTarget	1	487571
1950.456	n/a	NonTarget	1	487614
1950.632	n/a	Target	2	487658
1971.888	n/a	NonTarget	1	492972
1972.064	n/a	NonTarget	1	493016
1972.236	n/a	NonTarget	1	493059
1972.412	n/a	Target	2	493103
1972.588	n/a	NonTarget	1	493147
1972.76	n/a	NonTarget	1	493190
1972.936	n/a	NonTarget	1	493234
1973.112	n/a	NonTarget	1	493278
1973.288	n/a	Target	2	493322
1973.46	n/a	NonTarget	1	493365
1973.636	n/a	NonTarget	1	493409
1973.812	n/a	NonTarget	1	493453
1973.988	n/a	NonTarget	1	493497
1974.164	n/a	Target	2	493541
1974.336	n/a	NonTarget	1	493584
1974.512	n/a	NonTarget	1	493628
1974.688	n/a	NonTarget	1	493672
1974.864	n/a	NonTarget	1	493716
1975.036	n/a	NonTarget	1	493759
1975.212	n/a	NonTarget	1	493803
1975.388	n/a	Target	2	493847
1975.56	n/a	NonTarget	1	493890
1975.736	n/a	NonTarget	1	493934
1975.912	n/a	NonTarget	1	493978
1976.088	n/a	Target	2	494022
1976.264	n/a	NonTarget	1	494066
1976.436	n/a	NonTarget	1	494109
1976.62	n/a	NonTarget	1	494155
1976.788	n/a	NonTarget	1	494197
1976.964	n/a	NonTarget	1	494241
1977.136	n/a	NonTarget	1	494284
1977.312	n/a	NonTarget	1	494328
1977.488	n/a	Target	2	494372
1977.664	n/a	NonTarget	1	494416
1977.836	n/a	NonTarget	1	494459
1978.012	n/a	NonTarget	1	494503
1978.188	n/a	NonTarget	1	494547
1978.36	n/a	NonTarget	1	494590
1978.536	n/a	NonTarget	1	494634
1978.712	n/a	NonTarget	1	494678
1978.892	n/a	Target	2	494723
1979.064	n/a	NonTarget	1	494766
1979.236	n/a	NonTarget	1	494809
1979.412	n/a	NonTarget	1	494853
1979.588	n/a	NonTarget	1	494897
1979.76	n/a	NonTarget	1	494940
1979.94	n/a	NonTarget	1	494985
1980.112	n/a	Target	2	495028
1980.288	n/a	NonTarget	1	495072
1980.464	n/a	NonTarget	1	495116
1980.636	n/a	NonTarget	1	495159
1980.812	n/a	Target	2	495203
1980.988	n/a	NonTarget	1	495247
1981.164	n/a	NonTarget	1	495291
1981.336	n/a	NonTarget	1	495334
1981.52	n/a	NonTarget	1	495380
1981.688	n/a	NonTarget	1	495422
1981.86	n/a	NonTarget	1	495465
1982.036	n/a	NonTarget	1	495509
1982.212	n/a	Target	2	495553
1982.388	n/a	NonTarget	1	495597
1982.56	n/a	NonTarget	1	495640
1982.736	n/a	NonTarget	1	495684
1982.912	n/a	NonTarget	1	495728
1983.088	n/a	NonTarget	1	495772
1983.26	n/a	Target	2	495815
1983.436	n/a	NonTarget	1	495859
1983.612	n/a	NonTarget	1	495903
1983.788	n/a	NonTarget	1	495947
1983.96	n/a	NonTarget	1	495990
1984.136	n/a	NonTarget	1	496034
1984.312	n/a	Target	2	496078
1984.488	n/a	NonTarget	1	496122
1984.664	n/a	NonTarget	1	496166
1984.836	n/a	NonTarget	1	496209
1985.012	n/a	NonTarget	1	496253
1985.188	n/a	NonTarget	1	496297
1985.364	n/a	Target	2	496341
1985.536	n/a	NonTarget	1	496384
1985.712	n/a	NonTarget	1	496428
1985.888	n/a	NonTarget	1	496472
1986.064	n/a	NonTarget	1	496516
1986.236	n/a	NonTarget	1	496559
1986.412	n/a	Target	2	496603
1986.588	n/a	NonTarget	1	496647
1986.76	n/a	NonTarget	1	496690
1986.936	n/a	NonTarget	1	496734
1987.112	n/a	NonTarget	1	496778
1987.288	n/a	Target	2	496822
1987.46	n/a	NonTarget	1	496865
2003.668	n/a	Target	2	500917
2003.84	n/a	NonTarget	1	500960
2004.016	n/a	NonTarget	1	501004
2004.192	n/a	NonTarget	1	501048
2004.368	n/a	NonTarget	1	501092
2004.54	n/a	NonTarget	1	501135
2004.716	n/a	Target	2	501179
2004.892	n/a	NonTarget	1	501223
2005.068	n/a	NonTarget	1	501267
2005.24	n/a	NonTarget	1	501310
2005.416	n/a	NonTarget	1	501354
2005.592	n/a	NonTarget	1	501398
2005.768	n/a	NonTarget	1	501442
2005.944	n/a	NonTarget	1	501486
2006.116	n/a	NonTarget	1	501529
2006.292	n/a	NonTarget	1	501573
2006.468	n/a	NonTarget	1	501617
2006.64	n/a	Target	2	501660
2006.816	n/a	NonTarget	1	501704
2006.992	n/a	NonTarget	1	501748
2007.168	n/a	NonTarget	1	501792
2007.344	n/a	NonTarget	1	501836
2007.516	n/a	NonTarget	1	501879
2007.692	n/a	Target	2	501923
2007.868	n/a	NonTarget	1	501967
2008.04	n/a	NonTarget	1	502010
2008.216	n/a	NonTarget	1	502054
2008.392	n/a	NonTarget	1	502098
2008.568	n/a	NonTarget	1	502142
2008.74	n/a	Target	2	502185
2008.916	n/a	NonTarget	1	502229
2009.092	n/a	NonTarget	1	502273
2009.268	n/a	NonTarget	1	502317
2009.444	n/a	NonTarget	1	502361
2009.616	n/a	Target	2	502404
2009.792	n/a	NonTarget	1	502448
2009.968	n/a	NonTarget	1	502492
2010.14	n/a	Target	2	502535
2010.316	n/a	NonTarget	1	502579
2010.492	n/a	NonTarget	1	502623
2010.668	n/a	NonTarget	1	502667
2010.844	n/a	NonTarget	1	502711
2011.024	n/a	NonTarget	1	502756
2011.192	n/a	Target	2	502798
2011.368	n/a	NonTarget	1	502842
2011.54	n/a	NonTarget	1	502885
2011.716	n/a	NonTarget	1	502929
2011.892	n/a	NonTarget	1	502973
2012.076	n/a	NonTarget	1	503019
2012.24	n/a	NonTarget	1	503060
2012.424	n/a	NonTarget	1	503106
2012.592	n/a	Target	2	503148
2012.768	n/a	NonTarget	1	503192
2012.94	n/a	NonTarget	1	503235
2013.116	n/a	Target	2	503279
2013.292	n/a	NonTarget	1	503323
2013.468	n/a	NonTarget	1	503367
2013.64	n/a	NonTarget	1	503410
2013.816	n/a	NonTarget	1	503454
2013.992	n/a	NonTarget	1	503498
2014.168	n/a	NonTarget	1	503542
2014.344	n/a	NonTarget	1	503586
2014.516	n/a	Target	2	503629
2014.692	n/a	NonTarget	1	503673
2014.868	n/a	NonTarget	1	503717
2015.044	n/a	NonTarget	1	503761
2015.22	n/a	NonTarget	1	503805
2015.392	n/a	NonTarget	1	503848
2015.568	n/a	NonTarget	1	503892
2015.74	n/a	Target	2	503935
2015.916	n/a	NonTarget	1	503979
2016.092	n/a	NonTarget	1	504023
2016.268	n/a	NonTarget	1	504067
2016.444	n/a	Target	2	504111
2016.616	n/a	NonTarget	1	504154
2016.792	n/a	NonTarget	1	504198
2016.968	n/a	NonTarget	1	504242
2017.14	n/a	NonTarget	1	504285
2017.316	n/a	Target	2	504329
2017.492	n/a	NonTarget	1	504373
2017.672	n/a	NonTarget	1	504418
2017.84	n/a	NonTarget	1	504460
2018.016	n/a	NonTarget	1	504504
2018.192	n/a	NonTarget	1	504548
2018.368	n/a	Target	2	504592
2018.54	n/a	NonTarget	1	504635
2018.716	n/a	NonTarget	1	504679
2018.892	n/a	NonTarget	1	504723
2019.068	n/a	NonTarget	1	504767
2019.24	n/a	NonTarget	1	504810
2040.572	n/a	NonTarget	1	510143
2040.748	n/a	Target	2	510187
2040.92	n/a	NonTarget	1	510230
2041.096	n/a	NonTarget	1	510274
2041.272	n/a	NonTarget	1	510318
2041.448	n/a	NonTarget	1	510362
2041.62	n/a	Target	2	510405
2041.796	n/a	NonTarget	1	510449
2041.972	n/a	NonTarget	1	510493
2042.148	n/a	NonTarget	1	510537
2042.32	n/a	NonTarget	1	510580
2042.496	n/a	NonTarget	1	510624
2042.672	n/a	NonTarget	1	510668
2042.848	n/a	Target	2	510712
2043.02	n/a	NonTarget	1	510755
2043.196	n/a	NonTarget	1	510799
2043.372	n/a	NonTarget	1	510843
2043.544	n/a	NonTarget	1	510886
2043.72	n/a	Target	2	510930
2043.896	n/a	NonTarget	1	510974
2044.072	n/a	NonTarget	1	511018
2044.248	n/a	NonTarget	1	511062
2044.42	n/a	NonTarget	1	511105
2044.596	n/a	NonTarget	1	511149
2044.772	n/a	NonTarget	1	511193
2044.948	n/a	NonTarget	1	511237
2045.12	n/a	Target	2	511280
2045.296	n/a	NonTarget	1	511324
2045.472	n/a	NonTarget	1	511368
2045.644	n/a	NonTarget	1	511411
2045.82	n/a	NonTarget	1	511455
2045.996	n/a	NonTarget	1	511499
2046.172	n/a	NonTarget	1	511543
2046.344	n/a	Target	2	511586
2046.52	n/a	NonTarget	1	511630
2046.696	n/a	NonTarget	1	511674
2046.872	n/a	Target	2	511718
2047.048	n/a	NonTarget	1	511762
2047.22	n/a	NonTarget	1	511805
2047.404	n/a	NonTarget	1	511851
2047.572	n/a	NonTarget	1	511893
2047.748	n/a	NonTarget	1	511937
2047.92	n/a	NonTarget	1	511980
2048.096	n/a	NonTarget	1	512024
2048.272	n/a	NonTarget	1	512068
2048.448	n/a	NonTarget	1	512112
2048.624	n/a	Target	2	512156
2048.796	n/a	NonTarget	1	512199
2048.972	n/a	NonTarget	1	512243
2049.148	n/a	NonTarget	1	512287
2049.32	n/a	NonTarget	1	512330
2049.496	n/a	NonTarget	1	512374
2049.672	n/a	Target	2	512418
2049.844	n/a	NonTarget	1	512461
2050.02	n/a	NonTarget	1	512505
2050.196	n/a	NonTarget	1	512549
2050.372	n/a	NonTarget	1	512593
2050.544	n/a	NonTarget	1	512636
2050.72	n/a	Target	2	512680
2050.896	n/a	NonTarget	1	512724
2051.072	n/a	NonTarget	1	512768
2051.244	n/a	NonTarget	1	512811
2051.42	n/a	NonTarget	1	512855
2051.596	n/a	Target	2	512899
2051.772	n/a	NonTarget	1	512943
2051.944	n/a	NonTarget	1	512986
2052.12	n/a	NonTarget	1	513030
2052.296	n/a	NonTarget	1	513074
2052.472	n/a	Target	2	513118
2052.648	n/a	NonTarget	1	513162
2052.82	n/a	NonTarget	1	513205
2052.996	n/a	NonTarget	1	513249
2053.172	n/a	NonTarget	1	513293
2053.344	n/a	Target	2	513336
2053.52	n/a	NonTarget	1	513380
2053.696	n/a	NonTarget	1	513424
2053.872	n/a	NonTarget	1	513468
2054.044	n/a	NonTarget	1	513511
2054.22	n/a	NonTarget	1	513555
2054.396	n/a	NonTarget	1	513599
2054.572	n/a	Target	2	513643
2054.744	n/a	NonTarget	1	513686
2054.92	n/a	NonTarget	1	513730
2055.096	n/a	NonTarget	1	513774
2055.272	n/a	Target	2	513818
2055.444	n/a	NonTarget	1	513861
2055.62	n/a	NonTarget	1	513905
2055.796	n/a	NonTarget	1	513949
2055.972	n/a	NonTarget	1	513993
2056.148	n/a	NonTarget	1	514037
2072.152	n/a	NonTarget	1	518038
2072.328	n/a	NonTarget	1	518082
2072.5	n/a	NonTarget	1	518125
2072.676	n/a	NonTarget	1	518169
2072.852	n/a	Target	2	518213
2073.028	n/a	NonTarget	1	518257
2073.2	n/a	NonTarget	1	518300
2073.376	n/a	NonTarget	1	518344
2073.552	n/a	NonTarget	1	518388
2073.728	n/a	NonTarget	1	518432
2073.9	n/a	NonTarget	1	518475
2074.076	n/a	Target	2	518519
2074.26	n/a	NonTarget	1	518565
2074.428	n/a	NonTarget	1	518607
2074.6	n/a	NonTarget	1	518650
2074.776	n/a	NonTarget	1	518694
2074.952	n/a	Target	2	518738
2075.128	n/a	NonTarget	1	518782
2075.3	n/a	NonTarget	1	518825
2075.476	n/a	NonTarget	1	518869
2075.652	n/a	NonTarget	1	518913
2075.828	n/a	NonTarget	1	518957
2076.0	n/a	Target	2	519000
2076.176	n/a	NonTarget	1	519044
2076.352	n/a	NonTarget	1	519088
2076.528	n/a	NonTarget	1	519132
2076.7	n/a	NonTarget	1	519175
2076.876	n/a	Target	2	519219
2077.052	n/a	NonTarget	1	519263
2077.228	n/a	NonTarget	1	519307
2077.4	n/a	NonTarget	1	519350
2077.576	n/a	NonTarget	1	519394
2077.752	n/a	NonTarget	1	519438
2077.928	n/a	NonTarget	1	519482
2078.1	n/a	Target	2	519525
2078.276	n/a	NonTarget	1	519569
2078.452	n/a	NonTarget	1	519613
2078.628	n/a	Target	2	519657
2078.804	n/a	NonTarget	1	519701
2078.976	n/a	NonTarget	1	519744
2079.152	n/a	NonTarget	1	519788
2079.328	n/a	NonTarget	1	519832
2079.5	n/a	NonTarget	1	519875
2079.676	n/a	Target	2	519919
2079.852	n/a	NonTarget	1	519963
2080.028	n/a	NonTarget	1	520007
2080.2	n/a	NonTarget	1	520050
2080.376	n/a	NonTarget	1	520094
2080.552	n/a	Target	2	520138
2080.728	n/a	NonTarget	1	520182
2080.9	n/a	NonTarget	1	520225
2081.076	n/a	NonTarget	1	520269
2081.252	n/a	NonTarget	1	520313
2081.428	n/a	NonTarget	1	520357
2081.6	n/a	Target	2	520400
2081.776	n/a	NonTarget	1	520444
2081.952	n/a	NonTarget	1	520488
2082.128	n/a	NonTarget	1	520532
2082.3	n/a	NonTarget	1	520575
2082.476	n/a	NonTarget	1	520619
2082.652	n/a	NonTarget	1	520663
2082.828	n/a	NonTarget	1	520707
2083.0	n/a	NonTarget	1	520750
2083.184	n/a	Target	2	520796
2083.352	n/a	NonTarget	1	520838
2083.528	n/a	NonTarget	1	520882
2083.7	n/a	NonTarget	1	520925
2083.876	n/a	NonTarget	1	520969
2084.052	n/a	NonTarget	1	521013
2084.228	n/a	Target	2	521057
2084.4	n/a	NonTarget	1	521100
2084.576	n/a	NonTarget	1	521144
2084.752	n/a	NonTarget	1	521188
2084.928	n/a	NonTarget	1	521232
2085.1	n/a	Target	2	521275
2085.276	n/a	NonTarget	1	521319
2085.452	n/a	NonTarget	1	521363
2085.628	n/a	NonTarget	1	521407
2085.8	n/a	NonTarget	1	521450
2085.976	n/a	Target	2	521494
2086.152	n/a	NonTarget	1	521538
2086.324	n/a	NonTarget	1	521581
2086.5	n/a	NonTarget	1	521625
2086.676	n/a	NonTarget	1	521669
2086.852	n/a	NonTarget	1	521713
2087.028	n/a	Target	2	521757
2087.2	n/a	NonTarget	1	521800
2087.376	n/a	NonTarget	1	521844
2087.552	n/a	NonTarget	1	521888
2087.728	n/a	NonTarget	1	521932
2108.676	n/a	NonTarget	1	527169
2108.852	n/a	NonTarget	1	527213
2109.024	n/a	NonTarget	1	527256
2109.2	n/a	Target	2	527300
2109.376	n/a	NonTarget	1	527344
2109.552	n/a	NonTarget	1	527388
2109.724	n/a	Target	2	527431
2109.9	n/a	NonTarget	1	527475
2110.076	n/a	NonTarget	1	527519
2110.252	n/a	NonTarget	1	527563
2110.424	n/a	NonTarget	1	527606
2110.6	n/a	NonTarget	1	527650
2110.776	n/a	NonTarget	1	527694
2110.952	n/a	NonTarget	1	527738
2111.124	n/a	NonTarget	1	527781
2111.3	n/a	NonTarget	1	527825
2111.476	n/a	Target	2	527869
2111.652	n/a	NonTarget	1	527913
2111.824	n/a	NonTarget	1	527956
2112.0	n/a	NonTarget	1	528000
2112.176	n/a	NonTarget	1	528044
2112.352	n/a	NonTarget	1	528088
2112.528	n/a	Target	2	528132
2112.7	n/a	NonTarget	1	528175
2112.876	n/a	NonTarget	1	528219
2113.052	n/a	Target	2	528263
2113.224	n/a	NonTarget	1	528306
2113.4	n/a	NonTarget	1	528350
2113.576	n/a	NonTarget	1	528394
2113.752	n/a	NonTarget	1	528438
2113.924	n/a	NonTarget	1	528481
2114.1	n/a	NonTarget	1	528525
2114.276	n/a	NonTarget	1	528569
2114.452	n/a	NonTarget	1	528613
2114.624	n/a	NonTarget	1	528656
2114.8	n/a	Target	2	528700
2114.976	n/a	NonTarget	1	528744
2115.152	n/a	NonTarget	1	528788
2115.324	n/a	NonTarget	1	528831
2115.5	n/a	NonTarget	1	528875
2115.676	n/a	Target	2	528919
2115.852	n/a	NonTarget	1	528963
2116.024	n/a	NonTarget	1	529006
2116.2	n/a	NonTarget	1	529050
2116.376	n/a	NonTarget	1	529094
2116.548	n/a	Target	2	529137
2116.724	n/a	NonTarget	1	529181
2116.9	n/a	NonTarget	1	529225
2117.076	n/a	NonTarget	1	529269
2117.248	n/a	NonTarget	1	529312
2117.424	n/a	Target	2	529356
2117.604	n/a	NonTarget	1	529401
2117.776	n/a	NonTarget	1	529444
2117.952	n/a	NonTarget	1	529488
2118.124	n/a	NonTarget	1	529531
2118.3	n/a	Target	2	529575
2118.476	n/a	NonTarget	1	529619
2118.652	n/a	NonTarget	1	529663
2118.824	n/a	NonTarget	1	529706
2119.0	n/a	NonTarget	1	529750
2119.176	n/a	NonTarget	1	529794
2119.352	n/a	NonTarget	1	529838
2119.528	n/a	NonTarget	1	529882
2119.7	n/a	NonTarget	1	529925
2119.88	n/a	NonTarget	1	529970
2120.052	n/a	Target	2	530013
2120.224	n/a	NonTarget	1	530056
2120.4	n/a	NonTarget	1	530100
2120.576	n/a	NonTarget	1	530144
2120.752	n/a	NonTarget	1	530188
2120.928	n/a	Target	2	530232
2121.1	n/a	NonTarget	1	530275
2121.276	n/a	NonTarget	1	530319
2121.452	n/a	NonTarget	1	530363
2121.624	n/a	NonTarget	1	530406
2121.8	n/a	NonTarget	1	530450
2121.976	n/a	NonTarget	1	530494
2122.152	n/a	Target	2	530538
2122.324	n/a	NonTarget	1	530581
2122.5	n/a	NonTarget	1	530625
2122.676	n/a	NonTarget	1	530669
2122.852	n/a	Target	2	530713
2123.028	n/a	NonTarget	1	530757
2123.2	n/a	NonTarget	1	530800
2123.376	n/a	NonTarget	1	530844
2123.552	n/a	NonTarget	1	530888
2123.724	n/a	NonTarget	1	530931
2123.9	n/a	NonTarget	1	530975
2124.076	n/a	NonTarget	1	531019
2124.252	n/a	Target	2	531063
2139.32	n/a	NonTarget	1	534830
2139.496	n/a	Target	2	534874
2139.672	n/a	NonTarget	1	534918
2139.848	n/a	NonTarget	1	534962
2140.024	n/a	NonTarget	1	535006
2140.196	n/a	NonTarget	1	535049
2140.372	n/a	NonTarget	1	535093
2140.548	n/a	NonTarget	1	535137
2140.72	n/a	Target	2	535180
2140.896	n/a	NonTarget	1	535224
2141.072	n/a	NonTarget	1	535268
2141.248	n/a	NonTarget	1	535312
2141.42	n/a	NonTarget	1	535355
2141.596	n/a	Target	2	535399
2141.772	n/a	NonTarget	1	535443
2141.948	n/a	NonTarget	1	535487
2142.12	n/a	NonTarget	1	535530
2142.296	n/a	NonTarget	1	535574
2142.472	n/a	Target	2	535618
2142.648	n/a	NonTarget	1	535662
2142.824	n/a	NonTarget	1	535706
2142.996	n/a	NonTarget	1	535749
2143.176	n/a	NonTarget	1	535794
2143.352	n/a	NonTarget	1	535838
2143.52	n/a	Target	2	535880
2143.696	n/a	NonTarget	1	535924
2143.872	n/a	NonTarget	1	535968
2144.048	n/a	NonTarget	1	536012
2144.22	n/a	NonTarget	1	536055
2144.396	n/a	NonTarget	1	536099
2144.572	n/a	Target	2	536143
2144.748	n/a	NonTarget	1	536187
2144.92	n/a	NonTarget	1	536230
2145.096	n/a	NonTarget	1	536274
2145.272	n/a	NonTarget	1	536318
2145.448	n/a	NonTarget	1	536362
2145.624	n/a	NonTarget	1	536406
2145.796	n/a	NonTarget	1	536449
2145.972	n/a	NonTarget	1	536493
2146.148	n/a	NonTarget	1	536537
2146.32	n/a	Target	2	536580
2146.496	n/a	NonTarget	1	536624
2146.672	n/a	NonTarget	1	536668
2146.844	n/a	NonTarget	1	536711
2147.02	n/a	NonTarget	1	536755
2147.196	n/a	Target	2	536799
2147.372	n/a	NonTarget	1	536843
2147.544	n/a	NonTarget	1	536886
2147.72	n/a	Target	2	536930
2147.896	n/a	NonTarget	1	536974
2148.072	n/a	NonTarget	1	537018
2148.244	n/a	NonTarget	1	537061
2148.42	n/a	NonTarget	1	537105
2148.596	n/a	NonTarget	1	537149
2148.772	n/a	NonTarget	1	537193
2148.944	n/a	NonTarget	1	537236
2149.12	n/a	Target	2	537280
2149.296	n/a	NonTarget	1	537324
2149.472	n/a	NonTarget	1	537368
2149.644	n/a	NonTarget	1	537411
2149.82	n/a	Target	2	537455
2149.996	n/a	NonTarget	1	537499
2150.172	n/a	NonTarget	1	537543
2150.344	n/a	NonTarget	1	537586
2150.52	n/a	NonTarget	1	537630
2150.696	n/a	NonTarget	1	537674
2150.872	n/a	NonTarget	1	537718
2151.044	n/a	Target	2	537761
2151.22	n/a	NonTarget	1	537805
2151.396	n/a	NonTarget	1	537849
2151.572	n/a	NonTarget	1	537893
2151.744	n/a	NonTarget	1	537936
2151.92	n/a	NonTarget	1	537980
2152.096	n/a	NonTarget	1	538024
2152.272	n/a	NonTarget	1	538068
2152.444	n/a	Target	2	538111
2152.62	n/a	NonTarget	1	538155
2152.796	n/a	NonTarget	1	538199
2152.972	n/a	NonTarget	1	538243
2153.144	n/a	NonTarget	1	538286
2153.32	n/a	NonTarget	1	538330
2153.496	n/a	NonTarget	1	538374
2153.672	n/a	NonTarget	1	538418
2153.844	n/a	Target	2	538461
2154.02	n/a	NonTarget	1	538505
2154.196	n/a	NonTarget	1	538549
2154.372	n/a	Target	2	538593
2154.544	n/a	NonTarget	1	538636
2154.72	n/a	NonTarget	1	538680
2154.896	n/a	NonTarget	1	538724
2175.832	n/a	NonTarget	1	543958
2176.008	n/a	NonTarget	1	544002
2176.184	n/a	NonTarget	1	544046
2176.36	n/a	NonTarget	1	544090
2176.532	n/a	Target	2	544133
2176.708	n/a	NonTarget	1	544177
2176.884	n/a	NonTarget	1	544221
2177.06	n/a	Target	2	544265
2177.236	n/a	NonTarget	1	544309
2177.412	n/a	NonTarget	1	544353
2177.584	n/a	NonTarget	1	544396
2177.76	n/a	NonTarget	1	544440
2177.932	n/a	NonTarget	1	544483
2178.108	n/a	Target	2	544527
2178.284	n/a	NonTarget	1	544571
2178.46	n/a	NonTarget	1	544615
2178.632	n/a	NonTarget	1	544658
2178.808	n/a	NonTarget	1	544702
2178.984	n/a	Target	2	544746
2179.16	n/a	NonTarget	1	544790
2179.332	n/a	NonTarget	1	544833
2179.508	n/a	NonTarget	1	544877
2179.684	n/a	NonTarget	1	544921
2179.86	n/a	NonTarget	1	544965
2180.036	n/a	Target	2	545009
2180.208	n/a	NonTarget	1	545052
2180.384	n/a	NonTarget	1	545096
2180.564	n/a	NonTarget	1	545141
2180.732	n/a	NonTarget	1	545183
2180.908	n/a	NonTarget	1	545227
2181.084	n/a	NonTarget	1	545271
2181.26	n/a	NonTarget	1	545315
2181.432	n/a	NonTarget	1	545358
2181.608	n/a	Target	2	545402
2181.784	n/a	NonTarget	1	545446
2181.96	n/a	NonTarget	1	545490
2182.136	n/a	NonTarget	1	545534
2182.308	n/a	NonTarget	1	545577
2182.484	n/a	NonTarget	1	545621
2182.66	n/a	Target	2	545665
2182.832	n/a	NonTarget	1	545708
2183.008	n/a	NonTarget	1	545752
2183.184	n/a	NonTarget	1	545796
2183.36	n/a	NonTarget	1	545840
2183.532	n/a	Target	2	545883
2183.708	n/a	NonTarget	1	545927
2183.884	n/a	NonTarget	1	545971
2184.06	n/a	NonTarget	1	546015
2184.232	n/a	NonTarget	1	546058
2184.408	n/a	Target	2	546102
2184.584	n/a	NonTarget	1	546146
2184.76	n/a	NonTarget	1	546190
2184.932	n/a	NonTarget	1	546233
2185.108	n/a	NonTarget	1	546277
2185.284	n/a	NonTarget	1	546321
2185.46	n/a	Target	2	546365
2185.636	n/a	NonTarget	1	546409
2185.808	n/a	NonTarget	1	546452
2185.984	n/a	NonTarget	1	546496
2186.156	n/a	NonTarget	1	546539
2186.332	n/a	NonTarget	1	546583
2186.508	n/a	Target	2	546627
2186.684	n/a	NonTarget	1	546671
2186.856	n/a	NonTarget	1	546714
2187.032	n/a	NonTarget	1	546758
2187.208	n/a	NonTarget	1	546802
2187.384	n/a	NonTarget	1	546846
2187.556	n/a	NonTarget	1	546889
2187.732	n/a	NonTarget	1	546933
2187.908	n/a	Target	2	546977
2188.084	n/a	NonTarget	1	547021
2188.256	n/a	NonTarget	1	547064
2188.432	n/a	Target	2	547108
2188.608	n/a	NonTarget	1	547152
2188.784	n/a	NonTarget	1	547196
2188.956	n/a	NonTarget	1	547239
2189.132	n/a	NonTarget	1	547283
2189.308	n/a	NonTarget	1	547327
2189.484	n/a	Target	2	547371
2189.656	n/a	NonTarget	1	547414
2189.832	n/a	NonTarget	1	547458
2190.008	n/a	NonTarget	1	547502
2190.184	n/a	NonTarget	1	547546
2190.356	n/a	NonTarget	1	547589
2190.532	n/a	NonTarget	1	547633
2190.708	n/a	NonTarget	1	547677
2190.884	n/a	NonTarget	1	547721
2191.056	n/a	Target	2	547764
2191.232	n/a	NonTarget	1	547808
2191.408	n/a	NonTarget	1	547852
2206.472	n/a	NonTarget	1	551618
2206.644	n/a	NonTarget	1	551661
2206.82	n/a	NonTarget	1	551705
2206.996	n/a	Target	2	551749
2207.172	n/a	NonTarget	1	551793
2207.344	n/a	NonTarget	1	551836
2207.52	n/a	NonTarget	1	551880
2207.696	n/a	NonTarget	1	551924
2207.872	n/a	Target	2	551968
2208.044	n/a	NonTarget	1	552011
2208.22	n/a	NonTarget	1	552055
2208.396	n/a	NonTarget	1	552099
2208.572	n/a	NonTarget	1	552143
2208.744	n/a	NonTarget	1	552186
2208.92	n/a	NonTarget	1	552230
2209.096	n/a	NonTarget	1	552274
2209.272	n/a	NonTarget	1	552318
2209.444	n/a	Target	2	552361
2209.62	n/a	NonTarget	1	552405
2209.796	n/a	NonTarget	1	552449
2209.972	n/a	NonTarget	1	552493
2210.144	n/a	NonTarget	1	552536
2210.32	n/a	Target	2	552580
2210.496	n/a	NonTarget	1	552624
2210.672	n/a	NonTarget	1	552668
2210.844	n/a	NonTarget	1	552711
2211.02	n/a	NonTarget	1	552755
2211.196	n/a	NonTarget	1	552799
2211.372	n/a	NonTarget	1	552843
2211.544	n/a	Target	2	552886
2211.72	n/a	NonTarget	1	552930
2211.896	n/a	NonTarget	1	552974
2212.072	n/a	Target	2	553018
2212.244	n/a	NonTarget	1	553061
2212.42	n/a	NonTarget	1	553105
2212.596	n/a	NonTarget	1	553149
2212.772	n/a	NonTarget	1	553193
2212.944	n/a	Target	2	553236
2213.12	n/a	NonTarget	1	553280
2213.296	n/a	NonTarget	1	553324
2213.472	n/a	NonTarget	1	553368
2213.644	n/a	NonTarget	1	553411
2213.82	n/a	Target	2	553455
2213.996	n/a	NonTarget	1	553499
2214.172	n/a	NonTarget	1	553543
2214.344	n/a	NonTarget	1	553586
2214.52	n/a	NonTarget	1	553630
2214.696	n/a	NonTarget	1	553674
2214.872	n/a	NonTarget	1	553718
2215.044	n/a	Target	2	553761
2215.22	n/a	NonTarget	1	553805
2215.396	n/a	NonTarget	1	553849
2215.572	n/a	NonTarget	1	553893
2215.744	n/a	NonTarget	1	553936
2215.92	n/a	NonTarget	1	553980
2216.096	n/a	Target	2	554024
2216.272	n/a	NonTarget	1	554068
2216.444	n/a	NonTarget	1	554111
2216.62	n/a	NonTarget	1	554155
2216.796	n/a	NonTarget	1	554199
2216.972	n/a	NonTarget	1	554243
2217.144	n/a	NonTarget	1	554286
2217.32	n/a	NonTarget	1	554330
2217.496	n/a	NonTarget	1	554374
2217.672	n/a	Target	2	554418
2217.844	n/a	NonTarget	1	554461
2218.02	n/a	NonTarget	1	554505
2218.196	n/a	NonTarget	1	554549
2218.372	n/a	NonTarget	1	554593
2218.544	n/a	NonTarget	1	554636
2218.72	n/a	NonTarget	1	554680
2218.896	n/a	Target	2	554724
2219.072	n/a	NonTarget	1	554768
2219.244	n/a	NonTarget	1	554811
2219.42	n/a	NonTarget	1	554855
2219.596	n/a	Target	2	554899
2219.772	n/a	NonTarget	1	554943
2219.944	n/a	NonTarget	1	554986
2220.12	n/a	NonTarget	1	555030
2220.296	n/a	NonTarget	1	555074
2220.472	n/a	Target	2	555118
2220.644	n/a	NonTarget	1	555161
2220.82	n/a	NonTarget	1	555205
2220.996	n/a	NonTarget	1	555249
2221.172	n/a	NonTarget	1	555293
2221.344	n/a	NonTarget	1	555336
2221.52	n/a	Target	2	555380
2221.696	n/a	NonTarget	1	555424
2221.872	n/a	NonTarget	1	555468
2222.044	n/a	NonTarget	1	555511
2243.004	n/a	NonTarget	1	560751
2243.18	n/a	NonTarget	1	560795
2243.356	n/a	NonTarget	1	560839
2243.528	n/a	NonTarget	1	560882
2243.704	n/a	Target	2	560926
2243.88	n/a	NonTarget	1	560970
2244.056	n/a	NonTarget	1	561014
2244.228	n/a	Target	2	561057
2244.404	n/a	NonTarget	1	561101
2244.58	n/a	NonTarget	1	561145
2244.756	n/a	NonTarget	1	561189
2244.928	n/a	NonTarget	1	561232
2245.104	n/a	Target	2	561276
2245.28	n/a	NonTarget	1	561320
2245.456	n/a	NonTarget	1	561364
2245.628	n/a	NonTarget	1	561407
2245.804	n/a	NonTarget	1	561451
2245.98	n/a	NonTarget	1	561495
2246.156	n/a	NonTarget	1	561539
2246.328	n/a	NonTarget	1	561582
2246.504	n/a	NonTarget	1	561626
2246.68	n/a	NonTarget	1	561670
2246.856	n/a	NonTarget	1	561714
2247.028	n/a	Target	2	561757
2247.204	n/a	NonTarget	1	561801
2247.38	n/a	NonTarget	1	561845
2247.556	n/a	NonTarget	1	561889
2247.728	n/a	NonTarget	1	561932
2247.904	n/a	Target	2	561976
2248.08	n/a	NonTarget	1	562020
2248.256	n/a	NonTarget	1	562064
2248.428	n/a	NonTarget	1	562107
2248.604	n/a	NonTarget	1	562151
2248.78	n/a	Target	2	562195
2248.956	n/a	NonTarget	1	562239
2249.128	n/a	NonTarget	1	562282
2249.304	n/a	NonTarget	1	562326
2249.48	n/a	NonTarget	1	562370
2249.656	n/a	NonTarget	1	562414
2249.828	n/a	Target	2	562457
2250.004	n/a	NonTarget	1	562501
2250.18	n/a	NonTarget	1	562545
2250.356	n/a	Target	2	562589
2250.528	n/a	NonTarget	1	562632
2250.704	n/a	NonTarget	1	562676
2250.88	n/a	NonTarget	1	562720
2251.056	n/a	NonTarget	1	562764
2251.228	n/a	NonTarget	1	562807
2251.404	n/a	NonTarget	1	562851
2251.58	n/a	NonTarget	1	562895
2251.756	n/a	Target	2	562939
2251.928	n/a	NonTarget	1	562982
2252.104	n/a	NonTarget	1	563026
2252.28	n/a	NonTarget	1	563070
2252.456	n/a	NonTarget	1	563114
2252.628	n/a	NonTarget	1	563157
2252.804	n/a	NonTarget	1	563201
2252.98	n/a	NonTarget	1	563245
2253.156	n/a	Target	2	563289
2253.328	n/a	NonTarget	1	563332
2253.504	n/a	NonTarget	1	563376
2253.68	n/a	NonTarget	1	563420
2253.856	n/a	NonTarget	1	563464
2254.028	n/a	Target	2	563507
2254.204	n/a	NonTarget	1	563551
2254.38	n/a	NonTarget	1	563595
2254.556	n/a	Target	2	563639
2254.728	n/a	NonTarget	1	563682
2254.904	n/a	NonTarget	1	563726
2255.08	n/a	NonTarget	1	563770
2255.256	n/a	NonTarget	1	563814
2255.428	n/a	NonTarget	1	563857
2255.604	n/a	Target	2	563901
2255.78	n/a	NonTarget	1	563945
2255.956	n/a	NonTarget	1	563989
2256.128	n/a	NonTarget	1	564032
2256.304	n/a	NonTarget	1	564076
2256.48	n/a	NonTarget	1	564120
2256.656	n/a	NonTarget	1	564164
2256.828	n/a	Target	2	564207
2257.004	n/a	NonTarget	1	564251
2257.18	n/a	NonTarget	1	564295
2257.356	n/a	NonTarget	1	564339
2257.528	n/a	NonTarget	1	564382
2257.704	n/a	NonTarget	1	564426
2257.88	n/a	NonTarget	1	564470
2258.056	n/a	NonTarget	1	564514
2258.228	n/a	NonTarget	1	564557
2258.404	n/a	NonTarget	1	564601
2258.58	n/a	Target	2	564645
2273.908	n/a	NonTarget	1	568477
2274.084	n/a	NonTarget	1	568521
2274.26	n/a	NonTarget	1	568565
2274.436	n/a	Target	2	568609
2274.612	n/a	NonTarget	1	568653
2274.788	n/a	NonTarget	1	568697
2274.96	n/a	NonTarget	1	568740
2275.136	n/a	NonTarget	1	568784
2275.312	n/a	NonTarget	1	568828
2275.484	n/a	Target	2	568871
2275.66	n/a	NonTarget	1	568915
2275.836	n/a	NonTarget	1	568959
2276.008	n/a	NonTarget	1	569002
2276.184	n/a	NonTarget	1	569046
2276.36	n/a	Target	2	569090
2276.536	n/a	NonTarget	1	569134
2276.708	n/a	NonTarget	1	569177
2276.884	n/a	NonTarget	1	569221
2277.06	n/a	NonTarget	1	569265
2277.236	n/a	Target	2	569309
2277.408	n/a	NonTarget	1	569352
2277.584	n/a	NonTarget	1	569396
2277.76	n/a	NonTarget	1	569440
2277.936	n/a	NonTarget	1	569484
2278.108	n/a	NonTarget	1	569527
2278.284	n/a	Target	2	569571
2278.46	n/a	NonTarget	1	569615
2278.636	n/a	NonTarget	1	569659
2278.812	n/a	NonTarget	1	569703
2278.984	n/a	NonTarget	1	569746
2279.16	n/a	NonTarget	1	569790
2279.336	n/a	Target	2	569834
2279.508	n/a	NonTarget	1	569877
2279.684	n/a	NonTarget	1	569921
2279.86	n/a	NonTarget	1	569965
2280.036	n/a	NonTarget	1	570009
2280.208	n/a	NonTarget	1	570052
2280.384	n/a	NonTarget	1	570096
2280.56	n/a	NonTarget	1	570140
2280.736	n/a	Target	2	570184
2280.908	n/a	NonTarget	1	570227
2281.084	n/a	NonTarget	1	570271
2281.26	n/a	Target	2	570315
2281.436	n/a	NonTarget	1	570359
2281.608	n/a	NonTarget	1	570402
2281.784	n/a	NonTarget	1	570446
2281.96	n/a	NonTarget	1	570490
2282.136	n/a	NonTarget	1	570534
2282.308	n/a	Target	2	570577
2282.484	n/a	NonTarget	1	570621
2282.66	n/a	NonTarget	1	570665
2282.836	n/a	NonTarget	1	570709
2283.008	n/a	NonTarget	1	570752
2283.184	n/a	NonTarget	1	570796
2283.36	n/a	NonTarget	1	570840
2283.536	n/a	NonTarget	1	570884
2283.708	n/a	NonTarget	1	570927
2283.884	n/a	Target	2	570971
2284.06	n/a	NonTarget	1	571015
2284.236	n/a	NonTarget	1	571059
2284.408	n/a	Target	2	571102
2284.584	n/a	NonTarget	1	571146
2284.76	n/a	NonTarget	1	571190
2284.936	n/a	NonTarget	1	571234
2285.108	n/a	NonTarget	1	571277
2285.284	n/a	NonTarget	1	571321
2285.46	n/a	NonTarget	1	571365
2285.636	n/a	Target	2	571409
2285.812	n/a	NonTarget	1	571453
2285.984	n/a	NonTarget	1	571496
2286.16	n/a	NonTarget	1	571540
2286.336	n/a	NonTarget	1	571584
2286.508	n/a	Target	2	571627
2286.684	n/a	NonTarget	1	571671
2286.86	n/a	NonTarget	1	571715
2287.036	n/a	NonTarget	1	571759
2287.208	n/a	NonTarget	1	571802
2287.384	n/a	NonTarget	1	571846
2287.56	n/a	NonTarget	1	571890
2287.736	n/a	NonTarget	1	571934
2287.908	n/a	NonTarget	1	571977
2288.084	n/a	NonTarget	1	572021
2288.26	n/a	NonTarget	1	572065
2288.436	n/a	Target	2	572109
2288.608	n/a	NonTarget	1	572152
2288.784	n/a	NonTarget	1	572196
2288.96	n/a	NonTarget	1	572240
2289.136	n/a	Target	2	572284
2289.308	n/a	NonTarget	1	572327
2289.484	n/a	NonTarget	1	572371
2533.068	n/a	NonTarget	1	633267
2533.244	n/a	NonTarget	1	633311
2533.42	n/a	NonTarget	1	633355
2533.592	n/a	Target	2	633398
2533.768	n/a	NonTarget	1	633442
2533.944	n/a	NonTarget	1	633486
2534.12	n/a	NonTarget	1	633530
2534.296	n/a	NonTarget	1	633574
2534.468	n/a	NonTarget	1	633617
2534.644	n/a	NonTarget	1	633661
2534.82	n/a	Target	2	633705
2534.996	n/a	NonTarget	1	633749
2535.168	n/a	NonTarget	1	633792
2535.344	n/a	NonTarget	1	633836
2535.52	n/a	NonTarget	1	633880
2535.696	n/a	Target	2	633924
2535.868	n/a	NonTarget	1	633967
2536.044	n/a	NonTarget	1	634011
2536.22	n/a	Target	2	634055
2536.396	n/a	NonTarget	1	634099
2536.568	n/a	NonTarget	1	634142
2536.744	n/a	NonTarget	1	634186
2536.92	n/a	NonTarget	1	634230
2537.092	n/a	NonTarget	1	634273
2537.268	n/a	Target	2	634317
2537.444	n/a	NonTarget	1	634361
2537.62	n/a	NonTarget	1	634405
2537.792	n/a	NonTarget	1	634448
2537.968	n/a	NonTarget	1	634492
2538.144	n/a	NonTarget	1	634536
2538.32	n/a	NonTarget	1	634580
2538.492	n/a	NonTarget	1	634623
2538.668	n/a	NonTarget	1	634667
2538.844	n/a	Target	2	634711
2539.02	n/a	NonTarget	1	634755
2539.196	n/a	NonTarget	1	634799
2539.368	n/a	NonTarget	1	634842
2539.544	n/a	NonTarget	1	634886
2539.72	n/a	NonTarget	1	634930
2539.892	n/a	NonTarget	1	634973
2540.068	n/a	NonTarget	1	635017
2540.244	n/a	Target	2	635061
2540.42	n/a	NonTarget	1	635105
2540.592	n/a	NonTarget	1	635148
2540.768	n/a	NonTarget	1	635192
2540.944	n/a	NonTarget	1	635236
2541.12	n/a	Target	2	635280
2541.296	n/a	NonTarget	1	635324
2541.468	n/a	NonTarget	1	635367
2541.644	n/a	NonTarget	1	635411
2541.82	n/a	NonTarget	1	635455
2541.992	n/a	Target	2	635498
2542.168	n/a	NonTarget	1	635542
2542.344	n/a	NonTarget	1	635586
2542.52	n/a	NonTarget	1	635630
2542.696	n/a	NonTarget	1	635674
2542.868	n/a	Target	2	635717
2543.044	n/a	NonTarget	1	635761
2543.22	n/a	NonTarget	1	635805
2543.392	n/a	NonTarget	1	635848
2543.568	n/a	NonTarget	1	635892
2543.744	n/a	NonTarget	1	635936
2543.92	n/a	NonTarget	1	635980
2544.092	n/a	Target	2	636023
2544.268	n/a	NonTarget	1	636067
2544.444	n/a	NonTarget	1	636111
2544.62	n/a	Target	2	636155
2544.792	n/a	NonTarget	1	636198
2544.968	n/a	NonTarget	1	636242
2545.144	n/a	NonTarget	1	636286
2545.32	n/a	NonTarget	1	636330
2545.492	n/a	NonTarget	1	636373
2545.668	n/a	Target	2	636417
2545.844	n/a	NonTarget	1	636461
2546.02	n/a	NonTarget	1	636505
2546.196	n/a	NonTarget	1	636549
2546.376	n/a	NonTarget	1	636594
2546.544	n/a	NonTarget	1	636636
2546.72	n/a	Target	2	636680
2546.892	n/a	NonTarget	1	636723
2547.068	n/a	NonTarget	1	636767
2547.244	n/a	NonTarget	1	636811
2547.42	n/a	NonTarget	1	636855
2547.596	n/a	NonTarget	1	636899
2547.768	n/a	Target	2	636942
2547.944	n/a	NonTarget	1	636986
2548.12	n/a	NonTarget	1	637030
2548.292	n/a	NonTarget	1	637073
2548.472	n/a	NonTarget	1	637118
2548.644	n/a	NonTarget	1	637161
2563.852	n/a	NonTarget	1	640963
2564.028	n/a	NonTarget	1	641007
2564.204	n/a	NonTarget	1	641051
2564.376	n/a	NonTarget	1	641094
2564.552	n/a	Target	2	641138
2564.728	n/a	NonTarget	1	641182
2564.904	n/a	NonTarget	1	641226
2565.08	n/a	Target	2	641270
2565.252	n/a	NonTarget	1	641313
2565.428	n/a	NonTarget	1	641357
2565.604	n/a	NonTarget	1	641401
2565.776	n/a	NonTarget	1	641444
2565.952	n/a	Target	2	641488
2566.128	n/a	NonTarget	1	641532
2566.304	n/a	NonTarget	1	641576
2566.476	n/a	NonTarget	1	641619
2566.652	n/a	NonTarget	1	641663
2566.828	n/a	NonTarget	1	641707
2567.004	n/a	NonTarget	1	641751
2567.18	n/a	NonTarget	1	641795
2567.352	n/a	NonTarget	1	641838
2567.528	n/a	Target	2	641882
2567.704	n/a	NonTarget	1	641926
2567.876	n/a	NonTarget	1	641969
2568.052	n/a	NonTarget	1	642013
2568.228	n/a	NonTarget	1	642057
2568.4	n/a	NonTarget	1	642100
2568.576	n/a	Target	2	642144
2568.752	n/a	NonTarget	1	642188
2568.928	n/a	NonTarget	1	642232
2569.104	n/a	NonTarget	1	642276
2569.276	n/a	Target	2	642319
2569.452	n/a	NonTarget	1	642363
2569.628	n/a	NonTarget	1	642407
2569.804	n/a	NonTarget	1	642451
2569.976	n/a	NonTarget	1	642494
2570.156	n/a	Target	2	642539
2570.328	n/a	NonTarget	1	642582
2570.504	n/a	NonTarget	1	642626
2570.676	n/a	NonTarget	1	642669
2570.852	n/a	NonTarget	1	642713
2571.028	n/a	NonTarget	1	642757
2571.204	n/a	NonTarget	1	642801
2571.376	n/a	Target	2	642844
2571.552	n/a	NonTarget	1	642888
2571.728	n/a	NonTarget	1	642932
2571.904	n/a	NonTarget	1	642976
2572.08	n/a	NonTarget	1	643020
2572.252	n/a	NonTarget	1	643063
2572.428	n/a	NonTarget	1	643107
2572.604	n/a	Target	2	643151
2572.776	n/a	NonTarget	1	643194
2572.952	n/a	NonTarget	1	643238
2573.128	n/a	NonTarget	1	643282
2573.304	n/a	NonTarget	1	643326
2573.476	n/a	Target	2	643369
2573.652	n/a	NonTarget	1	643413
2573.828	n/a	NonTarget	1	643457
2574.004	n/a	NonTarget	1	643501
2574.18	n/a	NonTarget	1	643545
2574.352	n/a	NonTarget	1	643588
2574.528	n/a	NonTarget	1	643632
2574.704	n/a	NonTarget	1	643676
2574.876	n/a	NonTarget	1	643719
2575.052	n/a	NonTarget	1	643763
2575.228	n/a	Target	2	643807
2575.404	n/a	NonTarget	1	643851
2575.58	n/a	NonTarget	1	643895
2575.752	n/a	Target	2	643938
2575.928	n/a	NonTarget	1	643982
2576.108	n/a	NonTarget	1	644027
2576.28	n/a	NonTarget	1	644070
2576.456	n/a	NonTarget	1	644114
2576.628	n/a	NonTarget	1	644157
2576.804	n/a	NonTarget	1	644201
2576.976	n/a	NonTarget	1	644244
2577.152	n/a	Target	2	644288
2577.328	n/a	NonTarget	1	644332
2577.504	n/a	NonTarget	1	644376
2577.676	n/a	Target	2	644419
2577.852	n/a	NonTarget	1	644463
2578.028	n/a	NonTarget	1	644507
2578.204	n/a	NonTarget	1	644551
2578.376	n/a	NonTarget	1	644594
2578.552	n/a	NonTarget	1	644638
2578.728	n/a	Target	2	644682
2578.904	n/a	NonTarget	1	644726
2579.076	n/a	NonTarget	1	644769
2579.252	n/a	NonTarget	1	644813
2579.428	n/a	NonTarget	1	644857
2600.4	n/a	NonTarget	1	650100
2600.572	n/a	NonTarget	1	650143
2600.748	n/a	Target	2	650187
2600.924	n/a	NonTarget	1	650231
2601.1	n/a	NonTarget	1	650275
2601.272	n/a	NonTarget	1	650318
2601.448	n/a	NonTarget	1	650362
2601.624	n/a	NonTarget	1	650406
2601.8	n/a	NonTarget	1	650450
2601.976	n/a	Target	2	650494
2602.148	n/a	NonTarget	1	650537
2602.324	n/a	NonTarget	1	650581
2602.5	n/a	NonTarget	1	650625
2602.672	n/a	NonTarget	1	650668
2602.848	n/a	NonTarget	1	650712
2603.024	n/a	NonTarget	1	650756
2603.2	n/a	NonTarget	1	650800
2603.372	n/a	Target	2	650843
2603.548	n/a	NonTarget	1	650887
2603.724	n/a	NonTarget	1	650931
2603.9	n/a	NonTarget	1	650975
2604.072	n/a	Target	2	651018
2604.248	n/a	NonTarget	1	651062
2604.424	n/a	NonTarget	1	651106
2604.6	n/a	NonTarget	1	651150
2604.772	n/a	NonTarget	1	651193
2604.948	n/a	NonTarget	1	651237
2605.124	n/a	NonTarget	1	651281
2605.3	n/a	NonTarget	1	651325
2605.472	n/a	Target	2	651368
2605.648	n/a	NonTarget	1	651412
2605.824	n/a	NonTarget	1	651456
2606.0	n/a	NonTarget	1	651500
2606.172	n/a	Target	2	651543
2606.348	n/a	NonTarget	1	651587
2606.524	n/a	NonTarget	1	651631
2606.7	n/a	NonTarget	1	651675
2606.876	n/a	NonTarget	1	651719
2607.068	n/a	NonTarget	1	651767
2607.224	n/a	Target	2	651806
2607.4	n/a	NonTarget	1	651850
2607.572	n/a	NonTarget	1	651893
2607.748	n/a	NonTarget	1	651937
2607.924	n/a	NonTarget	1	651981
2608.1	n/a	Target	2	652025
2608.276	n/a	NonTarget	1	652069
2608.448	n/a	NonTarget	1	652112
2608.624	n/a	NonTarget	1	652156
2608.8	n/a	Target	2	652200
2608.976	n/a	NonTarget	1	652244
2609.148	n/a	NonTarget	1	652287
2609.324	n/a	NonTarget	1	652331
2609.5	n/a	NonTarget	1	652375
2609.676	n/a	NonTarget	1	652419
2609.848	n/a	NonTarget	1	652462
2610.024	n/a	Target	2	652506
2610.2	n/a	NonTarget	1	652550
2610.376	n/a	NonTarget	1	652594
2610.548	n/a	NonTarget	1	652637
2610.724	n/a	NonTarget	1	652681
2610.9	n/a	NonTarget	1	652725
2611.076	n/a	NonTarget	1	652769
2611.248	n/a	NonTarget	1	652812
2611.424	n/a	Target	2	652856
2611.6	n/a	NonTarget	1	652900
2611.776	n/a	NonTarget	1	652944
2611.948	n/a	NonTarget	1	652987
2612.124	n/a	NonTarget	1	653031
2612.3	n/a	NonTarget	1	653075
2612.476	n/a	NonTarget	1	653119
2612.652	n/a	Target	2	653163
2612.824	n/a	NonTarget	1	653206
2613.0	n/a	NonTarget	1	653250
2613.176	n/a	NonTarget	1	653294
2613.348	n/a	NonTarget	1	653337
2613.524	n/a	Target	2	653381
2613.7	n/a	NonTarget	1	653425
2613.876	n/a	NonTarget	1	653469
2614.052	n/a	Target	2	653513
2614.224	n/a	NonTarget	1	653556
2614.4	n/a	NonTarget	1	653600
2614.576	n/a	NonTarget	1	653644
2614.748	n/a	NonTarget	1	653687
2614.924	n/a	NonTarget	1	653731
2615.1	n/a	Target	2	653775
2615.276	n/a	NonTarget	1	653819
2615.452	n/a	NonTarget	1	653863
2615.624	n/a	NonTarget	1	653906
2615.8	n/a	NonTarget	1	653950
2615.976	n/a	NonTarget	1	653994
2631.368	n/a	Target	2	657842
2631.544	n/a	NonTarget	1	657886
2631.716	n/a	NonTarget	1	657929
2631.892	n/a	NonTarget	1	657973
2632.068	n/a	NonTarget	1	658017
2632.244	n/a	NonTarget	1	658061
2632.416	n/a	Target	2	658104
2632.592	n/a	NonTarget	1	658148
2632.768	n/a	NonTarget	1	658192
2632.944	n/a	NonTarget	1	658236
2633.116	n/a	NonTarget	1	658279
2633.292	n/a	NonTarget	1	658323
2633.468	n/a	NonTarget	1	658367
2633.644	n/a	NonTarget	1	658411
2633.816	n/a	Target	2	658454
2633.992	n/a	NonTarget	1	658498
2634.168	n/a	NonTarget	1	658542
2634.344	n/a	NonTarget	1	658586
2634.516	n/a	Target	2	658629
2634.696	n/a	NonTarget	1	658674
2634.868	n/a	NonTarget	1	658717
2635.044	n/a	NonTarget	1	658761
2635.216	n/a	NonTarget	1	658804
2635.4	n/a	NonTarget	1	658850
2635.568	n/a	NonTarget	1	658892
2635.744	n/a	NonTarget	1	658936
2635.916	n/a	NonTarget	1	658979
2636.092	n/a	Target	2	659023
2636.268	n/a	NonTarget	1	659067
2636.444	n/a	NonTarget	1	659111
2636.616	n/a	NonTarget	1	659154
2636.792	n/a	Target	2	659198
2636.968	n/a	NonTarget	1	659242
2637.144	n/a	NonTarget	1	659286
2637.316	n/a	NonTarget	1	659329
2637.492	n/a	NonTarget	1	659373
2637.668	n/a	NonTarget	1	659417
2637.844	n/a	Target	2	659461
2638.016	n/a	NonTarget	1	659504
2638.192	n/a	NonTarget	1	659548
2638.368	n/a	NonTarget	1	659592
2638.544	n/a	NonTarget	1	659636
2638.716	n/a	NonTarget	1	659679
2638.892	n/a	NonTarget	1	659723
2639.068	n/a	Target	2	659767
2639.244	n/a	NonTarget	1	659811
2639.416	n/a	NonTarget	1	659854
2639.592	n/a	NonTarget	1	659898
2639.768	n/a	NonTarget	1	659942
2639.944	n/a	NonTarget	1	659986
2640.116	n/a	NonTarget	1	660029
2640.292	n/a	Target	2	660073
2640.468	n/a	NonTarget	1	660117
2640.644	n/a	NonTarget	1	660161
2640.816	n/a	NonTarget	1	660204
2640.992	n/a	NonTarget	1	660248
2641.168	n/a	NonTarget	1	660292
2641.344	n/a	NonTarget	1	660336
2641.516	n/a	Target	2	660379
2641.692	n/a	NonTarget	1	660423
2641.868	n/a	NonTarget	1	660467
2642.04	n/a	NonTarget	1	660510
2642.22	n/a	NonTarget	1	660555
2642.392	n/a	NonTarget	1	660598
2642.568	n/a	NonTarget	1	660642
2642.74	n/a	Target	2	660685
2642.916	n/a	NonTarget	1	660729
2643.092	n/a	NonTarget	1	660773
2643.268	n/a	NonTarget	1	660817
2643.444	n/a	NonTarget	1	660861
2643.616	n/a	NonTarget	1	660904
2643.792	n/a	Target	2	660948
2643.968	n/a	NonTarget	1	660992
2644.14	n/a	NonTarget	1	661035
2644.316	n/a	NonTarget	1	661079
2644.492	n/a	Target	2	661123
2644.668	n/a	NonTarget	1	661167
2644.844	n/a	NonTarget	1	661211
2645.016	n/a	NonTarget	1	661254
2645.192	n/a	NonTarget	1	661298
2645.368	n/a	Target	2	661342
2645.54	n/a	NonTarget	1	661385
2645.724	n/a	NonTarget	1	661431
2645.892	n/a	NonTarget	1	661473
2646.068	n/a	NonTarget	1	661517
2646.24	n/a	Target	2	661560
2646.416	n/a	NonTarget	1	661604
2646.592	n/a	NonTarget	1	661648
2646.768	n/a	NonTarget	1	661692
2646.944	n/a	NonTarget	1	661736
2668.228	n/a	NonTarget	1	667057
2668.4	n/a	NonTarget	1	667100
2668.576	n/a	NonTarget	1	667144
2668.752	n/a	NonTarget	1	667188
2668.928	n/a	NonTarget	1	667232
2669.1	n/a	Target	2	667275
2669.276	n/a	NonTarget	1	667319
2669.452	n/a	NonTarget	1	667363
2669.628	n/a	NonTarget	1	667407
2669.8	n/a	NonTarget	1	667450
2669.976	n/a	Target	2	667494
2670.152	n/a	NonTarget	1	667538
2670.328	n/a	NonTarget	1	667582
2670.5	n/a	NonTarget	1	667625
2670.728	n/a	Target	2	667682
2670.852	n/a	NonTarget	1	667713
2671.024	n/a	NonTarget	1	667756
2671.2	n/a	NonTarget	1	667800
2671.376	n/a	NonTarget	1	667844
2671.552	n/a	NonTarget	1	667888
2671.724	n/a	NonTarget	1	667931
2671.9	n/a	Target	2	667975
2672.076	n/a	NonTarget	1	668019
2672.252	n/a	NonTarget	1	668063
2672.428	n/a	Target	2	668107
2672.6	n/a	NonTarget	1	668150
2672.776	n/a	NonTarget	1	668194
2672.952	n/a	NonTarget	1	668238
2673.128	n/a	NonTarget	1	668282
2673.3	n/a	NonTarget	1	668325
2673.476	n/a	NonTarget	1	668369
2673.652	n/a	NonTarget	1	668413
2673.828	n/a	NonTarget	1	668457
2674.0	n/a	Target	2	668500
2674.176	n/a	NonTarget	1	668544
2674.352	n/a	NonTarget	1	668588
2674.524	n/a	NonTarget	1	668631
2674.7	n/a	NonTarget	1	668675
2674.876	n/a	NonTarget	1	668719
2675.052	n/a	Target	2	668763
2675.224	n/a	NonTarget	1	668806
2675.4	n/a	NonTarget	1	668850
2675.576	n/a	Target	2	668894
2675.752	n/a	NonTarget	1	668938
2675.924	n/a	NonTarget	1	668981
2676.1	n/a	NonTarget	1	669025
2676.276	n/a	NonTarget	1	669069
2676.452	n/a	NonTarget	1	669113
2676.624	n/a	NonTarget	1	669156
2676.8	n/a	NonTarget	1	669200
2676.976	n/a	NonTarget	1	669244
2677.152	n/a	NonTarget	1	669288
2677.324	n/a	NonTarget	1	669331
2677.5	n/a	Target	2	669375
2677.676	n/a	NonTarget	1	669419
2677.852	n/a	NonTarget	1	669463
2678.024	n/a	Target	2	669506
2678.2	n/a	NonTarget	1	669550
2678.376	n/a	NonTarget	1	669594
2678.552	n/a	NonTarget	1	669638
2678.724	n/a	NonTarget	1	669681
2678.9	n/a	NonTarget	1	669725
2679.076	n/a	Target	2	669769
2679.252	n/a	NonTarget	1	669813
2679.424	n/a	NonTarget	1	669856
2679.6	n/a	NonTarget	1	669900
2679.776	n/a	NonTarget	1	669944
2679.952	n/a	NonTarget	1	669988
2680.124	n/a	NonTarget	1	670031
2680.3	n/a	Target	2	670075
2680.476	n/a	NonTarget	1	670119
2680.652	n/a	NonTarget	1	670163
2680.824	n/a	NonTarget	1	670206
2681.0	n/a	NonTarget	1	670250
2681.176	n/a	NonTarget	1	670294
2681.348	n/a	NonTarget	1	670337
2681.524	n/a	NonTarget	1	670381
2681.7	n/a	Target	2	670425
2681.876	n/a	NonTarget	1	670469
2682.048	n/a	NonTarget	1	670512
2682.224	n/a	NonTarget	1	670556
2682.4	n/a	Target	2	670600
2682.576	n/a	NonTarget	1	670644
2682.752	n/a	NonTarget	1	670688
2682.924	n/a	NonTarget	1	670731
2683.1	n/a	NonTarget	1	670775
2683.276	n/a	NonTarget	1	670819
2683.448	n/a	NonTarget	1	670862
2683.624	n/a	NonTarget	1	670906
2683.8	n/a	Target	2	670950
2698.896	n/a	Target	2	674724
2699.072	n/a	NonTarget	1	674768
2699.244	n/a	NonTarget	1	674811
2699.42	n/a	NonTarget	1	674855
2699.596	n/a	NonTarget	1	674899
2699.772	n/a	NonTarget	1	674943
2699.948	n/a	NonTarget	1	674987
2700.12	n/a	Target	2	675030
2700.296	n/a	NonTarget	1	675074
2700.472	n/a	NonTarget	1	675118
2700.644	n/a	NonTarget	1	675161
2700.82	n/a	NonTarget	1	675205
2700.996	n/a	NonTarget	1	675249
2701.172	n/a	Target	2	675293
2701.348	n/a	NonTarget	1	675337
2701.52	n/a	NonTarget	1	675380
2701.696	n/a	NonTarget	1	675424
2701.872	n/a	NonTarget	1	675468
2702.052	n/a	NonTarget	1	675513
2702.22	n/a	Target	2	675555
2702.396	n/a	NonTarget	1	675599
2702.572	n/a	NonTarget	1	675643
2702.748	n/a	NonTarget	1	675687
2702.928	n/a	NonTarget	1	675732
2703.096	n/a	Target	2	675774
2703.272	n/a	NonTarget	1	675818
2703.448	n/a	NonTarget	1	675862
2703.62	n/a	NonTarget	1	675905
2703.796	n/a	NonTarget	1	675949
2703.972	n/a	NonTarget	1	675993
2704.144	n/a	NonTarget	1	676036
2704.32	n/a	NonTarget	1	676080
2704.5	n/a	NonTarget	1	676125
2704.672	n/a	NonTarget	1	676168
2704.848	n/a	Target	2	676212
2705.02	n/a	NonTarget	1	676255
2705.196	n/a	NonTarget	1	676299
2705.372	n/a	NonTarget	1	676343
2705.544	n/a	Target	2	676386
2705.732	n/a	NonTarget	1	676433
2705.896	n/a	NonTarget	1	676474
2706.072	n/a	NonTarget	1	676518
2706.248	n/a	NonTarget	1	676562
2706.42	n/a	Target	2	676605
2706.596	n/a	NonTarget	1	676649
2706.772	n/a	NonTarget	1	676693
2706.948	n/a	NonTarget	1	676737
2707.12	n/a	NonTarget	1	676780
2707.296	n/a	NonTarget	1	676824
2707.472	n/a	Target	2	676868
2707.644	n/a	NonTarget	1	676911
2707.82	n/a	NonTarget	1	676955
2707.996	n/a	NonTarget	1	676999
2708.172	n/a	NonTarget	1	677043
2708.348	n/a	NonTarget	1	677087
2708.52	n/a	Target	2	677130
2708.696	n/a	NonTarget	1	677174
2708.872	n/a	NonTarget	1	677218
2709.044	n/a	NonTarget	1	677261
2709.22	n/a	NonTarget	1	677305
2709.396	n/a	NonTarget	1	677349
2709.572	n/a	NonTarget	1	677393
2709.744	n/a	NonTarget	1	677436
2709.92	n/a	NonTarget	1	677480
2710.096	n/a	Target	2	677524
2710.272	n/a	NonTarget	1	677568
2710.444	n/a	NonTarget	1	677611
2710.62	n/a	NonTarget	1	677655
2710.796	n/a	NonTarget	1	677699
2710.972	n/a	Target	2	677743
2711.144	n/a	NonTarget	1	677786
2711.32	n/a	NonTarget	1	677830
2711.496	n/a	Target	2	677874
2711.672	n/a	NonTarget	1	677918
2711.848	n/a	NonTarget	1	677962
2712.02	n/a	NonTarget	1	678005
2712.196	n/a	NonTarget	1	678049
2712.372	n/a	NonTarget	1	678093
2712.544	n/a	NonTarget	1	678136
2712.72	n/a	NonTarget	1	678180
2712.896	n/a	NonTarget	1	678224
2713.072	n/a	NonTarget	1	678268
2713.244	n/a	NonTarget	1	678311
2713.42	n/a	Target	2	678355
2713.596	n/a	NonTarget	1	678399
2713.772	n/a	NonTarget	1	678443
2713.944	n/a	NonTarget	1	678486
2714.12	n/a	NonTarget	1	678530
2714.296	n/a	NonTarget	1	678574
2714.472	n/a	Target	2	678618
2735.428	n/a	NonTarget	1	683857
2735.604	n/a	NonTarget	1	683901
2735.78	n/a	NonTarget	1	683945
2735.956	n/a	NonTarget	1	683989
2736.128	n/a	NonTarget	1	684032
2736.304	n/a	Target	2	684076
2736.48	n/a	NonTarget	1	684120
2736.652	n/a	NonTarget	1	684163
2736.828	n/a	NonTarget	1	684207
2737.004	n/a	NonTarget	1	684251
2737.18	n/a	NonTarget	1	684295
2737.352	n/a	Target	2	684338
2737.532	n/a	NonTarget	1	684383
2737.704	n/a	NonTarget	1	684426
2737.88	n/a	NonTarget	1	684470
2738.052	n/a	NonTarget	1	684513
2738.228	n/a	NonTarget	1	684557
2738.404	n/a	Target	2	684601
2738.58	n/a	NonTarget	1	684645
2738.756	n/a	NonTarget	1	684689
2738.928	n/a	NonTarget	1	684732
2739.104	n/a	NonTarget	1	684776
2739.28	n/a	Target	2	684820
2739.452	n/a	NonTarget	1	684863
2739.628	n/a	NonTarget	1	684907
2739.804	n/a	Target	2	684951
2739.98	n/a	NonTarget	1	684995
2740.152	n/a	NonTarget	1	685038
2740.328	n/a	NonTarget	1	685082
2740.504	n/a	NonTarget	1	685126
2740.68	n/a	NonTarget	1	685170
2740.856	n/a	NonTarget	1	685214
2741.028	n/a	Target	2	685257
2741.204	n/a	NonTarget	1	685301
2741.38	n/a	NonTarget	1	685345
2741.552	n/a	NonTarget	1	685388
2741.732	n/a	NonTarget	1	685433
2741.904	n/a	NonTarget	1	685476
2742.08	n/a	NonTarget	1	685520
2742.252	n/a	NonTarget	1	685563
2742.428	n/a	Target	2	685607
2742.604	n/a	NonTarget	1	685651
2742.78	n/a	NonTarget	1	685695
2742.952	n/a	NonTarget	1	685738
2743.128	n/a	Target	2	685782
2743.304	n/a	NonTarget	1	685826
2743.48	n/a	NonTarget	1	685870
2743.652	n/a	NonTarget	1	685913
2743.828	n/a	Target	2	685957
2744.004	n/a	NonTarget	1	686001
2744.18	n/a	NonTarget	1	686045
2744.36	n/a	NonTarget	1	686090
2744.528	n/a	NonTarget	1	686132
2744.704	n/a	NonTarget	1	686176
2744.88	n/a	Target	2	686220
2745.052	n/a	NonTarget	1	686263
2745.228	n/a	NonTarget	1	686307
2745.404	n/a	NonTarget	1	686351
2745.58	n/a	NonTarget	1	686395
2745.752	n/a	NonTarget	1	686438
2745.928	n/a	NonTarget	1	686482
2746.104	n/a	NonTarget	1	686526
2746.28	n/a	NonTarget	1	686570
2746.452	n/a	Target	2	686613
2746.628	n/a	NonTarget	1	686657
2746.804	n/a	NonTarget	1	686701
2746.98	n/a	NonTarget	1	686745
2747.156	n/a	NonTarget	1	686789
2747.328	n/a	NonTarget	1	686832
2747.504	n/a	Target	2	686876
2747.68	n/a	NonTarget	1	686920
2747.852	n/a	NonTarget	1	686963
2748.028	n/a	NonTarget	1	687007
2748.204	n/a	NonTarget	1	687051
2748.38	n/a	NonTarget	1	687095
2748.552	n/a	NonTarget	1	687138
2748.728	n/a	Target	2	687182
2748.904	n/a	NonTarget	1	687226
2749.076	n/a	NonTarget	1	687269
2749.252	n/a	NonTarget	1	687313
2749.428	n/a	NonTarget	1	687357
2749.604	n/a	NonTarget	1	687401
2749.776	n/a	NonTarget	1	687444
2749.952	n/a	Target	2	687488
2750.128	n/a	NonTarget	1	687532
2750.304	n/a	NonTarget	1	687576
2750.476	n/a	NonTarget	1	687619
2750.652	n/a	NonTarget	1	687663
2750.828	n/a	Target	2	687707
2751.004	n/a	NonTarget	1	687751
2766.34	n/a	NonTarget	1	691585
2766.516	n/a	NonTarget	1	691629
2766.692	n/a	NonTarget	1	691673
2766.864	n/a	NonTarget	1	691716
2767.04	n/a	NonTarget	1	691760
2767.216	n/a	Target	2	691804
2767.392	n/a	NonTarget	1	691848
2767.564	n/a	NonTarget	1	691891
2767.74	n/a	Target	2	691935
2767.916	n/a	NonTarget	1	691979
2768.092	n/a	NonTarget	1	692023
2768.264	n/a	NonTarget	1	692066
2768.44	n/a	NonTarget	1	692110
2768.616	n/a	NonTarget	1	692154
2768.792	n/a	NonTarget	1	692198
2768.964	n/a	NonTarget	1	692241
2769.14	n/a	Target	2	692285
2769.316	n/a	NonTarget	1	692329
2769.504	n/a	NonTarget	1	692376
2769.664	n/a	Target	2	692416
2769.84	n/a	NonTarget	1	692460
2770.016	n/a	NonTarget	1	692504
2770.192	n/a	NonTarget	1	692548
2770.364	n/a	NonTarget	1	692591
2770.54	n/a	NonTarget	1	692635
2770.716	n/a	Target	2	692679
2770.892	n/a	NonTarget	1	692723
2771.064	n/a	NonTarget	1	692766
2771.24	n/a	NonTarget	1	692810
2771.416	n/a	NonTarget	1	692854
2771.588	n/a	NonTarget	1	692897
2771.764	n/a	NonTarget	1	692941
2771.94	n/a	NonTarget	1	692985
2772.116	n/a	NonTarget	1	693029
2772.292	n/a	NonTarget	1	693073
2772.464	n/a	Target	2	693116
2772.64	n/a	NonTarget	1	693160
2772.816	n/a	NonTarget	1	693204
2772.992	n/a	NonTarget	1	693248
2773.164	n/a	NonTarget	1	693291
2773.34	n/a	Target	2	693335
2773.516	n/a	NonTarget	1	693379
2773.692	n/a	NonTarget	1	693423
2773.864	n/a	NonTarget	1	693466
2774.04	n/a	NonTarget	1	693510
2774.216	n/a	NonTarget	1	693554
2774.392	n/a	Target	2	693598
2774.568	n/a	NonTarget	1	693642
2774.74	n/a	NonTarget	1	693685
2774.916	n/a	NonTarget	1	693729
2775.092	n/a	Target	2	693773
2775.264	n/a	NonTarget	1	693816
2775.44	n/a	NonTarget	1	693860
2775.616	n/a	NonTarget	1	693904
2775.792	n/a	Target	2	693948
2775.964	n/a	NonTarget	1	693991
2776.14	n/a	NonTarget	1	694035
2776.316	n/a	NonTarget	1	694079
2776.492	n/a	NonTarget	1	694123
2776.664	n/a	NonTarget	1	694166
2776.84	n/a	NonTarget	1	694210
2777.016	n/a	NonTarget	1	694254
2777.192	n/a	Target	2	694298
2777.364	n/a	NonTarget	1	694341
2777.54	n/a	NonTarget	1	694385
2777.716	n/a	NonTarget	1	694429
2777.892	n/a	NonTarget	1	694473
2778.068	n/a	NonTarget	1	694517
2778.24	n/a	NonTarget	1	694560
2778.416	n/a	NonTarget	1	694604
2778.588	n/a	Target	2	694647
2778.764	n/a	NonTarget	1	694691
2778.94	n/a	NonTarget	1	694735
2779.116	n/a	NonTarget	1	694779
2779.288	n/a	NonTarget	1	694822
2779.464	n/a	Target	2	694866
2779.64	n/a	NonTarget	1	694910
2779.816	n/a	NonTarget	1	694954
2780.0	n/a	NonTarget	1	695000
2780.164	n/a	NonTarget	1	695041
2780.34	n/a	NonTarget	1	695085
2780.516	n/a	NonTarget	1	695129
2780.692	n/a	Target	2	695173
2780.864	n/a	NonTarget	1	695216
2781.04	n/a	NonTarget	1	695260
2781.216	n/a	NonTarget	1	695304
2781.392	n/a	NonTarget	1	695348
2781.564	n/a	NonTarget	1	695391
2781.74	n/a	NonTarget	1	695435
2781.916	n/a	Target	2	695479
2851.2	n/a	NonTarget	1	712800
2851.376	n/a	NonTarget	1	712844
2851.548	n/a	Target	2	712887
2851.724	n/a	NonTarget	1	712931
2851.9	n/a	NonTarget	1	712975
2852.076	n/a	NonTarget	1	713019
2852.248	n/a	NonTarget	1	713062
2852.424	n/a	NonTarget	1	713106
2852.6	n/a	NonTarget	1	713150
2852.776	n/a	NonTarget	1	713194
2852.948	n/a	NonTarget	1	713237
2853.124	n/a	Target	2	713281
2853.3	n/a	NonTarget	1	713325
2853.476	n/a	NonTarget	1	713369
2853.652	n/a	NonTarget	1	713413
2853.836	n/a	NonTarget	1	713459
2854.0	n/a	NonTarget	1	713500
2854.176	n/a	Target	2	713544
2854.352	n/a	NonTarget	1	713588
2854.524	n/a	NonTarget	1	713631
2854.7	n/a	NonTarget	1	713675
2854.876	n/a	Target	2	713719
2855.048	n/a	NonTarget	1	713762
2855.224	n/a	NonTarget	1	713806
2855.4	n/a	NonTarget	1	713850
2855.576	n/a	NonTarget	1	713894
2855.748	n/a	NonTarget	1	713937
2855.924	n/a	Target	2	713981
2856.1	n/a	NonTarget	1	714025
2856.276	n/a	NonTarget	1	714069
2856.448	n/a	NonTarget	1	714112
2856.624	n/a	NonTarget	1	714156
2856.8	n/a	Target	2	714200
2856.976	n/a	NonTarget	1	714244
2857.148	n/a	NonTarget	1	714287
2857.324	n/a	NonTarget	1	714331
2857.508	n/a	NonTarget	1	714377
2857.676	n/a	Target	2	714419
2857.848	n/a	NonTarget	1	714462
2858.024	n/a	NonTarget	1	714506
2858.2	n/a	NonTarget	1	714550
2858.376	n/a	NonTarget	1	714594
2858.548	n/a	Target	2	714637
2858.724	n/a	NonTarget	1	714681
2858.9	n/a	NonTarget	1	714725
2859.076	n/a	NonTarget	1	714769
2859.252	n/a	NonTarget	1	714813
2859.424	n/a	NonTarget	1	714856
2859.6	n/a	NonTarget	1	714900
2859.776	n/a	Target	2	714944
2859.948	n/a	NonTarget	1	714987
2860.124	n/a	NonTarget	1	715031
2860.3	n/a	NonTarget	1	715075
2860.476	n/a	NonTarget	1	715119
2860.652	n/a	NonTarget	1	715163
2860.824	n/a	Target	2	715206
2861.0	n/a	NonTarget	1	715250
2861.176	n/a	NonTarget	1	715294
2861.352	n/a	NonTarget	1	715338
2861.524	n/a	NonTarget	1	715381
2861.7	n/a	NonTarget	1	715425
2861.876	n/a	NonTarget	1	715469
2862.048	n/a	NonTarget	1	715512
2862.224	n/a	Target	2	715556
2862.4	n/a	NonTarget	1	715600
2862.576	n/a	NonTarget	1	715644
2862.748	n/a	NonTarget	1	715687
2862.924	n/a	NonTarget	1	715731
2863.1	n/a	NonTarget	1	715775
2863.272	n/a	NonTarget	1	715818
2863.448	n/a	Target	2	715862
2863.624	n/a	NonTarget	1	715906
2863.8	n/a	NonTarget	1	715950
2863.976	n/a	NonTarget	1	715994
2864.148	n/a	NonTarget	1	716037
2864.324	n/a	Target	2	716081
2864.5	n/a	NonTarget	1	716125
2864.672	n/a	NonTarget	1	716168
2864.848	n/a	Target	2	716212
2865.024	n/a	NonTarget	1	716256
2865.2	n/a	NonTarget	1	716300
2865.376	n/a	NonTarget	1	716344
2865.548	n/a	NonTarget	1	716387
2865.724	n/a	NonTarget	1	716431
2865.9	n/a	Target	2	716475
2866.072	n/a	NonTarget	1	716518
2866.248	n/a	NonTarget	1	716562
2866.424	n/a	NonTarget	1	716606
2866.6	n/a	NonTarget	1	716650
2866.776	n/a	NonTarget	1	716694
2881.864	n/a	NonTarget	1	720466
2882.036	n/a	Target	2	720509
2882.212	n/a	NonTarget	1	720553
2882.388	n/a	NonTarget	1	720597
2882.564	n/a	NonTarget	1	720641
2882.736	n/a	NonTarget	1	720684
2882.912	n/a	NonTarget	1	720728
2883.088	n/a	Target	2	720772
2883.264	n/a	NonTarget	1	720816
2883.436	n/a	NonTarget	1	720859
2883.612	n/a	NonTarget	1	720903
2883.788	n/a	NonTarget	1	720947
2883.964	n/a	Target	2	720991
2884.136	n/a	NonTarget	1	721034
2884.312	n/a	NonTarget	1	721078
2884.488	n/a	NonTarget	1	721122
2884.664	n/a	NonTarget	1	721166
2884.84	n/a	NonTarget	1	721210
2885.012	n/a	Target	2	721253
2885.188	n/a	NonTarget	1	721297
2885.364	n/a	NonTarget	1	721341
2885.536	n/a	NonTarget	1	721384
2885.712	n/a	NonTarget	1	721428
2885.888	n/a	NonTarget	1	721472
2886.064	n/a	NonTarget	1	721516
2886.236	n/a	NonTarget	1	721559
2886.412	n/a	Target	2	721603
2886.588	n/a	NonTarget	1	721647
2886.764	n/a	NonTarget	1	721691
2886.936	n/a	NonTarget	1	721734
2887.112	n/a	NonTarget	1	721778
2887.288	n/a	NonTarget	1	721822
2887.464	n/a	NonTarget	1	721866
2887.636	n/a	NonTarget	1	721909
2887.812	n/a	NonTarget	1	721953
2887.988	n/a	Target	2	721997
2888.164	n/a	NonTarget	1	722041
2888.336	n/a	NonTarget	1	722084
2888.512	n/a	NonTarget	1	722128
2888.688	n/a	NonTarget	1	722172
2888.864	n/a	Target	2	722216
2889.036	n/a	NonTarget	1	722259
2889.212	n/a	NonTarget	1	722303
2889.388	n/a	NonTarget	1	722347
2889.564	n/a	NonTarget	1	722391
2889.736	n/a	Target	2	722434
2889.912	n/a	NonTarget	1	722478
2890.088	n/a	NonTarget	1	722522
2890.264	n/a	Target	2	722566
2890.436	n/a	NonTarget	1	722609
2890.612	n/a	NonTarget	1	722653
2890.788	n/a	NonTarget	1	722697
2890.964	n/a	NonTarget	1	722741
2891.136	n/a	NonTarget	1	722784
2891.312	n/a	Target	2	722828
2891.488	n/a	NonTarget	1	722872
2891.664	n/a	NonTarget	1	722916
2891.836	n/a	NonTarget	1	722959
2892.012	n/a	NonTarget	1	723003
2892.188	n/a	NonTarget	1	723047
2892.364	n/a	NonTarget	1	723091
2892.536	n/a	Target	2	723134
2892.712	n/a	NonTarget	1	723178
2892.888	n/a	NonTarget	1	723222
2893.064	n/a	NonTarget	1	723266
2893.236	n/a	NonTarget	1	723309
2893.412	n/a	NonTarget	1	723353
2893.588	n/a	NonTarget	1	723397
2893.764	n/a	NonTarget	1	723441
2893.936	n/a	Target	2	723484
2894.112	n/a	NonTarget	1	723528
2894.288	n/a	NonTarget	1	723572
2894.464	n/a	NonTarget	1	723616
2894.636	n/a	NonTarget	1	723659
2894.812	n/a	NonTarget	1	723703
2894.988	n/a	NonTarget	1	723747
2895.164	n/a	Target	2	723791
2895.336	n/a	NonTarget	1	723834
2895.512	n/a	NonTarget	1	723878
2895.688	n/a	Target	2	723922
2895.864	n/a	NonTarget	1	723966
2896.036	n/a	NonTarget	1	724009
2896.212	n/a	NonTarget	1	724053
2896.388	n/a	NonTarget	1	724097
2896.564	n/a	Target	2	724141
2896.736	n/a	NonTarget	1	724184
2896.912	n/a	NonTarget	1	724228
2897.088	n/a	NonTarget	1	724272
2897.264	n/a	NonTarget	1	724316
2897.436	n/a	NonTarget	1	724359
2918.516	n/a	Target	2	729629
2918.692	n/a	NonTarget	1	729673
2918.864	n/a	NonTarget	1	729716
2919.04	n/a	NonTarget	1	729760
2919.216	n/a	NonTarget	1	729804
2919.392	n/a	NonTarget	1	729848
2919.564	n/a	NonTarget	1	729891
2919.74	n/a	NonTarget	1	729935
2919.916	n/a	NonTarget	1	729979
2920.092	n/a	Target	2	730023
2920.264	n/a	NonTarget	1	730066
2920.44	n/a	NonTarget	1	730110
2920.616	n/a	NonTarget	1	730154
2920.792	n/a	NonTarget	1	730198
2920.964	n/a	NonTarget	1	730241
2921.14	n/a	NonTarget	1	730285
2921.316	n/a	NonTarget	1	730329
2921.492	n/a	Target	2	730373
2921.664	n/a	NonTarget	1	730416
2921.84	n/a	NonTarget	1	730460
2922.016	n/a	NonTarget	1	730504
2922.192	n/a	NonTarget	1	730548
2922.364	n/a	NonTarget	1	730591
2922.54	n/a	Target	2	730635
2922.716	n/a	NonTarget	1	730679
2922.892	n/a	NonTarget	1	730723
2923.064	n/a	NonTarget	1	730766
2923.24	n/a	NonTarget	1	730810
2923.416	n/a	Target	2	730854
2923.592	n/a	NonTarget	1	730898
2923.764	n/a	NonTarget	1	730941
2923.94	n/a	NonTarget	1	730985
2924.116	n/a	NonTarget	1	731029
2924.292	n/a	NonTarget	1	731073
2924.464	n/a	Target	2	731116
2924.644	n/a	NonTarget	1	731161
2924.816	n/a	NonTarget	1	731204
2924.988	n/a	NonTarget	1	731247
2925.164	n/a	NonTarget	1	731291
2925.34	n/a	Target	2	731335
2925.516	n/a	NonTarget	1	731379
2925.688	n/a	NonTarget	1	731422
2925.864	n/a	NonTarget	1	731466
2926.04	n/a	NonTarget	1	731510
2926.216	n/a	NonTarget	1	731554
2926.392	n/a	NonTarget	1	731598
2926.564	n/a	NonTarget	1	731641
2926.74	n/a	Target	2	731685
2926.916	n/a	NonTarget	1	731729
2927.092	n/a	NonTarget	1	731773
2927.264	n/a	NonTarget	1	731816
2927.44	n/a	NonTarget	1	731860
2927.616	n/a	NonTarget	1	731904
2927.788	n/a	Target	2	731947
2927.964	n/a	NonTarget	1	731991
2928.14	n/a	NonTarget	1	732035
2928.316	n/a	NonTarget	1	732079
2928.488	n/a	NonTarget	1	732122
2928.664	n/a	Target	2	732166
2928.84	n/a	NonTarget	1	732210
2929.012	n/a	NonTarget	1	732253
2929.188	n/a	NonTarget	1	732297
2929.364	n/a	NonTarget	1	732341
2929.54	n/a	Target	2	732385
2929.716	n/a	NonTarget	1	732429
2929.892	n/a	NonTarget	1	732473
2930.064	n/a	NonTarget	1	732516
2930.24	n/a	NonTarget	1	732560
2930.416	n/a	NonTarget	1	732604
2930.592	n/a	NonTarget	1	732648
2930.764	n/a	Target	2	732691
2930.94	n/a	NonTarget	1	732735
2931.116	n/a	NonTarget	1	732779
2931.292	n/a	NonTarget	1	732823
2931.464	n/a	Target	2	732866
2931.64	n/a	NonTarget	1	732910
2931.816	n/a	NonTarget	1	732954
2931.992	n/a	NonTarget	1	732998
2932.164	n/a	Target	2	733041
2932.34	n/a	NonTarget	1	733085
2932.516	n/a	NonTarget	1	733129
2932.692	n/a	NonTarget	1	733173
2932.864	n/a	NonTarget	1	733216
2933.04	n/a	NonTarget	1	733260
2933.216	n/a	NonTarget	1	733304
2933.388	n/a	NonTarget	1	733347
2933.564	n/a	NonTarget	1	733391
2933.74	n/a	NonTarget	1	733435
2933.916	n/a	Target	2	733479
2934.092	n/a	NonTarget	1	733523
2950.092	n/a	Target	2	737523
2950.268	n/a	NonTarget	1	737567
2950.444	n/a	NonTarget	1	737611
2950.62	n/a	NonTarget	1	737655
2950.796	n/a	NonTarget	1	737699
2950.976	n/a	NonTarget	1	737744
2951.144	n/a	NonTarget	1	737786
2951.32	n/a	NonTarget	1	737830
2951.492	n/a	NonTarget	1	737873
2951.668	n/a	Target	2	737917
2951.844	n/a	NonTarget	1	737961
2952.02	n/a	NonTarget	1	738005
2952.192	n/a	NonTarget	1	738048
2952.368	n/a	NonTarget	1	738092
2952.544	n/a	Target	2	738136
2952.72	n/a	NonTarget	1	738180
2952.892	n/a	NonTarget	1	738223
2953.068	n/a	NonTarget	1	738267
2953.244	n/a	NonTarget	1	738311
2953.42	n/a	NonTarget	1	738355
2953.596	n/a	NonTarget	1	738399
2953.768	n/a	Target	2	738442
2953.944	n/a	NonTarget	1	738486
2954.12	n/a	NonTarget	1	738530
2954.292	n/a	NonTarget	1	738573
2954.468	n/a	NonTarget	1	738617
2954.644	n/a	NonTarget	1	738661
2954.82	n/a	NonTarget	1	738705
2954.996	n/a	Target	2	738749
2955.168	n/a	NonTarget	1	738792
2955.344	n/a	NonTarget	1	738836
2955.52	n/a	Target	2	738880
2955.692	n/a	NonTarget	1	738923
2955.868	n/a	NonTarget	1	738967
2956.044	n/a	NonTarget	1	739011
2956.22	n/a	NonTarget	1	739055
2956.392	n/a	Target	2	739098
2956.568	n/a	NonTarget	1	739142
2956.744	n/a	NonTarget	1	739186
2956.92	n/a	NonTarget	1	739230
2957.092	n/a	NonTarget	1	739273
2957.268	n/a	NonTarget	1	739317
2957.444	n/a	NonTarget	1	739361
2957.62	n/a	Target	2	739405
2957.796	n/a	NonTarget	1	739449
2957.968	n/a	NonTarget	1	739492
2958.144	n/a	NonTarget	1	739536
2958.32	n/a	NonTarget	1	739580
2958.492	n/a	NonTarget	1	739623
2958.668	n/a	NonTarget	1	739667
2958.844	n/a	Target	2	739711
2959.02	n/a	NonTarget	1	739755
2959.192	n/a	NonTarget	1	739798
2959.368	n/a	NonTarget	1	739842
2959.544	n/a	NonTarget	1	739886
2959.716	n/a	NonTarget	1	739929
2959.892	n/a	NonTarget	1	739973
2960.068	n/a	Target	2	740017
2960.244	n/a	NonTarget	1	740061
2960.42	n/a	NonTarget	1	740105
2960.592	n/a	NonTarget	1	740148
2960.768	n/a	NonTarget	1	740192
2960.944	n/a	NonTarget	1	740236
2961.12	n/a	Target	2	740280
2961.292	n/a	NonTarget	1	740323
2961.468	n/a	NonTarget	1	740367
2961.644	n/a	Target	2	740411
2961.82	n/a	NonTarget	1	740455
2961.996	n/a	NonTarget	1	740499
2962.168	n/a	NonTarget	1	740542
2962.344	n/a	NonTarget	1	740586
2962.52	n/a	NonTarget	1	740630
2962.692	n/a	NonTarget	1	740673
2962.868	n/a	NonTarget	1	740717
2963.048	n/a	Target	2	740762
2963.22	n/a	NonTarget	1	740805
2963.392	n/a	NonTarget	1	740848
2963.568	n/a	NonTarget	1	740892
2963.744	n/a	NonTarget	1	740936
2963.92	n/a	Target	2	740980
2964.092	n/a	NonTarget	1	741023
2964.268	n/a	NonTarget	1	741067
2964.444	n/a	NonTarget	1	741111
2964.62	n/a	NonTarget	1	741155
2964.796	n/a	NonTarget	1	741199
2964.968	n/a	NonTarget	1	741242
2965.144	n/a	NonTarget	1	741286
2965.32	n/a	NonTarget	1	741330
2965.496	n/a	Target	2	741374
2965.668	n/a	NonTarget	1	741417
2986.672	n/a	NonTarget	1	746668
2986.848	n/a	NonTarget	1	746712
2987.024	n/a	NonTarget	1	746756
2987.2	n/a	NonTarget	1	746800
2987.372	n/a	NonTarget	1	746843
2987.548	n/a	Target	2	746887
2987.724	n/a	NonTarget	1	746931
2987.896	n/a	NonTarget	1	746974
2988.072	n/a	NonTarget	1	747018
2988.248	n/a	NonTarget	1	747062
2988.424	n/a	Target	2	747106
2988.596	n/a	NonTarget	1	747149
2988.772	n/a	NonTarget	1	747193
2988.948	n/a	NonTarget	1	747237
2989.124	n/a	NonTarget	1	747281
2989.296	n/a	Target	2	747324
2989.472	n/a	NonTarget	1	747368
2989.648	n/a	NonTarget	1	747412
2989.82	n/a	Target	2	747455
2989.996	n/a	NonTarget	1	747499
2990.172	n/a	NonTarget	1	747543
2990.348	n/a	NonTarget	1	747587
2990.52	n/a	NonTarget	1	747630
2990.696	n/a	NonTarget	1	747674
2990.872	n/a	Target	2	747718
2991.048	n/a	NonTarget	1	747762
2991.224	n/a	NonTarget	1	747806
2991.396	n/a	NonTarget	1	747849
2991.572	n/a	NonTarget	1	747893
2991.748	n/a	NonTarget	1	747937
2991.924	n/a	NonTarget	1	747981
2992.096	n/a	Target	2	748024
2992.272	n/a	NonTarget	1	748068
2992.448	n/a	NonTarget	1	748112
2992.624	n/a	NonTarget	1	748156
2992.804	n/a	NonTarget	1	748201
2992.972	n/a	NonTarget	1	748243
2993.148	n/a	NonTarget	1	748287
2993.324	n/a	NonTarget	1	748331
2993.496	n/a	Target	2	748374
2993.672	n/a	NonTarget	1	748418
2993.848	n/a	NonTarget	1	748462
2994.024	n/a	NonTarget	1	748506
2994.2	n/a	NonTarget	1	748550
2994.372	n/a	NonTarget	1	748593
2994.548	n/a	NonTarget	1	748637
2994.724	n/a	Target	2	748681
2994.9	n/a	NonTarget	1	748725
2995.072	n/a	NonTarget	1	748768
2995.248	n/a	Target	2	748812
2995.424	n/a	NonTarget	1	748856
2995.596	n/a	NonTarget	1	748899
2995.772	n/a	NonTarget	1	748943
2995.948	n/a	NonTarget	1	748987
2996.124	n/a	Target	2	749031
2996.296	n/a	NonTarget	1	749074
2996.472	n/a	NonTarget	1	749118
2996.648	n/a	NonTarget	1	749162
2996.824	n/a	NonTarget	1	749206
2996.996	n/a	NonTarget	1	749249
2997.172	n/a	Target	2	749293
2997.348	n/a	NonTarget	1	749337
2997.524	n/a	NonTarget	1	749381
2997.696	n/a	NonTarget	1	749424
2997.872	n/a	NonTarget	1	749468
2998.048	n/a	NonTarget	1	749512
2998.224	n/a	NonTarget	1	749556
2998.4	n/a	NonTarget	1	749600
2998.572	n/a	NonTarget	1	749643
2998.748	n/a	Target	2	749687
2998.924	n/a	NonTarget	1	749731
2999.096	n/a	NonTarget	1	749774
2999.272	n/a	NonTarget	1	749818
2999.448	n/a	NonTarget	1	749862
2999.624	n/a	NonTarget	1	749906
2999.796	n/a	NonTarget	1	749949
2999.972	n/a	NonTarget	1	749993
3000.148	n/a	Target	2	750037
3000.324	n/a	NonTarget	1	750081
3000.496	n/a	NonTarget	1	750124
3000.672	n/a	NonTarget	1	750168
3000.848	n/a	NonTarget	1	750212
3001.024	n/a	NonTarget	1	750256
3001.196	n/a	Target	2	750299
3001.372	n/a	NonTarget	1	750343
3001.548	n/a	NonTarget	1	750387
3001.724	n/a	NonTarget	1	750431
3001.9	n/a	NonTarget	1	750475
3002.072	n/a	Target	2	750518
3002.248	n/a	NonTarget	1	750562
3018.264	n/a	Target	2	754566
3018.44	n/a	NonTarget	1	754610
3018.616	n/a	NonTarget	1	754654
3018.788	n/a	NonTarget	1	754697
3018.964	n/a	NonTarget	1	754741
3019.14	n/a	NonTarget	1	754785
3019.312	n/a	NonTarget	1	754828
3019.488	n/a	Target	2	754872
3019.664	n/a	NonTarget	1	754916
3019.84	n/a	NonTarget	1	754960
3020.012	n/a	NonTarget	1	755003
3020.188	n/a	NonTarget	1	755047
3020.364	n/a	NonTarget	1	755091
3020.54	n/a	NonTarget	1	755135
3020.716	n/a	NonTarget	1	755179
3020.888	n/a	Target	2	755222
3021.064	n/a	NonTarget	1	755266
3021.24	n/a	NonTarget	1	755310
3021.416	n/a	NonTarget	1	755354
3021.592	n/a	Target	2	755398
3021.764	n/a	NonTarget	1	755441
3021.94	n/a	NonTarget	1	755485
3022.116	n/a	NonTarget	1	755529
3022.292	n/a	NonTarget	1	755573
3022.464	n/a	NonTarget	1	755616
3022.64	n/a	Target	2	755660
3022.816	n/a	NonTarget	1	755704
3022.988	n/a	NonTarget	1	755747
3023.164	n/a	NonTarget	1	755791
3023.34	n/a	NonTarget	1	755835
3023.516	n/a	Target	2	755879
3023.688	n/a	NonTarget	1	755922
3023.864	n/a	NonTarget	1	755966
3024.04	n/a	NonTarget	1	756010
3024.216	n/a	NonTarget	1	756054
3024.388	n/a	NonTarget	1	756097
3024.564	n/a	NonTarget	1	756141
3024.74	n/a	Target	2	756185
3024.916	n/a	NonTarget	1	756229
3025.088	n/a	NonTarget	1	756272
3025.264	n/a	NonTarget	1	756316
3025.44	n/a	NonTarget	1	756360
3025.616	n/a	NonTarget	1	756404
3025.788	n/a	NonTarget	1	756447
3025.964	n/a	NonTarget	1	756491
3026.14	n/a	NonTarget	1	756535
3026.316	n/a	Target	2	756579
3026.488	n/a	NonTarget	1	756622
3026.664	n/a	NonTarget	1	756666
3026.84	n/a	NonTarget	1	756710
3027.016	n/a	Target	2	756754
3027.192	n/a	NonTarget	1	756798
3027.364	n/a	NonTarget	1	756841
3027.54	n/a	NonTarget	1	756885
3027.716	n/a	NonTarget	1	756929
3027.888	n/a	NonTarget	1	756972
3028.064	n/a	Target	2	757016
3028.24	n/a	NonTarget	1	757060
3028.416	n/a	NonTarget	1	757104
3028.592	n/a	NonTarget	1	757148
3028.764	n/a	NonTarget	1	757191
3028.94	n/a	Target	2	757235
3029.116	n/a	NonTarget	1	757279
3029.292	n/a	NonTarget	1	757323
3029.464	n/a	NonTarget	1	757366
3029.64	n/a	NonTarget	1	757410
3029.816	n/a	Target	2	757454
3029.988	n/a	NonTarget	1	757497
3030.164	n/a	NonTarget	1	757541
3030.34	n/a	NonTarget	1	757585
3030.516	n/a	NonTarget	1	757629
3030.688	n/a	NonTarget	1	757672
3030.864	n/a	NonTarget	1	757716
3031.04	n/a	Target	2	757760
3031.216	n/a	NonTarget	1	757804
3031.388	n/a	NonTarget	1	757847
3031.564	n/a	NonTarget	1	757891
3031.74	n/a	NonTarget	1	757935
3031.916	n/a	Target	2	757979
3032.088	n/a	NonTarget	1	758022
3032.264	n/a	NonTarget	1	758066
3032.44	n/a	NonTarget	1	758110
3032.616	n/a	NonTarget	1	758154
3032.792	n/a	NonTarget	1	758198
3032.964	n/a	Target	2	758241
3033.14	n/a	NonTarget	1	758285
3033.316	n/a	NonTarget	1	758329
3033.488	n/a	NonTarget	1	758372
3033.664	n/a	NonTarget	1	758416
3033.84	n/a	NonTarget	1	758460
3068.144	n/a	NonTarget	1	767036
3068.32	n/a	NonTarget	1	767080
3068.496	n/a	NonTarget	1	767124
3068.672	n/a	NonTarget	1	767168
3068.844	n/a	Target	2	767211
3069.02	n/a	NonTarget	1	767255
3069.196	n/a	NonTarget	1	767299
3069.372	n/a	NonTarget	1	767343
3069.544	n/a	Target	2	767386
3069.72	n/a	NonTarget	1	767430
3069.896	n/a	NonTarget	1	767474
3070.072	n/a	NonTarget	1	767518
3070.244	n/a	Target	2	767561
3070.42	n/a	NonTarget	1	767605
3070.596	n/a	NonTarget	1	767649
3070.772	n/a	NonTarget	1	767693
3070.944	n/a	NonTarget	1	767736
3071.12	n/a	NonTarget	1	767780
3071.296	n/a	NonTarget	1	767824
3071.472	n/a	NonTarget	1	767868
3071.644	n/a	Target	2	767911
3071.82	n/a	NonTarget	1	767955
3071.996	n/a	NonTarget	1	767999
3072.176	n/a	NonTarget	1	768044
3072.344	n/a	Target	2	768086
3072.52	n/a	NonTarget	1	768130
3072.696	n/a	NonTarget	1	768174
3072.872	n/a	NonTarget	1	768218
3073.044	n/a	NonTarget	1	768261
3073.22	n/a	NonTarget	1	768305
3073.396	n/a	NonTarget	1	768349
3073.572	n/a	NonTarget	1	768393
3073.744	n/a	Target	2	768436
3073.92	n/a	NonTarget	1	768480
3074.096	n/a	NonTarget	1	768524
3074.272	n/a	NonTarget	1	768568
3074.444	n/a	NonTarget	1	768611
3074.62	n/a	NonTarget	1	768655
3074.796	n/a	Target	2	768699
3074.972	n/a	NonTarget	1	768743
3075.148	n/a	NonTarget	1	768787
3075.32	n/a	NonTarget	1	768830
3075.496	n/a	NonTarget	1	768874
3075.672	n/a	NonTarget	1	768918
3075.844	n/a	Target	2	768961
3076.02	n/a	NonTarget	1	769005
3076.196	n/a	NonTarget	1	769049
3076.372	n/a	NonTarget	1	769093
3076.544	n/a	Target	2	769136
3076.72	n/a	NonTarget	1	769180
3076.896	n/a	NonTarget	1	769224
3077.072	n/a	NonTarget	1	769268
3077.244	n/a	NonTarget	1	769311
3077.42	n/a	NonTarget	1	769355
3077.596	n/a	NonTarget	1	769399
3077.772	n/a	NonTarget	1	769443
3077.944	n/a	NonTarget	1	769486
3078.12	n/a	NonTarget	1	769530
3078.296	n/a	Target	2	769574
3078.472	n/a	NonTarget	1	769618
3078.644	n/a	NonTarget	1	769661
3078.82	n/a	NonTarget	1	769705
3078.996	n/a	NonTarget	1	769749
3079.172	n/a	Target	2	769793
3079.344	n/a	NonTarget	1	769836
3079.52	n/a	NonTarget	1	769880
3079.696	n/a	NonTarget	1	769924
3079.872	n/a	NonTarget	1	769968
3080.044	n/a	Target	2	770011
3080.22	n/a	NonTarget	1	770055
3080.396	n/a	NonTarget	1	770099
3080.572	n/a	NonTarget	1	770143
3080.744	n/a	NonTarget	1	770186
3080.92	n/a	NonTarget	1	770230
3081.096	n/a	Target	2	770274
3081.272	n/a	NonTarget	1	770318
3081.444	n/a	NonTarget	1	770361
3081.62	n/a	NonTarget	1	770405
3081.796	n/a	NonTarget	1	770449
3081.972	n/a	Target	2	770493
3082.144	n/a	NonTarget	1	770536
3082.32	n/a	NonTarget	1	770580
3082.496	n/a	NonTarget	1	770624
3082.672	n/a	NonTarget	1	770668
3082.844	n/a	NonTarget	1	770711
3083.02	n/a	Target	2	770755
3083.196	n/a	NonTarget	1	770799
3083.372	n/a	NonTarget	1	770843
3083.544	n/a	NonTarget	1	770886
3083.72	n/a	NonTarget	1	770930
3098.904	n/a	NonTarget	1	774726
3099.076	n/a	NonTarget	1	774769
3099.252	n/a	NonTarget	1	774813
3099.428	n/a	NonTarget	1	774857
3099.604	n/a	NonTarget	1	774901
3099.776	n/a	Target	2	774944
3099.952	n/a	NonTarget	1	774988
3100.128	n/a	NonTarget	1	775032
3100.304	n/a	NonTarget	1	775076
3100.476	n/a	NonTarget	1	775119
3100.652	n/a	NonTarget	1	775163
3100.828	n/a	Target	2	775207
3101.004	n/a	NonTarget	1	775251
3101.176	n/a	NonTarget	1	775294
3101.352	n/a	Target	2	775338
3101.528	n/a	NonTarget	1	775382
3101.704	n/a	NonTarget	1	775426
3101.876	n/a	NonTarget	1	775469
3102.052	n/a	NonTarget	1	775513
3102.228	n/a	NonTarget	1	775557
3102.404	n/a	NonTarget	1	775601
3102.576	n/a	NonTarget	1	775644
3102.752	n/a	NonTarget	1	775688
3102.928	n/a	Target	2	775732
3103.104	n/a	NonTarget	1	775776
3103.276	n/a	NonTarget	1	775819
3103.452	n/a	NonTarget	1	775863
3103.628	n/a	NonTarget	1	775907
3103.804	n/a	NonTarget	1	775951
3103.976	n/a	Target	2	775994
3104.152	n/a	NonTarget	1	776038
3104.328	n/a	NonTarget	1	776082
3104.504	n/a	NonTarget	1	776126
3104.68	n/a	Target	2	776170
3104.852	n/a	NonTarget	1	776213
3105.028	n/a	NonTarget	1	776257
3105.204	n/a	NonTarget	1	776301
3105.376	n/a	NonTarget	1	776344
3105.552	n/a	NonTarget	1	776388
3105.728	n/a	NonTarget	1	776432
3105.904	n/a	NonTarget	1	776476
3106.076	n/a	Target	2	776519
3106.252	n/a	NonTarget	1	776563
3106.428	n/a	NonTarget	1	776607
3106.604	n/a	Target	2	776651
3106.776	n/a	NonTarget	1	776694
3106.956	n/a	NonTarget	1	776739
3107.128	n/a	NonTarget	1	776782
3107.304	n/a	NonTarget	1	776826
3107.476	n/a	NonTarget	1	776869
3107.652	n/a	NonTarget	1	776913
3107.828	n/a	NonTarget	1	776957
3108.004	n/a	NonTarget	1	777001
3108.176	n/a	Target	2	777044
3108.352	n/a	NonTarget	1	777088
3108.528	n/a	NonTarget	1	777132
3108.704	n/a	NonTarget	1	777176
3108.876	n/a	NonTarget	1	777219
3109.052	n/a	NonTarget	1	777263
3109.228	n/a	Target	2	777307
3109.404	n/a	NonTarget	1	777351
3109.576	n/a	NonTarget	1	777394
3109.752	n/a	NonTarget	1	777438
3109.928	n/a	NonTarget	1	777482
3110.1	n/a	Target	2	777525
3110.276	n/a	NonTarget	1	777569
3110.452	n/a	NonTarget	1	777613
3110.628	n/a	NonTarget	1	777657
3110.804	n/a	NonTarget	1	777701
3110.976	n/a	NonTarget	1	777744
3111.152	n/a	Target	2	777788
3111.328	n/a	NonTarget	1	777832
3111.504	n/a	NonTarget	1	777876
3111.676	n/a	NonTarget	1	777919
3111.852	n/a	Target	2	777963
3112.028	n/a	NonTarget	1	778007
3112.204	n/a	NonTarget	1	778051
3112.376	n/a	NonTarget	1	778094
3112.552	n/a	NonTarget	1	778138
3112.728	n/a	NonTarget	1	778182
3112.904	n/a	NonTarget	1	778226
3113.076	n/a	NonTarget	1	778269
3113.252	n/a	NonTarget	1	778313
3113.428	n/a	Target	2	778357
3113.604	n/a	NonTarget	1	778401
3113.776	n/a	NonTarget	1	778444
3113.952	n/a	NonTarget	1	778488
3114.128	n/a	NonTarget	1	778532
3114.304	n/a	NonTarget	1	778576
3114.476	n/a	Target	2	778619
3135.82	n/a	NonTarget	1	783955
3135.996	n/a	NonTarget	1	783999
3136.168	n/a	Target	2	784042
3136.344	n/a	NonTarget	1	784086
3136.52	n/a	NonTarget	1	784130
3136.696	n/a	NonTarget	1	784174
3136.868	n/a	NonTarget	1	784217
3137.044	n/a	NonTarget	1	784261
3137.22	n/a	NonTarget	1	784305
3137.396	n/a	Target	2	784349
3137.568	n/a	NonTarget	1	784392
3137.744	n/a	NonTarget	1	784436
3137.92	n/a	NonTarget	1	784480
3138.096	n/a	NonTarget	1	784524
3138.276	n/a	NonTarget	1	784569
3138.444	n/a	NonTarget	1	784611
3138.62	n/a	NonTarget	1	784655
3138.796	n/a	Target	2	784699
3138.968	n/a	NonTarget	1	784742
3139.144	n/a	NonTarget	1	784786
3139.32	n/a	NonTarget	1	784830
3139.496	n/a	NonTarget	1	784874
3139.668	n/a	NonTarget	1	784917
3139.844	n/a	Target	2	784961
3140.02	n/a	NonTarget	1	785005
3140.192	n/a	NonTarget	1	785048
3140.368	n/a	Target	2	785092
3140.544	n/a	NonTarget	1	785136
3140.72	n/a	NonTarget	1	785180
3140.904	n/a	NonTarget	1	785226
3141.068	n/a	NonTarget	1	785267
3141.244	n/a	Target	2	785311
3141.42	n/a	NonTarget	1	785355
3141.596	n/a	NonTarget	1	785399
3141.768	n/a	NonTarget	1	785442
3141.944	n/a	NonTarget	1	785486
3142.12	n/a	NonTarget	1	785530
3142.296	n/a	NonTarget	1	785574
3142.472	n/a	NonTarget	1	785618
3142.644	n/a	NonTarget	1	785661
3142.82	n/a	Target	2	785705
3142.996	n/a	NonTarget	1	785749
3143.168	n/a	NonTarget	1	785792
3143.344	n/a	NonTarget	1	785836
3143.52	n/a	Target	2	785880
3143.696	n/a	NonTarget	1	785924
3143.868	n/a	NonTarget	1	785967
3144.044	n/a	NonTarget	1	786011
3144.22	n/a	NonTarget	1	786055
3144.396	n/a	NonTarget	1	786099
3144.568	n/a	NonTarget	1	786142
3144.744	n/a	NonTarget	1	786186
3144.92	n/a	Target	2	786230
3145.096	n/a	NonTarget	1	786274
3145.272	n/a	NonTarget	1	786318
3145.444	n/a	NonTarget	1	786361
3145.624	n/a	NonTarget	1	786406
3145.796	n/a	NonTarget	1	786449
3145.968	n/a	Target	2	786492
3146.144	n/a	NonTarget	1	786536
3146.32	n/a	NonTarget	1	786580
3146.496	n/a	NonTarget	1	786624
3146.668	n/a	NonTarget	1	786667
3146.844	n/a	NonTarget	1	786711
3147.02	n/a	Target	2	786755
3147.196	n/a	NonTarget	1	786799
3147.368	n/a	NonTarget	1	786842
3147.544	n/a	NonTarget	1	786886
3147.72	n/a	Target	2	786930
3147.896	n/a	NonTarget	1	786974
3148.068	n/a	NonTarget	1	787017
3148.244	n/a	NonTarget	1	787061
3148.42	n/a	Target	2	787105
3148.596	n/a	NonTarget	1	787149
3148.768	n/a	NonTarget	1	787192
3148.944	n/a	NonTarget	1	787236
3149.12	n/a	NonTarget	1	787280
3149.296	n/a	NonTarget	1	787324
3149.468	n/a	NonTarget	1	787367
3149.644	n/a	NonTarget	1	787411
3149.82	n/a	Target	2	787455
3149.996	n/a	NonTarget	1	787499
3150.168	n/a	NonTarget	1	787542
3150.344	n/a	NonTarget	1	787586
3150.52	n/a	Target	2	787630
3150.696	n/a	NonTarget	1	787674
3150.868	n/a	NonTarget	1	787717
3151.044	n/a	NonTarget	1	787761
3151.22	n/a	NonTarget	1	787805
3151.396	n/a	NonTarget	1	787849
3166.6	n/a	Target	2	791650
3166.776	n/a	NonTarget	1	791694
3166.952	n/a	NonTarget	1	791738
3167.128	n/a	NonTarget	1	791782
3167.3	n/a	NonTarget	1	791825
3167.476	n/a	NonTarget	1	791869
3167.652	n/a	Target	2	791913
3167.828	n/a	NonTarget	1	791957
3168.0	n/a	NonTarget	1	792000
3168.176	n/a	NonTarget	1	792044
3168.352	n/a	NonTarget	1	792088
3168.528	n/a	NonTarget	1	792132
3168.7	n/a	Target	2	792175
3168.876	n/a	NonTarget	1	792219
3169.052	n/a	NonTarget	1	792263
3169.228	n/a	NonTarget	1	792307
3169.4	n/a	NonTarget	1	792350
3169.576	n/a	NonTarget	1	792394
3169.752	n/a	NonTarget	1	792438
3169.924	n/a	NonTarget	1	792481
3170.1	n/a	NonTarget	1	792525
3170.276	n/a	NonTarget	1	792569
3170.452	n/a	Target	2	792613
3170.624	n/a	NonTarget	1	792656
3170.8	n/a	NonTarget	1	792700
3170.976	n/a	NonTarget	1	792744
3171.152	n/a	Target	2	792788
3171.328	n/a	NonTarget	1	792832
3171.5	n/a	NonTarget	1	792875
3171.676	n/a	NonTarget	1	792919
3171.852	n/a	NonTarget	1	792963
3172.024	n/a	NonTarget	1	793006
3172.2	n/a	NonTarget	1	793050
3172.376	n/a	NonTarget	1	793094
3172.552	n/a	NonTarget	1	793138
3172.724	n/a	Target	2	793181
3172.9	n/a	NonTarget	1	793225
3173.076	n/a	NonTarget	1	793269
3173.252	n/a	NonTarget	1	793313
3173.424	n/a	NonTarget	1	793356
3173.6	n/a	NonTarget	1	793400
3173.776	n/a	Target	2	793444
3173.952	n/a	NonTarget	1	793488
3174.124	n/a	NonTarget	1	793531
3174.3	n/a	NonTarget	1	793575
3174.476	n/a	NonTarget	1	793619
3174.652	n/a	NonTarget	1	793663
3174.828	n/a	Target	2	793707
3175.0	n/a	NonTarget	1	793750
3175.176	n/a	NonTarget	1	793794
3175.352	n/a	NonTarget	1	793838
3175.524	n/a	NonTarget	1	793881
3175.7	n/a	NonTarget	1	793925
3175.876	n/a	Target	2	793969
3176.052	n/a	NonTarget	1	794013
3176.224	n/a	NonTarget	1	794056
3176.4	n/a	NonTarget	1	794100
3176.576	n/a	NonTarget	1	794144
3176.752	n/a	NonTarget	1	794188
3176.924	n/a	Target	2	794231
3177.1	n/a	NonTarget	1	794275
3177.276	n/a	NonTarget	1	794319
3177.452	n/a	NonTarget	1	794363
3177.624	n/a	NonTarget	1	794406
3177.8	n/a	NonTarget	1	794450
3177.976	n/a	Target	2	794494
3178.152	n/a	NonTarget	1	794538
3178.328	n/a	NonTarget	1	794582
3178.5	n/a	NonTarget	1	794625
3178.676	n/a	NonTarget	1	794669
3178.852	n/a	NonTarget	1	794713
3179.028	n/a	Target	2	794757
3179.2	n/a	NonTarget	1	794800
3179.376	n/a	NonTarget	1	794844
3179.552	n/a	Target	2	794888
3179.728	n/a	NonTarget	1	794932
3179.9	n/a	NonTarget	1	794975
3180.076	n/a	NonTarget	1	795019
3180.252	n/a	NonTarget	1	795063
3180.428	n/a	NonTarget	1	795107
3180.6	n/a	NonTarget	1	795150
3180.776	n/a	NonTarget	1	795194
3180.952	n/a	NonTarget	1	795238
3181.128	n/a	Target	2	795282
3181.3	n/a	NonTarget	1	795325
3181.476	n/a	NonTarget	1	795369
3181.652	n/a	NonTarget	1	795413
3181.828	n/a	NonTarget	1	795457
3182.0	n/a	NonTarget	1	795500
3182.176	n/a	Target	2	795544
3203.388	n/a	NonTarget	1	800847
3203.56	n/a	Target	2	800890
3203.736	n/a	NonTarget	1	800934
3203.912	n/a	NonTarget	1	800978
3204.088	n/a	NonTarget	1	801022
3204.26	n/a	NonTarget	1	801065
3204.436	n/a	Target	2	801109
3204.612	n/a	NonTarget	1	801153
3204.788	n/a	NonTarget	1	801197
3204.96	n/a	NonTarget	1	801240
3205.136	n/a	NonTarget	1	801284
3205.312	n/a	NonTarget	1	801328
3205.488	n/a	NonTarget	1	801372
3205.66	n/a	NonTarget	1	801415
3205.836	n/a	NonTarget	1	801459
3206.012	n/a	NonTarget	1	801503
3206.188	n/a	NonTarget	1	801547
3206.36	n/a	Target	2	801590
3206.536	n/a	NonTarget	1	801634
3206.712	n/a	NonTarget	1	801678
3206.888	n/a	NonTarget	1	801722
3207.06	n/a	Target	2	801765
3207.236	n/a	NonTarget	1	801809
3207.412	n/a	NonTarget	1	801853
3207.588	n/a	NonTarget	1	801897
3207.76	n/a	NonTarget	1	801940
3207.936	n/a	NonTarget	1	801984
3208.112	n/a	Target	2	802028
3208.288	n/a	NonTarget	1	802072
3208.46	n/a	NonTarget	1	802115
3208.636	n/a	NonTarget	1	802159
3208.812	n/a	NonTarget	1	802203
3208.988	n/a	Target	2	802247
3209.16	n/a	NonTarget	1	802290
3209.336	n/a	NonTarget	1	802334
3209.512	n/a	NonTarget	1	802378
3209.688	n/a	Target	2	802422
3209.86	n/a	NonTarget	1	802465
3210.036	n/a	NonTarget	1	802509
3210.212	n/a	NonTarget	1	802553
3210.388	n/a	NonTarget	1	802597
3210.564	n/a	NonTarget	1	802641
3210.736	n/a	Target	2	802684
3210.912	n/a	NonTarget	1	802728
3211.088	n/a	NonTarget	1	802772
3211.26	n/a	NonTarget	1	802815
3211.436	n/a	NonTarget	1	802859
3211.612	n/a	NonTarget	1	802903
3211.788	n/a	Target	2	802947
3211.96	n/a	NonTarget	1	802990
3212.136	n/a	NonTarget	1	803034
3212.312	n/a	NonTarget	1	803078
3212.488	n/a	NonTarget	1	803122
3212.66	n/a	NonTarget	1	803165
3212.836	n/a	NonTarget	1	803209
3213.012	n/a	NonTarget	1	803253
3213.184	n/a	Target	2	803296
3213.364	n/a	NonTarget	1	803341
3213.536	n/a	NonTarget	1	803384
3213.712	n/a	NonTarget	1	803428
3213.888	n/a	NonTarget	1	803472
3214.06	n/a	NonTarget	1	803515
3214.236	n/a	Target	2	803559
3214.412	n/a	NonTarget	1	803603
3214.584	n/a	NonTarget	1	803646
3214.76	n/a	NonTarget	1	803690
3214.936	n/a	NonTarget	1	803734
3215.112	n/a	NonTarget	1	803778
3215.288	n/a	NonTarget	1	803822
3215.46	n/a	Target	2	803865
3215.636	n/a	NonTarget	1	803909
3215.812	n/a	NonTarget	1	803953
3215.988	n/a	NonTarget	1	803997
3216.16	n/a	NonTarget	1	804040
3216.336	n/a	NonTarget	1	804084
3216.512	n/a	NonTarget	1	804128
3216.688	n/a	NonTarget	1	804172
3216.86	n/a	Target	2	804215
3217.036	n/a	NonTarget	1	804259
3217.212	n/a	NonTarget	1	804303
3217.388	n/a	NonTarget	1	804347
3217.56	n/a	NonTarget	1	804390
3217.736	n/a	NonTarget	1	804434
3217.912	n/a	Target	2	804478
3218.088	n/a	NonTarget	1	804522
3218.26	n/a	NonTarget	1	804565
3218.444	n/a	Target	2	804611
3218.612	n/a	NonTarget	1	804653
3218.788	n/a	NonTarget	1	804697
3218.96	n/a	NonTarget	1	804740
3234.252	n/a	NonTarget	1	808563
3234.428	n/a	NonTarget	1	808607
3234.6	n/a	Target	2	808650
3234.776	n/a	NonTarget	1	808694
3234.952	n/a	NonTarget	1	808738
3235.128	n/a	NonTarget	1	808782
3235.3	n/a	Target	2	808825
3235.476	n/a	NonTarget	1	808869
3235.652	n/a	NonTarget	1	808913
3235.828	n/a	NonTarget	1	808957
3236.0	n/a	NonTarget	1	809000
3236.176	n/a	NonTarget	1	809044
3236.352	n/a	Target	2	809088
3236.524	n/a	NonTarget	1	809131
3236.7	n/a	NonTarget	1	809175
3236.876	n/a	NonTarget	1	809219
3237.052	n/a	NonTarget	1	809263
3237.224	n/a	NonTarget	1	809306
3237.4	n/a	NonTarget	1	809350
3237.576	n/a	Target	2	809394
3237.752	n/a	NonTarget	1	809438
3237.928	n/a	NonTarget	1	809482
3238.1	n/a	NonTarget	1	809525
3238.276	n/a	NonTarget	1	809569
3238.452	n/a	NonTarget	1	809613
3238.628	n/a	NonTarget	1	809657
3238.8	n/a	Target	2	809700
3238.976	n/a	NonTarget	1	809744
3239.152	n/a	NonTarget	1	809788
3239.324	n/a	NonTarget	1	809831
3239.5	n/a	NonTarget	1	809875
3239.676	n/a	Target	2	809919
3239.852	n/a	NonTarget	1	809963
3240.028	n/a	NonTarget	1	810007
3240.2	n/a	NonTarget	1	810050
3240.376	n/a	NonTarget	1	810094
3240.552	n/a	NonTarget	1	810138
3240.724	n/a	NonTarget	1	810181
3240.9	n/a	NonTarget	1	810225
3241.076	n/a	NonTarget	1	810269
3241.252	n/a	Target	2	810313
3241.424	n/a	NonTarget	1	810356
3241.6	n/a	NonTarget	1	810400
3241.776	n/a	Target	2	810444
3241.952	n/a	NonTarget	1	810488
3242.128	n/a	NonTarget	1	810532
3242.3	n/a	NonTarget	1	810575
3242.476	n/a	NonTarget	1	810619
3242.652	n/a	Target	2	810663
3242.828	n/a	NonTarget	1	810707
3243.0	n/a	NonTarget	1	810750
3243.176	n/a	NonTarget	1	810794
3243.352	n/a	NonTarget	1	810838
3243.528	n/a	NonTarget	1	810882
3243.7	n/a	NonTarget	1	810925
3243.876	n/a	NonTarget	1	810969
3244.052	n/a	NonTarget	1	811013
3244.224	n/a	NonTarget	1	811056
3244.4	n/a	NonTarget	1	811100
3244.576	n/a	Target	2	811144
3244.752	n/a	NonTarget	1	811188
3244.924	n/a	NonTarget	1	811231
3245.1	n/a	NonTarget	1	811275
3245.276	n/a	Target	2	811319
3245.452	n/a	NonTarget	1	811363
3245.624	n/a	NonTarget	1	811406
3245.8	n/a	NonTarget	1	811450
3245.976	n/a	NonTarget	1	811494
3246.152	n/a	NonTarget	1	811538
3246.324	n/a	NonTarget	1	811581
3246.5	n/a	NonTarget	1	811625
3246.676	n/a	Target	2	811669
3246.852	n/a	NonTarget	1	811713
3247.024	n/a	NonTarget	1	811756
3247.208	n/a	NonTarget	1	811802
3247.376	n/a	NonTarget	1	811844
3247.552	n/a	Target	2	811888
3247.724	n/a	NonTarget	1	811931
3247.9	n/a	NonTarget	1	811975
3248.076	n/a	NonTarget	1	812019
3248.252	n/a	Target	2	812063
3248.424	n/a	NonTarget	1	812106
3248.6	n/a	NonTarget	1	812150
3248.776	n/a	NonTarget	1	812194
3248.952	n/a	NonTarget	1	812238
3249.128	n/a	Target	2	812282
3249.3	n/a	NonTarget	1	812325
3249.476	n/a	NonTarget	1	812369
3249.652	n/a	NonTarget	1	812413
3249.824	n/a	NonTarget	1	812456
3271.164	n/a	NonTarget	1	817791
3271.336	n/a	NonTarget	1	817834
3271.512	n/a	NonTarget	1	817878
3271.688	n/a	Target	2	817922
3271.864	n/a	NonTarget	1	817966
3272.036	n/a	NonTarget	1	818009
3272.212	n/a	NonTarget	1	818053
3272.388	n/a	NonTarget	1	818097
3272.564	n/a	Target	2	818141
3272.736	n/a	NonTarget	1	818184
3272.912	n/a	NonTarget	1	818228
3273.088	n/a	NonTarget	1	818272
3273.264	n/a	NonTarget	1	818316
3273.436	n/a	NonTarget	1	818359
3273.612	n/a	Target	2	818403
3273.788	n/a	NonTarget	1	818447
3273.964	n/a	NonTarget	1	818491
3274.136	n/a	NonTarget	1	818534
3274.312	n/a	NonTarget	1	818578
3274.488	n/a	Target	2	818622
3274.664	n/a	NonTarget	1	818666
3274.836	n/a	NonTarget	1	818709
3275.012	n/a	NonTarget	1	818753
3275.188	n/a	NonTarget	1	818797
3275.368	n/a	NonTarget	1	818842
3275.536	n/a	Target	2	818884
3275.712	n/a	NonTarget	1	818928
3275.888	n/a	NonTarget	1	818972
3276.064	n/a	NonTarget	1	819016
3276.236	n/a	NonTarget	1	819059
3276.412	n/a	NonTarget	1	819103
3276.588	n/a	NonTarget	1	819147
3276.764	n/a	NonTarget	1	819191
3276.936	n/a	Target	2	819234
3277.112	n/a	NonTarget	1	819278
3277.288	n/a	NonTarget	1	819322
3277.464	n/a	NonTarget	1	819366
3277.644	n/a	NonTarget	1	819411
3277.812	n/a	NonTarget	1	819453
3277.988	n/a	Target	2	819497
3278.164	n/a	NonTarget	1	819541
3278.34	n/a	NonTarget	1	819585
3278.512	n/a	NonTarget	1	819628
3278.688	n/a	NonTarget	1	819672
3278.864	n/a	NonTarget	1	819716
3279.04	n/a	NonTarget	1	819760
3279.212	n/a	Target	2	819803
3279.388	n/a	NonTarget	1	819847
3279.564	n/a	NonTarget	1	819891
3279.736	n/a	NonTarget	1	819934
3279.912	n/a	Target	2	819978
3280.088	n/a	NonTarget	1	820022
3280.26	n/a	NonTarget	1	820065
3280.436	n/a	NonTarget	1	820109
3280.612	n/a	NonTarget	1	820153
3280.788	n/a	Target	2	820197
3280.964	n/a	NonTarget	1	820241
3281.136	n/a	NonTarget	1	820284
3281.312	n/a	NonTarget	1	820328
3281.488	n/a	NonTarget	1	820372
3281.664	n/a	NonTarget	1	820416
3281.836	n/a	Target	2	820459
3282.012	n/a	NonTarget	1	820503
3282.188	n/a	NonTarget	1	820547
3282.364	n/a	NonTarget	1	820591
3282.536	n/a	NonTarget	1	820634
3282.712	n/a	Target	2	820678
3282.888	n/a	NonTarget	1	820722
3283.06	n/a	NonTarget	1	820765
3283.236	n/a	NonTarget	1	820809
3283.412	n/a	NonTarget	1	820853
3283.588	n/a	NonTarget	1	820897
3283.76	n/a	NonTarget	1	820940
3283.936	n/a	NonTarget	1	820984
3284.112	n/a	NonTarget	1	821028
3284.288	n/a	NonTarget	1	821072
3284.464	n/a	NonTarget	1	821116
3284.64	n/a	Target	2	821160
3284.812	n/a	NonTarget	1	821203
3284.988	n/a	NonTarget	1	821247
3285.16	n/a	NonTarget	1	821290
3285.336	n/a	Target	2	821334
3285.512	n/a	NonTarget	1	821378
3285.688	n/a	NonTarget	1	821422
3285.864	n/a	NonTarget	1	821466
3286.036	n/a	NonTarget	1	821509
3286.212	n/a	NonTarget	1	821553
3286.388	n/a	Target	2	821597
3286.56	n/a	NonTarget	1	821640
3286.736	n/a	NonTarget	1	821684
3302.128	n/a	NonTarget	1	825532
3302.304	n/a	NonTarget	1	825576
3302.48	n/a	NonTarget	1	825620
3302.656	n/a	Target	2	825664
3302.828	n/a	NonTarget	1	825707
3303.004	n/a	NonTarget	1	825751
3303.18	n/a	NonTarget	1	825795
3303.356	n/a	NonTarget	1	825839
3303.528	n/a	NonTarget	1	825882
3303.704	n/a	Target	2	825926
3303.88	n/a	NonTarget	1	825970
3304.056	n/a	NonTarget	1	826014
3304.228	n/a	NonTarget	1	826057
3304.404	n/a	NonTarget	1	826101
3304.58	n/a	NonTarget	1	826145
3304.756	n/a	NonTarget	1	826189
3304.928	n/a	Target	2	826232
3305.104	n/a	NonTarget	1	826276
3305.28	n/a	NonTarget	1	826320
3305.456	n/a	NonTarget	1	826364
3305.632	n/a	NonTarget	1	826408
3305.804	n/a	Target	2	826451
3305.98	n/a	NonTarget	1	826495
3306.156	n/a	NonTarget	1	826539
3306.328	n/a	Target	2	826582
3306.504	n/a	NonTarget	1	826626
3306.68	n/a	NonTarget	1	826670
3306.856	n/a	NonTarget	1	826714
3307.028	n/a	NonTarget	1	826757
3307.204	n/a	NonTarget	1	826801
3307.38	n/a	Target	2	826845
3307.556	n/a	NonTarget	1	826889
3307.728	n/a	NonTarget	1	826932
3307.904	n/a	NonTarget	1	826976
3308.08	n/a	NonTarget	1	827020
3308.256	n/a	NonTarget	1	827064
3308.428	n/a	NonTarget	1	827107
3308.604	n/a	Target	2	827151
3308.78	n/a	NonTarget	1	827195
3308.956	n/a	NonTarget	1	827239
3309.128	n/a	NonTarget	1	827282
3309.304	n/a	NonTarget	1	827326
3309.48	n/a	NonTarget	1	827370
3309.656	n/a	Target	2	827414
3309.828	n/a	NonTarget	1	827457
3310.004	n/a	NonTarget	1	827501
3310.18	n/a	NonTarget	1	827545
3310.356	n/a	NonTarget	1	827589
3310.528	n/a	NonTarget	1	827632
3310.704	n/a	NonTarget	1	827676
3310.88	n/a	NonTarget	1	827720
3311.056	n/a	Target	2	827764
3311.232	n/a	NonTarget	1	827808
3311.404	n/a	NonTarget	1	827851
3311.58	n/a	NonTarget	1	827895
3311.756	n/a	NonTarget	1	827939
3311.928	n/a	NonTarget	1	827982
3312.104	n/a	NonTarget	1	828026
3312.28	n/a	Target	2	828070
3312.456	n/a	NonTarget	1	828114
3312.628	n/a	NonTarget	1	828157
3312.804	n/a	NonTarget	1	828201
3312.98	n/a	Target	2	828245
3313.156	n/a	NonTarget	1	828289
3313.328	n/a	NonTarget	1	828332
3313.504	n/a	NonTarget	1	828376
3313.68	n/a	Target	2	828420
3313.856	n/a	NonTarget	1	828464
3314.028	n/a	NonTarget	1	828507
3314.204	n/a	NonTarget	1	828551
3314.38	n/a	NonTarget	1	828595
3314.556	n/a	NonTarget	1	828639
3314.728	n/a	Target	2	828682
3314.904	n/a	NonTarget	1	828726
3315.08	n/a	NonTarget	1	828770
3315.256	n/a	NonTarget	1	828814
3315.428	n/a	NonTarget	1	828857
3315.604	n/a	NonTarget	1	828901
3315.78	n/a	NonTarget	1	828945
3315.956	n/a	Target	2	828989
3316.128	n/a	NonTarget	1	829032
3316.304	n/a	NonTarget	1	829076
3316.48	n/a	NonTarget	1	829120
3316.656	n/a	NonTarget	1	829164
3316.828	n/a	NonTarget	1	829207
3317.004	n/a	NonTarget	1	829251
3317.18	n/a	Target	2	829295
3317.356	n/a	NonTarget	1	829339
3317.528	n/a	NonTarget	1	829382
3317.704	n/a	NonTarget	1	829426
3339.004	n/a	NonTarget	1	834751
3339.18	n/a	NonTarget	1	834795
3339.352	n/a	NonTarget	1	834838
3339.528	n/a	NonTarget	1	834882
3339.704	n/a	Target	2	834926
3339.88	n/a	NonTarget	1	834970
3340.056	n/a	NonTarget	1	835014
3340.228	n/a	NonTarget	1	835057
3340.404	n/a	Target	2	835101
3340.58	n/a	NonTarget	1	835145
3340.752	n/a	NonTarget	1	835188
3340.928	n/a	NonTarget	1	835232
3341.104	n/a	Target	2	835276
3341.28	n/a	NonTarget	1	835320
3341.468	n/a	NonTarget	1	835367
3341.628	n/a	NonTarget	1	835407
3341.804	n/a	NonTarget	1	835451
3341.98	n/a	NonTarget	1	835495
3342.156	n/a	NonTarget	1	835539
3342.328	n/a	NonTarget	1	835582
3342.504	n/a	Target	2	835626
3342.68	n/a	NonTarget	1	835670
3342.852	n/a	NonTarget	1	835713
3343.028	n/a	NonTarget	1	835757
3343.204	n/a	Target	2	835801
3343.38	n/a	NonTarget	1	835845
3343.552	n/a	NonTarget	1	835888
3343.728	n/a	NonTarget	1	835932
3343.904	n/a	NonTarget	1	835976
3344.08	n/a	NonTarget	1	836020
3344.256	n/a	NonTarget	1	836064
3344.432	n/a	NonTarget	1	836108
3344.604	n/a	Target	2	836151
3344.78	n/a	NonTarget	1	836195
3344.956	n/a	NonTarget	1	836239
3345.128	n/a	NonTarget	1	836282
3345.304	n/a	NonTarget	1	836326
3345.48	n/a	NonTarget	1	836370
3345.652	n/a	Target	2	836413
3345.828	n/a	NonTarget	1	836457
3346.004	n/a	NonTarget	1	836501
3346.18	n/a	NonTarget	1	836545
3346.356	n/a	NonTarget	1	836589
3346.528	n/a	NonTarget	1	836632
3346.704	n/a	Target	2	836676
3346.88	n/a	NonTarget	1	836720
3347.052	n/a	NonTarget	1	836763
3347.228	n/a	NonTarget	1	836807
3347.404	n/a	Target	2	836851
3347.58	n/a	NonTarget	1	836895
3347.752	n/a	NonTarget	1	836938
3347.932	n/a	NonTarget	1	836983
3348.104	n/a	NonTarget	1	837026
3348.28	n/a	NonTarget	1	837070
3348.456	n/a	NonTarget	1	837114
3348.628	n/a	NonTarget	1	837157
3348.804	n/a	NonTarget	1	837201
3348.98	n/a	NonTarget	1	837245
3349.156	n/a	Target	2	837289
3349.328	n/a	NonTarget	1	837332
3349.504	n/a	NonTarget	1	837376
3349.68	n/a	NonTarget	1	837420
3349.852	n/a	NonTarget	1	837463
3350.028	n/a	Target	2	837507
3350.204	n/a	NonTarget	1	837551
3350.38	n/a	NonTarget	1	837595
3350.552	n/a	NonTarget	1	837638
3350.728	n/a	NonTarget	1	837682
3350.904	n/a	Target	2	837726
3351.076	n/a	NonTarget	1	837769
3351.252	n/a	NonTarget	1	837813
3351.428	n/a	NonTarget	1	837857
3351.604	n/a	NonTarget	1	837901
3351.78	n/a	NonTarget	1	837945
3351.956	n/a	Target	2	837989
3352.128	n/a	NonTarget	1	838032
3352.304	n/a	NonTarget	1	838076
3352.48	n/a	NonTarget	1	838120
3352.652	n/a	NonTarget	1	838163
3352.828	n/a	Target	2	838207
3353.004	n/a	NonTarget	1	838251
3353.18	n/a	NonTarget	1	838295
3353.352	n/a	NonTarget	1	838338
3353.528	n/a	NonTarget	1	838382
3353.704	n/a	NonTarget	1	838426
3353.88	n/a	Target	2	838470
3354.052	n/a	NonTarget	1	838513
3354.228	n/a	NonTarget	1	838557
3354.404	n/a	NonTarget	1	838601
3354.58	n/a	NonTarget	1	838645
3369.9	n/a	NonTarget	1	842475
3370.076	n/a	Target	2	842519
3370.252	n/a	NonTarget	1	842563
3370.424	n/a	NonTarget	1	842606
3370.6	n/a	NonTarget	1	842650
3370.776	n/a	NonTarget	1	842694
3370.952	n/a	Target	2	842738
3371.124	n/a	NonTarget	1	842781
3371.3	n/a	NonTarget	1	842825
3371.476	n/a	NonTarget	1	842869
3371.652	n/a	NonTarget	1	842913
3371.824	n/a	NonTarget	1	842956
3372.0	n/a	Target	2	843000
3372.176	n/a	NonTarget	1	843044
3372.352	n/a	NonTarget	1	843088
3372.528	n/a	NonTarget	1	843132
3372.7	n/a	NonTarget	1	843175
3372.876	n/a	NonTarget	1	843219
3373.052	n/a	Target	2	843263
3373.224	n/a	NonTarget	1	843306
3373.4	n/a	NonTarget	1	843350
3373.576	n/a	NonTarget	1	843394
3373.752	n/a	NonTarget	1	843438
3373.924	n/a	NonTarget	1	843481
3374.1	n/a	NonTarget	1	843525
3374.276	n/a	NonTarget	1	843569
3374.452	n/a	Target	2	843613
3374.624	n/a	NonTarget	1	843656
3374.8	n/a	NonTarget	1	843700
3374.976	n/a	NonTarget	1	843744
3375.152	n/a	NonTarget	1	843788
3375.324	n/a	NonTarget	1	843831
3375.504	n/a	NonTarget	1	843876
3375.676	n/a	NonTarget	1	843919
3375.852	n/a	Target	2	843963
3376.024	n/a	NonTarget	1	844006
3376.2	n/a	NonTarget	1	844050
3376.376	n/a	NonTarget	1	844094
3376.552	n/a	NonTarget	1	844138
3376.724	n/a	Target	2	844181
3376.9	n/a	NonTarget	1	844225
3377.076	n/a	NonTarget	1	844269
3377.252	n/a	Target	2	844313
3377.424	n/a	NonTarget	1	844356
3377.6	n/a	NonTarget	1	844400
3377.776	n/a	NonTarget	1	844444
3377.952	n/a	NonTarget	1	844488
3378.124	n/a	NonTarget	1	844531
3378.3	n/a	NonTarget	1	844575
3378.476	n/a	Target	2	844619
3378.652	n/a	NonTarget	1	844663
3378.824	n/a	NonTarget	1	844706
3379.0	n/a	NonTarget	1	844750
3379.176	n/a	NonTarget	1	844794
3379.352	n/a	Target	2	844838
3379.528	n/a	NonTarget	1	844882
3379.7	n/a	NonTarget	1	844925
3379.876	n/a	NonTarget	1	844969
3380.052	n/a	NonTarget	1	845013
3380.224	n/a	NonTarget	1	845056
3380.4	n/a	NonTarget	1	845100
3380.576	n/a	NonTarget	1	845144
3380.748	n/a	NonTarget	1	845187
3380.924	n/a	Target	2	845231
3381.1	n/a	NonTarget	1	845275
3381.276	n/a	NonTarget	1	845319
3381.448	n/a	NonTarget	1	845362
3381.624	n/a	NonTarget	1	845406
3381.8	n/a	NonTarget	1	845450
3381.976	n/a	Target	2	845494
3382.152	n/a	NonTarget	1	845538
3382.324	n/a	NonTarget	1	845581
3382.5	n/a	NonTarget	1	845625
3382.676	n/a	NonTarget	1	845669
3382.848	n/a	NonTarget	1	845712
3383.024	n/a	NonTarget	1	845756
3383.2	n/a	Target	2	845800
3383.376	n/a	NonTarget	1	845844
3383.552	n/a	NonTarget	1	845888
3383.728	n/a	NonTarget	1	845932
3383.9	n/a	NonTarget	1	845975
3384.076	n/a	Target	2	846019
3384.252	n/a	NonTarget	1	846063
3384.424	n/a	NonTarget	1	846106
3384.6	n/a	Target	2	846150
3384.776	n/a	NonTarget	1	846194
3384.952	n/a	NonTarget	1	846238
3385.124	n/a	NonTarget	1	846281
3385.3	n/a	NonTarget	1	846325
3385.476	n/a	NonTarget	1	846369
3406.772	n/a	NonTarget	1	851693
3406.944	n/a	NonTarget	1	851736
3407.12	n/a	Target	2	851780
3407.296	n/a	NonTarget	1	851824
3407.472	n/a	NonTarget	1	851868
3407.644	n/a	NonTarget	1	851911
3407.82	n/a	NonTarget	1	851955
3407.996	n/a	NonTarget	1	851999
3408.172	n/a	NonTarget	1	852043
3408.344	n/a	Target	2	852086
3408.52	n/a	NonTarget	1	852130
3408.696	n/a	NonTarget	1	852174
3408.872	n/a	NonTarget	1	852218
3409.044	n/a	NonTarget	1	852261
3409.22	n/a	NonTarget	1	852305
3409.396	n/a	NonTarget	1	852349
3409.572	n/a	NonTarget	1	852393
3409.744	n/a	Target	2	852436
3409.92	n/a	NonTarget	1	852480
3410.096	n/a	NonTarget	1	852524
3410.272	n/a	NonTarget	1	852568
3410.444	n/a	NonTarget	1	852611
3410.62	n/a	NonTarget	1	852655
3410.796	n/a	Target	2	852699
3410.968	n/a	NonTarget	1	852742
3411.144	n/a	NonTarget	1	852786
3411.32	n/a	Target	2	852830
3411.496	n/a	NonTarget	1	852874
3411.668	n/a	NonTarget	1	852917
3411.844	n/a	NonTarget	1	852961
3412.02	n/a	NonTarget	1	853005
3412.196	n/a	Target	2	853049
3412.368	n/a	NonTarget	1	853092
3412.544	n/a	NonTarget	1	853136
3412.72	n/a	NonTarget	1	853180
3412.896	n/a	NonTarget	1	853224
3413.072	n/a	NonTarget	1	853268
3413.244	n/a	NonTarget	1	853311
3413.42	n/a	NonTarget	1	853355
3413.596	n/a	NonTarget	1	853399
3413.772	n/a	Target	2	853443
3413.944	n/a	NonTarget	1	853486
3414.12	n/a	NonTarget	1	853530
3414.296	n/a	NonTarget	1	853574
3414.472	n/a	Target	2	853618
3414.644	n/a	NonTarget	1	853661
3414.82	n/a	NonTarget	1	853705
3414.996	n/a	NonTarget	1	853749
3415.172	n/a	NonTarget	1	853793
3415.344	n/a	NonTarget	1	853836
3415.52	n/a	NonTarget	1	853880
3415.696	n/a	NonTarget	1	853924
3415.872	n/a	Target	2	853968
3416.044	n/a	NonTarget	1	854011
3416.22	n/a	NonTarget	1	854055
3416.396	n/a	NonTarget	1	854099
3416.568	n/a	NonTarget	1	854142
3416.744	n/a	NonTarget	1	854186
3416.92	n/a	Target	2	854230
3417.096	n/a	NonTarget	1	854274
3417.272	n/a	NonTarget	1	854318
3417.444	n/a	NonTarget	1	854361
3417.62	n/a	NonTarget	1	854405
3417.796	n/a	NonTarget	1	854449
3417.972	n/a	Target	2	854493
3418.144	n/a	NonTarget	1	854536
3418.32	n/a	NonTarget	1	854580
3418.496	n/a	NonTarget	1	854624
3418.672	n/a	Target	2	854668
3418.844	n/a	NonTarget	1	854711
3419.02	n/a	NonTarget	1	854755
3419.196	n/a	NonTarget	1	854799
3419.368	n/a	Target	2	854842
3419.544	n/a	NonTarget	1	854886
3419.72	n/a	NonTarget	1	854930
3419.896	n/a	NonTarget	1	854974
3420.072	n/a	NonTarget	1	855018
3420.244	n/a	NonTarget	1	855061
3420.42	n/a	NonTarget	1	855105
3420.596	n/a	NonTarget	1	855149
3420.768	n/a	Target	2	855192
3420.948	n/a	NonTarget	1	855237
3421.12	n/a	NonTarget	1	855280
3421.296	n/a	NonTarget	1	855324
3421.468	n/a	Target	2	855367
3421.644	n/a	NonTarget	1	855411
3421.82	n/a	NonTarget	1	855455
3421.996	n/a	NonTarget	1	855499
3422.172	n/a	NonTarget	1	855543
3422.344	n/a	NonTarget	1	855586
3437.532	n/a	NonTarget	1	859383
3437.708	n/a	NonTarget	1	859427
3437.88	n/a	NonTarget	1	859470
3438.056	n/a	NonTarget	1	859514
3438.232	n/a	NonTarget	1	859558
3438.408	n/a	Target	2	859602
3438.584	n/a	NonTarget	1	859646
3438.756	n/a	NonTarget	1	859689
3438.936	n/a	NonTarget	1	859734
3439.108	n/a	Target	2	859777
3439.28	n/a	NonTarget	1	859820
3439.456	n/a	NonTarget	1	859864
3439.632	n/a	NonTarget	1	859908
3439.812	n/a	Target	2	859953
3439.984	n/a	NonTarget	1	859996
3440.156	n/a	NonTarget	1	860039
3440.332	n/a	NonTarget	1	860083
3440.508	n/a	NonTarget	1	860127
3440.68	n/a	NonTarget	1	860170
3440.856	n/a	NonTarget	1	860214
3441.032	n/a	NonTarget	1	860258
3441.204	n/a	NonTarget	1	860301
3441.38	n/a	NonTarget	1	860345
3441.556	n/a	Target	2	860389
3441.732	n/a	NonTarget	1	860433
3441.904	n/a	NonTarget	1	860476
3442.08	n/a	NonTarget	1	860520
3442.256	n/a	Target	2	860564
3442.432	n/a	NonTarget	1	860608
3442.608	n/a	NonTarget	1	860652
3442.78	n/a	NonTarget	1	860695
3442.956	n/a	NonTarget	1	860739
3443.132	n/a	Target	2	860783
3443.308	n/a	NonTarget	1	860827
3443.48	n/a	NonTarget	1	860870
3443.656	n/a	NonTarget	1	860914
3443.832	n/a	Target	2	860958
3444.008	n/a	NonTarget	1	861002
3444.18	n/a	NonTarget	1	861045
3444.356	n/a	NonTarget	1	861089
3444.532	n/a	NonTarget	1	861133
3444.708	n/a	NonTarget	1	861177
3444.88	n/a	Target	2	861220
3445.056	n/a	NonTarget	1	861264
3445.232	n/a	NonTarget	1	861308
3445.408	n/a	NonTarget	1	861352
3445.58	n/a	NonTarget	1	861395
3445.756	n/a	NonTarget	1	861439
3445.932	n/a	NonTarget	1	861483
3446.108	n/a	NonTarget	1	861527
3446.28	n/a	NonTarget	1	861570
3446.456	n/a	NonTarget	1	861614
3446.632	n/a	Target	2	861658
3446.808	n/a	NonTarget	1	861702
3446.98	n/a	NonTarget	1	861745
3447.156	n/a	NonTarget	1	861789
3447.332	n/a	NonTarget	1	861833
3447.508	n/a	NonTarget	1	861877
3447.684	n/a	Target	2	861921
3447.856	n/a	NonTarget	1	861964
3448.032	n/a	NonTarget	1	862008
3448.208	n/a	NonTarget	1	862052
3448.38	n/a	NonTarget	1	862095
3448.56	n/a	NonTarget	1	862140
3448.732	n/a	Target	2	862183
3448.908	n/a	NonTarget	1	862227
3449.08	n/a	NonTarget	1	862270
3449.256	n/a	NonTarget	1	862314
3449.432	n/a	Target	2	862358
3449.608	n/a	NonTarget	1	862402
3449.78	n/a	NonTarget	1	862445
3449.956	n/a	NonTarget	1	862489
3450.132	n/a	NonTarget	1	862533
3450.308	n/a	NonTarget	1	862577
3450.48	n/a	NonTarget	1	862620
3450.656	n/a	Target	2	862664
3450.832	n/a	NonTarget	1	862708
3451.008	n/a	NonTarget	1	862752
3451.184	n/a	NonTarget	1	862796
3451.356	n/a	NonTarget	1	862839
3451.532	n/a	NonTarget	1	862883
3451.708	n/a	NonTarget	1	862927
3451.884	n/a	Target	2	862971
3452.056	n/a	NonTarget	1	863014
3452.232	n/a	NonTarget	1	863058
3452.408	n/a	NonTarget	1	863102
3452.584	n/a	NonTarget	1	863146
3452.756	n/a	NonTarget	1	863189
3452.932	n/a	Target	2	863233
3453.108	n/a	NonTarget	1	863277
3474.112	n/a	NonTarget	1	868528
3474.288	n/a	NonTarget	1	868572
3474.464	n/a	NonTarget	1	868616
3474.636	n/a	Target	2	868659
3474.812	n/a	NonTarget	1	868703
3474.988	n/a	NonTarget	1	868747
3475.164	n/a	NonTarget	1	868791
3475.34	n/a	NonTarget	1	868835
3475.512	n/a	NonTarget	1	868878
3475.688	n/a	NonTarget	1	868922
3475.864	n/a	NonTarget	1	868966
3476.036	n/a	Target	2	869009
3476.212	n/a	NonTarget	1	869053
3476.388	n/a	NonTarget	1	869097
3476.564	n/a	Target	2	869141
3476.736	n/a	NonTarget	1	869184
3476.912	n/a	NonTarget	1	869228
3477.088	n/a	NonTarget	1	869272
3477.264	n/a	NonTarget	1	869316
3477.436	n/a	NonTarget	1	869359
3477.612	n/a	NonTarget	1	869403
3477.788	n/a	NonTarget	1	869447
3477.964	n/a	NonTarget	1	869491
3478.136	n/a	Target	2	869534
3478.312	n/a	NonTarget	1	869578
3478.488	n/a	NonTarget	1	869622
3478.664	n/a	NonTarget	1	869666
3478.836	n/a	NonTarget	1	869709
3479.012	n/a	NonTarget	1	869753
3479.188	n/a	Target	2	869797
3479.36	n/a	NonTarget	1	869840
3479.536	n/a	NonTarget	1	869884
3479.712	n/a	NonTarget	1	869928
3479.888	n/a	NonTarget	1	869972
3480.064	n/a	Target	2	870016
3480.236	n/a	NonTarget	1	870059
3480.412	n/a	NonTarget	1	870103
3480.588	n/a	NonTarget	1	870147
3480.764	n/a	NonTarget	1	870191
3480.936	n/a	NonTarget	1	870234
3481.112	n/a	Target	2	870278
3481.288	n/a	NonTarget	1	870322
3481.464	n/a	NonTarget	1	870366
3481.636	n/a	NonTarget	1	870409
3481.812	n/a	Target	2	870453
3481.988	n/a	NonTarget	1	870497
3482.16	n/a	NonTarget	1	870540
3482.336	n/a	NonTarget	1	870584
3482.512	n/a	NonTarget	1	870628
3482.688	n/a	NonTarget	1	870672
3482.864	n/a	NonTarget	1	870716
3483.036	n/a	NonTarget	1	870759
3483.212	n/a	NonTarget	1	870803
3483.388	n/a	Target	2	870847
3483.56	n/a	NonTarget	1	870890
3483.736	n/a	NonTarget	1	870934
3483.912	n/a	NonTarget	1	870978
3484.088	n/a	NonTarget	1	871022
3484.264	n/a	NonTarget	1	871066
3484.436	n/a	Target	2	871109
3484.612	n/a	NonTarget	1	871153
3484.788	n/a	NonTarget	1	871197
3484.964	n/a	NonTarget	1	871241
3485.136	n/a	NonTarget	1	871284
3485.312	n/a	Target	2	871328
3485.488	n/a	NonTarget	1	871372
3485.66	n/a	NonTarget	1	871415
3485.836	n/a	NonTarget	1	871459
3486.012	n/a	NonTarget	1	871503
3486.188	n/a	NonTarget	1	871547
3486.36	n/a	NonTarget	1	871590
3486.54	n/a	Target	2	871635
3486.712	n/a	NonTarget	1	871678
3486.888	n/a	NonTarget	1	871722
3487.064	n/a	Target	2	871766
3487.236	n/a	NonTarget	1	871809
3487.412	n/a	NonTarget	1	871853
3487.588	n/a	NonTarget	1	871897
3487.764	n/a	NonTarget	1	871941
3487.936	n/a	Target	2	871984
3488.112	n/a	NonTarget	1	872028
3488.288	n/a	NonTarget	1	872072
3488.464	n/a	NonTarget	1	872116
3488.636	n/a	NonTarget	1	872159
3488.812	n/a	NonTarget	1	872203
3488.988	n/a	NonTarget	1	872247
3489.164	n/a	NonTarget	1	872291
3489.336	n/a	NonTarget	1	872334
3489.512	n/a	NonTarget	1	872378
3489.688	n/a	Target	2	872422
3504.792	n/a	Target	2	876198
3504.968	n/a	NonTarget	1	876242
3505.14	n/a	NonTarget	1	876285
3505.316	n/a	NonTarget	1	876329
3505.492	n/a	NonTarget	1	876373
3505.668	n/a	NonTarget	1	876417
3505.84	n/a	NonTarget	1	876460
3506.016	n/a	Target	2	876504
3506.192	n/a	NonTarget	1	876548
3506.368	n/a	NonTarget	1	876592
3506.54	n/a	NonTarget	1	876635
3506.716	n/a	NonTarget	1	876679
3506.892	n/a	NonTarget	1	876723
3507.068	n/a	Target	2	876767
3507.24	n/a	NonTarget	1	876810
3507.416	n/a	NonTarget	1	876854
3507.592	n/a	NonTarget	1	876898
3507.768	n/a	NonTarget	1	876942
3507.944	n/a	Target	2	876986
3508.116	n/a	NonTarget	1	877029
3508.292	n/a	NonTarget	1	877073
3508.468	n/a	NonTarget	1	877117
3508.64	n/a	NonTarget	1	877160
3508.816	n/a	NonTarget	1	877204
3508.992	n/a	NonTarget	1	877248
3509.168	n/a	NonTarget	1	877292
3509.34	n/a	NonTarget	1	877335
3509.516	n/a	NonTarget	1	877379
3509.692	n/a	NonTarget	1	877423
3509.868	n/a	Target	2	877467
3510.044	n/a	NonTarget	1	877511
3510.216	n/a	NonTarget	1	877554
3510.392	n/a	NonTarget	1	877598
3510.568	n/a	NonTarget	1	877642
3510.74	n/a	NonTarget	1	877685
3510.916	n/a	Target	2	877729
3511.092	n/a	NonTarget	1	877773
3511.268	n/a	NonTarget	1	877817
3511.44	n/a	NonTarget	1	877860
3511.616	n/a	NonTarget	1	877904
3511.792	n/a	NonTarget	1	877948
3511.968	n/a	Target	2	877992
3512.14	n/a	NonTarget	1	878035
3512.316	n/a	NonTarget	1	878079
3512.492	n/a	NonTarget	1	878123
3512.668	n/a	NonTarget	1	878167
3512.84	n/a	NonTarget	1	878210
3513.016	n/a	Target	2	878254
3513.192	n/a	NonTarget	1	878298
3513.368	n/a	NonTarget	1	878342
3513.544	n/a	NonTarget	1	878386
3513.716	n/a	Target	2	878429
3513.892	n/a	NonTarget	1	878473
3514.068	n/a	NonTarget	1	878517
3514.24	n/a	NonTarget	1	878560
3514.416	n/a	NonTarget	1	878604
3514.592	n/a	NonTarget	1	878648
3514.768	n/a	NonTarget	1	878692
3514.944	n/a	Target	2	878736
3515.116	n/a	NonTarget	1	878779
3515.292	n/a	NonTarget	1	878823
3515.468	n/a	Target	2	878867
3515.64	n/a	NonTarget	1	878910
3515.816	n/a	NonTarget	1	878954
3515.992	n/a	NonTarget	1	878998
3516.168	n/a	NonTarget	1	879042
3516.34	n/a	NonTarget	1	879085
3516.516	n/a	Target	2	879129
3516.692	n/a	NonTarget	1	879173
3516.868	n/a	NonTarget	1	879217
3517.04	n/a	NonTarget	1	879260
3517.216	n/a	NonTarget	1	879304
3517.392	n/a	NonTarget	1	879348
3517.568	n/a	NonTarget	1	879392
3517.74	n/a	NonTarget	1	879435
3517.916	n/a	NonTarget	1	879479
3518.092	n/a	NonTarget	1	879523
3518.268	n/a	Target	2	879567
3518.44	n/a	NonTarget	1	879610
3518.616	n/a	NonTarget	1	879654
3518.792	n/a	NonTarget	1	879698
3518.968	n/a	Target	2	879742
3519.14	n/a	NonTarget	1	879785
3519.316	n/a	NonTarget	1	879829
3519.492	n/a	NonTarget	1	879873
3519.668	n/a	NonTarget	1	879917
3519.84	n/a	NonTarget	1	879960
3520.016	n/a	NonTarget	1	880004
3520.192	n/a	NonTarget	1	880048
3520.368	n/a	Target	2	880092
3579.272	n/a	NonTarget	1	894818
3579.448	n/a	NonTarget	1	894862
3579.624	n/a	NonTarget	1	894906
3579.8	n/a	NonTarget	1	894950
3579.976	n/a	Target	2	894994
3580.148	n/a	NonTarget	1	895037
3580.324	n/a	NonTarget	1	895081
3580.5	n/a	NonTarget	1	895125
3580.672	n/a	Target	2	895168
3580.848	n/a	NonTarget	1	895212
3581.024	n/a	NonTarget	1	895256
3581.2	n/a	NonTarget	1	895300
3581.372	n/a	NonTarget	1	895343
3581.56	n/a	NonTarget	1	895390
3581.724	n/a	NonTarget	1	895431
3581.9	n/a	NonTarget	1	895475
3582.072	n/a	NonTarget	1	895518
3582.248	n/a	Target	2	895562
3582.424	n/a	NonTarget	1	895606
3582.6	n/a	NonTarget	1	895650
3582.772	n/a	NonTarget	1	895693
3582.948	n/a	Target	2	895737
3583.124	n/a	NonTarget	1	895781
3583.3	n/a	NonTarget	1	895825
3583.472	n/a	NonTarget	1	895868
3583.648	n/a	NonTarget	1	895912
3583.824	n/a	Target	2	895956
3584.0	n/a	NonTarget	1	896000
3584.172	n/a	NonTarget	1	896043
3584.348	n/a	NonTarget	1	896087
3584.524	n/a	NonTarget	1	896131
3584.7	n/a	NonTarget	1	896175
3584.872	n/a	Target	2	896218
3585.048	n/a	NonTarget	1	896262
3585.224	n/a	NonTarget	1	896306
3585.4	n/a	NonTarget	1	896350
3585.572	n/a	NonTarget	1	896393
3585.748	n/a	NonTarget	1	896437
3585.924	n/a	Target	2	896481
3586.1	n/a	NonTarget	1	896525
3586.272	n/a	NonTarget	1	896568
3586.448	n/a	NonTarget	1	896612
3586.624	n/a	NonTarget	1	896656
3586.8	n/a	Target	2	896700
3586.972	n/a	NonTarget	1	896743
3587.148	n/a	NonTarget	1	896787
3587.324	n/a	NonTarget	1	896831
3587.5	n/a	NonTarget	1	896875
3587.672	n/a	NonTarget	1	896918
3587.848	n/a	Target	2	896962
3588.024	n/a	NonTarget	1	897006
3588.2	n/a	NonTarget	1	897050
3588.372	n/a	NonTarget	1	897093
3588.548	n/a	NonTarget	1	897137
3588.724	n/a	NonTarget	1	897181
3588.9	n/a	NonTarget	1	897225
3589.072	n/a	Target	2	897268
3589.248	n/a	NonTarget	1	897312
3589.424	n/a	NonTarget	1	897356
3589.6	n/a	NonTarget	1	897400
3589.772	n/a	NonTarget	1	897443
3589.948	n/a	NonTarget	1	897487
3590.124	n/a	NonTarget	1	897531
3590.3	n/a	NonTarget	1	897575
3590.472	n/a	Target	2	897618
3590.648	n/a	NonTarget	1	897662
3590.824	n/a	NonTarget	1	897706
3591.0	n/a	NonTarget	1	897750
3591.172	n/a	NonTarget	1	897793
3591.348	n/a	NonTarget	1	897837
3591.52	n/a	NonTarget	1	897880
3591.696	n/a	Target	2	897924
3591.872	n/a	NonTarget	1	897968
3592.048	n/a	NonTarget	1	898012
3592.224	n/a	NonTarget	1	898056
3592.396	n/a	NonTarget	1	898099
3592.572	n/a	Target	2	898143
3592.748	n/a	NonTarget	1	898187
3592.924	n/a	NonTarget	1	898231
3593.1	n/a	NonTarget	1	898275
3593.272	n/a	NonTarget	1	898318
3593.448	n/a	NonTarget	1	898362
3593.624	n/a	Target	2	898406
3593.8	n/a	NonTarget	1	898450
3593.972	n/a	NonTarget	1	898493
3594.148	n/a	NonTarget	1	898537
3594.324	n/a	NonTarget	1	898581
3594.5	n/a	NonTarget	1	898625
3594.672	n/a	NonTarget	1	898668
3594.848	n/a	Target	2	898712
3610.984	n/a	Target	2	902746
3611.16	n/a	NonTarget	1	902790
3611.332	n/a	NonTarget	1	902833
3611.508	n/a	NonTarget	1	902877
3611.684	n/a	NonTarget	1	902921
3611.856	n/a	NonTarget	1	902964
3612.032	n/a	Target	2	903008
3612.208	n/a	NonTarget	1	903052
3612.384	n/a	NonTarget	1	903096
3612.556	n/a	NonTarget	1	903139
3612.732	n/a	NonTarget	1	903183
3612.908	n/a	NonTarget	1	903227
3613.084	n/a	Target	2	903271
3613.26	n/a	NonTarget	1	903315
3613.432	n/a	NonTarget	1	903358
3613.608	n/a	NonTarget	1	903402
3613.784	n/a	NonTarget	1	903446
3613.96	n/a	NonTarget	1	903490
3614.132	n/a	Target	2	903533
3614.308	n/a	NonTarget	1	903577
3614.484	n/a	NonTarget	1	903621
3614.656	n/a	NonTarget	1	903664
3614.84	n/a	NonTarget	1	903710
3615.008	n/a	NonTarget	1	903752
3615.184	n/a	NonTarget	1	903796
3615.356	n/a	NonTarget	1	903839
3615.532	n/a	NonTarget	1	903883
3615.708	n/a	Target	2	903927
3615.884	n/a	NonTarget	1	903971
3616.06	n/a	NonTarget	1	904015
3616.232	n/a	Target	2	904058
3616.408	n/a	NonTarget	1	904102
3616.584	n/a	NonTarget	1	904146
3616.76	n/a	NonTarget	1	904190
3616.932	n/a	NonTarget	1	904233
3617.108	n/a	NonTarget	1	904277
3617.284	n/a	NonTarget	1	904321
3617.456	n/a	Target	2	904364
3617.632	n/a	NonTarget	1	904408
3617.808	n/a	NonTarget	1	904452
3617.984	n/a	NonTarget	1	904496
3618.156	n/a	NonTarget	1	904539
3618.332	n/a	NonTarget	1	904583
3618.508	n/a	Target	2	904627
3618.684	n/a	NonTarget	1	904671
3618.856	n/a	NonTarget	1	904714
3619.032	n/a	NonTarget	1	904758
3619.208	n/a	NonTarget	1	904802
3619.384	n/a	NonTarget	1	904846
3619.556	n/a	NonTarget	1	904889
3619.732	n/a	NonTarget	1	904933
3619.908	n/a	NonTarget	1	904977
3620.084	n/a	NonTarget	1	905021
3620.26	n/a	Target	2	905065
3620.432	n/a	NonTarget	1	905108
3620.608	n/a	NonTarget	1	905152
3620.784	n/a	NonTarget	1	905196
3620.956	n/a	Target	2	905239
3621.132	n/a	NonTarget	1	905283
3621.308	n/a	NonTarget	1	905327
3621.484	n/a	NonTarget	1	905371
3621.656	n/a	NonTarget	1	905414
3621.832	n/a	Target	2	905458
3622.008	n/a	NonTarget	1	905502
3622.18	n/a	NonTarget	1	905545
3622.356	n/a	NonTarget	1	905589
3622.532	n/a	NonTarget	1	905633
3622.708	n/a	NonTarget	1	905677
3622.88	n/a	Target	2	905720
3623.056	n/a	NonTarget	1	905764
3623.232	n/a	NonTarget	1	905808
3623.408	n/a	NonTarget	1	905852
3623.58	n/a	Target	2	905895
3623.756	n/a	NonTarget	1	905939
3623.932	n/a	NonTarget	1	905983
3624.108	n/a	NonTarget	1	906027
3624.28	n/a	NonTarget	1	906070
3624.456	n/a	NonTarget	1	906114
3624.632	n/a	NonTarget	1	906158
3624.808	n/a	NonTarget	1	906202
3624.984	n/a	NonTarget	1	906246
3625.156	n/a	NonTarget	1	906289
3625.332	n/a	NonTarget	1	906333
3625.508	n/a	Target	2	906377
3625.684	n/a	NonTarget	1	906421
3625.856	n/a	NonTarget	1	906464
3626.032	n/a	NonTarget	1	906508
3626.208	n/a	NonTarget	1	906552
3626.384	n/a	NonTarget	1	906596
3626.556	n/a	Target	2	906639
3647.888	n/a	NonTarget	1	911972
3648.06	n/a	Target	2	912015
3648.236	n/a	NonTarget	1	912059
3648.412	n/a	NonTarget	1	912103
3648.588	n/a	NonTarget	1	912147
3648.76	n/a	NonTarget	1	912190
3648.936	n/a	NonTarget	1	912234
3649.112	n/a	Target	2	912278
3649.288	n/a	NonTarget	1	912322
3649.46	n/a	NonTarget	1	912365
3649.636	n/a	NonTarget	1	912409
3649.812	n/a	NonTarget	1	912453
3649.988	n/a	NonTarget	1	912497
3650.16	n/a	NonTarget	1	912540
3650.336	n/a	Target	2	912584
3650.512	n/a	NonTarget	1	912628
3650.688	n/a	NonTarget	1	912672
3650.864	n/a	NonTarget	1	912716
3651.036	n/a	NonTarget	1	912759
3651.212	n/a	Target	2	912803
3651.388	n/a	NonTarget	1	912847
3651.564	n/a	NonTarget	1	912891
3651.736	n/a	NonTarget	1	912934
3651.912	n/a	NonTarget	1	912978
3652.084	n/a	NonTarget	1	913021
3652.26	n/a	NonTarget	1	913065
3652.436	n/a	NonTarget	1	913109
3652.612	n/a	NonTarget	1	913153
3652.784	n/a	NonTarget	1	913196
3652.96	n/a	Target	2	913240
3653.136	n/a	NonTarget	1	913284
3653.312	n/a	NonTarget	1	913328
3653.488	n/a	NonTarget	1	913372
3653.66	n/a	NonTarget	1	913415
3653.836	n/a	NonTarget	1	913459
3654.012	n/a	Target	2	913503
3654.188	n/a	NonTarget	1	913547
3654.36	n/a	NonTarget	1	913590
3654.54	n/a	NonTarget	1	913635
3654.712	n/a	NonTarget	1	913678
3654.888	n/a	NonTarget	1	913722
3655.06	n/a	Target	2	913765
3655.236	n/a	NonTarget	1	913809
3655.412	n/a	NonTarget	1	913853
3655.588	n/a	NonTarget	1	913897
3655.76	n/a	NonTarget	1	913940
3655.936	n/a	Target	2	913984
3656.112	n/a	NonTarget	1	914028
3656.288	n/a	NonTarget	1	914072
3656.46	n/a	NonTarget	1	914115
3656.636	n/a	NonTarget	1	914159
3656.812	n/a	Target	2	914203
3656.988	n/a	NonTarget	1	914247
3657.164	n/a	NonTarget	1	914291
3657.336	n/a	NonTarget	1	914334
3657.512	n/a	NonTarget	1	914378
3657.688	n/a	Target	2	914422
3657.86	n/a	NonTarget	1	914465
3658.036	n/a	NonTarget	1	914509
3658.212	n/a	NonTarget	1	914553
3658.388	n/a	NonTarget	1	914597
3658.56	n/a	NonTarget	1	914640
3658.736	n/a	NonTarget	1	914684
3658.912	n/a	Target	2	914728
3659.088	n/a	NonTarget	1	914772
3659.26	n/a	NonTarget	1	914815
3659.44	n/a	NonTarget	1	914860
3659.612	n/a	NonTarget	1	914903
3659.788	n/a	NonTarget	1	914947
3659.96	n/a	NonTarget	1	914990
3660.136	n/a	Target	2	915034
3660.312	n/a	NonTarget	1	915078
3660.488	n/a	NonTarget	1	915122
3660.66	n/a	NonTarget	1	915165
3660.836	n/a	NonTarget	1	915209
3661.012	n/a	NonTarget	1	915253
3661.188	n/a	Target	2	915297
3661.36	n/a	NonTarget	1	915340
3661.536	n/a	NonTarget	1	915384
3661.712	n/a	NonTarget	1	915428
3661.888	n/a	NonTarget	1	915472
3662.064	n/a	NonTarget	1	915516
3662.236	n/a	Target	2	915559
3662.412	n/a	NonTarget	1	915603
3662.588	n/a	NonTarget	1	915647
3662.76	n/a	NonTarget	1	915690
3662.936	n/a	NonTarget	1	915734
3663.112	n/a	Target	2	915778
3663.288	n/a	NonTarget	1	915822
3663.46	n/a	NonTarget	1	915865
3678.564	n/a	Target	2	919641
3678.736	n/a	NonTarget	1	919684
3678.912	n/a	NonTarget	1	919728
3679.088	n/a	NonTarget	1	919772
3679.268	n/a	NonTarget	1	919817
3679.436	n/a	NonTarget	1	919859
3679.612	n/a	Target	2	919903
3679.788	n/a	NonTarget	1	919947
3679.964	n/a	NonTarget	1	919991
3680.136	n/a	NonTarget	1	920034
3680.312	n/a	NonTarget	1	920078
3680.488	n/a	NonTarget	1	920122
3680.664	n/a	Target	2	920166
3680.836	n/a	NonTarget	1	920209
3681.012	n/a	NonTarget	1	920253
3681.188	n/a	NonTarget	1	920297
3681.364	n/a	NonTarget	1	920341
3681.54	n/a	NonTarget	1	920385
3681.712	n/a	NonTarget	1	920428
3681.888	n/a	NonTarget	1	920472
3682.06	n/a	NonTarget	1	920515
3682.236	n/a	NonTarget	1	920559
3682.412	n/a	Target	2	920603
3682.588	n/a	NonTarget	1	920647
3682.764	n/a	NonTarget	1	920691
3682.94	n/a	NonTarget	1	920735
3683.112	n/a	NonTarget	1	920778
3683.288	n/a	Target	2	920822
3683.464	n/a	NonTarget	1	920866
3683.636	n/a	NonTarget	1	920909
3683.812	n/a	Target	2	920953
3683.988	n/a	NonTarget	1	920997
3684.164	n/a	NonTarget	1	921041
3684.336	n/a	NonTarget	1	921084
3684.512	n/a	NonTarget	1	921128
3684.688	n/a	NonTarget	1	921172
3684.864	n/a	NonTarget	1	921216
3685.036	n/a	NonTarget	1	921259
3685.212	n/a	Target	2	921303
3685.388	n/a	NonTarget	1	921347
3685.564	n/a	NonTarget	1	921391
3685.736	n/a	NonTarget	1	921434
3685.912	n/a	Target	2	921478
3686.088	n/a	NonTarget	1	921522
3686.268	n/a	NonTarget	1	921567
3686.436	n/a	NonTarget	1	921609
3686.612	n/a	NonTarget	1	921653
3686.788	n/a	NonTarget	1	921697
3686.964	n/a	NonTarget	1	921741
3687.136	n/a	Target	2	921784
3687.312	n/a	NonTarget	1	921828
3687.488	n/a	NonTarget	1	921872
3687.664	n/a	NonTarget	1	921916
3687.836	n/a	NonTarget	1	921959
3688.012	n/a	NonTarget	1	922003
3688.192	n/a	NonTarget	1	922048
3688.364	n/a	NonTarget	1	922091
3688.536	n/a	Target	2	922134
3688.712	n/a	NonTarget	1	922178
3688.888	n/a	NonTarget	1	922222
3689.064	n/a	Target	2	922266
3689.236	n/a	NonTarget	1	922309
3689.412	n/a	NonTarget	1	922353
3689.588	n/a	NonTarget	1	922397
3689.764	n/a	NonTarget	1	922441
3689.94	n/a	NonTarget	1	922485
3690.112	n/a	Target	2	922528
3690.288	n/a	NonTarget	1	922572
3690.464	n/a	NonTarget	1	922616
3690.636	n/a	NonTarget	1	922659
3690.812	n/a	NonTarget	1	922703
3690.988	n/a	NonTarget	1	922747
3691.164	n/a	Target	2	922791
3691.336	n/a	NonTarget	1	922834
3691.512	n/a	NonTarget	1	922878
3691.688	n/a	NonTarget	1	922922
3691.868	n/a	NonTarget	1	922967
3692.036	n/a	NonTarget	1	923009
3692.212	n/a	Target	2	923053
3692.388	n/a	NonTarget	1	923097
3692.564	n/a	NonTarget	1	923141
3692.736	n/a	NonTarget	1	923184
3692.912	n/a	NonTarget	1	923228
3693.088	n/a	NonTarget	1	923272
3693.264	n/a	NonTarget	1	923316
3693.436	n/a	NonTarget	1	923359
3693.612	n/a	NonTarget	1	923403
3693.788	n/a	Target	2	923447
3693.964	n/a	NonTarget	1	923491
3694.136	n/a	NonTarget	1	923534
3715.232	n/a	NonTarget	1	928808
3715.408	n/a	NonTarget	1	928852
3715.584	n/a	Target	2	928896
3715.76	n/a	NonTarget	1	928940
3715.932	n/a	NonTarget	1	928983
3716.108	n/a	NonTarget	1	929027
3716.284	n/a	NonTarget	1	929071
3716.46	n/a	NonTarget	1	929115
3716.632	n/a	NonTarget	1	929158
3716.808	n/a	NonTarget	1	929202
3716.984	n/a	NonTarget	1	929246
3717.16	n/a	Target	2	929290
3717.332	n/a	NonTarget	1	929333
3717.508	n/a	NonTarget	1	929377
3717.684	n/a	NonTarget	1	929421
3717.86	n/a	NonTarget	1	929465
3718.032	n/a	NonTarget	1	929508
3718.208	n/a	Target	2	929552
3718.384	n/a	NonTarget	1	929596
3718.556	n/a	NonTarget	1	929639
3718.732	n/a	NonTarget	1	929683
3718.908	n/a	NonTarget	1	929727
3719.084	n/a	Target	2	929771
3719.26	n/a	NonTarget	1	929815
3719.432	n/a	NonTarget	1	929858
3719.608	n/a	Target	2	929902
3719.784	n/a	NonTarget	1	929946
3719.96	n/a	NonTarget	1	929990
3720.132	n/a	NonTarget	1	930033
3720.308	n/a	NonTarget	1	930077
3720.484	n/a	NonTarget	1	930121
3720.656	n/a	Target	2	930164
3720.832	n/a	NonTarget	1	930208
3721.008	n/a	NonTarget	1	930252
3721.184	n/a	NonTarget	1	930296
3721.36	n/a	NonTarget	1	930340
3721.532	n/a	NonTarget	1	930383
3721.708	n/a	Target	2	930427
3721.884	n/a	NonTarget	1	930471
3722.056	n/a	NonTarget	1	930514
3722.232	n/a	NonTarget	1	930558
3722.408	n/a	NonTarget	1	930602
3722.584	n/a	NonTarget	1	930646
3722.76	n/a	NonTarget	1	930690
3722.932	n/a	Target	2	930733
3723.108	n/a	NonTarget	1	930777
3723.284	n/a	NonTarget	1	930821
3723.46	n/a	NonTarget	1	930865
3723.632	n/a	NonTarget	1	930908
3723.808	n/a	NonTarget	1	930952
3723.984	n/a	NonTarget	1	930996
3724.16	n/a	NonTarget	1	931040
3724.332	n/a	Target	2	931083
3724.508	n/a	NonTarget	1	931127
3724.684	n/a	NonTarget	1	931171
3724.856	n/a	NonTarget	1	931214
3725.032	n/a	NonTarget	1	931258
3725.208	n/a	NonTarget	1	931302
3725.384	n/a	Target	2	931346
3725.56	n/a	NonTarget	1	931390
3725.732	n/a	NonTarget	1	931433
3725.908	n/a	NonTarget	1	931477
3726.084	n/a	NonTarget	1	931521
3726.256	n/a	Target	2	931564
3726.432	n/a	NonTarget	1	931608
3726.608	n/a	NonTarget	1	931652
3726.784	n/a	NonTarget	1	931696
3726.96	n/a	NonTarget	1	931740
3727.132	n/a	NonTarget	1	931783
3727.308	n/a	Target	2	931827
3727.484	n/a	NonTarget	1	931871
3727.656	n/a	NonTarget	1	931914
3727.832	n/a	NonTarget	1	931958
3728.008	n/a	NonTarget	1	932002
3728.184	n/a	NonTarget	1	932046
3728.356	n/a	NonTarget	1	932089
3728.532	n/a	Target	2	932133
3728.708	n/a	NonTarget	1	932177
3728.88	n/a	NonTarget	1	932220
3729.056	n/a	NonTarget	1	932264
3729.232	n/a	NonTarget	1	932308
3729.408	n/a	NonTarget	1	932352
3729.584	n/a	NonTarget	1	932396
3729.756	n/a	Target	2	932439
3729.932	n/a	NonTarget	1	932483
3730.108	n/a	NonTarget	1	932527
3730.28	n/a	NonTarget	1	932570
3730.456	n/a	Target	2	932614
3730.632	n/a	NonTarget	1	932658
3730.808	n/a	NonTarget	1	932702
3746.18	n/a	NonTarget	1	936545
3746.356	n/a	NonTarget	1	936589
3746.532	n/a	Target	2	936633
3746.704	n/a	NonTarget	1	936676
3746.88	n/a	NonTarget	1	936720
3747.056	n/a	NonTarget	1	936764
3747.232	n/a	NonTarget	1	936808
3747.404	n/a	NonTarget	1	936851
3747.58	n/a	NonTarget	1	936895
3747.756	n/a	NonTarget	1	936939
3747.932	n/a	Target	2	936983
3748.104	n/a	NonTarget	1	937026
3748.28	n/a	NonTarget	1	937070
3748.456	n/a	NonTarget	1	937114
3748.632	n/a	NonTarget	1	937158
3748.804	n/a	NonTarget	1	937201
3748.98	n/a	NonTarget	1	937245
3749.156	n/a	Target	2	937289
3749.332	n/a	NonTarget	1	937333
3749.504	n/a	NonTarget	1	937376
3749.68	n/a	NonTarget	1	937420
3749.856	n/a	NonTarget	1	937464
3750.032	n/a	Target	2	937508
3750.204	n/a	NonTarget	1	937551
3750.38	n/a	NonTarget	1	937595
3750.556	n/a	Target	2	937639
3750.732	n/a	NonTarget	1	937683
3750.904	n/a	NonTarget	1	937726
3751.08	n/a	NonTarget	1	937770
3751.256	n/a	NonTarget	1	937814
3751.432	n/a	NonTarget	1	937858
3751.604	n/a	NonTarget	1	937901
3751.78	n/a	Target	2	937945
3751.956	n/a	NonTarget	1	937989
3752.132	n/a	NonTarget	1	938033
3752.304	n/a	NonTarget	1	938076
3752.48	n/a	NonTarget	1	938120
3752.656	n/a	NonTarget	1	938164
3752.832	n/a	NonTarget	1	938208
3753.004	n/a	NonTarget	1	938251
3753.18	n/a	NonTarget	1	938295
3753.356	n/a	Target	2	938339
3753.532	n/a	NonTarget	1	938383
3753.704	n/a	NonTarget	1	938426
3753.88	n/a	NonTarget	1	938470
3754.056	n/a	Target	2	938514
3754.232	n/a	NonTarget	1	938558
3754.404	n/a	NonTarget	1	938601
3754.58	n/a	NonTarget	1	938645
3754.756	n/a	NonTarget	1	938689
3754.932	n/a	NonTarget	1	938733
3755.104	n/a	NonTarget	1	938776
3755.28	n/a	NonTarget	1	938820
3755.456	n/a	Target	2	938864
3755.632	n/a	NonTarget	1	938908
3755.804	n/a	NonTarget	1	938951
3755.98	n/a	NonTarget	1	938995
3756.156	n/a	NonTarget	1	939039
3756.332	n/a	Target	2	939083
3756.504	n/a	NonTarget	1	939126
3756.68	n/a	NonTarget	1	939170
3756.856	n/a	NonTarget	1	939214
3757.032	n/a	NonTarget	1	939258
3757.204	n/a	NonTarget	1	939301
3757.38	n/a	Target	2	939345
3757.556	n/a	NonTarget	1	939389
3757.732	n/a	NonTarget	1	939433
3757.904	n/a	NonTarget	1	939476
3758.084	n/a	NonTarget	1	939521
3758.256	n/a	NonTarget	1	939564
3758.432	n/a	Target	2	939608
3758.604	n/a	NonTarget	1	939651
3758.78	n/a	NonTarget	1	939695
3758.956	n/a	NonTarget	1	939739
3759.132	n/a	NonTarget	1	939783
3759.304	n/a	NonTarget	1	939826
3759.48	n/a	NonTarget	1	939870
3759.656	n/a	Target	2	939914
3759.832	n/a	NonTarget	1	939958
3760.008	n/a	NonTarget	1	940002
3760.18	n/a	NonTarget	1	940045
3760.36	n/a	NonTarget	1	940090
3760.532	n/a	NonTarget	1	940133
3760.704	n/a	Target	2	940176
3760.88	n/a	NonTarget	1	940220
3761.056	n/a	NonTarget	1	940264
3761.232	n/a	NonTarget	1	940308
3761.408	n/a	NonTarget	1	940352
3761.58	n/a	NonTarget	1	940395
3761.756	n/a	Target	2	940439
3782.772	n/a	NonTarget	1	945693
3782.948	n/a	NonTarget	1	945737
3783.124	n/a	NonTarget	1	945781
3783.3	n/a	NonTarget	1	945825
3783.472	n/a	Target	2	945868
3783.648	n/a	NonTarget	1	945912
3783.824	n/a	NonTarget	1	945956
3784.0	n/a	NonTarget	1	946000
3784.172	n/a	NonTarget	1	946043
3784.348	n/a	NonTarget	1	946087
3784.524	n/a	NonTarget	1	946131
3784.7	n/a	Target	2	946175
3784.872	n/a	NonTarget	1	946218
3785.048	n/a	NonTarget	1	946262
3785.224	n/a	NonTarget	1	946306
3785.4	n/a	NonTarget	1	946350
3785.576	n/a	Target	2	946394
3785.748	n/a	NonTarget	1	946437
3785.928	n/a	NonTarget	1	946482
3786.1	n/a	NonTarget	1	946525
3786.272	n/a	NonTarget	1	946568
3786.448	n/a	NonTarget	1	946612
3786.624	n/a	Target	2	946656
3786.8	n/a	NonTarget	1	946700
3786.976	n/a	NonTarget	1	946744
3787.152	n/a	NonTarget	1	946788
3787.324	n/a	NonTarget	1	946831
3787.5	n/a	NonTarget	1	946875
3787.672	n/a	NonTarget	1	946918
3787.848	n/a	Target	2	946962
3788.024	n/a	NonTarget	1	947006
3788.2	n/a	NonTarget	1	947050
3788.376	n/a	NonTarget	1	947094
3788.548	n/a	NonTarget	1	947137
3788.724	n/a	NonTarget	1	947181
3788.9	n/a	Target	2	947225
3789.072	n/a	NonTarget	1	947268
3789.248	n/a	NonTarget	1	947312
3789.424	n/a	NonTarget	1	947356
3789.6	n/a	NonTarget	1	947400
3789.772	n/a	NonTarget	1	947443
3789.948	n/a	Target	2	947487
3790.124	n/a	NonTarget	1	947531
3790.3	n/a	NonTarget	1	947575
3790.472	n/a	NonTarget	1	947618
3790.648	n/a	Target	2	947662
3790.824	n/a	NonTarget	1	947706
3791.0	n/a	NonTarget	1	947750
3791.172	n/a	NonTarget	1	947793
3791.348	n/a	Target	2	947837
3791.524	n/a	NonTarget	1	947881
3791.7	n/a	NonTarget	1	947925
3791.872	n/a	NonTarget	1	947968
3792.048	n/a	NonTarget	1	948012
3792.224	n/a	NonTarget	1	948056
3792.4	n/a	NonTarget	1	948100
3792.572	n/a	Target	2	948143
3792.748	n/a	NonTarget	1	948187
3792.924	n/a	NonTarget	1	948231
3793.104	n/a	NonTarget	1	948276
3793.272	n/a	NonTarget	1	948318
3793.448	n/a	NonTarget	1	948362
3793.624	n/a	NonTarget	1	948406
3793.8	n/a	NonTarget	1	948450
3793.972	n/a	Target	2	948493
3794.148	n/a	NonTarget	1	948537
3794.324	n/a	NonTarget	1	948581
3794.5	n/a	NonTarget	1	948625
3794.672	n/a	Target	2	948668
3794.848	n/a	NonTarget	1	948712
3795.024	n/a	NonTarget	1	948756
3795.2	n/a	NonTarget	1	948800
3795.372	n/a	NonTarget	1	948843
3795.548	n/a	NonTarget	1	948887
3795.724	n/a	Target	2	948931
3795.9	n/a	NonTarget	1	948975
3796.072	n/a	NonTarget	1	949018
3796.248	n/a	NonTarget	1	949062
3796.424	n/a	NonTarget	1	949106
3796.6	n/a	NonTarget	1	949150
3796.772	n/a	Target	2	949193
3796.952	n/a	NonTarget	1	949238
3797.124	n/a	NonTarget	1	949281
3797.3	n/a	NonTarget	1	949325
3797.472	n/a	NonTarget	1	949368
3797.648	n/a	NonTarget	1	949412
3797.824	n/a	NonTarget	1	949456
3798.0	n/a	NonTarget	1	949500
3798.176	n/a	Target	2	949544
3798.348	n/a	NonTarget	1	949587
3814.508	n/a	NonTarget	1	953627
3814.684	n/a	Target	2	953671
3814.856	n/a	NonTarget	1	953714
3815.032	n/a	NonTarget	1	953758
3815.208	n/a	NonTarget	1	953802
3815.384	n/a	NonTarget	1	953846
3815.556	n/a	NonTarget	1	953889
3815.732	n/a	Target	2	953933
3815.908	n/a	NonTarget	1	953977
3816.084	n/a	NonTarget	1	954021
3816.256	n/a	NonTarget	1	954064
3816.432	n/a	NonTarget	1	954108
3816.608	n/a	NonTarget	1	954152
3816.784	n/a	NonTarget	1	954196
3816.956	n/a	Target	2	954239
3817.132	n/a	NonTarget	1	954283
3817.308	n/a	NonTarget	1	954327
3817.484	n/a	NonTarget	1	954371
3817.656	n/a	NonTarget	1	954414
3817.832	n/a	NonTarget	1	954458
3818.008	n/a	NonTarget	1	954502
3818.184	n/a	NonTarget	1	954546
3818.36	n/a	Target	2	954590
3818.532	n/a	NonTarget	1	954633
3818.708	n/a	NonTarget	1	954677
3818.884	n/a	NonTarget	1	954721
3819.06	n/a	NonTarget	1	954765
3819.24	n/a	NonTarget	1	954810
3819.408	n/a	Target	2	954852
3819.584	n/a	NonTarget	1	954896
3819.756	n/a	NonTarget	1	954939
3819.932	n/a	NonTarget	1	954983
3820.108	n/a	NonTarget	1	955027
3820.284	n/a	Target	2	955071
3820.456	n/a	NonTarget	1	955114
3820.632	n/a	NonTarget	1	955158
3820.808	n/a	NonTarget	1	955202
3820.984	n/a	NonTarget	1	955246
3821.156	n/a	NonTarget	1	955289
3821.332	n/a	Target	2	955333
3821.508	n/a	NonTarget	1	955377
3821.688	n/a	NonTarget	1	955422
3821.86	n/a	NonTarget	1	955465
3822.032	n/a	NonTarget	1	955508
3822.212	n/a	NonTarget	1	955553
3822.384	n/a	NonTarget	1	955596
3822.56	n/a	Target	2	955640
3822.732	n/a	NonTarget	1	955683
3822.908	n/a	NonTarget	1	955727
3823.084	n/a	NonTarget	1	955771
3823.256	n/a	NonTarget	1	955814
3823.432	n/a	NonTarget	1	955858
3823.608	n/a	NonTarget	1	955902
3823.784	n/a	Target	2	955946
3823.956	n/a	NonTarget	1	955989
3824.132	n/a	NonTarget	1	956033
3824.308	n/a	NonTarget	1	956077
3824.484	n/a	Target	2	956121
3824.656	n/a	NonTarget	1	956164
3824.832	n/a	NonTarget	1	956208
3825.008	n/a	NonTarget	1	956252
3825.184	n/a	Target	2	956296
3825.356	n/a	NonTarget	1	956339
3825.532	n/a	NonTarget	1	956383
3825.72	n/a	NonTarget	1	956430
3825.884	n/a	NonTarget	1	956471
3826.056	n/a	NonTarget	1	956514
3826.232	n/a	NonTarget	1	956558
3826.408	n/a	NonTarget	1	956602
3826.584	n/a	Target	2	956646
3826.756	n/a	NonTarget	1	956689
3826.932	n/a	NonTarget	1	956733
3827.108	n/a	NonTarget	1	956777
3827.284	n/a	Target	2	956821
3827.456	n/a	NonTarget	1	956864
3827.632	n/a	NonTarget	1	956908
3827.812	n/a	NonTarget	1	956953
3827.984	n/a	NonTarget	1	956996
3828.156	n/a	Target	2	957039
3828.332	n/a	NonTarget	1	957083
3828.508	n/a	NonTarget	1	957127
3828.684	n/a	NonTarget	1	957171
3828.856	n/a	NonTarget	1	957214
3829.032	n/a	NonTarget	1	957258
3829.208	n/a	Target	2	957302
3829.384	n/a	NonTarget	1	957346
3829.556	n/a	NonTarget	1	957389
3829.732	n/a	NonTarget	1	957433
3829.908	n/a	NonTarget	1	957477
3830.084	n/a	NonTarget	1	957521
3851.32	n/a	NonTarget	1	962830
3851.496	n/a	NonTarget	1	962874
3851.672	n/a	NonTarget	1	962918
3851.844	n/a	NonTarget	1	962961
3852.024	n/a	NonTarget	1	963006
3852.196	n/a	Target	2	963049
3852.372	n/a	NonTarget	1	963093
3852.548	n/a	NonTarget	1	963137
3852.72	n/a	NonTarget	1	963180
3852.896	n/a	Target	2	963224
3853.072	n/a	NonTarget	1	963268
3853.244	n/a	NonTarget	1	963311
3853.42	n/a	NonTarget	1	963355
3853.596	n/a	Target	2	963399
3853.776	n/a	NonTarget	1	963444
3853.956	n/a	NonTarget	1	963489
3854.124	n/a	NonTarget	1	963531
3854.296	n/a	NonTarget	1	963574
3854.472	n/a	Target	2	963618
3854.644	n/a	NonTarget	1	963661
3854.82	n/a	NonTarget	1	963705
3854.996	n/a	NonTarget	1	963749
3855.172	n/a	NonTarget	1	963793
3855.348	n/a	NonTarget	1	963837
3855.52	n/a	NonTarget	1	963880
3855.696	n/a	Target	2	963924
3855.872	n/a	NonTarget	1	963968
3856.048	n/a	NonTarget	1	964012
3856.22	n/a	NonTarget	1	964055
3856.396	n/a	NonTarget	1	964099
3856.572	n/a	NonTarget	1	964143
3856.744	n/a	Target	2	964186
3856.92	n/a	NonTarget	1	964230
3857.096	n/a	NonTarget	1	964274
3857.272	n/a	NonTarget	1	964318
3857.448	n/a	NonTarget	1	964362
3857.62	n/a	NonTarget	1	964405
3857.796	n/a	Target	2	964449
3857.972	n/a	NonTarget	1	964493
3858.144	n/a	NonTarget	1	964536
3858.32	n/a	NonTarget	1	964580
3858.496	n/a	NonTarget	1	964624
3858.672	n/a	NonTarget	1	964668
3858.844	n/a	NonTarget	1	964711
3859.02	n/a	NonTarget	1	964755
3859.196	n/a	Target	2	964799
3859.372	n/a	NonTarget	1	964843
3859.544	n/a	NonTarget	1	964886
3859.72	n/a	NonTarget	1	964930
3859.896	n/a	NonTarget	1	964974
3860.072	n/a	Target	2	965018
3860.244	n/a	NonTarget	1	965061
3860.42	n/a	NonTarget	1	965105
3860.596	n/a	NonTarget	1	965149
3860.772	n/a	NonTarget	1	965193
3860.944	n/a	Target	2	965236
3861.12	n/a	NonTarget	1	965280
3861.296	n/a	NonTarget	1	965324
3861.472	n/a	NonTarget	1	965368
3861.644	n/a	NonTarget	1	965411
3861.82	n/a	NonTarget	1	965455
3861.996	n/a	NonTarget	1	965499
3862.172	n/a	NonTarget	1	965543
3862.344	n/a	NonTarget	1	965586
3862.52	n/a	NonTarget	1	965630
3862.696	n/a	Target	2	965674
3862.868	n/a	NonTarget	1	965717
3863.044	n/a	NonTarget	1	965761
3863.22	n/a	NonTarget	1	965805
3863.396	n/a	NonTarget	1	965849
3863.568	n/a	Target	2	965892
3863.748	n/a	NonTarget	1	965937
3863.92	n/a	NonTarget	1	965980
3864.096	n/a	NonTarget	1	966024
3864.272	n/a	NonTarget	1	966068
3864.448	n/a	NonTarget	1	966112
3864.62	n/a	NonTarget	1	966155
3864.796	n/a	Target	2	966199
3864.972	n/a	NonTarget	1	966243
3865.144	n/a	NonTarget	1	966286
3865.32	n/a	NonTarget	1	966330
3865.496	n/a	NonTarget	1	966374
3865.672	n/a	NonTarget	1	966418
3865.844	n/a	Target	2	966461
3866.02	n/a	NonTarget	1	966505
3866.196	n/a	NonTarget	1	966549
3866.372	n/a	NonTarget	1	966593
3866.548	n/a	NonTarget	1	966637
3866.72	n/a	Target	2	966680
3866.896	n/a	NonTarget	1	966724
3885.488	n/a	NonTarget	1	971372
3885.664	n/a	NonTarget	1	971416
3885.84	n/a	NonTarget	1	971460
3886.016	n/a	Target	2	971504
3886.188	n/a	NonTarget	1	971547
3886.364	n/a	NonTarget	1	971591
3886.54	n/a	NonTarget	1	971635
3886.716	n/a	NonTarget	1	971679
3886.888	n/a	NonTarget	1	971722
3887.064	n/a	NonTarget	1	971766
3887.24	n/a	Target	2	971810
3887.416	n/a	NonTarget	1	971854
3887.588	n/a	NonTarget	1	971897
3887.764	n/a	NonTarget	1	971941
3887.94	n/a	Target	2	971985
3888.116	n/a	NonTarget	1	972029
3888.288	n/a	NonTarget	1	972072
3888.464	n/a	NonTarget	1	972116
3888.64	n/a	NonTarget	1	972160
3888.816	n/a	NonTarget	1	972204
3888.988	n/a	Target	2	972247
3889.164	n/a	NonTarget	1	972291
3889.34	n/a	NonTarget	1	972335
3889.516	n/a	NonTarget	1	972379
3889.688	n/a	Target	2	972422
3889.864	n/a	NonTarget	1	972466
3890.04	n/a	NonTarget	1	972510
3890.216	n/a	NonTarget	1	972554
3890.388	n/a	NonTarget	1	972597
3890.564	n/a	NonTarget	1	972641
3890.74	n/a	NonTarget	1	972685
3890.916	n/a	NonTarget	1	972729
3891.088	n/a	NonTarget	1	972772
3891.264	n/a	NonTarget	1	972816
3891.44	n/a	NonTarget	1	972860
3891.616	n/a	Target	2	972904
3891.788	n/a	NonTarget	1	972947
3891.964	n/a	NonTarget	1	972991
3892.14	n/a	NonTarget	1	973035
3892.316	n/a	Target	2	973079
3892.488	n/a	NonTarget	1	973122
3892.664	n/a	NonTarget	1	973166
3892.84	n/a	NonTarget	1	973210
3893.012	n/a	NonTarget	1	973253
3893.188	n/a	NonTarget	1	973297
3893.364	n/a	Target	2	973341
3893.536	n/a	NonTarget	1	973384
3893.712	n/a	NonTarget	1	973428
3893.888	n/a	NonTarget	1	973472
3894.064	n/a	Target	2	973516
3894.236	n/a	NonTarget	1	973559
3894.412	n/a	NonTarget	1	973603
3894.588	n/a	NonTarget	1	973647
3894.764	n/a	NonTarget	1	973691
3894.936	n/a	NonTarget	1	973734
3895.112	n/a	NonTarget	1	973778
3895.288	n/a	NonTarget	1	973822
3895.464	n/a	NonTarget	1	973866
3895.636	n/a	NonTarget	1	973909
3895.812	n/a	Target	2	973953
3895.988	n/a	NonTarget	1	973997
3896.164	n/a	NonTarget	1	974041
3896.336	n/a	NonTarget	1	974084
3896.512	n/a	NonTarget	1	974128
3896.688	n/a	Target	2	974172
3896.864	n/a	NonTarget	1	974216
3897.036	n/a	NonTarget	1	974259
3897.212	n/a	NonTarget	1	974303
3897.388	n/a	NonTarget	1	974347
3897.564	n/a	NonTarget	1	974391
3897.736	n/a	Target	2	974434
3897.912	n/a	NonTarget	1	974478
3898.088	n/a	NonTarget	1	974522
3898.264	n/a	NonTarget	1	974566
3898.436	n/a	NonTarget	1	974609
3898.612	n/a	NonTarget	1	974653
3898.788	n/a	NonTarget	1	974697
3898.964	n/a	Target	2	974741
3899.136	n/a	NonTarget	1	974784
3899.312	n/a	NonTarget	1	974828
3899.488	n/a	Target	2	974872
3899.664	n/a	NonTarget	1	974916
3899.836	n/a	NonTarget	1	974959
3900.012	n/a	NonTarget	1	975003
3900.188	n/a	NonTarget	1	975047
3900.364	n/a	NonTarget	1	975091
3900.536	n/a	Target	2	975134
3900.712	n/a	NonTarget	1	975178
3900.888	n/a	NonTarget	1	975222
3901.064	n/a	NonTarget	1	975266
3923.116	n/a	Target	2	980779
3923.292	n/a	NonTarget	1	980823
3923.468	n/a	NonTarget	1	980867
3923.64	n/a	NonTarget	1	980910
3923.816	n/a	NonTarget	1	980954
3923.992	n/a	NonTarget	1	980998
3924.168	n/a	Target	2	981042
3924.34	n/a	NonTarget	1	981085
3924.516	n/a	NonTarget	1	981129
3924.692	n/a	NonTarget	1	981173
3924.864	n/a	NonTarget	1	981216
3925.04	n/a	NonTarget	1	981260
3925.216	n/a	Target	2	981304
3925.392	n/a	NonTarget	1	981348
3925.564	n/a	NonTarget	1	981391
3925.74	n/a	NonTarget	1	981435
3925.916	n/a	NonTarget	1	981479
3926.092	n/a	NonTarget	1	981523
3926.264	n/a	Target	2	981566
3926.44	n/a	NonTarget	1	981610
3926.616	n/a	NonTarget	1	981654
3926.792	n/a	NonTarget	1	981698
3926.964	n/a	NonTarget	1	981741
3927.14	n/a	NonTarget	1	981785
3927.316	n/a	NonTarget	1	981829
3927.492	n/a	Target	2	981873
3927.664	n/a	NonTarget	1	981916
3927.84	n/a	NonTarget	1	981960
3928.016	n/a	NonTarget	1	982004
3928.192	n/a	NonTarget	1	982048
3928.364	n/a	NonTarget	1	982091
3928.54	n/a	NonTarget	1	982135
3928.716	n/a	NonTarget	1	982179
3928.892	n/a	NonTarget	1	982223
3929.064	n/a	Target	2	982266
3929.24	n/a	NonTarget	1	982310
3929.416	n/a	NonTarget	1	982354
3929.592	n/a	Target	2	982398
3929.764	n/a	NonTarget	1	982441
3929.94	n/a	NonTarget	1	982485
3930.116	n/a	NonTarget	1	982529
3930.296	n/a	NonTarget	1	982574
3930.464	n/a	NonTarget	1	982616
3930.64	n/a	NonTarget	1	982660
3930.816	n/a	NonTarget	1	982704
3930.992	n/a	Target	2	982748
3931.164	n/a	NonTarget	1	982791
3931.34	n/a	NonTarget	1	982835
3931.516	n/a	NonTarget	1	982879
3931.692	n/a	NonTarget	1	982923
3931.864	n/a	Target	2	982966
3932.048	n/a	NonTarget	1	983012
3932.216	n/a	NonTarget	1	983054
3932.392	n/a	NonTarget	1	983098
3932.564	n/a	NonTarget	1	983141
3932.74	n/a	NonTarget	1	983185
3932.916	n/a	NonTarget	1	983229
3933.092	n/a	Target	2	983273
3933.264	n/a	NonTarget	1	983316
3933.44	n/a	NonTarget	1	983360
3933.616	n/a	NonTarget	1	983404
3933.792	n/a	NonTarget	1	983448
3933.964	n/a	NonTarget	1	983491
3934.14	n/a	NonTarget	1	983535
3934.316	n/a	Target	2	983579
3934.492	n/a	NonTarget	1	983623
3934.668	n/a	NonTarget	1	983667
3934.84	n/a	NonTarget	1	983710
3935.016	n/a	Target	2	983754
3935.192	n/a	NonTarget	1	983798
3935.364	n/a	NonTarget	1	983841
3935.54	n/a	NonTarget	1	983885
3935.716	n/a	NonTarget	1	983929
3935.892	n/a	NonTarget	1	983973
3936.064	n/a	NonTarget	1	984016
3936.24	n/a	NonTarget	1	984060
3936.416	n/a	NonTarget	1	984104
3936.592	n/a	Target	2	984148
3936.764	n/a	NonTarget	1	984191
3936.94	n/a	NonTarget	1	984235
3937.116	n/a	NonTarget	1	984279
3937.292	n/a	Target	2	984323
3937.464	n/a	NonTarget	1	984366
3937.64	n/a	NonTarget	1	984410
3937.816	n/a	NonTarget	1	984454
3937.992	n/a	NonTarget	1	984498
3938.164	n/a	Target	2	984541
3938.34	n/a	NonTarget	1	984585
3938.516	n/a	NonTarget	1	984629
3938.692	n/a	NonTarget	1	984673
3954.828	n/a	NonTarget	1	988707
3955.004	n/a	NonTarget	1	988751
3955.18	n/a	NonTarget	1	988795
3955.352	n/a	NonTarget	1	988838
3955.528	n/a	NonTarget	1	988882
3955.704	n/a	Target	2	988926
3955.88	n/a	NonTarget	1	988970
3956.052	n/a	NonTarget	1	989013
3956.228	n/a	NonTarget	1	989057
3956.404	n/a	NonTarget	1	989101
3956.58	n/a	NonTarget	1	989145
3956.752	n/a	Target	2	989188
3956.928	n/a	NonTarget	1	989232
3957.104	n/a	NonTarget	1	989276
3957.28	n/a	NonTarget	1	989320
3957.452	n/a	NonTarget	1	989363
3957.628	n/a	Target	2	989407
3957.804	n/a	NonTarget	1	989451
3957.98	n/a	NonTarget	1	989495
3958.152	n/a	NonTarget	1	989538
3958.328	n/a	NonTarget	1	989582
3958.504	n/a	Target	2	989626
3958.68	n/a	NonTarget	1	989670
3958.852	n/a	NonTarget	1	989713
3959.028	n/a	NonTarget	1	989757
3959.204	n/a	NonTarget	1	989801
3959.38	n/a	NonTarget	1	989845
3959.552	n/a	NonTarget	1	989888
3959.728	n/a	Target	2	989932
3959.904	n/a	NonTarget	1	989976
3960.08	n/a	NonTarget	1	990020
3960.252	n/a	Target	2	990063
3960.428	n/a	NonTarget	1	990107
3960.604	n/a	NonTarget	1	990151
3960.78	n/a	NonTarget	1	990195
3960.952	n/a	NonTarget	1	990238
3961.128	n/a	NonTarget	1	990282
3961.304	n/a	NonTarget	1	990326
3961.48	n/a	NonTarget	1	990370
3961.652	n/a	Target	2	990413
3961.828	n/a	NonTarget	1	990457
3962.004	n/a	NonTarget	1	990501
3962.18	n/a	NonTarget	1	990545
3962.352	n/a	Target	2	990588
3962.528	n/a	NonTarget	1	990632
3962.704	n/a	NonTarget	1	990676
3962.88	n/a	NonTarget	1	990720
3963.052	n/a	NonTarget	1	990763
3963.228	n/a	Target	2	990807
3963.404	n/a	NonTarget	1	990851
3963.58	n/a	NonTarget	1	990895
3963.752	n/a	NonTarget	1	990938
3963.928	n/a	NonTarget	1	990982
3964.104	n/a	NonTarget	1	991026
3964.28	n/a	NonTarget	1	991070
3964.452	n/a	NonTarget	1	991113
3964.628	n/a	Target	2	991157
3964.804	n/a	NonTarget	1	991201
3964.98	n/a	NonTarget	1	991245
3965.152	n/a	NonTarget	1	991288
3965.328	n/a	NonTarget	1	991332
3965.504	n/a	Target	2	991376
3965.68	n/a	NonTarget	1	991420
3965.852	n/a	NonTarget	1	991463
3966.028	n/a	NonTarget	1	991507
3966.204	n/a	NonTarget	1	991551
3966.38	n/a	NonTarget	1	991595
3966.552	n/a	NonTarget	1	991638
3966.728	n/a	Target	2	991682
3966.904	n/a	NonTarget	1	991726
3967.08	n/a	NonTarget	1	991770
3967.252	n/a	NonTarget	1	991813
3967.428	n/a	NonTarget	1	991857
3967.604	n/a	NonTarget	1	991901
3967.78	n/a	NonTarget	1	991945
3967.952	n/a	NonTarget	1	991988
3968.128	n/a	NonTarget	1	992032
3968.304	n/a	Target	2	992076
3968.48	n/a	NonTarget	1	992120
3968.652	n/a	NonTarget	1	992163
3968.828	n/a	NonTarget	1	992207
3969.004	n/a	NonTarget	1	992251
3969.18	n/a	Target	2	992295
3969.352	n/a	NonTarget	1	992338
3969.528	n/a	NonTarget	1	992382
3969.704	n/a	NonTarget	1	992426
3969.88	n/a	NonTarget	1	992470
3970.052	n/a	NonTarget	1	992513
3970.228	n/a	NonTarget	1	992557
3970.404	n/a	Target	2	992601
3991.54	n/a	NonTarget	1	997885
3991.716	n/a	NonTarget	1	997929
3991.892	n/a	NonTarget	1	997973
3992.064	n/a	Target	2	998016
3992.24	n/a	NonTarget	1	998060
3992.416	n/a	NonTarget	1	998104
3992.588	n/a	NonTarget	1	998147
3992.764	n/a	NonTarget	1	998191
3992.94	n/a	NonTarget	1	998235
3993.116	n/a	NonTarget	1	998279
3993.292	n/a	Target	2	998323
3993.464	n/a	NonTarget	1	998366
3993.64	n/a	NonTarget	1	998410
3993.816	n/a	NonTarget	1	998454
3993.988	n/a	NonTarget	1	998497
3994.164	n/a	NonTarget	1	998541
3994.34	n/a	Target	2	998585
3994.516	n/a	NonTarget	1	998629
3994.688	n/a	NonTarget	1	998672
3994.864	n/a	NonTarget	1	998716
3995.044	n/a	NonTarget	1	998761
3995.216	n/a	Target	2	998804
3995.388	n/a	NonTarget	1	998847
3995.564	n/a	NonTarget	1	998891
3995.74	n/a	Target	2	998935
3995.916	n/a	NonTarget	1	998979
3996.088	n/a	NonTarget	1	999022
3996.264	n/a	NonTarget	1	999066
3996.44	n/a	NonTarget	1	999110
3996.616	n/a	NonTarget	1	999154
3996.788	n/a	NonTarget	1	999197
3996.964	n/a	NonTarget	1	999241
3997.14	n/a	NonTarget	1	999285
3997.32	n/a	Target	2	999330
3997.488	n/a	NonTarget	1	999372
3997.664	n/a	NonTarget	1	999416
3997.84	n/a	Target	2	999460
3998.016	n/a	NonTarget	1	999504
3998.188	n/a	NonTarget	1	999547
3998.364	n/a	NonTarget	1	999591
3998.54	n/a	NonTarget	1	999635
3998.716	n/a	NonTarget	1	999679
3998.888	n/a	NonTarget	1	999722
3999.064	n/a	NonTarget	1	999766
3999.24	n/a	NonTarget	1	999810
3999.416	n/a	Target	2	999854
3999.588	n/a	NonTarget	1	999897
3999.764	n/a	NonTarget	1	999941
3999.94	n/a	Target	2	999985
4000.116	n/a	NonTarget	1	1000029
4000.288	n/a	NonTarget	1	1000072
4000.464	n/a	NonTarget	1	1000116
4000.64	n/a	NonTarget	1	1000160
4000.816	n/a	NonTarget	1	1000204
4000.988	n/a	Target	2	1000247
4001.164	n/a	NonTarget	1	1000291
4001.34	n/a	NonTarget	1	1000335
4001.516	n/a	NonTarget	1	1000379
4001.688	n/a	NonTarget	1	1000422
4001.864	n/a	NonTarget	1	1000466
4002.04	n/a	NonTarget	1	1000510
4002.216	n/a	NonTarget	1	1000554
4002.388	n/a	Target	2	1000597
4002.564	n/a	NonTarget	1	1000641
4002.74	n/a	NonTarget	1	1000685
4002.916	n/a	NonTarget	1	1000729
4003.088	n/a	NonTarget	1	1000772
4003.264	n/a	NonTarget	1	1000816
4003.44	n/a	Target	2	1000860
4003.616	n/a	NonTarget	1	1000904
4003.788	n/a	NonTarget	1	1000947
4003.964	n/a	NonTarget	1	1000991
4004.14	n/a	NonTarget	1	1001035
4004.316	n/a	Target	2	1001079
4004.492	n/a	NonTarget	1	1001123
4004.664	n/a	NonTarget	1	1001166
4004.84	n/a	NonTarget	1	1001210
4005.016	n/a	NonTarget	1	1001254
4005.188	n/a	NonTarget	1	1001297
4005.364	n/a	NonTarget	1	1001341
4005.54	n/a	NonTarget	1	1001385
4005.716	n/a	NonTarget	1	1001429
4005.888	n/a	Target	2	1001472
4006.064	n/a	NonTarget	1	1001516
4006.24	n/a	NonTarget	1	1001560
4006.416	n/a	NonTarget	1	1001604
4006.588	n/a	Target	2	1001647
4006.768	n/a	NonTarget	1	1001692
4006.94	n/a	NonTarget	1	1001735
4007.116	n/a	NonTarget	1	1001779
4022.304	n/a	Target	2	1005576
4022.476	n/a	NonTarget	1	1005619
4022.652	n/a	NonTarget	1	1005663
4022.828	n/a	NonTarget	1	1005707
4023.004	n/a	NonTarget	1	1005751
4023.18	n/a	NonTarget	1	1005795
4023.352	n/a	Target	2	1005838
4023.528	n/a	NonTarget	1	1005882
4023.704	n/a	NonTarget	1	1005926
4023.88	n/a	NonTarget	1	1005970
4024.052	n/a	NonTarget	1	1006013
4024.228	n/a	NonTarget	1	1006057
4024.404	n/a	Target	2	1006101
4024.576	n/a	NonTarget	1	1006144
4024.752	n/a	NonTarget	1	1006188
4024.928	n/a	NonTarget	1	1006232
4025.104	n/a	NonTarget	1	1006276
4025.28	n/a	NonTarget	1	1006320
4025.452	n/a	NonTarget	1	1006363
4025.628	n/a	Target	2	1006407
4025.804	n/a	NonTarget	1	1006451
4025.976	n/a	NonTarget	1	1006494
4026.152	n/a	NonTarget	1	1006538
4026.328	n/a	NonTarget	1	1006582
4026.504	n/a	NonTarget	1	1006626
4026.676	n/a	NonTarget	1	1006669
4026.852	n/a	NonTarget	1	1006713
4027.028	n/a	NonTarget	1	1006757
4027.204	n/a	NonTarget	1	1006801
4027.376	n/a	Target	2	1006844
4027.552	n/a	NonTarget	1	1006888
4027.728	n/a	NonTarget	1	1006932
4027.904	n/a	NonTarget	1	1006976
4028.076	n/a	NonTarget	1	1007019
4028.252	n/a	NonTarget	1	1007063
4028.428	n/a	Target	2	1007107
4028.604	n/a	NonTarget	1	1007151
4028.78	n/a	NonTarget	1	1007195
4028.952	n/a	NonTarget	1	1007238
4029.128	n/a	Target	2	1007282
4029.304	n/a	NonTarget	1	1007326
4029.48	n/a	NonTarget	1	1007370
4029.652	n/a	NonTarget	1	1007413
4029.828	n/a	Target	2	1007457
4030.004	n/a	NonTarget	1	1007501
4030.176	n/a	NonTarget	1	1007544
4030.352	n/a	NonTarget	1	1007588
4030.528	n/a	NonTarget	1	1007632
4030.704	n/a	Target	2	1007676
4030.876	n/a	NonTarget	1	1007719
4031.052	n/a	NonTarget	1	1007763
4031.228	n/a	NonTarget	1	1007807
4031.404	n/a	NonTarget	1	1007851
4031.576	n/a	NonTarget	1	1007894
4031.752	n/a	NonTarget	1	1007938
4031.928	n/a	Target	2	1007982
4032.104	n/a	NonTarget	1	1008026
4032.276	n/a	NonTarget	1	1008069
4032.452	n/a	NonTarget	1	1008113
4032.628	n/a	NonTarget	1	1008157
4032.808	n/a	NonTarget	1	1008202
4032.976	n/a	Target	2	1008244
4033.152	n/a	NonTarget	1	1008288
4033.328	n/a	NonTarget	1	1008332
4033.504	n/a	NonTarget	1	1008376
4033.676	n/a	NonTarget	1	1008419
4033.852	n/a	NonTarget	1	1008463
4034.028	n/a	Target	2	1008507
4034.204	n/a	NonTarget	1	1008551
4034.376	n/a	NonTarget	1	1008594
4034.552	n/a	NonTarget	1	1008638
4034.728	n/a	NonTarget	1	1008682
4034.904	n/a	NonTarget	1	1008726
4035.076	n/a	NonTarget	1	1008769
4035.252	n/a	NonTarget	1	1008813
4035.428	n/a	Target	2	1008857
4035.604	n/a	NonTarget	1	1008901
4035.78	n/a	NonTarget	1	1008945
4035.952	n/a	NonTarget	1	1008988
4036.128	n/a	NonTarget	1	1009032
4036.304	n/a	Target	2	1009076
4036.476	n/a	NonTarget	1	1009119
4036.652	n/a	NonTarget	1	1009163
4036.828	n/a	NonTarget	1	1009207
4037.004	n/a	NonTarget	1	1009251
4037.176	n/a	Target	2	1009294
4037.352	n/a	NonTarget	1	1009338
4037.528	n/a	NonTarget	1	1009382
4037.704	n/a	NonTarget	1	1009426
4037.876	n/a	NonTarget	1	1009469
4059.172	n/a	NonTarget	1	1014793
4059.348	n/a	NonTarget	1	1014837
4059.52	n/a	NonTarget	1	1014880
4059.696	n/a	NonTarget	1	1014924
4059.872	n/a	NonTarget	1	1014968
4060.048	n/a	Target	2	1015012
4060.22	n/a	NonTarget	1	1015055
4060.396	n/a	NonTarget	1	1015099
4060.572	n/a	NonTarget	1	1015143
4060.748	n/a	NonTarget	1	1015187
4060.92	n/a	Target	2	1015230
4061.096	n/a	NonTarget	1	1015274
4061.272	n/a	NonTarget	1	1015318
4061.448	n/a	NonTarget	1	1015362
4061.62	n/a	NonTarget	1	1015405
4061.796	n/a	NonTarget	1	1015449
4061.972	n/a	NonTarget	1	1015493
4062.148	n/a	Target	2	1015537
4062.32	n/a	NonTarget	1	1015580
4062.496	n/a	NonTarget	1	1015624
4062.672	n/a	NonTarget	1	1015668
4062.848	n/a	NonTarget	1	1015712
4063.028	n/a	NonTarget	1	1015757
4063.196	n/a	Target	2	1015799
4063.372	n/a	NonTarget	1	1015843
4063.548	n/a	NonTarget	1	1015887
4063.72	n/a	NonTarget	1	1015930
4063.896	n/a	NonTarget	1	1015974
4064.072	n/a	Target	2	1016018
4064.248	n/a	NonTarget	1	1016062
4064.42	n/a	NonTarget	1	1016105
4064.596	n/a	NonTarget	1	1016149
4064.772	n/a	NonTarget	1	1016193
4064.948	n/a	NonTarget	1	1016237
4065.12	n/a	Target	2	1016280
4065.296	n/a	NonTarget	1	1016324
4065.472	n/a	NonTarget	1	1016368
4065.648	n/a	NonTarget	1	1016412
4065.82	n/a	NonTarget	1	1016455
4065.996	n/a	Target	2	1016499
4066.172	n/a	NonTarget	1	1016543
4066.348	n/a	NonTarget	1	1016587
4066.52	n/a	NonTarget	1	1016630
4066.696	n/a	NonTarget	1	1016674
4066.872	n/a	NonTarget	1	1016718
4067.048	n/a	NonTarget	1	1016762
4067.22	n/a	Target	2	1016805
4067.396	n/a	NonTarget	1	1016849
4067.572	n/a	NonTarget	1	1016893
4067.748	n/a	NonTarget	1	1016937
4067.92	n/a	NonTarget	1	1016980
4068.096	n/a	Target	2	1017024
4068.272	n/a	NonTarget	1	1017068
4068.448	n/a	NonTarget	1	1017112
4068.624	n/a	NonTarget	1	1017156
4068.796	n/a	Target	2	1017199
4068.972	n/a	NonTarget	1	1017243
4069.148	n/a	NonTarget	1	1017287
4069.32	n/a	NonTarget	1	1017330
4069.496	n/a	NonTarget	1	1017374
4069.672	n/a	NonTarget	1	1017418
4069.848	n/a	NonTarget	1	1017462
4070.02	n/a	NonTarget	1	1017505
4070.196	n/a	Target	2	1017549
4070.372	n/a	NonTarget	1	1017593
4070.548	n/a	NonTarget	1	1017637
4070.72	n/a	NonTarget	1	1017680
4070.896	n/a	NonTarget	1	1017724
4071.072	n/a	NonTarget	1	1017768
4071.248	n/a	NonTarget	1	1017812
4071.42	n/a	Target	2	1017855
4071.596	n/a	NonTarget	1	1017899
4071.772	n/a	NonTarget	1	1017943
4071.948	n/a	NonTarget	1	1017987
4072.12	n/a	NonTarget	1	1018030
4072.3	n/a	NonTarget	1	1018075
4072.472	n/a	Target	2	1018118
4072.648	n/a	NonTarget	1	1018162
4072.82	n/a	NonTarget	1	1018205
4072.996	n/a	NonTarget	1	1018249
4073.172	n/a	NonTarget	1	1018293
4073.348	n/a	Target	2	1018337
4073.524	n/a	NonTarget	1	1018381
4073.696	n/a	NonTarget	1	1018424
4073.872	n/a	Target	2	1018468
4074.048	n/a	NonTarget	1	1018512
4074.22	n/a	NonTarget	1	1018555
4074.396	n/a	NonTarget	1	1018599
4074.572	n/a	NonTarget	1	1018643
4074.748	n/a	NonTarget	1	1018687
4090.908	n/a	NonTarget	1	1022727
4091.084	n/a	NonTarget	1	1022771
4091.256	n/a	NonTarget	1	1022814
4091.432	n/a	Target	2	1022858
4091.608	n/a	NonTarget	1	1022902
4091.784	n/a	NonTarget	1	1022946
4091.956	n/a	Target	2	1022989
4092.132	n/a	NonTarget	1	1023033
4092.308	n/a	NonTarget	1	1023077
4092.484	n/a	NonTarget	1	1023121
4092.656	n/a	NonTarget	1	1023164
4092.832	n/a	NonTarget	1	1023208
4093.008	n/a	NonTarget	1	1023252
4093.184	n/a	NonTarget	1	1023296
4093.356	n/a	NonTarget	1	1023339
4093.532	n/a	Target	2	1023383
4093.708	n/a	NonTarget	1	1023427
4093.884	n/a	NonTarget	1	1023471
4094.056	n/a	Target	2	1023514
4094.232	n/a	NonTarget	1	1023558
4094.408	n/a	NonTarget	1	1023602
4094.584	n/a	NonTarget	1	1023646
4094.756	n/a	NonTarget	1	1023689
4094.932	n/a	NonTarget	1	1023733
4095.108	n/a	Target	2	1023777
4095.284	n/a	NonTarget	1	1023821
4095.456	n/a	NonTarget	1	1023864
4095.632	n/a	NonTarget	1	1023908
4095.808	n/a	NonTarget	1	1023952
4095.984	n/a	NonTarget	1	1023996
4096.156	n/a	NonTarget	1	1024039
4096.332	n/a	NonTarget	1	1024083
4096.508	n/a	Target	2	1024127
4096.684	n/a	NonTarget	1	1024171
4096.856	n/a	NonTarget	1	1024214
4097.032	n/a	NonTarget	1	1024258
4097.208	n/a	NonTarget	1	1024302
4097.384	n/a	NonTarget	1	1024346
4097.556	n/a	Target	2	1024389
4097.732	n/a	NonTarget	1	1024433
4097.908	n/a	NonTarget	1	1024477
4098.084	n/a	NonTarget	1	1024521
4098.256	n/a	NonTarget	1	1024564
4098.432	n/a	Target	2	1024608
4098.608	n/a	NonTarget	1	1024652
4098.784	n/a	NonTarget	1	1024696
4098.96	n/a	NonTarget	1	1024740
4099.136	n/a	NonTarget	1	1024784
4099.308	n/a	NonTarget	1	1024827
4099.484	n/a	NonTarget	1	1024871
4099.656	n/a	NonTarget	1	1024914
4099.832	n/a	NonTarget	1	1024958
4100.008	n/a	Target	2	1025002
4100.184	n/a	NonTarget	1	1025046
4100.356	n/a	NonTarget	1	1025089
4100.532	n/a	NonTarget	1	1025133
4100.708	n/a	Target	2	1025177
4100.88	n/a	NonTarget	1	1025220
4101.06	n/a	NonTarget	1	1025265
4101.232	n/a	NonTarget	1	1025308
4101.408	n/a	Target	2	1025352
4101.584	n/a	NonTarget	1	1025396
4101.756	n/a	NonTarget	1	1025439
4101.932	n/a	NonTarget	1	1025483
4102.108	n/a	NonTarget	1	1025527
4102.284	n/a	NonTarget	1	1025571
4102.456	n/a	Target	2	1025614
4102.632	n/a	NonTarget	1	1025658
4102.808	n/a	NonTarget	1	1025702
4102.98	n/a	NonTarget	1	1025745
4103.156	n/a	NonTarget	1	1025789
4103.332	n/a	NonTarget	1	1025833
4103.508	n/a	Target	2	1025877
4103.68	n/a	NonTarget	1	1025920
4103.856	n/a	NonTarget	1	1025964
4104.032	n/a	NonTarget	1	1026008
4104.208	n/a	NonTarget	1	1026052
4104.38	n/a	NonTarget	1	1026095
4104.556	n/a	NonTarget	1	1026139
4104.732	n/a	Target	2	1026183
4104.908	n/a	NonTarget	1	1026227
4105.084	n/a	NonTarget	1	1026271
4105.256	n/a	NonTarget	1	1026314
4105.432	n/a	NonTarget	1	1026358
4105.608	n/a	NonTarget	1	1026402
4105.784	n/a	NonTarget	1	1026446
4105.956	n/a	NonTarget	1	1026489
4106.132	n/a	NonTarget	1	1026533
4106.308	n/a	NonTarget	1	1026577
4106.48	n/a	Target	2	1026620
4127.764	n/a	NonTarget	1	1031941
4127.94	n/a	NonTarget	1	1031985
4128.116	n/a	NonTarget	1	1032029
4128.292	n/a	NonTarget	1	1032073
4128.464	n/a	NonTarget	1	1032116
4128.64	n/a	Target	2	1032160
4128.816	n/a	NonTarget	1	1032204
4128.992	n/a	NonTarget	1	1032248
4129.164	n/a	NonTarget	1	1032291
4129.34	n/a	Target	2	1032335
4129.516	n/a	NonTarget	1	1032379
4129.688	n/a	NonTarget	1	1032422
4129.864	n/a	NonTarget	1	1032466
4130.04	n/a	Target	2	1032510
4130.216	n/a	NonTarget	1	1032554
4130.388	n/a	NonTarget	1	1032597
4130.564	n/a	NonTarget	1	1032641
4130.74	n/a	NonTarget	1	1032685
4130.916	n/a	Target	2	1032729
4131.088	n/a	NonTarget	1	1032772
4131.264	n/a	NonTarget	1	1032816
4131.44	n/a	NonTarget	1	1032860
4131.616	n/a	NonTarget	1	1032904
4131.796	n/a	NonTarget	1	1032949
4131.964	n/a	NonTarget	1	1032991
4132.14	n/a	Target	2	1033035
4132.316	n/a	NonTarget	1	1033079
4132.488	n/a	NonTarget	1	1033122
4132.664	n/a	NonTarget	1	1033166
4132.84	n/a	NonTarget	1	1033210
4133.016	n/a	NonTarget	1	1033254
4133.188	n/a	Target	2	1033297
4133.364	n/a	NonTarget	1	1033341
4133.54	n/a	NonTarget	1	1033385
4133.712	n/a	NonTarget	1	1033428
4133.888	n/a	NonTarget	1	1033472
4134.064	n/a	NonTarget	1	1033516
4134.24	n/a	Target	2	1033560
4134.412	n/a	NonTarget	1	1033603
4134.588	n/a	NonTarget	1	1033647
4134.764	n/a	NonTarget	1	1033691
4134.94	n/a	NonTarget	1	1033735
4135.116	n/a	NonTarget	1	1033779
4135.288	n/a	NonTarget	1	1033822
4135.464	n/a	NonTarget	1	1033866
4135.64	n/a	Target	2	1033910
4135.816	n/a	NonTarget	1	1033954
4135.988	n/a	NonTarget	1	1033997
4136.164	n/a	NonTarget	1	1034041
4136.34	n/a	NonTarget	1	1034085
4136.516	n/a	Target	2	1034129
4136.688	n/a	NonTarget	1	1034172
4136.864	n/a	NonTarget	1	1034216
4137.04	n/a	NonTarget	1	1034260
4137.216	n/a	NonTarget	1	1034304
4137.388	n/a	Target	2	1034347
4137.564	n/a	NonTarget	1	1034391
4137.74	n/a	NonTarget	1	1034435
4137.916	n/a	NonTarget	1	1034479
4138.088	n/a	NonTarget	1	1034522
4138.264	n/a	NonTarget	1	1034566
4138.44	n/a	NonTarget	1	1034610
4138.616	n/a	NonTarget	1	1034654
4138.792	n/a	NonTarget	1	1034698
4138.964	n/a	NonTarget	1	1034741
4139.14	n/a	Target	2	1034785
4139.316	n/a	NonTarget	1	1034829
4139.492	n/a	NonTarget	1	1034873
4139.664	n/a	NonTarget	1	1034916
4139.84	n/a	NonTarget	1	1034960
4140.016	n/a	Target	2	1035004
4140.188	n/a	NonTarget	1	1035047
4140.364	n/a	NonTarget	1	1035091
4140.54	n/a	NonTarget	1	1035135
4140.716	n/a	NonTarget	1	1035179
4140.888	n/a	NonTarget	1	1035222
4141.064	n/a	NonTarget	1	1035266
4141.24	n/a	Target	2	1035310
4141.416	n/a	NonTarget	1	1035354
4141.6	n/a	NonTarget	1	1035400
4141.764	n/a	NonTarget	1	1035441
4141.94	n/a	NonTarget	1	1035485
4142.116	n/a	NonTarget	1	1035529
4142.288	n/a	Target	2	1035572
4142.464	n/a	NonTarget	1	1035616
4142.64	n/a	NonTarget	1	1035660
4142.816	n/a	NonTarget	1	1035704
4142.992	n/a	NonTarget	1	1035748
4143.164	n/a	Target	2	1035791
4143.34	n/a	NonTarget	1	1035835
4161.92	n/a	Target	2	1040480
4162.092	n/a	NonTarget	1	1040523
4162.268	n/a	NonTarget	1	1040567
4162.444	n/a	NonTarget	1	1040611
4162.62	n/a	NonTarget	1	1040655
4162.792	n/a	NonTarget	1	1040698
4162.968	n/a	Target	2	1040742
4163.144	n/a	NonTarget	1	1040786
4163.32	n/a	NonTarget	1	1040830
4163.492	n/a	NonTarget	1	1040873
4163.668	n/a	NonTarget	1	1040917
4163.84	n/a	NonTarget	1	1040960
4164.016	n/a	Target	2	1041004
4164.192	n/a	NonTarget	1	1041048
4164.368	n/a	NonTarget	1	1041092
4164.544	n/a	NonTarget	1	1041136
4164.716	n/a	NonTarget	1	1041179
4164.892	n/a	NonTarget	1	1041223
4165.068	n/a	Target	2	1041267
4165.244	n/a	NonTarget	1	1041311
4165.42	n/a	NonTarget	1	1041355
4165.592	n/a	NonTarget	1	1041398
4165.768	n/a	NonTarget	1	1041442
4165.944	n/a	NonTarget	1	1041486
4166.116	n/a	NonTarget	1	1041529
4166.292	n/a	NonTarget	1	1041573
4166.468	n/a	NonTarget	1	1041617
4166.644	n/a	Target	2	1041661
4166.82	n/a	NonTarget	1	1041705
4166.992	n/a	NonTarget	1	1041748
4167.168	n/a	Target	2	1041792
4167.344	n/a	NonTarget	1	1041836
4167.52	n/a	NonTarget	1	1041880
4167.692	n/a	NonTarget	1	1041923
4167.868	n/a	NonTarget	1	1041967
4168.044	n/a	NonTarget	1	1042011
4168.22	n/a	NonTarget	1	1042055
4168.392	n/a	Target	2	1042098
4168.568	n/a	NonTarget	1	1042142
4168.744	n/a	NonTarget	1	1042186
4168.92	n/a	NonTarget	1	1042230
4169.092	n/a	NonTarget	1	1042273
4169.272	n/a	NonTarget	1	1042318
4169.444	n/a	Target	2	1042361
4169.62	n/a	NonTarget	1	1042405
4169.792	n/a	NonTarget	1	1042448
4169.968	n/a	NonTarget	1	1042492
4170.144	n/a	NonTarget	1	1042536
4170.32	n/a	NonTarget	1	1042580
4170.492	n/a	NonTarget	1	1042623
4170.668	n/a	NonTarget	1	1042667
4170.844	n/a	NonTarget	1	1042711
4171.02	n/a	NonTarget	1	1042755
4171.192	n/a	Target	2	1042798
4171.368	n/a	NonTarget	1	1042842
4171.544	n/a	NonTarget	1	1042886
4171.716	n/a	NonTarget	1	1042929
4171.892	n/a	Target	2	1042973
4172.068	n/a	NonTarget	1	1043017
4172.244	n/a	NonTarget	1	1043061
4172.42	n/a	NonTarget	1	1043105
4172.592	n/a	NonTarget	1	1043148
4172.768	n/a	Target	2	1043192
4172.944	n/a	NonTarget	1	1043236
4173.12	n/a	NonTarget	1	1043280
4173.292	n/a	NonTarget	1	1043323
4173.468	n/a	NonTarget	1	1043367
4173.644	n/a	NonTarget	1	1043411
4173.82	n/a	Target	2	1043455
4173.992	n/a	NonTarget	1	1043498
4174.168	n/a	NonTarget	1	1043542
4174.344	n/a	NonTarget	1	1043586
4174.52	n/a	Target	2	1043630
4174.692	n/a	NonTarget	1	1043673
4174.868	n/a	NonTarget	1	1043717
4175.044	n/a	NonTarget	1	1043761
4175.224	n/a	NonTarget	1	1043806
4175.392	n/a	NonTarget	1	1043848
4175.572	n/a	NonTarget	1	1043893
4175.744	n/a	NonTarget	1	1043936
4175.916	n/a	NonTarget	1	1043979
4176.092	n/a	NonTarget	1	1044023
4176.268	n/a	NonTarget	1	1044067
4176.444	n/a	Target	2	1044111
4176.62	n/a	NonTarget	1	1044155
4176.792	n/a	NonTarget	1	1044198
4176.968	n/a	NonTarget	1	1044242
4177.144	n/a	NonTarget	1	1044286
4177.316	n/a	NonTarget	1	1044329
4177.492	n/a	Target	2	1044373
4198.576	n/a	NonTarget	1	1049644
4198.752	n/a	Target	2	1049688
4198.924	n/a	NonTarget	1	1049731
4199.1	n/a	NonTarget	1	1049775
4199.276	n/a	NonTarget	1	1049819
4199.452	n/a	NonTarget	1	1049863
4199.624	n/a	NonTarget	1	1049906
4199.8	n/a	Target	2	1049950
4199.976	n/a	NonTarget	1	1049994
4200.152	n/a	NonTarget	1	1050038
4200.324	n/a	NonTarget	1	1050081
4200.5	n/a	NonTarget	1	1050125
4200.676	n/a	NonTarget	1	1050169
4200.852	n/a	NonTarget	1	1050213
4201.024	n/a	Target	2	1050256
4201.2	n/a	NonTarget	1	1050300
4201.376	n/a	NonTarget	1	1050344
4201.552	n/a	NonTarget	1	1050388
4201.724	n/a	NonTarget	1	1050431
4201.9	n/a	Target	2	1050475
4202.076	n/a	NonTarget	1	1050519
4202.252	n/a	NonTarget	1	1050563
4202.424	n/a	NonTarget	1	1050606
4202.6	n/a	NonTarget	1	1050650
4202.776	n/a	NonTarget	1	1050694
4202.952	n/a	NonTarget	1	1050738
4203.128	n/a	NonTarget	1	1050782
4203.3	n/a	NonTarget	1	1050825
4203.476	n/a	NonTarget	1	1050869
4203.652	n/a	Target	2	1050913
4203.828	n/a	NonTarget	1	1050957
4204.0	n/a	NonTarget	1	1051000
4204.176	n/a	NonTarget	1	1051044
4204.352	n/a	NonTarget	1	1051088
4204.528	n/a	NonTarget	1	1051132
4204.7	n/a	Target	2	1051175
4204.876	n/a	NonTarget	1	1051219
4205.052	n/a	NonTarget	1	1051263
4205.228	n/a	NonTarget	1	1051307
4205.4	n/a	NonTarget	1	1051350
4205.576	n/a	NonTarget	1	1051394
4205.752	n/a	Target	2	1051438
4205.928	n/a	NonTarget	1	1051482
4206.1	n/a	NonTarget	1	1051525
4206.276	n/a	NonTarget	1	1051569
4206.452	n/a	NonTarget	1	1051613
4206.628	n/a	Target	2	1051657
4206.8	n/a	NonTarget	1	1051700
4206.976	n/a	NonTarget	1	1051744
4207.152	n/a	NonTarget	1	1051788
4207.328	n/a	NonTarget	1	1051832
4207.5	n/a	Target	2	1051875
4207.676	n/a	NonTarget	1	1051919
4207.852	n/a	NonTarget	1	1051963
4208.028	n/a	NonTarget	1	1052007
4208.2	n/a	NonTarget	1	1052050
4208.376	n/a	Target	2	1052094
4208.552	n/a	NonTarget	1	1052138
4208.728	n/a	NonTarget	1	1052182
4208.9	n/a	NonTarget	1	1052225
4209.076	n/a	NonTarget	1	1052269
4209.252	n/a	NonTarget	1	1052313
4209.428	n/a	NonTarget	1	1052357
4209.604	n/a	Target	2	1052401
4209.776	n/a	NonTarget	1	1052444
4209.952	n/a	NonTarget	1	1052488
4210.128	n/a	NonTarget	1	1052532
4210.3	n/a	NonTarget	1	1052575
4210.476	n/a	NonTarget	1	1052619
4210.652	n/a	NonTarget	1	1052663
4210.828	n/a	Target	2	1052707
4211.0	n/a	NonTarget	1	1052750
4211.176	n/a	NonTarget	1	1052794
4211.352	n/a	NonTarget	1	1052838
4211.528	n/a	NonTarget	1	1052882
4211.7	n/a	NonTarget	1	1052925
4211.876	n/a	Target	2	1052969
4212.052	n/a	NonTarget	1	1053013
4212.228	n/a	NonTarget	1	1053057
4212.4	n/a	NonTarget	1	1053100
4212.576	n/a	NonTarget	1	1053144
4212.752	n/a	NonTarget	1	1053188
4212.928	n/a	Target	2	1053232
4213.1	n/a	NonTarget	1	1053275
4213.276	n/a	NonTarget	1	1053319
4213.452	n/a	NonTarget	1	1053363
4213.628	n/a	NonTarget	1	1053407
4213.8	n/a	Target	2	1053450
4213.976	n/a	NonTarget	1	1053494
4214.152	n/a	NonTarget	1	1053538
4229.556	n/a	NonTarget	1	1057389
4229.736	n/a	Target	2	1057434
4229.908	n/a	NonTarget	1	1057477
4230.084	n/a	NonTarget	1	1057521
4230.256	n/a	NonTarget	1	1057564
4230.432	n/a	NonTarget	1	1057608
4230.608	n/a	NonTarget	1	1057652
4230.784	n/a	Target	2	1057696
4230.956	n/a	NonTarget	1	1057739
4231.132	n/a	NonTarget	1	1057783
4231.308	n/a	NonTarget	1	1057827
4231.484	n/a	NonTarget	1	1057871
4231.656	n/a	NonTarget	1	1057914
4231.832	n/a	NonTarget	1	1057958
4232.008	n/a	NonTarget	1	1058002
4232.18	n/a	Target	2	1058045
4232.356	n/a	NonTarget	1	1058089
4232.532	n/a	NonTarget	1	1058133
4232.708	n/a	NonTarget	1	1058177
4232.884	n/a	NonTarget	1	1058221
4233.056	n/a	Target	2	1058264
4233.232	n/a	NonTarget	1	1058308
4233.408	n/a	NonTarget	1	1058352
4233.58	n/a	NonTarget	1	1058395
4233.756	n/a	NonTarget	1	1058439
4233.932	n/a	Target	2	1058483
4234.108	n/a	NonTarget	1	1058527
4234.284	n/a	NonTarget	1	1058571
4234.456	n/a	NonTarget	1	1058614
4234.632	n/a	NonTarget	1	1058658
4234.808	n/a	NonTarget	1	1058702
4234.984	n/a	NonTarget	1	1058746
4235.156	n/a	NonTarget	1	1058789
4235.332	n/a	NonTarget	1	1058833
4235.508	n/a	NonTarget	1	1058877
4235.68	n/a	Target	2	1058920
4235.856	n/a	NonTarget	1	1058964
4236.036	n/a	NonTarget	1	1059009
4236.208	n/a	NonTarget	1	1059052
4236.384	n/a	NonTarget	1	1059096
4236.556	n/a	Target	2	1059139
4236.732	n/a	NonTarget	1	1059183
4236.908	n/a	NonTarget	1	1059227
4237.08	n/a	NonTarget	1	1059270
4237.256	n/a	NonTarget	1	1059314
4237.432	n/a	NonTarget	1	1059358
4237.608	n/a	NonTarget	1	1059402
4237.78	n/a	Target	2	1059445
4237.956	n/a	NonTarget	1	1059489
4238.132	n/a	NonTarget	1	1059533
4238.308	n/a	NonTarget	1	1059577
4238.484	n/a	NonTarget	1	1059621
4238.656	n/a	NonTarget	1	1059664
4238.832	n/a	Target	2	1059708
4239.008	n/a	NonTarget	1	1059752
4239.18	n/a	NonTarget	1	1059795
4239.36	n/a	NonTarget	1	1059840
4239.532	n/a	NonTarget	1	1059883
4239.708	n/a	Target	2	1059927
4239.884	n/a	NonTarget	1	1059971
4240.056	n/a	NonTarget	1	1060014
4240.232	n/a	NonTarget	1	1060058
4240.408	n/a	NonTarget	1	1060102
4240.58	n/a	NonTarget	1	1060145
4240.756	n/a	Target	2	1060189
4240.932	n/a	NonTarget	1	1060233
4241.108	n/a	NonTarget	1	1060277
4241.28	n/a	NonTarget	1	1060320
4241.456	n/a	NonTarget	1	1060364
4241.632	n/a	Target	2	1060408
4241.808	n/a	NonTarget	1	1060452
4241.984	n/a	NonTarget	1	1060496
4242.156	n/a	NonTarget	1	1060539
4242.332	n/a	NonTarget	1	1060583
4242.508	n/a	NonTarget	1	1060627
4242.68	n/a	NonTarget	1	1060670
4242.856	n/a	Target	2	1060714
4243.032	n/a	NonTarget	1	1060758
4243.208	n/a	NonTarget	1	1060802
4243.38	n/a	NonTarget	1	1060845
4243.556	n/a	NonTarget	1	1060889
4243.732	n/a	Target	2	1060933
4243.908	n/a	NonTarget	1	1060977
4244.08	n/a	NonTarget	1	1061020
4244.256	n/a	NonTarget	1	1061064
4244.432	n/a	Target	2	1061108
4244.608	n/a	NonTarget	1	1061152
4244.78	n/a	NonTarget	1	1061195
4244.956	n/a	NonTarget	1	1061239
4245.132	n/a	NonTarget	1	1061283
4266.416	n/a	NonTarget	1	1066604
4266.592	n/a	NonTarget	1	1066648
4266.768	n/a	NonTarget	1	1066692
4266.944	n/a	NonTarget	1	1066736
4267.116	n/a	NonTarget	1	1066779
4267.292	n/a	Target	2	1066823
4267.468	n/a	NonTarget	1	1066867
4267.644	n/a	NonTarget	1	1066911
4267.816	n/a	NonTarget	1	1066954
4267.992	n/a	Target	2	1066998
4268.168	n/a	NonTarget	1	1067042
4268.34	n/a	NonTarget	1	1067085
4268.516	n/a	NonTarget	1	1067129
4268.692	n/a	NonTarget	1	1067173
4268.868	n/a	NonTarget	1	1067217
4269.04	n/a	Target	2	1067260
4269.216	n/a	NonTarget	1	1067304
4269.392	n/a	NonTarget	1	1067348
4269.568	n/a	NonTarget	1	1067392
4269.74	n/a	Target	2	1067435
4269.916	n/a	NonTarget	1	1067479
4270.092	n/a	NonTarget	1	1067523
4270.268	n/a	NonTarget	1	1067567
4270.44	n/a	NonTarget	1	1067610
4270.616	n/a	NonTarget	1	1067654
4270.792	n/a	NonTarget	1	1067698
4270.968	n/a	NonTarget	1	1067742
4271.14	n/a	NonTarget	1	1067785
4271.316	n/a	NonTarget	1	1067829
4271.492	n/a	Target	2	1067873
4271.668	n/a	NonTarget	1	1067917
4271.844	n/a	NonTarget	1	1067961
4272.016	n/a	NonTarget	1	1068004
4272.192	n/a	NonTarget	1	1068048
4272.368	n/a	Target	2	1068092
4272.54	n/a	NonTarget	1	1068135
4272.72	n/a	NonTarget	1	1068180
4272.892	n/a	NonTarget	1	1068223
4273.068	n/a	NonTarget	1	1068267
4273.24	n/a	NonTarget	1	1068310
4273.416	n/a	Target	2	1068354
4273.592	n/a	NonTarget	1	1068398
4273.768	n/a	NonTarget	1	1068442
4273.94	n/a	NonTarget	1	1068485
4274.116	n/a	NonTarget	1	1068529
4274.292	n/a	NonTarget	1	1068573
4274.468	n/a	NonTarget	1	1068617
4274.64	n/a	Target	2	1068660
4274.816	n/a	NonTarget	1	1068704
4274.992	n/a	NonTarget	1	1068748
4275.168	n/a	Target	2	1068792
4275.34	n/a	NonTarget	1	1068835
4275.516	n/a	NonTarget	1	1068879
4275.692	n/a	NonTarget	1	1068923
4275.868	n/a	NonTarget	1	1068967
4276.04	n/a	NonTarget	1	1069010
4276.216	n/a	Target	2	1069054
4276.392	n/a	NonTarget	1	1069098
4276.568	n/a	NonTarget	1	1069142
4276.74	n/a	NonTarget	1	1069185
4276.924	n/a	NonTarget	1	1069231
4277.092	n/a	Target	2	1069273
4277.268	n/a	NonTarget	1	1069317
4277.44	n/a	NonTarget	1	1069360
4277.616	n/a	NonTarget	1	1069404
4277.792	n/a	NonTarget	1	1069448
4277.968	n/a	NonTarget	1	1069492
4278.14	n/a	Target	2	1069535
4278.316	n/a	NonTarget	1	1069579
4278.492	n/a	NonTarget	1	1069623
4278.668	n/a	NonTarget	1	1069667
4278.844	n/a	NonTarget	1	1069711
4279.016	n/a	NonTarget	1	1069754
4279.192	n/a	NonTarget	1	1069798
4279.368	n/a	Target	2	1069842
4279.54	n/a	NonTarget	1	1069885
4279.716	n/a	NonTarget	1	1069929
4279.892	n/a	NonTarget	1	1069973
4280.068	n/a	NonTarget	1	1070017
4280.24	n/a	Target	2	1070060
4280.416	n/a	NonTarget	1	1070104
4280.592	n/a	NonTarget	1	1070148
4280.768	n/a	NonTarget	1	1070192
4280.94	n/a	NonTarget	1	1070235
4281.116	n/a	NonTarget	1	1070279
4281.292	n/a	NonTarget	1	1070323
4281.468	n/a	NonTarget	1	1070367
4281.64	n/a	NonTarget	1	1070410
4281.816	n/a	NonTarget	1	1070454
4281.992	n/a	Target	2	1070498
4296.968	n/a	NonTarget	1	1074242
4297.144	n/a	Target	2	1074286
4297.316	n/a	NonTarget	1	1074329
4297.492	n/a	NonTarget	1	1074373
4297.668	n/a	NonTarget	1	1074417
4297.844	n/a	NonTarget	1	1074461
4298.02	n/a	NonTarget	1	1074505
4298.192	n/a	NonTarget	1	1074548
4298.368	n/a	NonTarget	1	1074592
4298.544	n/a	Target	2	1074636
4298.716	n/a	NonTarget	1	1074679
4298.892	n/a	NonTarget	1	1074723
4299.068	n/a	NonTarget	1	1074767
4299.244	n/a	Target	2	1074811
4299.416	n/a	NonTarget	1	1074854
4299.592	n/a	NonTarget	1	1074898
4299.768	n/a	NonTarget	1	1074942
4299.944	n/a	NonTarget	1	1074986
4300.116	n/a	Target	2	1075029
4300.292	n/a	NonTarget	1	1075073
4300.468	n/a	NonTarget	1	1075117
4300.644	n/a	NonTarget	1	1075161
4300.816	n/a	NonTarget	1	1075204
4300.992	n/a	NonTarget	1	1075248
4301.168	n/a	Target	2	1075292
4301.34	n/a	NonTarget	1	1075335
4301.516	n/a	NonTarget	1	1075379
4301.692	n/a	NonTarget	1	1075423
4301.868	n/a	NonTarget	1	1075467
4302.044	n/a	NonTarget	1	1075511
4302.216	n/a	Target	2	1075554
4302.392	n/a	NonTarget	1	1075598
4302.568	n/a	NonTarget	1	1075642
4302.744	n/a	NonTarget	1	1075686
4302.916	n/a	NonTarget	1	1075729
4303.092	n/a	NonTarget	1	1075773
4303.268	n/a	Target	2	1075817
4303.444	n/a	NonTarget	1	1075861
4303.616	n/a	NonTarget	1	1075904
4303.792	n/a	NonTarget	1	1075948
4303.968	n/a	NonTarget	1	1075992
4304.144	n/a	NonTarget	1	1076036
4304.316	n/a	NonTarget	1	1076079
4304.492	n/a	NonTarget	1	1076123
4304.668	n/a	Target	2	1076167
4304.844	n/a	NonTarget	1	1076211
4305.016	n/a	NonTarget	1	1076254
4305.196	n/a	NonTarget	1	1076299
4305.368	n/a	NonTarget	1	1076342
4305.544	n/a	Target	2	1076386
4305.716	n/a	NonTarget	1	1076429
4305.892	n/a	NonTarget	1	1076473
4306.068	n/a	NonTarget	1	1076517
4306.24	n/a	NonTarget	1	1076560
4306.416	n/a	NonTarget	1	1076604
4306.592	n/a	NonTarget	1	1076648
4306.768	n/a	NonTarget	1	1076692
4306.94	n/a	NonTarget	1	1076735
4307.116	n/a	NonTarget	1	1076779
4307.292	n/a	Target	2	1076823
4307.468	n/a	NonTarget	1	1076867
4307.644	n/a	NonTarget	1	1076911
4307.816	n/a	NonTarget	1	1076954
4307.992	n/a	NonTarget	1	1076998
4308.168	n/a	NonTarget	1	1077042
4308.344	n/a	Target	2	1077086
4308.516	n/a	NonTarget	1	1077129
4308.696	n/a	NonTarget	1	1077174
4308.868	n/a	NonTarget	1	1077217
4309.044	n/a	NonTarget	1	1077261
4309.216	n/a	NonTarget	1	1077304
4309.392	n/a	Target	2	1077348
4309.576	n/a	NonTarget	1	1077394
4309.74	n/a	NonTarget	1	1077435
4309.916	n/a	NonTarget	1	1077479
4310.092	n/a	NonTarget	1	1077523
4310.268	n/a	Target	2	1077567
4310.444	n/a	NonTarget	1	1077611
4310.616	n/a	NonTarget	1	1077654
4310.792	n/a	NonTarget	1	1077698
4310.968	n/a	NonTarget	1	1077742
4311.14	n/a	Target	2	1077785
4311.316	n/a	NonTarget	1	1077829
4311.492	n/a	NonTarget	1	1077873
4311.668	n/a	NonTarget	1	1077917
4311.84	n/a	NonTarget	1	1077960
4312.016	n/a	NonTarget	1	1078004
4312.192	n/a	NonTarget	1	1078048
4312.368	n/a	Target	2	1078092
4312.54	n/a	NonTarget	1	1078135
4333.6	n/a	Target	2	1083400
4333.772	n/a	NonTarget	1	1083443
4333.948	n/a	NonTarget	1	1083487
4334.124	n/a	NonTarget	1	1083531
4334.3	n/a	NonTarget	1	1083575
4334.472	n/a	NonTarget	1	1083618
4334.648	n/a	NonTarget	1	1083662
4334.824	n/a	NonTarget	1	1083706
4334.996	n/a	Target	2	1083749
4335.172	n/a	NonTarget	1	1083793
4335.348	n/a	NonTarget	1	1083837
4335.524	n/a	NonTarget	1	1083881
4335.7	n/a	Target	2	1083925
4335.872	n/a	NonTarget	1	1083968
4336.048	n/a	NonTarget	1	1084012
4336.224	n/a	NonTarget	1	1084056
4336.396	n/a	NonTarget	1	1084099
4336.572	n/a	NonTarget	1	1084143
4336.748	n/a	NonTarget	1	1084187
4336.924	n/a	Target	2	1084231
4337.1	n/a	NonTarget	1	1084275
4337.276	n/a	NonTarget	1	1084319
4337.448	n/a	NonTarget	1	1084362
4337.624	n/a	NonTarget	1	1084406
4337.796	n/a	NonTarget	1	1084449
4337.972	n/a	NonTarget	1	1084493
4338.148	n/a	NonTarget	1	1084537
4338.324	n/a	Target	2	1084581
4338.496	n/a	NonTarget	1	1084624
4338.672	n/a	NonTarget	1	1084668
4338.848	n/a	Target	2	1084712
4339.024	n/a	NonTarget	1	1084756
4339.196	n/a	NonTarget	1	1084799
4339.372	n/a	NonTarget	1	1084843
4339.548	n/a	NonTarget	1	1084887
4339.724	n/a	NonTarget	1	1084931
4339.896	n/a	Target	2	1084974
4340.072	n/a	NonTarget	1	1085018
4340.248	n/a	NonTarget	1	1085062
4340.424	n/a	NonTarget	1	1085106
4340.6	n/a	NonTarget	1	1085150
4340.772	n/a	NonTarget	1	1085193
4340.948	n/a	Target	2	1085237
4341.124	n/a	NonTarget	1	1085281
4341.296	n/a	NonTarget	1	1085324
4341.472	n/a	NonTarget	1	1085368
4341.648	n/a	NonTarget	1	1085412
4341.824	n/a	NonTarget	1	1085456
4342.0	n/a	Target	2	1085500
4342.172	n/a	NonTarget	1	1085543
4342.348	n/a	NonTarget	1	1085587
4342.524	n/a	NonTarget	1	1085631
4342.696	n/a	NonTarget	1	1085674
4342.872	n/a	NonTarget	1	1085718
4343.048	n/a	NonTarget	1	1085762
4343.224	n/a	NonTarget	1	1085806
4343.396	n/a	NonTarget	1	1085849
4343.572	n/a	Target	2	1085893
4343.748	n/a	NonTarget	1	1085937
4343.924	n/a	NonTarget	1	1085981
4344.096	n/a	Target	2	1086024
4344.272	n/a	NonTarget	1	1086068
4344.448	n/a	NonTarget	1	1086112
4344.62	n/a	NonTarget	1	1086155
4344.796	n/a	NonTarget	1	1086199
4344.972	n/a	NonTarget	1	1086243
4345.148	n/a	NonTarget	1	1086287
4345.324	n/a	Target	2	1086331
4345.496	n/a	NonTarget	1	1086374
4345.672	n/a	NonTarget	1	1086418
4345.848	n/a	NonTarget	1	1086462
4346.028	n/a	NonTarget	1	1086507
4346.2	n/a	NonTarget	1	1086550
4346.372	n/a	Target	2	1086593
4346.548	n/a	NonTarget	1	1086637
4346.732	n/a	NonTarget	1	1086683
4346.896	n/a	NonTarget	1	1086724
4347.072	n/a	NonTarget	1	1086768
4347.248	n/a	NonTarget	1	1086812
4347.424	n/a	NonTarget	1	1086856
4347.6	n/a	NonTarget	1	1086900
4347.772	n/a	NonTarget	1	1086943
4347.948	n/a	NonTarget	1	1086987
4348.124	n/a	Target	2	1087031
4348.296	n/a	NonTarget	1	1087074
4348.472	n/a	NonTarget	1	1087118
4348.648	n/a	NonTarget	1	1087162
4348.824	n/a	Target	2	1087206
4349.0	n/a	NonTarget	1	1087250
4349.172	n/a	NonTarget	1	1087293
4364.552	n/a	NonTarget	1	1091138
4364.728	n/a	NonTarget	1	1091182
4364.904	n/a	NonTarget	1	1091226
4365.08	n/a	Target	2	1091270
4365.252	n/a	NonTarget	1	1091313
4365.428	n/a	NonTarget	1	1091357
4365.616	n/a	Target	2	1091404
4365.78	n/a	NonTarget	1	1091445
4365.952	n/a	NonTarget	1	1091488
4366.128	n/a	NonTarget	1	1091532
4366.304	n/a	NonTarget	1	1091576
4366.476	n/a	NonTarget	1	1091619
4366.652	n/a	NonTarget	1	1091663
4366.828	n/a	NonTarget	1	1091707
4367.004	n/a	NonTarget	1	1091751
4367.176	n/a	Target	2	1091794
4367.352	n/a	NonTarget	1	1091838
4367.528	n/a	NonTarget	1	1091882
4367.704	n/a	Target	2	1091926
4367.88	n/a	NonTarget	1	1091970
4368.052	n/a	NonTarget	1	1092013
4368.228	n/a	NonTarget	1	1092057
4368.404	n/a	NonTarget	1	1092101
4368.58	n/a	NonTarget	1	1092145
4368.752	n/a	Target	2	1092188
4368.928	n/a	NonTarget	1	1092232
4369.104	n/a	NonTarget	1	1092276
4369.288	n/a	NonTarget	1	1092322
4369.452	n/a	NonTarget	1	1092363
4369.628	n/a	NonTarget	1	1092407
4369.804	n/a	NonTarget	1	1092451
4369.98	n/a	NonTarget	1	1092495
4370.152	n/a	Target	2	1092538
4370.336	n/a	NonTarget	1	1092584
4370.504	n/a	NonTarget	1	1092626
4370.68	n/a	NonTarget	1	1092670
4370.852	n/a	NonTarget	1	1092713
4371.028	n/a	NonTarget	1	1092757
4371.204	n/a	Target	2	1092801
4371.38	n/a	NonTarget	1	1092845
4371.552	n/a	NonTarget	1	1092888
4371.728	n/a	NonTarget	1	1092932
4371.904	n/a	NonTarget	1	1092976
4372.08	n/a	Target	2	1093020
4372.252	n/a	NonTarget	1	1093063
4372.428	n/a	NonTarget	1	1093107
4372.604	n/a	NonTarget	1	1093151
4372.78	n/a	NonTarget	1	1093195
4372.952	n/a	NonTarget	1	1093238
4373.128	n/a	NonTarget	1	1093282
4373.304	n/a	NonTarget	1	1093326
4373.48	n/a	NonTarget	1	1093370
4373.652	n/a	Target	2	1093413
4373.828	n/a	NonTarget	1	1093457
4374.004	n/a	NonTarget	1	1093501
4374.176	n/a	NonTarget	1	1093544
4374.352	n/a	Target	2	1093588
4374.528	n/a	NonTarget	1	1093632
4374.704	n/a	NonTarget	1	1093676
4374.876	n/a	NonTarget	1	1093719
4375.052	n/a	Target	2	1093763
4375.228	n/a	NonTarget	1	1093807
4375.404	n/a	NonTarget	1	1093851
4375.576	n/a	NonTarget	1	1093894
4375.752	n/a	NonTarget	1	1093938
4375.928	n/a	NonTarget	1	1093982
4376.104	n/a	Target	2	1094026
4376.276	n/a	NonTarget	1	1094069
4376.452	n/a	NonTarget	1	1094113
4376.628	n/a	NonTarget	1	1094157
4376.804	n/a	NonTarget	1	1094201
4376.976	n/a	NonTarget	1	1094244
4377.152	n/a	Target	2	1094288
4377.332	n/a	NonTarget	1	1094333
4377.504	n/a	NonTarget	1	1094376
4377.688	n/a	NonTarget	1	1094422
4377.852	n/a	NonTarget	1	1094463
4378.028	n/a	NonTarget	1	1094507
4378.204	n/a	NonTarget	1	1094551
4378.38	n/a	Target	2	1094595
4378.552	n/a	NonTarget	1	1094638
4378.728	n/a	NonTarget	1	1094682
4378.904	n/a	NonTarget	1	1094726
4379.076	n/a	NonTarget	1	1094769
4379.252	n/a	NonTarget	1	1094813
4379.428	n/a	NonTarget	1	1094857
4379.604	n/a	NonTarget	1	1094901
4379.776	n/a	NonTarget	1	1094944
4379.952	n/a	NonTarget	1	1094988
4380.128	n/a	Target	2	1095032
4401.384	n/a	NonTarget	1	1100346
4401.56	n/a	Target	2	1100390
4401.732	n/a	NonTarget	1	1100433
4401.908	n/a	NonTarget	1	1100477
4402.084	n/a	NonTarget	1	1100521
4402.256	n/a	NonTarget	1	1100564
4402.432	n/a	NonTarget	1	1100608
4402.608	n/a	Target	2	1100652
4402.784	n/a	NonTarget	1	1100696
4402.956	n/a	NonTarget	1	1100739
4403.136	n/a	NonTarget	1	1100784
4403.308	n/a	NonTarget	1	1100827
4403.484	n/a	Target	2	1100871
4403.656	n/a	NonTarget	1	1100914
4403.832	n/a	NonTarget	1	1100958
4404.008	n/a	NonTarget	1	1101002
4404.184	n/a	NonTarget	1	1101046
4404.356	n/a	NonTarget	1	1101089
4404.532	n/a	NonTarget	1	1101133
4404.708	n/a	NonTarget	1	1101177
4404.88	n/a	Target	2	1101220
4405.056	n/a	NonTarget	1	1101264
4405.232	n/a	NonTarget	1	1101308
4405.408	n/a	NonTarget	1	1101352
4405.58	n/a	Target	2	1101395
4405.756	n/a	NonTarget	1	1101439
4405.94	n/a	NonTarget	1	1101485
4406.108	n/a	NonTarget	1	1101527
4406.284	n/a	NonTarget	1	1101571
4406.456	n/a	NonTarget	1	1101614
4406.632	n/a	Target	2	1101658
4406.808	n/a	NonTarget	1	1101702
4406.984	n/a	NonTarget	1	1101746
4407.16	n/a	NonTarget	1	1101790
4407.332	n/a	NonTarget	1	1101833
4407.508	n/a	NonTarget	1	1101877
4407.684	n/a	Target	2	1101921
4407.856	n/a	NonTarget	1	1101964
4408.032	n/a	NonTarget	1	1102008
4408.208	n/a	NonTarget	1	1102052
4408.384	n/a	NonTarget	1	1102096
4408.556	n/a	NonTarget	1	1102139
4408.732	n/a	Target	2	1102183
4408.908	n/a	NonTarget	1	1102227
4409.084	n/a	NonTarget	1	1102271
4409.256	n/a	NonTarget	1	1102314
4409.432	n/a	NonTarget	1	1102358
4409.608	n/a	NonTarget	1	1102402
4409.784	n/a	NonTarget	1	1102446
4409.956	n/a	NonTarget	1	1102489
4410.132	n/a	NonTarget	1	1102533
4410.308	n/a	NonTarget	1	1102577
4410.484	n/a	Target	2	1102621
4410.66	n/a	NonTarget	1	1102665
4410.832	n/a	NonTarget	1	1102708
4411.008	n/a	NonTarget	1	1102752
4411.184	n/a	NonTarget	1	1102796
4411.356	n/a	Target	2	1102839
4411.532	n/a	NonTarget	1	1102883
4411.708	n/a	NonTarget	1	1102927
4411.884	n/a	Target	2	1102971
4412.056	n/a	NonTarget	1	1103014
4412.232	n/a	NonTarget	1	1103058
4412.408	n/a	NonTarget	1	1103102
4412.584	n/a	NonTarget	1	1103146
4412.756	n/a	NonTarget	1	1103189
4412.932	n/a	NonTarget	1	1103233
4413.108	n/a	NonTarget	1	1103277
4413.284	n/a	Target	2	1103321
4413.456	n/a	NonTarget	1	1103364
4413.632	n/a	NonTarget	1	1103408
4413.808	n/a	NonTarget	1	1103452
4413.984	n/a	Target	2	1103496
4414.16	n/a	NonTarget	1	1103540
4414.332	n/a	NonTarget	1	1103583
4414.508	n/a	NonTarget	1	1103627
4414.684	n/a	NonTarget	1	1103671
4414.856	n/a	NonTarget	1	1103714
4415.032	n/a	NonTarget	1	1103758
4415.208	n/a	Target	2	1103802
4415.384	n/a	NonTarget	1	1103846
4415.556	n/a	NonTarget	1	1103889
4415.732	n/a	NonTarget	1	1103933
4415.908	n/a	NonTarget	1	1103977
4416.084	n/a	NonTarget	1	1104021
4416.256	n/a	NonTarget	1	1104064
4416.432	n/a	NonTarget	1	1104108
4416.608	n/a	Target	2	1104152
4416.784	n/a	NonTarget	1	1104196
4416.956	n/a	NonTarget	1	1104239
4432.116	n/a	NonTarget	1	1108029
4432.292	n/a	NonTarget	1	1108073
4432.464	n/a	Target	2	1108116
4432.64	n/a	NonTarget	1	1108160
4432.816	n/a	NonTarget	1	1108204
4432.992	n/a	NonTarget	1	1108248
4433.168	n/a	NonTarget	1	1108292
4433.34	n/a	Target	2	1108335
4433.516	n/a	NonTarget	1	1108379
4433.692	n/a	NonTarget	1	1108423
4433.864	n/a	NonTarget	1	1108466
4434.04	n/a	NonTarget	1	1108510
4434.216	n/a	NonTarget	1	1108554
4434.392	n/a	Target	2	1108598
4434.564	n/a	NonTarget	1	1108641
4434.74	n/a	NonTarget	1	1108685
4434.916	n/a	NonTarget	1	1108729
4435.088	n/a	NonTarget	1	1108772
4435.264	n/a	NonTarget	1	1108816
4435.44	n/a	NonTarget	1	1108860
4435.616	n/a	NonTarget	1	1108904
4435.788	n/a	NonTarget	1	1108947
4435.964	n/a	NonTarget	1	1108991
4436.14	n/a	Target	2	1109035
4436.316	n/a	NonTarget	1	1109079
4436.488	n/a	NonTarget	1	1109122
4436.664	n/a	NonTarget	1	1109166
4436.84	n/a	NonTarget	1	1109210
4437.016	n/a	Target	2	1109254
4437.188	n/a	NonTarget	1	1109297
4437.364	n/a	NonTarget	1	1109341
4437.54	n/a	Target	2	1109385
4437.716	n/a	NonTarget	1	1109429
4437.892	n/a	NonTarget	1	1109473
4438.064	n/a	NonTarget	1	1109516
4438.24	n/a	NonTarget	1	1109560
4438.416	n/a	Target	2	1109604
4438.592	n/a	NonTarget	1	1109648
4438.764	n/a	NonTarget	1	1109691
4438.94	n/a	NonTarget	1	1109735
4439.116	n/a	NonTarget	1	1109779
4439.292	n/a	NonTarget	1	1109823
4439.464	n/a	Target	2	1109866
4439.64	n/a	NonTarget	1	1109910
4439.816	n/a	NonTarget	1	1109954
4439.992	n/a	NonTarget	1	1109998
4440.168	n/a	NonTarget	1	1110042
4440.34	n/a	NonTarget	1	1110085
4440.516	n/a	Target	2	1110129
4440.692	n/a	NonTarget	1	1110173
4440.864	n/a	NonTarget	1	1110216
4441.044	n/a	NonTarget	1	1110261
4441.216	n/a	NonTarget	1	1110304
4441.392	n/a	NonTarget	1	1110348
4441.564	n/a	NonTarget	1	1110391
4441.74	n/a	NonTarget	1	1110435
4441.916	n/a	Target	2	1110479
4442.088	n/a	NonTarget	1	1110522
4442.264	n/a	NonTarget	1	1110566
4442.44	n/a	NonTarget	1	1110610
4442.616	n/a	Target	2	1110654
4442.788	n/a	NonTarget	1	1110697
4442.964	n/a	NonTarget	1	1110741
4443.14	n/a	NonTarget	1	1110785
4443.316	n/a	NonTarget	1	1110829
4443.488	n/a	NonTarget	1	1110872
4443.664	n/a	NonTarget	1	1110916
4443.84	n/a	NonTarget	1	1110960
4444.016	n/a	NonTarget	1	1111004
4444.188	n/a	Target	2	1111047
4444.364	n/a	NonTarget	1	1111091
4444.54	n/a	NonTarget	1	1111135
4444.716	n/a	NonTarget	1	1111179
4444.888	n/a	Target	2	1111222
4445.064	n/a	NonTarget	1	1111266
4445.24	n/a	NonTarget	1	1111310
4445.416	n/a	NonTarget	1	1111354
4445.588	n/a	NonTarget	1	1111397
4445.764	n/a	NonTarget	1	1111441
4445.94	n/a	NonTarget	1	1111485
4446.116	n/a	NonTarget	1	1111529
4446.288	n/a	Target	2	1111572
4446.464	n/a	NonTarget	1	1111616
4446.64	n/a	NonTarget	1	1111660
4446.816	n/a	NonTarget	1	1111704
4446.988	n/a	NonTarget	1	1111747
4447.164	n/a	NonTarget	1	1111791
4447.34	n/a	Target	2	1111835
4447.516	n/a	NonTarget	1	1111879
4447.688	n/a	NonTarget	1	1111922
4468.632	n/a	NonTarget	1	1117158
4468.808	n/a	Target	2	1117202
4468.98	n/a	NonTarget	1	1117245
4469.164	n/a	NonTarget	1	1117291
4469.332	n/a	NonTarget	1	1117333
4469.508	n/a	NonTarget	1	1117377
4469.68	n/a	NonTarget	1	1117420
4469.856	n/a	Target	2	1117464
4470.032	n/a	NonTarget	1	1117508
4470.208	n/a	NonTarget	1	1117552
4470.38	n/a	NonTarget	1	1117595
4470.556	n/a	NonTarget	1	1117639
4470.732	n/a	NonTarget	1	1117683
4470.908	n/a	NonTarget	1	1117727
4471.088	n/a	Target	2	1117772
4471.256	n/a	NonTarget	1	1117814
4471.432	n/a	NonTarget	1	1117858
4471.608	n/a	NonTarget	1	1117902
4471.784	n/a	NonTarget	1	1117946
4471.956	n/a	Target	2	1117989
4472.132	n/a	NonTarget	1	1118033
4472.308	n/a	NonTarget	1	1118077
4472.48	n/a	NonTarget	1	1118120
4472.656	n/a	NonTarget	1	1118164
4472.832	n/a	NonTarget	1	1118208
4473.008	n/a	NonTarget	1	1118252
4473.18	n/a	NonTarget	1	1118295
4473.356	n/a	NonTarget	1	1118339
4473.532	n/a	NonTarget	1	1118383
4473.708	n/a	Target	2	1118427
4473.88	n/a	NonTarget	1	1118470
4474.056	n/a	NonTarget	1	1118514
4474.232	n/a	NonTarget	1	1118558
4474.408	n/a	NonTarget	1	1118602
4474.58	n/a	NonTarget	1	1118645
4474.756	n/a	Target	2	1118689
4474.932	n/a	NonTarget	1	1118733
4475.108	n/a	NonTarget	1	1118777
4475.28	n/a	NonTarget	1	1118820
4475.456	n/a	NonTarget	1	1118864
4475.632	n/a	NonTarget	1	1118908
4475.808	n/a	Target	2	1118952
4475.98	n/a	NonTarget	1	1118995
4476.156	n/a	NonTarget	1	1119039
4476.332	n/a	NonTarget	1	1119083
4476.504	n/a	NonTarget	1	1119126
4476.68	n/a	Target	2	1119170
4476.856	n/a	NonTarget	1	1119214
4477.032	n/a	NonTarget	1	1119258
4477.204	n/a	NonTarget	1	1119301
4477.38	n/a	NonTarget	1	1119345
4477.556	n/a	Target	2	1119389
4477.732	n/a	NonTarget	1	1119433
4477.904	n/a	NonTarget	1	1119476
4478.08	n/a	NonTarget	1	1119520
4478.256	n/a	NonTarget	1	1119564
4478.432	n/a	Target	2	1119608
4478.604	n/a	NonTarget	1	1119651
4478.78	n/a	NonTarget	1	1119695
4478.956	n/a	NonTarget	1	1119739
4479.132	n/a	NonTarget	1	1119783
4479.304	n/a	NonTarget	1	1119826
4479.48	n/a	NonTarget	1	1119870
4479.656	n/a	Target	2	1119914
4479.832	n/a	NonTarget	1	1119958
4480.004	n/a	NonTarget	1	1120001
4480.18	n/a	NonTarget	1	1120045
4480.356	n/a	NonTarget	1	1120089
4480.532	n/a	NonTarget	1	1120133
4480.704	n/a	NonTarget	1	1120176
4480.88	n/a	Target	2	1120220
4481.056	n/a	NonTarget	1	1120264
4481.232	n/a	NonTarget	1	1120308
4481.404	n/a	NonTarget	1	1120351
4481.58	n/a	NonTarget	1	1120395
4481.756	n/a	NonTarget	1	1120439
4481.932	n/a	Target	2	1120483
4482.104	n/a	NonTarget	1	1120526
4482.28	n/a	NonTarget	1	1120570
4482.456	n/a	NonTarget	1	1120614
4482.632	n/a	NonTarget	1	1120658
4482.804	n/a	NonTarget	1	1120701
4482.98	n/a	Target	2	1120745
4483.156	n/a	NonTarget	1	1120789
4483.332	n/a	NonTarget	1	1120833
4483.504	n/a	NonTarget	1	1120876
4483.68	n/a	NonTarget	1	1120920
4483.856	n/a	Target	2	1120964
4484.032	n/a	NonTarget	1	1121008
4484.204	n/a	NonTarget	1	1121051
4499.1	n/a	NonTarget	1	1124775
4499.276	n/a	NonTarget	1	1124819
4499.448	n/a	Target	2	1124862
4499.624	n/a	NonTarget	1	1124906
4499.8	n/a	NonTarget	1	1124950
4499.976	n/a	NonTarget	1	1124994
4500.148	n/a	NonTarget	1	1125037
4500.324	n/a	NonTarget	1	1125081
4500.5	n/a	Target	2	1125125
4500.676	n/a	NonTarget	1	1125169
4500.848	n/a	NonTarget	1	1125212
4501.024	n/a	NonTarget	1	1125256
4501.2	n/a	NonTarget	1	1125300
4501.376	n/a	Target	2	1125344
4501.548	n/a	NonTarget	1	1125387
4501.724	n/a	NonTarget	1	1125431
4501.9	n/a	NonTarget	1	1125475
4502.076	n/a	NonTarget	1	1125519
4502.248	n/a	NonTarget	1	1125562
4502.424	n/a	Target	2	1125606
4502.6	n/a	NonTarget	1	1125650
4502.776	n/a	NonTarget	1	1125694
4502.948	n/a	NonTarget	1	1125737
4503.124	n/a	NonTarget	1	1125781
4503.3	n/a	NonTarget	1	1125825
4503.476	n/a	NonTarget	1	1125869
4503.648	n/a	Target	2	1125912
4503.824	n/a	NonTarget	1	1125956
4504.0	n/a	NonTarget	1	1126000
4504.176	n/a	NonTarget	1	1126044
4504.348	n/a	NonTarget	1	1126087
4504.524	n/a	NonTarget	1	1126131
4504.7	n/a	NonTarget	1	1126175
4504.876	n/a	NonTarget	1	1126219
4505.048	n/a	Target	2	1126262
4505.224	n/a	NonTarget	1	1126306
4505.4	n/a	NonTarget	1	1126350
4505.576	n/a	NonTarget	1	1126394
4505.748	n/a	NonTarget	1	1126437
4505.924	n/a	NonTarget	1	1126481
4506.1	n/a	NonTarget	1	1126525
4506.276	n/a	Target	2	1126569
4506.448	n/a	NonTarget	1	1126612
4506.624	n/a	NonTarget	1	1126656
4506.8	n/a	NonTarget	1	1126700
4506.976	n/a	NonTarget	1	1126744
4507.148	n/a	Target	2	1126787
4507.324	n/a	NonTarget	1	1126831
4507.5	n/a	NonTarget	1	1126875
4507.676	n/a	NonTarget	1	1126919
4507.848	n/a	NonTarget	1	1126962
4508.024	n/a	NonTarget	1	1127006
4508.2	n/a	Target	2	1127050
4508.376	n/a	NonTarget	1	1127094
4508.548	n/a	NonTarget	1	1127137
4508.724	n/a	NonTarget	1	1127181
4508.9	n/a	NonTarget	1	1127225
4509.076	n/a	NonTarget	1	1127269
4509.248	n/a	NonTarget	1	1127312
4509.424	n/a	Target	2	1127356
4509.6	n/a	NonTarget	1	1127400
4509.776	n/a	NonTarget	1	1127444
4509.948	n/a	NonTarget	1	1127487
4510.124	n/a	NonTarget	1	1127531
4510.3	n/a	NonTarget	1	1127575
4510.476	n/a	Target	2	1127619
4510.648	n/a	NonTarget	1	1127662
4510.824	n/a	NonTarget	1	1127706
4511.0	n/a	NonTarget	1	1127750
4511.172	n/a	NonTarget	1	1127793
4511.348	n/a	NonTarget	1	1127837
4511.524	n/a	Target	2	1127881
4511.7	n/a	NonTarget	1	1127925
4511.876	n/a	NonTarget	1	1127969
4512.048	n/a	NonTarget	1	1128012
4512.224	n/a	Target	2	1128056
4512.4	n/a	NonTarget	1	1128100
4512.576	n/a	NonTarget	1	1128144
4512.748	n/a	NonTarget	1	1128187
4512.924	n/a	Target	2	1128231
4513.1	n/a	NonTarget	1	1128275
4513.276	n/a	NonTarget	1	1128319
4513.448	n/a	NonTarget	1	1128362
4513.624	n/a	NonTarget	1	1128406
4513.8	n/a	NonTarget	1	1128450
4513.972	n/a	NonTarget	1	1128493
4514.148	n/a	Target	2	1128537
4514.324	n/a	NonTarget	1	1128581
4514.5	n/a	NonTarget	1	1128625
4514.676	n/a	NonTarget	1	1128669
4535.712	n/a	NonTarget	1	1133928
4535.884	n/a	NonTarget	1	1133971
4536.06	n/a	Target	2	1134015
4536.236	n/a	NonTarget	1	1134059
4536.412	n/a	NonTarget	1	1134103
4536.584	n/a	NonTarget	1	1134146
4536.76	n/a	NonTarget	1	1134190
4536.936	n/a	NonTarget	1	1134234
4537.112	n/a	NonTarget	1	1134278
4537.288	n/a	NonTarget	1	1134322
4537.46	n/a	NonTarget	1	1134365
4537.636	n/a	Target	2	1134409
4537.812	n/a	NonTarget	1	1134453
4537.984	n/a	NonTarget	1	1134496
4538.16	n/a	NonTarget	1	1134540
4538.336	n/a	NonTarget	1	1134584
4538.512	n/a	NonTarget	1	1134628
4538.688	n/a	Target	2	1134672
4538.86	n/a	NonTarget	1	1134715
4539.036	n/a	NonTarget	1	1134759
4539.212	n/a	NonTarget	1	1134803
4539.384	n/a	NonTarget	1	1134846
4539.56	n/a	Target	2	1134890
4539.736	n/a	NonTarget	1	1134934
4539.912	n/a	NonTarget	1	1134978
4540.084	n/a	Target	2	1135021
4540.26	n/a	NonTarget	1	1135065
4540.436	n/a	NonTarget	1	1135109
4540.612	n/a	NonTarget	1	1135153
4540.784	n/a	NonTarget	1	1135196
4540.96	n/a	NonTarget	1	1135240
4541.136	n/a	Target	2	1135284
4541.312	n/a	NonTarget	1	1135328
4541.484	n/a	NonTarget	1	1135371
4541.66	n/a	NonTarget	1	1135415
4541.84	n/a	NonTarget	1	1135460
4542.012	n/a	NonTarget	1	1135503
4542.188	n/a	Target	2	1135547
4542.36	n/a	NonTarget	1	1135590
4542.536	n/a	NonTarget	1	1135634
4542.712	n/a	NonTarget	1	1135678
4542.888	n/a	NonTarget	1	1135722
4543.06	n/a	NonTarget	1	1135765
4543.236	n/a	NonTarget	1	1135809
4543.412	n/a	Target	2	1135853
4543.584	n/a	NonTarget	1	1135896
4543.76	n/a	NonTarget	1	1135940
4543.936	n/a	NonTarget	1	1135984
4544.112	n/a	NonTarget	1	1136028
4544.288	n/a	NonTarget	1	1136072
4544.46	n/a	NonTarget	1	1136115
4544.636	n/a	NonTarget	1	1136159
4544.812	n/a	Target	2	1136203
4544.984	n/a	NonTarget	1	1136246
4545.16	n/a	NonTarget	1	1136290
4545.336	n/a	NonTarget	1	1136334
4545.512	n/a	NonTarget	1	1136378
4545.688	n/a	NonTarget	1	1136422
4545.86	n/a	Target	2	1136465
4546.036	n/a	NonTarget	1	1136509
4546.212	n/a	NonTarget	1	1136553
4546.384	n/a	NonTarget	1	1136596
4546.56	n/a	NonTarget	1	1136640
4546.736	n/a	Target	2	1136684
4546.912	n/a	NonTarget	1	1136728
4547.088	n/a	NonTarget	1	1136772
4547.26	n/a	NonTarget	1	1136815
4547.436	n/a	NonTarget	1	1136859
4547.612	n/a	NonTarget	1	1136903
4547.784	n/a	Target	2	1136946
4547.96	n/a	NonTarget	1	1136990
4548.136	n/a	NonTarget	1	1137034
4548.312	n/a	NonTarget	1	1137078
4548.484	n/a	NonTarget	1	1137121
4548.66	n/a	NonTarget	1	1137165
4548.836	n/a	NonTarget	1	1137209
4549.012	n/a	Target	2	1137253
4549.188	n/a	NonTarget	1	1137297
4549.36	n/a	NonTarget	1	1137340
4549.536	n/a	NonTarget	1	1137384
4549.712	n/a	NonTarget	1	1137428
4549.884	n/a	NonTarget	1	1137471
4550.06	n/a	NonTarget	1	1137515
4550.236	n/a	Target	2	1137559
4550.412	n/a	NonTarget	1	1137603
4550.584	n/a	NonTarget	1	1137646
4550.76	n/a	NonTarget	1	1137690
4550.936	n/a	Target	2	1137734
4551.112	n/a	NonTarget	1	1137778
4551.284	n/a	NonTarget	1	1137821
4566.704	n/a	NonTarget	1	1141676
4566.884	n/a	Target	2	1141721
4567.056	n/a	NonTarget	1	1141764
4567.232	n/a	NonTarget	1	1141808
4567.404	n/a	NonTarget	1	1141851
4567.58	n/a	NonTarget	1	1141895
4567.756	n/a	NonTarget	1	1141939
4567.928	n/a	NonTarget	1	1141982
4568.104	n/a	NonTarget	1	1142026
4568.28	n/a	Target	2	1142070
4568.456	n/a	NonTarget	1	1142114
4568.632	n/a	NonTarget	1	1142158
4568.804	n/a	NonTarget	1	1142201
4568.98	n/a	Target	2	1142245
4569.156	n/a	NonTarget	1	1142289
4569.328	n/a	NonTarget	1	1142332
4569.504	n/a	NonTarget	1	1142376
4569.68	n/a	NonTarget	1	1142420
4569.856	n/a	Target	2	1142464
4570.028	n/a	NonTarget	1	1142507
4570.204	n/a	NonTarget	1	1142551
4570.38	n/a	NonTarget	1	1142595
4570.556	n/a	NonTarget	1	1142639
4570.728	n/a	NonTarget	1	1142682
4570.904	n/a	Target	2	1142726
4571.08	n/a	NonTarget	1	1142770
4571.256	n/a	NonTarget	1	1142814
4571.428	n/a	NonTarget	1	1142857
4571.604	n/a	NonTarget	1	1142901
4571.78	n/a	NonTarget	1	1142945
4571.956	n/a	Target	2	1142989
4572.128	n/a	NonTarget	1	1143032
4572.304	n/a	NonTarget	1	1143076
4572.48	n/a	NonTarget	1	1143120
4572.656	n/a	NonTarget	1	1143164
4572.828	n/a	NonTarget	1	1143207
4573.004	n/a	Target	2	1143251
4573.18	n/a	NonTarget	1	1143295
4573.356	n/a	NonTarget	1	1143339
4573.528	n/a	NonTarget	1	1143382
4573.704	n/a	NonTarget	1	1143426
4573.88	n/a	NonTarget	1	1143470
4574.056	n/a	NonTarget	1	1143514
4574.228	n/a	NonTarget	1	1143557
4574.404	n/a	Target	2	1143601
4574.58	n/a	NonTarget	1	1143645
4574.756	n/a	NonTarget	1	1143689
4574.928	n/a	NonTarget	1	1143732
4575.104	n/a	NonTarget	1	1143776
4575.28	n/a	Target	2	1143820
4575.456	n/a	NonTarget	1	1143864
4575.628	n/a	NonTarget	1	1143907
4575.804	n/a	NonTarget	1	1143951
4575.98	n/a	NonTarget	1	1143995
4576.156	n/a	NonTarget	1	1144039
4576.328	n/a	NonTarget	1	1144082
4576.504	n/a	NonTarget	1	1144126
4576.68	n/a	NonTarget	1	1144170
4576.856	n/a	NonTarget	1	1144214
4577.028	n/a	Target	2	1144257
4577.204	n/a	NonTarget	1	1144301
4577.38	n/a	NonTarget	1	1144345
4577.556	n/a	NonTarget	1	1144389
4577.732	n/a	NonTarget	1	1144433
4577.904	n/a	NonTarget	1	1144476
4578.08	n/a	Target	2	1144520
4578.256	n/a	NonTarget	1	1144564
4578.428	n/a	NonTarget	1	1144607
4578.604	n/a	NonTarget	1	1144651
4578.78	n/a	NonTarget	1	1144695
4578.956	n/a	NonTarget	1	1144739
4579.128	n/a	Target	2	1144782
4579.304	n/a	NonTarget	1	1144826
4579.48	n/a	NonTarget	1	1144870
4579.656	n/a	NonTarget	1	1144914
4579.828	n/a	NonTarget	1	1144957
4580.004	n/a	Target	2	1145001
4580.18	n/a	NonTarget	1	1145045
4580.356	n/a	NonTarget	1	1145089
4580.528	n/a	NonTarget	1	1145132
4580.704	n/a	NonTarget	1	1145176
4580.88	n/a	Target	2	1145220
4581.056	n/a	NonTarget	1	1145264
4581.228	n/a	NonTarget	1	1145307
4581.404	n/a	NonTarget	1	1145351
4581.58	n/a	NonTarget	1	1145395
4581.756	n/a	NonTarget	1	1145439
4581.932	n/a	NonTarget	1	1145483
4582.104	n/a	Target	2	1145526
4582.28	n/a	NonTarget	1	1145570
