onset	duration	trial_type	value	sample
19.52	n/a	Target	2	4880
19.696	n/a	NonTarget	1	4924
19.872	n/a	NonTarget	1	4968
20.044	n/a	NonTarget	1	5011
20.22	n/a	NonTarget	1	5055
20.396	n/a	NonTarget	1	5099
20.572	n/a	Target	2	5143
20.744	n/a	NonTarget	1	5186
20.92	n/a	NonTarget	1	5230
21.096	n/a	NonTarget	1	5274
21.272	n/a	NonTarget	1	5318
21.444	n/a	NonTarget	1	5361
21.62	n/a	NonTarget	1	5405
21.796	n/a	Target	2	5449
21.972	n/a	NonTarget	1	5493
22.144	n/a	NonTarget	1	5536
22.32	n/a	NonTarget	1	5580
22.496	n/a	NonTarget	1	5624
22.672	n/a	NonTarget	1	5668
22.844	n/a	Target	2	5711
23.02	n/a	NonTarget	1	5755
23.196	n/a	NonTarget	1	5799
23.372	n/a	NonTarget	1	5843
23.544	n/a	NonTarget	1	5886
23.72	n/a	NonTarget	1	5930
23.896	n/a	NonTarget	1	5974
24.072	n/a	NonTarget	1	6018
24.244	n/a	NonTarget	1	6061
24.42	n/a	Target	2	6105
24.596	n/a	NonTarget	1	6149
24.772	n/a	NonTarget	1	6193
24.944	n/a	NonTarget	1	6236
25.12	n/a	NonTarget	1	6280
25.296	n/a	NonTarget	1	6324
25.472	n/a	Target	2	6368
25.644	n/a	NonTarget	1	6411
25.82	n/a	NonTarget	1	6455
25.996	n/a	NonTarget	1	6499
26.172	n/a	NonTarget	1	6543
26.344	n/a	NonTarget	1	6586
26.52	n/a	Target	2	6630
26.696	n/a	NonTarget	1	6674
26.872	n/a	NonTarget	1	6718
27.044	n/a	NonTarget	1	6761
27.22	n/a	NonTarget	1	6805
27.396	n/a	NonTarget	1	6849
27.58	n/a	NonTarget	1	6895
27.744	n/a	Target	2	6936
27.92	n/a	NonTarget	1	6980
28.096	n/a	NonTarget	1	7024
28.272	n/a	NonTarget	1	7068
28.444	n/a	NonTarget	1	7111
28.62	n/a	NonTarget	1	7155
28.796	n/a	Target	2	7199
28.968	n/a	NonTarget	1	7242
29.144	n/a	NonTarget	1	7286
29.32	n/a	NonTarget	1	7330
29.496	n/a	NonTarget	1	7374
29.672	n/a	Target	2	7418
29.844	n/a	NonTarget	1	7461
30.02	n/a	NonTarget	1	7505
30.196	n/a	NonTarget	1	7549
30.368	n/a	NonTarget	1	7592
30.544	n/a	Target	2	7636
30.72	n/a	NonTarget	1	7680
30.896	n/a	NonTarget	1	7724
31.068	n/a	Target	2	7767
31.244	n/a	NonTarget	1	7811
31.42	n/a	NonTarget	1	7855
31.596	n/a	NonTarget	1	7899
31.772	n/a	NonTarget	1	7943
31.944	n/a	NonTarget	1	7986
32.12	n/a	Target	2	8030
32.296	n/a	NonTarget	1	8074
32.472	n/a	NonTarget	1	8118
32.644	n/a	NonTarget	1	8161
32.82	n/a	NonTarget	1	8205
32.996	n/a	NonTarget	1	8249
33.172	n/a	Target	2	8293
33.344	n/a	NonTarget	1	8336
33.52	n/a	NonTarget	1	8380
33.696	n/a	NonTarget	1	8424
33.868	n/a	NonTarget	1	8467
34.044	n/a	NonTarget	1	8511
34.22	n/a	Target	2	8555
34.396	n/a	NonTarget	1	8599
34.568	n/a	NonTarget	1	8642
34.744	n/a	NonTarget	1	8686
34.92	n/a	NonTarget	1	8730
35.096	n/a	NonTarget	1	8774
49.556	n/a	NonTarget	1	12389
49.732	n/a	Target	2	12433
49.904	n/a	NonTarget	1	12476
50.08	n/a	NonTarget	1	12520
50.256	n/a	NonTarget	1	12564
50.432	n/a	NonTarget	1	12608
50.608	n/a	Target	2	12652
50.78	n/a	NonTarget	1	12695
50.956	n/a	NonTarget	1	12739
51.132	n/a	NonTarget	1	12783
51.308	n/a	NonTarget	1	12827
51.48	n/a	NonTarget	1	12870
51.656	n/a	Target	2	12914
51.832	n/a	NonTarget	1	12958
52.004	n/a	NonTarget	1	13001
52.18	n/a	NonTarget	1	13045
52.356	n/a	NonTarget	1	13089
52.532	n/a	NonTarget	1	13133
52.704	n/a	NonTarget	1	13176
52.88	n/a	NonTarget	1	13220
53.056	n/a	NonTarget	1	13264
53.232	n/a	Target	2	13308
53.404	n/a	NonTarget	1	13351
53.58	n/a	NonTarget	1	13395
53.756	n/a	NonTarget	1	13439
53.928	n/a	NonTarget	1	13482
54.104	n/a	NonTarget	1	13526
54.28	n/a	NonTarget	1	13570
54.456	n/a	Target	2	13614
54.628	n/a	NonTarget	1	13657
54.804	n/a	NonTarget	1	13701
54.98	n/a	NonTarget	1	13745
55.156	n/a	NonTarget	1	13789
55.332	n/a	Target	2	13833
55.504	n/a	NonTarget	1	13876
55.68	n/a	NonTarget	1	13920
55.856	n/a	NonTarget	1	13964
56.032	n/a	NonTarget	1	14008
56.204	n/a	Target	2	14051
56.38	n/a	NonTarget	1	14095
56.556	n/a	NonTarget	1	14139
56.736	n/a	NonTarget	1	14184
56.904	n/a	Target	2	14226
57.08	n/a	NonTarget	1	14270
57.256	n/a	NonTarget	1	14314
57.432	n/a	NonTarget	1	14358
57.608	n/a	NonTarget	1	14402
57.78	n/a	NonTarget	1	14445
57.956	n/a	NonTarget	1	14489
58.132	n/a	NonTarget	1	14533
58.304	n/a	NonTarget	1	14576
58.48	n/a	NonTarget	1	14620
58.656	n/a	Target	2	14664
58.832	n/a	NonTarget	1	14708
59.004	n/a	NonTarget	1	14751
59.18	n/a	NonTarget	1	14795
59.356	n/a	NonTarget	1	14839
59.532	n/a	NonTarget	1	14883
59.704	n/a	Target	2	14926
59.88	n/a	NonTarget	1	14970
60.056	n/a	NonTarget	1	15014
60.232	n/a	Target	2	15058
60.404	n/a	NonTarget	1	15101
60.58	n/a	NonTarget	1	15145
60.756	n/a	NonTarget	1	15189
60.932	n/a	NonTarget	1	15233
61.108	n/a	NonTarget	1	15277
61.28	n/a	NonTarget	1	15320
61.456	n/a	NonTarget	1	15364
61.632	n/a	NonTarget	1	15408
61.804	n/a	Target	2	15451
61.98	n/a	NonTarget	1	15495
62.156	n/a	NonTarget	1	15539
62.332	n/a	Target	2	15583
62.504	n/a	NonTarget	1	15626
62.68	n/a	NonTarget	1	15670
62.856	n/a	NonTarget	1	15714
63.032	n/a	NonTarget	1	15758
63.204	n/a	NonTarget	1	15801
63.38	n/a	NonTarget	1	15845
63.556	n/a	NonTarget	1	15889
63.732	n/a	Target	2	15933
63.904	n/a	NonTarget	1	15976
64.08	n/a	NonTarget	1	16020
64.256	n/a	NonTarget	1	16064
64.432	n/a	NonTarget	1	16108
64.608	n/a	NonTarget	1	16152
64.78	n/a	Target	2	16195
64.956	n/a	NonTarget	1	16239
65.132	n/a	NonTarget	1	16283
85.252	n/a	NonTarget	1	21313
85.428	n/a	Target	2	21357
85.604	n/a	NonTarget	1	21401
85.78	n/a	NonTarget	1	21445
85.952	n/a	NonTarget	1	21488
86.128	n/a	NonTarget	1	21532
86.304	n/a	NonTarget	1	21576
86.48	n/a	NonTarget	1	21620
86.652	n/a	NonTarget	1	21663
86.828	n/a	NonTarget	1	21707
87.004	n/a	Target	2	21751
87.176	n/a	NonTarget	1	21794
87.352	n/a	NonTarget	1	21838
87.528	n/a	NonTarget	1	21882
87.704	n/a	NonTarget	1	21926
87.88	n/a	Target	2	21970
88.052	n/a	NonTarget	1	22013
88.228	n/a	NonTarget	1	22057
88.404	n/a	Target	2	22101
88.58	n/a	NonTarget	1	22145
88.752	n/a	NonTarget	1	22188
88.928	n/a	NonTarget	1	22232
89.104	n/a	NonTarget	1	22276
89.28	n/a	NonTarget	1	22320
89.452	n/a	Target	2	22363
89.628	n/a	NonTarget	1	22407
89.804	n/a	NonTarget	1	22451
89.98	n/a	NonTarget	1	22495
90.152	n/a	NonTarget	1	22538
90.328	n/a	NonTarget	1	22582
90.504	n/a	NonTarget	1	22626
90.676	n/a	NonTarget	1	22669
90.852	n/a	NonTarget	1	22713
91.028	n/a	Target	2	22757
91.204	n/a	NonTarget	1	22801
91.38	n/a	NonTarget	1	22845
91.552	n/a	NonTarget	1	22888
91.728	n/a	NonTarget	1	22932
91.904	n/a	Target	2	22976
92.08	n/a	NonTarget	1	23020
92.252	n/a	NonTarget	1	23063
92.428	n/a	NonTarget	1	23107
92.604	n/a	NonTarget	1	23151
92.78	n/a	NonTarget	1	23195
92.952	n/a	NonTarget	1	23238
93.128	n/a	Target	2	23282
93.304	n/a	NonTarget	1	23326
93.48	n/a	NonTarget	1	23370
93.652	n/a	NonTarget	1	23413
93.828	n/a	NonTarget	1	23457
94.004	n/a	NonTarget	1	23501
94.18	n/a	NonTarget	1	23545
94.352	n/a	NonTarget	1	23588
94.528	n/a	Target	2	23632
94.704	n/a	NonTarget	1	23676
94.88	n/a	NonTarget	1	23720
95.052	n/a	NonTarget	1	23763
95.228	n/a	NonTarget	1	23807
95.404	n/a	Target	2	23851
95.58	n/a	NonTarget	1	23895
95.756	n/a	NonTarget	1	23939
95.928	n/a	NonTarget	1	23982
96.104	n/a	NonTarget	1	24026
96.28	n/a	NonTarget	1	24070
96.452	n/a	Target	2	24113
96.628	n/a	NonTarget	1	24157
96.804	n/a	NonTarget	1	24201
96.98	n/a	NonTarget	1	24245
97.152	n/a	NonTarget	1	24288
97.328	n/a	NonTarget	1	24332
97.504	n/a	Target	2	24376
97.68	n/a	NonTarget	1	24420
97.852	n/a	NonTarget	1	24463
98.028	n/a	NonTarget	1	24507
98.204	n/a	NonTarget	1	24551
98.38	n/a	Target	2	24595
98.552	n/a	NonTarget	1	24638
98.728	n/a	NonTarget	1	24682
98.904	n/a	Target	2	24726
99.08	n/a	NonTarget	1	24770
99.252	n/a	NonTarget	1	24813
99.428	n/a	NonTarget	1	24857
99.604	n/a	NonTarget	1	24901
99.78	n/a	NonTarget	1	24945
99.952	n/a	NonTarget	1	24988
100.128	n/a	NonTarget	1	25032
100.304	n/a	NonTarget	1	25076
100.48	n/a	Target	2	25120
100.652	n/a	NonTarget	1	25163
100.828	n/a	NonTarget	1	25207
115.236	n/a	NonTarget	1	28809
115.412	n/a	NonTarget	1	28853
115.584	n/a	NonTarget	1	28896
115.76	n/a	Target	2	28940
115.936	n/a	NonTarget	1	28984
116.112	n/a	NonTarget	1	29028
116.292	n/a	NonTarget	1	29073
116.46	n/a	Target	2	29115
116.636	n/a	NonTarget	1	29159
116.812	n/a	NonTarget	1	29203
116.984	n/a	NonTarget	1	29246
117.168	n/a	NonTarget	1	29292
117.336	n/a	Target	2	29334
117.512	n/a	NonTarget	1	29378
117.684	n/a	NonTarget	1	29421
117.86	n/a	NonTarget	1	29465
118.036	n/a	NonTarget	1	29509
118.212	n/a	NonTarget	1	29553
118.384	n/a	NonTarget	1	29596
118.56	n/a	NonTarget	1	29640
118.736	n/a	NonTarget	1	29684
118.916	n/a	Target	2	29729
119.084	n/a	NonTarget	1	29771
119.26	n/a	NonTarget	1	29815
119.436	n/a	Target	2	29859
119.612	n/a	NonTarget	1	29903
119.784	n/a	NonTarget	1	29946
119.96	n/a	NonTarget	1	29990
120.136	n/a	NonTarget	1	30034
120.312	n/a	NonTarget	1	30078
120.484	n/a	NonTarget	1	30121
120.66	n/a	NonTarget	1	30165
120.836	n/a	NonTarget	1	30209
121.008	n/a	NonTarget	1	30252
121.184	n/a	Target	2	30296
121.36	n/a	NonTarget	1	30340
121.536	n/a	NonTarget	1	30384
121.708	n/a	Target	2	30427
121.884	n/a	NonTarget	1	30471
122.06	n/a	NonTarget	1	30515
122.236	n/a	NonTarget	1	30559
122.408	n/a	NonTarget	1	30602
122.584	n/a	NonTarget	1	30646
122.76	n/a	NonTarget	1	30690
122.936	n/a	NonTarget	1	30734
123.108	n/a	NonTarget	1	30777
123.284	n/a	NonTarget	1	30821
123.46	n/a	Target	2	30865
123.636	n/a	NonTarget	1	30909
123.808	n/a	NonTarget	1	30952
123.984	n/a	NonTarget	1	30996
124.16	n/a	NonTarget	1	31040
124.336	n/a	Target	2	31084
124.508	n/a	NonTarget	1	31127
124.688	n/a	NonTarget	1	31172
124.86	n/a	NonTarget	1	31215
125.036	n/a	NonTarget	1	31259
125.208	n/a	NonTarget	1	31302
125.384	n/a	NonTarget	1	31346
125.56	n/a	Target	2	31390
125.736	n/a	NonTarget	1	31434
125.908	n/a	NonTarget	1	31477
126.084	n/a	Target	2	31521
126.26	n/a	NonTarget	1	31565
126.436	n/a	NonTarget	1	31609
126.608	n/a	NonTarget	1	31652
126.784	n/a	NonTarget	1	31696
126.96	n/a	NonTarget	1	31740
127.136	n/a	Target	2	31784
127.308	n/a	NonTarget	1	31827
127.484	n/a	NonTarget	1	31871
127.66	n/a	NonTarget	1	31915
127.836	n/a	NonTarget	1	31959
128.008	n/a	NonTarget	1	32002
128.184	n/a	NonTarget	1	32046
128.36	n/a	NonTarget	1	32090
128.536	n/a	NonTarget	1	32134
128.708	n/a	Target	2	32177
128.884	n/a	NonTarget	1	32221
129.06	n/a	NonTarget	1	32265
129.236	n/a	NonTarget	1	32309
129.408	n/a	NonTarget	1	32352
129.584	n/a	Target	2	32396
129.76	n/a	NonTarget	1	32440
129.936	n/a	NonTarget	1	32484
130.108	n/a	Target	2	32527
130.284	n/a	NonTarget	1	32571
130.46	n/a	NonTarget	1	32615
130.636	n/a	NonTarget	1	32659
130.808	n/a	NonTarget	1	32702
175.344	n/a	Target	2	43836
175.52	n/a	NonTarget	1	43880
175.692	n/a	NonTarget	1	43923
175.868	n/a	NonTarget	1	43967
176.044	n/a	NonTarget	1	44011
176.22	n/a	NonTarget	1	44055
176.392	n/a	NonTarget	1	44098
176.568	n/a	NonTarget	1	44142
176.744	n/a	NonTarget	1	44186
176.916	n/a	NonTarget	1	44229
177.092	n/a	Target	2	44273
177.268	n/a	NonTarget	1	44317
177.444	n/a	NonTarget	1	44361
177.616	n/a	NonTarget	1	44404
177.792	n/a	NonTarget	1	44448
177.968	n/a	NonTarget	1	44492
178.144	n/a	NonTarget	1	44536
178.32	n/a	Target	2	44580
178.496	n/a	NonTarget	1	44624
178.668	n/a	NonTarget	1	44667
178.844	n/a	NonTarget	1	44711
179.02	n/a	NonTarget	1	44755
179.192	n/a	Target	2	44798
179.368	n/a	NonTarget	1	44842
179.544	n/a	NonTarget	1	44886
179.72	n/a	NonTarget	1	44930
179.892	n/a	NonTarget	1	44973
180.068	n/a	NonTarget	1	45017
180.244	n/a	Target	2	45061
180.42	n/a	NonTarget	1	45105
180.592	n/a	NonTarget	1	45148
180.768	n/a	NonTarget	1	45192
180.944	n/a	NonTarget	1	45236
181.12	n/a	NonTarget	1	45280
181.292	n/a	Target	2	45323
181.468	n/a	NonTarget	1	45367
181.644	n/a	NonTarget	1	45411
181.82	n/a	NonTarget	1	45455
181.992	n/a	NonTarget	1	45498
182.168	n/a	Target	2	45542
182.344	n/a	NonTarget	1	45586
182.52	n/a	NonTarget	1	45630
182.692	n/a	Target	2	45673
182.868	n/a	NonTarget	1	45717
183.044	n/a	NonTarget	1	45761
183.22	n/a	NonTarget	1	45805
183.392	n/a	NonTarget	1	45848
183.568	n/a	NonTarget	1	45892
183.744	n/a	NonTarget	1	45936
183.92	n/a	NonTarget	1	45980
184.092	n/a	NonTarget	1	46023
184.268	n/a	NonTarget	1	46067
184.444	n/a	NonTarget	1	46111
184.62	n/a	Target	2	46155
184.792	n/a	NonTarget	1	46198
184.968	n/a	NonTarget	1	46242
185.144	n/a	NonTarget	1	46286
185.32	n/a	Target	2	46330
185.496	n/a	NonTarget	1	46374
185.668	n/a	NonTarget	1	46417
185.844	n/a	NonTarget	1	46461
186.02	n/a	NonTarget	1	46505
186.192	n/a	NonTarget	1	46548
186.372	n/a	NonTarget	1	46593
186.544	n/a	NonTarget	1	46636
186.72	n/a	Target	2	46680
186.892	n/a	NonTarget	1	46723
187.068	n/a	NonTarget	1	46767
187.244	n/a	NonTarget	1	46811
187.42	n/a	NonTarget	1	46855
187.592	n/a	NonTarget	1	46898
187.768	n/a	Target	2	46942
187.944	n/a	NonTarget	1	46986
188.12	n/a	NonTarget	1	47030
188.292	n/a	NonTarget	1	47073
188.468	n/a	Target	2	47117
188.644	n/a	NonTarget	1	47161
188.82	n/a	NonTarget	1	47205
188.996	n/a	NonTarget	1	47249
189.168	n/a	NonTarget	1	47292
189.344	n/a	Target	2	47336
189.52	n/a	NonTarget	1	47380
189.692	n/a	NonTarget	1	47423
189.868	n/a	NonTarget	1	47467
190.044	n/a	NonTarget	1	47511
190.22	n/a	NonTarget	1	47555
190.392	n/a	NonTarget	1	47598
190.568	n/a	NonTarget	1	47642
190.744	n/a	Target	2	47686
190.92	n/a	NonTarget	1	47730
205.188	n/a	NonTarget	1	51297
205.364	n/a	NonTarget	1	51341
205.54	n/a	NonTarget	1	51385
205.716	n/a	NonTarget	1	51429
205.888	n/a	Target	2	51472
206.064	n/a	NonTarget	1	51516
206.24	n/a	NonTarget	1	51560
206.416	n/a	NonTarget	1	51604
206.588	n/a	NonTarget	1	51647
206.764	n/a	NonTarget	1	51691
206.94	n/a	Target	2	51735
207.116	n/a	NonTarget	1	51779
207.288	n/a	NonTarget	1	51822
207.464	n/a	NonTarget	1	51866
207.64	n/a	Target	2	51910
207.812	n/a	NonTarget	1	51953
207.988	n/a	NonTarget	1	51997
208.164	n/a	NonTarget	1	52041
208.34	n/a	Target	2	52085
208.516	n/a	NonTarget	1	52129
208.692	n/a	NonTarget	1	52173
208.864	n/a	NonTarget	1	52216
209.04	n/a	NonTarget	1	52260
209.216	n/a	NonTarget	1	52304
209.388	n/a	NonTarget	1	52347
209.564	n/a	NonTarget	1	52391
209.748	n/a	Target	2	52437
209.916	n/a	NonTarget	1	52479
210.088	n/a	NonTarget	1	52522
210.264	n/a	NonTarget	1	52566
210.44	n/a	NonTarget	1	52610
210.616	n/a	NonTarget	1	52654
210.788	n/a	Target	2	52697
210.964	n/a	NonTarget	1	52741
211.14	n/a	NonTarget	1	52785
211.316	n/a	NonTarget	1	52829
211.488	n/a	NonTarget	1	52872
211.664	n/a	NonTarget	1	52916
211.84	n/a	NonTarget	1	52960
212.016	n/a	NonTarget	1	53004
212.188	n/a	NonTarget	1	53047
212.364	n/a	Target	2	53091
212.54	n/a	NonTarget	1	53135
212.716	n/a	NonTarget	1	53179
212.892	n/a	NonTarget	1	53223
213.064	n/a	NonTarget	1	53266
213.24	n/a	NonTarget	1	53310
213.416	n/a	Target	2	53354
213.588	n/a	NonTarget	1	53397
213.764	n/a	NonTarget	1	53441
213.94	n/a	NonTarget	1	53485
214.116	n/a	NonTarget	1	53529
214.288	n/a	NonTarget	1	53572
214.464	n/a	Target	2	53616
214.64	n/a	NonTarget	1	53660
214.816	n/a	NonTarget	1	53704
214.988	n/a	NonTarget	1	53747
215.164	n/a	NonTarget	1	53791
215.34	n/a	Target	2	53835
215.516	n/a	NonTarget	1	53879
215.688	n/a	NonTarget	1	53922
215.868	n/a	Target	2	53967
216.04	n/a	NonTarget	1	54010
216.216	n/a	NonTarget	1	54054
216.388	n/a	NonTarget	1	54097
216.564	n/a	NonTarget	1	54141
216.74	n/a	NonTarget	1	54185
216.916	n/a	NonTarget	1	54229
217.088	n/a	Target	2	54272
217.264	n/a	NonTarget	1	54316
217.44	n/a	NonTarget	1	54360
217.616	n/a	NonTarget	1	54404
217.792	n/a	NonTarget	1	54448
217.964	n/a	Target	2	54491
218.14	n/a	NonTarget	1	54535
218.316	n/a	NonTarget	1	54579
218.488	n/a	NonTarget	1	54622
218.664	n/a	NonTarget	1	54666
218.84	n/a	Target	2	54710
219.016	n/a	NonTarget	1	54754
219.188	n/a	NonTarget	1	54797
219.364	n/a	NonTarget	1	54841
219.54	n/a	NonTarget	1	54885
219.716	n/a	NonTarget	1	54929
219.888	n/a	Target	2	54972
220.064	n/a	NonTarget	1	55016
220.24	n/a	NonTarget	1	55060
220.416	n/a	NonTarget	1	55104
220.588	n/a	NonTarget	1	55147
220.764	n/a	NonTarget	1	55191
240.94	n/a	Target	2	60235
241.112	n/a	NonTarget	1	60278
241.288	n/a	NonTarget	1	60322
241.464	n/a	NonTarget	1	60366
241.64	n/a	NonTarget	1	60410
241.812	n/a	NonTarget	1	60453
241.988	n/a	NonTarget	1	60497
242.164	n/a	Target	2	60541
242.34	n/a	NonTarget	1	60585
242.512	n/a	NonTarget	1	60628
242.688	n/a	NonTarget	1	60672
242.864	n/a	NonTarget	1	60716
243.04	n/a	NonTarget	1	60760
243.212	n/a	NonTarget	1	60803
243.388	n/a	Target	2	60847
243.564	n/a	NonTarget	1	60891
243.74	n/a	NonTarget	1	60935
243.912	n/a	NonTarget	1	60978
244.088	n/a	NonTarget	1	61022
244.264	n/a	NonTarget	1	61066
244.436	n/a	Target	2	61109
244.612	n/a	NonTarget	1	61153
244.788	n/a	NonTarget	1	61197
244.964	n/a	NonTarget	1	61241
245.14	n/a	NonTarget	1	61285
245.312	n/a	Target	2	61328
245.488	n/a	NonTarget	1	61372
245.664	n/a	NonTarget	1	61416
245.84	n/a	NonTarget	1	61460
246.012	n/a	NonTarget	1	61503
246.188	n/a	NonTarget	1	61547
246.364	n/a	Target	2	61591
246.54	n/a	NonTarget	1	61635
246.712	n/a	NonTarget	1	61678
246.888	n/a	NonTarget	1	61722
247.064	n/a	NonTarget	1	61766
247.24	n/a	Target	2	61810
247.412	n/a	NonTarget	1	61853
247.588	n/a	NonTarget	1	61897
247.764	n/a	NonTarget	1	61941
247.94	n/a	NonTarget	1	61985
248.112	n/a	NonTarget	1	62028
248.288	n/a	Target	2	62072
248.464	n/a	NonTarget	1	62116
248.64	n/a	NonTarget	1	62160
248.812	n/a	NonTarget	1	62203
248.988	n/a	NonTarget	1	62247
249.164	n/a	NonTarget	1	62291
249.336	n/a	NonTarget	1	62334
249.512	n/a	NonTarget	1	62378
249.688	n/a	NonTarget	1	62422
249.868	n/a	NonTarget	1	62467
250.04	n/a	NonTarget	1	62510
250.212	n/a	Target	2	62553
250.388	n/a	NonTarget	1	62597
250.564	n/a	NonTarget	1	62641
250.744	n/a	NonTarget	1	62686
250.912	n/a	NonTarget	1	62728
251.088	n/a	NonTarget	1	62772
251.264	n/a	Target	2	62816
251.44	n/a	NonTarget	1	62860
251.612	n/a	NonTarget	1	62903
251.788	n/a	NonTarget	1	62947
251.964	n/a	Target	2	62991
252.136	n/a	NonTarget	1	63034
252.312	n/a	NonTarget	1	63078
252.488	n/a	NonTarget	1	63122
252.664	n/a	NonTarget	1	63166
252.836	n/a	Target	2	63209
253.012	n/a	NonTarget	1	63253
253.188	n/a	NonTarget	1	63297
253.364	n/a	NonTarget	1	63341
253.54	n/a	NonTarget	1	63385
253.712	n/a	NonTarget	1	63428
253.888	n/a	Target	2	63472
254.064	n/a	NonTarget	1	63516
254.236	n/a	NonTarget	1	63559
254.412	n/a	NonTarget	1	63603
254.588	n/a	Target	2	63647
254.764	n/a	NonTarget	1	63691
254.94	n/a	NonTarget	1	63735
255.112	n/a	NonTarget	1	63778
255.288	n/a	NonTarget	1	63822
255.464	n/a	NonTarget	1	63866
255.636	n/a	NonTarget	1	63909
255.812	n/a	Target	2	63953
255.988	n/a	NonTarget	1	63997
256.164	n/a	NonTarget	1	64041
256.34	n/a	NonTarget	1	64085
256.512	n/a	NonTarget	1	64128
274.1	n/a	NonTarget	1	68525
274.276	n/a	NonTarget	1	68569
274.452	n/a	NonTarget	1	68613
274.628	n/a	NonTarget	1	68657
274.8	n/a	Target	2	68700
274.976	n/a	NonTarget	1	68744
275.152	n/a	NonTarget	1	68788
275.328	n/a	NonTarget	1	68832
275.5	n/a	NonTarget	1	68875
275.676	n/a	Target	2	68919
275.852	n/a	NonTarget	1	68963
276.028	n/a	NonTarget	1	69007
276.2	n/a	Target	2	69050
276.376	n/a	NonTarget	1	69094
276.552	n/a	NonTarget	1	69138
276.728	n/a	NonTarget	1	69182
276.9	n/a	NonTarget	1	69225
277.076	n/a	NonTarget	1	69269
277.252	n/a	NonTarget	1	69313
277.428	n/a	NonTarget	1	69357
277.6	n/a	NonTarget	1	69400
277.776	n/a	NonTarget	1	69444
277.952	n/a	NonTarget	1	69488
278.128	n/a	Target	2	69532
278.3	n/a	NonTarget	1	69575
278.476	n/a	NonTarget	1	69619
278.652	n/a	NonTarget	1	69663
278.828	n/a	Target	2	69707
279.0	n/a	NonTarget	1	69750
279.176	n/a	NonTarget	1	69794
279.352	n/a	NonTarget	1	69838
279.528	n/a	NonTarget	1	69882
279.7	n/a	NonTarget	1	69925
279.876	n/a	NonTarget	1	69969
280.052	n/a	NonTarget	1	70013
280.228	n/a	Target	2	70057
280.4	n/a	NonTarget	1	70100
280.576	n/a	NonTarget	1	70144
280.752	n/a	NonTarget	1	70188
280.928	n/a	NonTarget	1	70232
281.1	n/a	NonTarget	1	70275
281.276	n/a	Target	2	70319
281.452	n/a	NonTarget	1	70363
281.628	n/a	NonTarget	1	70407
281.8	n/a	NonTarget	1	70450
281.976	n/a	Target	2	70494
282.152	n/a	NonTarget	1	70538
282.328	n/a	NonTarget	1	70582
282.5	n/a	NonTarget	1	70625
282.676	n/a	NonTarget	1	70669
282.852	n/a	Target	2	70713
283.028	n/a	NonTarget	1	70757
283.2	n/a	NonTarget	1	70800
283.376	n/a	NonTarget	1	70844
283.552	n/a	NonTarget	1	70888
283.728	n/a	NonTarget	1	70932
283.9	n/a	NonTarget	1	70975
284.076	n/a	NonTarget	1	71019
284.252	n/a	Target	2	71063
284.428	n/a	NonTarget	1	71107
284.6	n/a	NonTarget	1	71150
284.776	n/a	Target	2	71194
284.952	n/a	NonTarget	1	71238
285.128	n/a	NonTarget	1	71282
285.3	n/a	NonTarget	1	71325
285.476	n/a	NonTarget	1	71369
285.652	n/a	NonTarget	1	71413
285.828	n/a	NonTarget	1	71457
286.0	n/a	Target	2	71500
286.176	n/a	NonTarget	1	71544
286.352	n/a	NonTarget	1	71588
286.528	n/a	NonTarget	1	71632
286.7	n/a	Target	2	71675
286.876	n/a	NonTarget	1	71719
287.052	n/a	NonTarget	1	71763
287.228	n/a	NonTarget	1	71807
287.4	n/a	NonTarget	1	71850
287.576	n/a	NonTarget	1	71894
287.752	n/a	NonTarget	1	71938
287.924	n/a	NonTarget	1	71981
288.1	n/a	NonTarget	1	72025
288.276	n/a	NonTarget	1	72069
288.452	n/a	NonTarget	1	72113
288.628	n/a	Target	2	72157
288.8	n/a	NonTarget	1	72200
288.976	n/a	NonTarget	1	72244
289.152	n/a	NonTarget	1	72288
289.328	n/a	NonTarget	1	72332
289.5	n/a	NonTarget	1	72375
289.676	n/a	Target	2	72419
312.932	n/a	Target	2	78233
313.108	n/a	NonTarget	1	78277
313.284	n/a	NonTarget	1	78321
313.46	n/a	NonTarget	1	78365
313.632	n/a	NonTarget	1	78408
313.808	n/a	NonTarget	1	78452
313.984	n/a	Target	2	78496
314.16	n/a	NonTarget	1	78540
314.332	n/a	NonTarget	1	78583
314.508	n/a	NonTarget	1	78627
314.684	n/a	NonTarget	1	78671
314.86	n/a	NonTarget	1	78715
315.032	n/a	NonTarget	1	78758
315.208	n/a	NonTarget	1	78802
315.384	n/a	Target	2	78846
315.56	n/a	NonTarget	1	78890
315.732	n/a	NonTarget	1	78933
315.908	n/a	NonTarget	1	78977
316.084	n/a	NonTarget	1	79021
316.26	n/a	Target	2	79065
316.432	n/a	NonTarget	1	79108
316.608	n/a	NonTarget	1	79152
316.784	n/a	NonTarget	1	79196
316.96	n/a	NonTarget	1	79240
317.132	n/a	NonTarget	1	79283
317.308	n/a	NonTarget	1	79327
317.484	n/a	Target	2	79371
317.66	n/a	NonTarget	1	79415
317.832	n/a	NonTarget	1	79458
318.008	n/a	NonTarget	1	79502
318.184	n/a	NonTarget	1	79546
318.36	n/a	NonTarget	1	79590
318.532	n/a	NonTarget	1	79633
318.708	n/a	Target	2	79677
318.884	n/a	NonTarget	1	79721
319.06	n/a	NonTarget	1	79765
319.232	n/a	NonTarget	1	79808
319.408	n/a	NonTarget	1	79852
319.584	n/a	NonTarget	1	79896
319.76	n/a	NonTarget	1	79940
319.936	n/a	Target	2	79984
320.108	n/a	NonTarget	1	80027
320.284	n/a	NonTarget	1	80071
320.46	n/a	NonTarget	1	80115
320.632	n/a	NonTarget	1	80158
320.808	n/a	NonTarget	1	80202
320.984	n/a	Target	2	80246
321.16	n/a	NonTarget	1	80290
321.332	n/a	NonTarget	1	80333
321.508	n/a	Target	2	80377
321.684	n/a	NonTarget	1	80421
321.86	n/a	NonTarget	1	80465
322.032	n/a	NonTarget	1	80508
322.208	n/a	NonTarget	1	80552
322.384	n/a	NonTarget	1	80596
322.56	n/a	NonTarget	1	80640
322.732	n/a	Target	2	80683
322.908	n/a	NonTarget	1	80727
323.084	n/a	NonTarget	1	80771
323.26	n/a	NonTarget	1	80815
323.432	n/a	Target	2	80858
323.608	n/a	NonTarget	1	80902
323.784	n/a	NonTarget	1	80946
323.96	n/a	NonTarget	1	80990
324.132	n/a	NonTarget	1	81033
324.308	n/a	NonTarget	1	81077
324.484	n/a	NonTarget	1	81121
324.66	n/a	Target	2	81165
324.836	n/a	NonTarget	1	81209
325.008	n/a	NonTarget	1	81252
325.184	n/a	NonTarget	1	81296
325.36	n/a	NonTarget	1	81340
325.532	n/a	NonTarget	1	81383
325.708	n/a	NonTarget	1	81427
325.884	n/a	Target	2	81471
326.06	n/a	NonTarget	1	81515
326.232	n/a	NonTarget	1	81558
326.408	n/a	NonTarget	1	81602
326.584	n/a	NonTarget	1	81646
326.76	n/a	NonTarget	1	81690
326.932	n/a	Target	2	81733
327.108	n/a	NonTarget	1	81777
327.284	n/a	NonTarget	1	81821
327.46	n/a	NonTarget	1	81865
327.632	n/a	NonTarget	1	81908
327.808	n/a	Target	2	81952
327.984	n/a	NonTarget	1	81996
328.156	n/a	NonTarget	1	82039
328.332	n/a	NonTarget	1	82083
328.508	n/a	NonTarget	1	82127
346.12	n/a	NonTarget	1	86530
346.292	n/a	NonTarget	1	86573
346.468	n/a	NonTarget	1	86617
346.644	n/a	Target	2	86661
346.82	n/a	NonTarget	1	86705
346.992	n/a	NonTarget	1	86748
347.168	n/a	NonTarget	1	86792
347.344	n/a	Target	2	86836
347.52	n/a	NonTarget	1	86880
347.696	n/a	NonTarget	1	86924
347.872	n/a	NonTarget	1	86968
348.044	n/a	NonTarget	1	87011
348.22	n/a	NonTarget	1	87055
348.392	n/a	Target	2	87098
348.568	n/a	NonTarget	1	87142
348.744	n/a	NonTarget	1	87186
348.92	n/a	NonTarget	1	87230
349.092	n/a	NonTarget	1	87273
349.268	n/a	NonTarget	1	87317
349.444	n/a	NonTarget	1	87361
349.62	n/a	Target	2	87405
349.792	n/a	NonTarget	1	87448
349.968	n/a	NonTarget	1	87492
350.148	n/a	NonTarget	1	87537
350.32	n/a	NonTarget	1	87580
350.492	n/a	Target	2	87623
350.668	n/a	NonTarget	1	87667
350.844	n/a	NonTarget	1	87711
351.02	n/a	NonTarget	1	87755
351.192	n/a	NonTarget	1	87798
351.368	n/a	Target	2	87842
351.544	n/a	NonTarget	1	87886
351.72	n/a	NonTarget	1	87930
351.892	n/a	NonTarget	1	87973
352.072	n/a	NonTarget	1	88018
352.244	n/a	NonTarget	1	88061
352.42	n/a	NonTarget	1	88105
352.592	n/a	NonTarget	1	88148
352.768	n/a	NonTarget	1	88192
352.944	n/a	NonTarget	1	88236
353.12	n/a	Target	2	88280
353.292	n/a	NonTarget	1	88323
353.468	n/a	NonTarget	1	88367
353.644	n/a	NonTarget	1	88411
353.82	n/a	NonTarget	1	88455
353.992	n/a	NonTarget	1	88498
354.168	n/a	NonTarget	1	88542
354.344	n/a	Target	2	88586
354.52	n/a	NonTarget	1	88630
354.692	n/a	NonTarget	1	88673
354.868	n/a	NonTarget	1	88717
355.044	n/a	NonTarget	1	88761
355.22	n/a	Target	2	88805
355.392	n/a	NonTarget	1	88848
355.568	n/a	NonTarget	1	88892
355.744	n/a	NonTarget	1	88936
355.92	n/a	NonTarget	1	88980
356.092	n/a	NonTarget	1	89023
356.268	n/a	Target	2	89067
356.444	n/a	NonTarget	1	89111
356.62	n/a	NonTarget	1	89155
356.792	n/a	NonTarget	1	89198
356.968	n/a	NonTarget	1	89242
357.144	n/a	NonTarget	1	89286
357.32	n/a	Target	2	89330
357.496	n/a	NonTarget	1	89374
357.668	n/a	NonTarget	1	89417
357.844	n/a	NonTarget	1	89461
358.016	n/a	NonTarget	1	89504
358.192	n/a	Target	2	89548
358.368	n/a	NonTarget	1	89592
358.544	n/a	NonTarget	1	89636
358.72	n/a	Target	2	89680
358.896	n/a	NonTarget	1	89724
359.068	n/a	NonTarget	1	89767
359.244	n/a	NonTarget	1	89811
359.42	n/a	NonTarget	1	89855
359.592	n/a	NonTarget	1	89898
359.768	n/a	NonTarget	1	89942
359.944	n/a	NonTarget	1	89986
360.12	n/a	NonTarget	1	90030
360.292	n/a	NonTarget	1	90073
360.472	n/a	NonTarget	1	90118
360.644	n/a	Target	2	90161
360.82	n/a	NonTarget	1	90205
360.992	n/a	NonTarget	1	90248
361.168	n/a	NonTarget	1	90292
361.344	n/a	Target	2	90336
361.52	n/a	NonTarget	1	90380
361.692	n/a	NonTarget	1	90423
382.836	n/a	NonTarget	1	95709
383.012	n/a	NonTarget	1	95753
383.188	n/a	NonTarget	1	95797
383.364	n/a	NonTarget	1	95841
383.536	n/a	Target	2	95884
383.712	n/a	NonTarget	1	95928
383.888	n/a	NonTarget	1	95972
384.06	n/a	NonTarget	1	96015
384.236	n/a	NonTarget	1	96059
384.412	n/a	NonTarget	1	96103
384.588	n/a	Target	2	96147
384.76	n/a	NonTarget	1	96190
384.936	n/a	NonTarget	1	96234
385.112	n/a	NonTarget	1	96278
385.288	n/a	Target	2	96322
385.46	n/a	NonTarget	1	96365
385.636	n/a	NonTarget	1	96409
385.812	n/a	NonTarget	1	96453
385.988	n/a	Target	2	96497
386.164	n/a	NonTarget	1	96541
386.336	n/a	NonTarget	1	96584
386.512	n/a	NonTarget	1	96628
386.688	n/a	NonTarget	1	96672
386.864	n/a	NonTarget	1	96716
387.036	n/a	NonTarget	1	96759
387.212	n/a	NonTarget	1	96803
387.388	n/a	NonTarget	1	96847
387.56	n/a	NonTarget	1	96890
387.736	n/a	NonTarget	1	96934
387.912	n/a	Target	2	96978
388.088	n/a	NonTarget	1	97022
388.26	n/a	NonTarget	1	97065
388.436	n/a	NonTarget	1	97109
388.612	n/a	NonTarget	1	97153
388.788	n/a	NonTarget	1	97197
388.96	n/a	Target	2	97240
389.136	n/a	NonTarget	1	97284
389.312	n/a	NonTarget	1	97328
389.488	n/a	NonTarget	1	97372
389.664	n/a	NonTarget	1	97416
389.836	n/a	NonTarget	1	97459
390.012	n/a	Target	2	97503
390.188	n/a	NonTarget	1	97547
390.364	n/a	NonTarget	1	97591
390.536	n/a	NonTarget	1	97634
390.712	n/a	NonTarget	1	97678
390.888	n/a	Target	2	97722
391.06	n/a	NonTarget	1	97765
391.236	n/a	NonTarget	1	97809
391.412	n/a	NonTarget	1	97853
391.588	n/a	Target	2	97897
391.764	n/a	NonTarget	1	97941
391.936	n/a	NonTarget	1	97984
392.112	n/a	NonTarget	1	98028
392.288	n/a	Target	2	98072
392.464	n/a	NonTarget	1	98116
392.636	n/a	NonTarget	1	98159
392.812	n/a	NonTarget	1	98203
392.988	n/a	NonTarget	1	98247
393.164	n/a	NonTarget	1	98291
393.336	n/a	Target	2	98334
393.512	n/a	NonTarget	1	98378
393.688	n/a	NonTarget	1	98422
393.86	n/a	NonTarget	1	98465
394.036	n/a	NonTarget	1	98509
394.212	n/a	NonTarget	1	98553
394.388	n/a	Target	2	98597
394.56	n/a	NonTarget	1	98640
394.736	n/a	NonTarget	1	98684
394.912	n/a	NonTarget	1	98728
395.088	n/a	NonTarget	1	98772
395.26	n/a	NonTarget	1	98815
395.436	n/a	NonTarget	1	98859
395.612	n/a	NonTarget	1	98903
395.788	n/a	Target	2	98947
395.96	n/a	NonTarget	1	98990
396.136	n/a	NonTarget	1	99034
396.312	n/a	NonTarget	1	99078
396.488	n/a	NonTarget	1	99122
396.664	n/a	Target	2	99166
396.836	n/a	NonTarget	1	99209
397.012	n/a	NonTarget	1	99253
397.188	n/a	NonTarget	1	99297
397.36	n/a	NonTarget	1	99340
397.536	n/a	NonTarget	1	99384
397.712	n/a	NonTarget	1	99428
397.888	n/a	Target	2	99472
398.06	n/a	NonTarget	1	99515
398.236	n/a	NonTarget	1	99559
398.412	n/a	NonTarget	1	99603
416.036	n/a	NonTarget	1	104009
416.212	n/a	NonTarget	1	104053
416.388	n/a	NonTarget	1	104097
416.564	n/a	NonTarget	1	104141
416.74	n/a	NonTarget	1	104185
416.912	n/a	Target	2	104228
417.088	n/a	NonTarget	1	104272
417.264	n/a	NonTarget	1	104316
417.436	n/a	NonTarget	1	104359
417.612	n/a	NonTarget	1	104403
417.788	n/a	NonTarget	1	104447
417.964	n/a	Target	2	104491
418.136	n/a	NonTarget	1	104534
418.312	n/a	NonTarget	1	104578
418.488	n/a	NonTarget	1	104622
418.66	n/a	Target	2	104665
418.836	n/a	NonTarget	1	104709
419.012	n/a	NonTarget	1	104753
419.188	n/a	NonTarget	1	104797
419.36	n/a	NonTarget	1	104840
419.536	n/a	NonTarget	1	104884
419.712	n/a	Target	2	104928
419.888	n/a	NonTarget	1	104972
420.064	n/a	NonTarget	1	105016
420.236	n/a	NonTarget	1	105059
420.412	n/a	NonTarget	1	105103
420.588	n/a	NonTarget	1	105147
420.764	n/a	NonTarget	1	105191
420.936	n/a	NonTarget	1	105234
421.112	n/a	Target	2	105278
421.288	n/a	NonTarget	1	105322
421.464	n/a	NonTarget	1	105366
421.636	n/a	NonTarget	1	105409
421.812	n/a	NonTarget	1	105453
421.988	n/a	Target	2	105497
422.164	n/a	NonTarget	1	105541
422.336	n/a	NonTarget	1	105584
422.512	n/a	NonTarget	1	105628
422.688	n/a	NonTarget	1	105672
422.864	n/a	Target	2	105716
423.036	n/a	NonTarget	1	105759
423.216	n/a	NonTarget	1	105804
423.388	n/a	NonTarget	1	105847
423.56	n/a	NonTarget	1	105890
423.736	n/a	NonTarget	1	105934
423.912	n/a	NonTarget	1	105978
424.088	n/a	NonTarget	1	106022
424.264	n/a	Target	2	106066
424.436	n/a	NonTarget	1	106109
424.612	n/a	NonTarget	1	106153
424.788	n/a	NonTarget	1	106197
424.964	n/a	Target	2	106241
425.136	n/a	NonTarget	1	106284
425.312	n/a	NonTarget	1	106328
425.488	n/a	NonTarget	1	106372
425.664	n/a	NonTarget	1	106416
425.836	n/a	NonTarget	1	106459
426.012	n/a	NonTarget	1	106503
426.192	n/a	Target	2	106548
426.364	n/a	NonTarget	1	106591
426.536	n/a	NonTarget	1	106634
426.712	n/a	NonTarget	1	106678
426.888	n/a	NonTarget	1	106722
427.064	n/a	Target	2	106766
427.236	n/a	NonTarget	1	106809
427.412	n/a	NonTarget	1	106853
427.588	n/a	NonTarget	1	106897
427.764	n/a	Target	2	106941
427.936	n/a	NonTarget	1	106984
428.112	n/a	NonTarget	1	107028
428.288	n/a	NonTarget	1	107072
428.464	n/a	NonTarget	1	107116
428.636	n/a	NonTarget	1	107159
428.812	n/a	Target	2	107203
428.988	n/a	NonTarget	1	107247
429.164	n/a	NonTarget	1	107291
429.336	n/a	NonTarget	1	107334
429.512	n/a	NonTarget	1	107378
429.688	n/a	NonTarget	1	107422
429.864	n/a	NonTarget	1	107466
430.036	n/a	Target	2	107509
430.212	n/a	NonTarget	1	107553
430.388	n/a	NonTarget	1	107597
430.564	n/a	NonTarget	1	107641
430.74	n/a	NonTarget	1	107685
430.912	n/a	Target	2	107728
431.088	n/a	NonTarget	1	107772
431.264	n/a	NonTarget	1	107816
431.436	n/a	NonTarget	1	107859
431.612	n/a	NonTarget	1	107903
448.6	n/a	NonTarget	1	112150
448.776	n/a	NonTarget	1	112194
448.952	n/a	NonTarget	1	112238
449.128	n/a	Target	2	112282
449.304	n/a	NonTarget	1	112326
449.476	n/a	NonTarget	1	112369
449.652	n/a	NonTarget	1	112413
449.828	n/a	NonTarget	1	112457
450.004	n/a	Target	2	112501
450.176	n/a	NonTarget	1	112544
450.352	n/a	NonTarget	1	112588
450.528	n/a	NonTarget	1	112632
450.7	n/a	NonTarget	1	112675
450.876	n/a	NonTarget	1	112719
451.052	n/a	Target	2	112763
451.228	n/a	NonTarget	1	112807
451.4	n/a	NonTarget	1	112850
451.576	n/a	NonTarget	1	112894
451.752	n/a	Target	2	112938
451.928	n/a	NonTarget	1	112982
452.104	n/a	NonTarget	1	113026
452.276	n/a	NonTarget	1	113069
452.452	n/a	NonTarget	1	113113
452.628	n/a	NonTarget	1	113157
452.804	n/a	NonTarget	1	113201
452.976	n/a	Target	2	113244
453.152	n/a	NonTarget	1	113288
453.328	n/a	NonTarget	1	113332
453.504	n/a	NonTarget	1	113376
453.676	n/a	NonTarget	1	113419
453.852	n/a	Target	2	113463
454.028	n/a	NonTarget	1	113507
454.204	n/a	NonTarget	1	113551
454.376	n/a	NonTarget	1	113594
454.552	n/a	NonTarget	1	113638
454.728	n/a	NonTarget	1	113682
454.904	n/a	NonTarget	1	113726
455.076	n/a	NonTarget	1	113769
455.252	n/a	NonTarget	1	113813
455.428	n/a	NonTarget	1	113857
455.6	n/a	NonTarget	1	113900
455.776	n/a	Target	2	113944
455.952	n/a	NonTarget	1	113988
456.128	n/a	NonTarget	1	114032
456.3	n/a	NonTarget	1	114075
456.476	n/a	NonTarget	1	114119
456.652	n/a	Target	2	114163
456.828	n/a	NonTarget	1	114207
457.004	n/a	NonTarget	1	114251
457.176	n/a	NonTarget	1	114294
457.352	n/a	NonTarget	1	114338
457.528	n/a	Target	2	114382
457.7	n/a	NonTarget	1	114425
457.88	n/a	NonTarget	1	114470
458.052	n/a	Target	2	114513
458.228	n/a	NonTarget	1	114557
458.4	n/a	NonTarget	1	114600
458.576	n/a	NonTarget	1	114644
458.752	n/a	NonTarget	1	114688
458.928	n/a	NonTarget	1	114732
459.1	n/a	NonTarget	1	114775
459.276	n/a	NonTarget	1	114819
459.452	n/a	NonTarget	1	114863
459.628	n/a	NonTarget	1	114907
459.804	n/a	Target	2	114951
459.976	n/a	NonTarget	1	114994
460.152	n/a	NonTarget	1	115038
460.328	n/a	NonTarget	1	115082
460.5	n/a	NonTarget	1	115125
460.676	n/a	NonTarget	1	115169
460.852	n/a	Target	2	115213
461.028	n/a	NonTarget	1	115257
461.2	n/a	NonTarget	1	115300
461.376	n/a	NonTarget	1	115344
461.552	n/a	Target	2	115388
461.728	n/a	NonTarget	1	115432
461.9	n/a	NonTarget	1	115475
462.076	n/a	NonTarget	1	115519
462.252	n/a	Target	2	115563
462.428	n/a	NonTarget	1	115607
462.6	n/a	NonTarget	1	115650
462.776	n/a	NonTarget	1	115694
462.952	n/a	NonTarget	1	115738
463.128	n/a	NonTarget	1	115782
463.3	n/a	NonTarget	1	115825
463.476	n/a	NonTarget	1	115869
463.652	n/a	NonTarget	1	115913
463.828	n/a	NonTarget	1	115957
464.0	n/a	NonTarget	1	116000
464.176	n/a	Target	2	116044
480.24	n/a	NonTarget	1	120060
480.416	n/a	Target	2	120104
480.588	n/a	NonTarget	1	120147
480.764	n/a	NonTarget	1	120191
480.94	n/a	NonTarget	1	120235
481.116	n/a	NonTarget	1	120279
481.288	n/a	NonTarget	1	120322
481.464	n/a	NonTarget	1	120366
481.64	n/a	Target	2	120410
481.816	n/a	NonTarget	1	120454
481.988	n/a	NonTarget	1	120497
482.164	n/a	NonTarget	1	120541
482.34	n/a	Target	2	120585
482.516	n/a	NonTarget	1	120629
482.688	n/a	NonTarget	1	120672
482.864	n/a	NonTarget	1	120716
483.04	n/a	NonTarget	1	120760
483.22	n/a	NonTarget	1	120805
483.392	n/a	NonTarget	1	120848
483.564	n/a	NonTarget	1	120891
483.74	n/a	NonTarget	1	120935
483.916	n/a	NonTarget	1	120979
484.088	n/a	NonTarget	1	121022
484.264	n/a	Target	2	121066
484.44	n/a	NonTarget	1	121110
484.616	n/a	NonTarget	1	121154
484.788	n/a	NonTarget	1	121197
484.964	n/a	NonTarget	1	121241
485.14	n/a	NonTarget	1	121285
485.316	n/a	Target	2	121329
485.488	n/a	NonTarget	1	121372
485.664	n/a	NonTarget	1	121416
485.84	n/a	NonTarget	1	121460
486.016	n/a	NonTarget	1	121504
486.188	n/a	NonTarget	1	121547
486.364	n/a	Target	2	121591
486.54	n/a	NonTarget	1	121635
486.716	n/a	NonTarget	1	121679
486.888	n/a	Target	2	121722
487.064	n/a	NonTarget	1	121766
487.24	n/a	NonTarget	1	121810
487.416	n/a	NonTarget	1	121854
487.592	n/a	NonTarget	1	121898
487.764	n/a	Target	2	121941
487.94	n/a	NonTarget	1	121985
488.116	n/a	NonTarget	1	122029
488.288	n/a	NonTarget	1	122072
488.472	n/a	NonTarget	1	122118
488.64	n/a	NonTarget	1	122160
488.816	n/a	NonTarget	1	122204
488.988	n/a	Target	2	122247
489.164	n/a	NonTarget	1	122291
489.34	n/a	NonTarget	1	122335
489.516	n/a	NonTarget	1	122379
489.692	n/a	NonTarget	1	122423
489.864	n/a	Target	2	122466
490.04	n/a	NonTarget	1	122510
490.216	n/a	NonTarget	1	122554
490.388	n/a	NonTarget	1	122597
490.564	n/a	NonTarget	1	122641
490.74	n/a	NonTarget	1	122685
490.916	n/a	NonTarget	1	122729
491.088	n/a	NonTarget	1	122772
491.264	n/a	NonTarget	1	122816
491.44	n/a	NonTarget	1	122860
491.616	n/a	Target	2	122904
491.788	n/a	NonTarget	1	122947
491.964	n/a	NonTarget	1	122991
492.14	n/a	NonTarget	1	123035
492.316	n/a	NonTarget	1	123079
492.488	n/a	NonTarget	1	123122
492.664	n/a	Target	2	123166
492.84	n/a	NonTarget	1	123210
493.02	n/a	NonTarget	1	123255
493.188	n/a	NonTarget	1	123297
493.364	n/a	Target	2	123341
493.54	n/a	NonTarget	1	123385
493.716	n/a	NonTarget	1	123429
493.888	n/a	NonTarget	1	123472
494.064	n/a	NonTarget	1	123516
494.24	n/a	NonTarget	1	123560
494.416	n/a	Target	2	123604
494.588	n/a	NonTarget	1	123647
494.764	n/a	NonTarget	1	123691
494.94	n/a	NonTarget	1	123735
495.116	n/a	NonTarget	1	123779
495.288	n/a	NonTarget	1	123822
495.464	n/a	NonTarget	1	123866
495.64	n/a	NonTarget	1	123910
495.816	n/a	Target	2	123954
516.724	n/a	NonTarget	1	129181
516.9	n/a	NonTarget	1	129225
517.076	n/a	NonTarget	1	129269
517.252	n/a	NonTarget	1	129313
517.424	n/a	Target	2	129356
517.6	n/a	NonTarget	1	129400
517.784	n/a	NonTarget	1	129446
517.952	n/a	NonTarget	1	129488
518.128	n/a	NonTarget	1	129532
518.3	n/a	Target	2	129575
518.476	n/a	NonTarget	1	129619
518.652	n/a	NonTarget	1	129663
518.824	n/a	NonTarget	1	129706
519.0	n/a	NonTarget	1	129750
519.176	n/a	NonTarget	1	129794
519.352	n/a	NonTarget	1	129838
519.524	n/a	NonTarget	1	129881
519.7	n/a	Target	2	129925
519.876	n/a	NonTarget	1	129969
520.052	n/a	NonTarget	1	130013
520.224	n/a	NonTarget	1	130056
520.4	n/a	Target	2	130100
520.58	n/a	NonTarget	1	130145
520.752	n/a	NonTarget	1	130188
520.924	n/a	NonTarget	1	130231
521.1	n/a	NonTarget	1	130275
521.276	n/a	NonTarget	1	130319
521.452	n/a	NonTarget	1	130363
521.624	n/a	Target	2	130406
521.8	n/a	NonTarget	1	130450
521.976	n/a	NonTarget	1	130494
522.152	n/a	NonTarget	1	130538
522.324	n/a	NonTarget	1	130581
522.5	n/a	Target	2	130625
522.676	n/a	NonTarget	1	130669
522.852	n/a	NonTarget	1	130713
523.024	n/a	NonTarget	1	130756
523.2	n/a	Target	2	130800
523.376	n/a	NonTarget	1	130844
523.552	n/a	NonTarget	1	130888
523.724	n/a	NonTarget	1	130931
523.9	n/a	NonTarget	1	130975
524.076	n/a	NonTarget	1	131019
524.252	n/a	Target	2	131063
524.424	n/a	NonTarget	1	131106
524.6	n/a	NonTarget	1	131150
524.776	n/a	NonTarget	1	131194
524.952	n/a	NonTarget	1	131238
525.124	n/a	NonTarget	1	131281
525.3	n/a	NonTarget	1	131325
525.476	n/a	Target	2	131369
525.652	n/a	NonTarget	1	131413
525.824	n/a	NonTarget	1	131456
526.0	n/a	NonTarget	1	131500
526.176	n/a	NonTarget	1	131544
526.352	n/a	Target	2	131588
526.524	n/a	NonTarget	1	131631
526.7	n/a	NonTarget	1	131675
526.876	n/a	NonTarget	1	131719
527.052	n/a	NonTarget	1	131763
527.224	n/a	Target	2	131806
527.4	n/a	NonTarget	1	131850
527.576	n/a	NonTarget	1	131894
527.756	n/a	NonTarget	1	131939
527.924	n/a	NonTarget	1	131981
528.1	n/a	NonTarget	1	132025
528.276	n/a	NonTarget	1	132069
528.452	n/a	NonTarget	1	132113
528.624	n/a	NonTarget	1	132156
528.8	n/a	NonTarget	1	132200
528.976	n/a	Target	2	132244
529.152	n/a	NonTarget	1	132288
529.324	n/a	NonTarget	1	132331
529.5	n/a	NonTarget	1	132375
529.676	n/a	NonTarget	1	132419
529.852	n/a	NonTarget	1	132463
530.024	n/a	NonTarget	1	132506
530.2	n/a	Target	2	132550
530.376	n/a	NonTarget	1	132594
530.552	n/a	NonTarget	1	132638
530.724	n/a	NonTarget	1	132681
530.9	n/a	NonTarget	1	132725
531.076	n/a	Target	2	132769
531.252	n/a	NonTarget	1	132813
531.424	n/a	NonTarget	1	132856
531.6	n/a	NonTarget	1	132900
531.776	n/a	NonTarget	1	132944
531.952	n/a	NonTarget	1	132988
532.124	n/a	Target	2	133031
532.3	n/a	NonTarget	1	133075
546.432	n/a	NonTarget	1	136608
546.604	n/a	NonTarget	1	136651
546.78	n/a	Target	2	136695
546.956	n/a	NonTarget	1	136739
547.132	n/a	NonTarget	1	136783
547.304	n/a	NonTarget	1	136826
547.48	n/a	Target	2	136870
547.656	n/a	NonTarget	1	136914
547.832	n/a	NonTarget	1	136958
548.004	n/a	NonTarget	1	137001
548.18	n/a	NonTarget	1	137045
548.356	n/a	NonTarget	1	137089
548.532	n/a	NonTarget	1	137133
548.704	n/a	NonTarget	1	137176
548.88	n/a	Target	2	137220
549.056	n/a	NonTarget	1	137264
549.232	n/a	NonTarget	1	137308
549.404	n/a	NonTarget	1	137351
549.58	n/a	Target	2	137395
549.756	n/a	NonTarget	1	137439
549.932	n/a	NonTarget	1	137483
550.104	n/a	NonTarget	1	137526
550.28	n/a	NonTarget	1	137570
550.456	n/a	NonTarget	1	137614
550.632	n/a	NonTarget	1	137658
550.804	n/a	NonTarget	1	137701
550.98	n/a	NonTarget	1	137745
551.156	n/a	NonTarget	1	137789
551.332	n/a	NonTarget	1	137833
551.504	n/a	Target	2	137876
551.68	n/a	NonTarget	1	137920
551.856	n/a	NonTarget	1	137964
552.032	n/a	Target	2	138008
552.204	n/a	NonTarget	1	138051
552.38	n/a	NonTarget	1	138095
552.556	n/a	NonTarget	1	138139
552.732	n/a	NonTarget	1	138183
552.908	n/a	Target	2	138227
553.08	n/a	NonTarget	1	138270
553.256	n/a	NonTarget	1	138314
553.432	n/a	NonTarget	1	138358
553.604	n/a	NonTarget	1	138401
553.78	n/a	NonTarget	1	138445
553.956	n/a	Target	2	138489
554.132	n/a	NonTarget	1	138533
554.304	n/a	NonTarget	1	138576
554.48	n/a	NonTarget	1	138620
554.656	n/a	NonTarget	1	138664
554.832	n/a	NonTarget	1	138708
555.004	n/a	NonTarget	1	138751
555.18	n/a	NonTarget	1	138795
555.356	n/a	NonTarget	1	138839
555.532	n/a	NonTarget	1	138883
555.704	n/a	Target	2	138926
555.88	n/a	NonTarget	1	138970
556.06	n/a	NonTarget	1	139015
556.232	n/a	Target	2	139058
556.404	n/a	NonTarget	1	139101
556.58	n/a	NonTarget	1	139145
556.756	n/a	NonTarget	1	139189
556.932	n/a	NonTarget	1	139233
557.104	n/a	NonTarget	1	139276
557.28	n/a	NonTarget	1	139320
557.456	n/a	NonTarget	1	139364
557.632	n/a	Target	2	139408
557.804	n/a	NonTarget	1	139451
557.98	n/a	NonTarget	1	139495
558.156	n/a	NonTarget	1	139539
558.332	n/a	NonTarget	1	139583
558.504	n/a	NonTarget	1	139626
558.68	n/a	Target	2	139670
558.856	n/a	NonTarget	1	139714
559.032	n/a	NonTarget	1	139758
559.204	n/a	NonTarget	1	139801
559.38	n/a	Target	2	139845
559.556	n/a	NonTarget	1	139889
559.732	n/a	NonTarget	1	139933
559.908	n/a	NonTarget	1	139977
560.08	n/a	Target	2	140020
560.256	n/a	NonTarget	1	140064
560.432	n/a	NonTarget	1	140108
560.604	n/a	NonTarget	1	140151
560.78	n/a	NonTarget	1	140195
560.956	n/a	NonTarget	1	140239
561.132	n/a	NonTarget	1	140283
561.304	n/a	NonTarget	1	140326
561.48	n/a	Target	2	140370
561.656	n/a	NonTarget	1	140414
561.832	n/a	NonTarget	1	140458
562.012	n/a	NonTarget	1	140503
582.096	n/a	NonTarget	1	145524
582.272	n/a	Target	2	145568
582.448	n/a	NonTarget	1	145612
582.62	n/a	NonTarget	1	145655
582.796	n/a	NonTarget	1	145699
582.972	n/a	NonTarget	1	145743
583.148	n/a	NonTarget	1	145787
583.32	n/a	Target	2	145830
583.496	n/a	NonTarget	1	145874
583.672	n/a	NonTarget	1	145918
583.848	n/a	NonTarget	1	145962
584.02	n/a	NonTarget	1	146005
584.196	n/a	Target	2	146049
584.372	n/a	NonTarget	1	146093
584.548	n/a	NonTarget	1	146137
584.72	n/a	NonTarget	1	146180
584.896	n/a	NonTarget	1	146224
585.072	n/a	NonTarget	1	146268
585.248	n/a	Target	2	146312
585.42	n/a	NonTarget	1	146355
585.596	n/a	NonTarget	1	146399
585.772	n/a	NonTarget	1	146443
585.948	n/a	NonTarget	1	146487
586.12	n/a	NonTarget	1	146530
586.296	n/a	NonTarget	1	146574
586.472	n/a	NonTarget	1	146618
586.648	n/a	NonTarget	1	146662
586.82	n/a	Target	2	146705
586.996	n/a	NonTarget	1	146749
587.172	n/a	NonTarget	1	146793
587.348	n/a	NonTarget	1	146837
587.52	n/a	NonTarget	1	146880
587.696	n/a	NonTarget	1	146924
587.872	n/a	NonTarget	1	146968
588.048	n/a	Target	2	147012
588.22	n/a	NonTarget	1	147055
588.396	n/a	NonTarget	1	147099
588.572	n/a	NonTarget	1	147143
588.748	n/a	NonTarget	1	147187
588.92	n/a	Target	2	147230
589.096	n/a	NonTarget	1	147274
589.272	n/a	NonTarget	1	147318
589.448	n/a	Target	2	147362
589.62	n/a	NonTarget	1	147405
589.796	n/a	NonTarget	1	147449
589.972	n/a	NonTarget	1	147493
590.148	n/a	NonTarget	1	147537
590.32	n/a	NonTarget	1	147580
590.496	n/a	NonTarget	1	147624
590.672	n/a	NonTarget	1	147668
590.848	n/a	Target	2	147712
591.02	n/a	NonTarget	1	147755
591.196	n/a	NonTarget	1	147799
591.372	n/a	NonTarget	1	147843
591.548	n/a	NonTarget	1	147887
591.72	n/a	Target	2	147930
591.896	n/a	NonTarget	1	147974
592.072	n/a	NonTarget	1	148018
592.248	n/a	NonTarget	1	148062
592.42	n/a	NonTarget	1	148105
592.596	n/a	NonTarget	1	148149
592.772	n/a	NonTarget	1	148193
592.948	n/a	NonTarget	1	148237
593.12	n/a	Target	2	148280
593.296	n/a	NonTarget	1	148324
593.472	n/a	NonTarget	1	148368
593.648	n/a	NonTarget	1	148412
593.828	n/a	NonTarget	1	148457
593.996	n/a	Target	2	148499
594.172	n/a	NonTarget	1	148543
594.348	n/a	NonTarget	1	148587
594.52	n/a	NonTarget	1	148630
594.696	n/a	NonTarget	1	148674
594.872	n/a	Target	2	148718
595.048	n/a	NonTarget	1	148762
595.22	n/a	NonTarget	1	148805
595.396	n/a	NonTarget	1	148849
595.572	n/a	NonTarget	1	148893
595.748	n/a	Target	2	148937
595.92	n/a	NonTarget	1	148980
596.096	n/a	NonTarget	1	149024
596.272	n/a	NonTarget	1	149068
596.448	n/a	NonTarget	1	149112
596.624	n/a	NonTarget	1	149156
596.796	n/a	NonTarget	1	149199
596.972	n/a	NonTarget	1	149243
597.148	n/a	NonTarget	1	149287
597.32	n/a	NonTarget	1	149330
597.496	n/a	NonTarget	1	149374
597.672	n/a	Target	2	149418
612.924	n/a	NonTarget	1	153231
613.1	n/a	NonTarget	1	153275
613.276	n/a	NonTarget	1	153319
613.448	n/a	NonTarget	1	153362
613.624	n/a	NonTarget	1	153406
613.8	n/a	Target	2	153450
613.976	n/a	NonTarget	1	153494
614.148	n/a	NonTarget	1	153537
614.324	n/a	NonTarget	1	153581
614.5	n/a	NonTarget	1	153625
614.672	n/a	NonTarget	1	153668
614.848	n/a	Target	2	153712
615.024	n/a	NonTarget	1	153756
615.2	n/a	NonTarget	1	153800
615.376	n/a	NonTarget	1	153844
615.548	n/a	NonTarget	1	153887
615.724	n/a	NonTarget	1	153931
615.9	n/a	Target	2	153975
616.072	n/a	NonTarget	1	154018
616.248	n/a	NonTarget	1	154062
616.424	n/a	NonTarget	1	154106
616.6	n/a	NonTarget	1	154150
616.776	n/a	Target	2	154194
616.948	n/a	NonTarget	1	154237
617.124	n/a	NonTarget	1	154281
617.3	n/a	NonTarget	1	154325
617.476	n/a	NonTarget	1	154369
617.648	n/a	NonTarget	1	154412
617.824	n/a	Target	2	154456
618.0	n/a	NonTarget	1	154500
618.176	n/a	NonTarget	1	154544
618.356	n/a	NonTarget	1	154589
618.524	n/a	NonTarget	1	154631
618.7	n/a	NonTarget	1	154675
618.876	n/a	Target	2	154719
619.048	n/a	NonTarget	1	154762
619.224	n/a	NonTarget	1	154806
619.4	n/a	Target	2	154850
619.572	n/a	NonTarget	1	154893
619.748	n/a	NonTarget	1	154937
619.924	n/a	NonTarget	1	154981
620.1	n/a	NonTarget	1	155025
620.272	n/a	NonTarget	1	155068
620.448	n/a	NonTarget	1	155112
620.624	n/a	NonTarget	1	155156
620.8	n/a	Target	2	155200
620.976	n/a	NonTarget	1	155244
621.152	n/a	NonTarget	1	155288
621.324	n/a	NonTarget	1	155331
621.5	n/a	Target	2	155375
621.672	n/a	NonTarget	1	155418
621.848	n/a	NonTarget	1	155462
622.024	n/a	NonTarget	1	155506
622.2	n/a	NonTarget	1	155550
622.372	n/a	NonTarget	1	155593
622.548	n/a	NonTarget	1	155637
622.724	n/a	Target	2	155681
622.9	n/a	NonTarget	1	155725
623.072	n/a	NonTarget	1	155768
623.248	n/a	NonTarget	1	155812
623.424	n/a	NonTarget	1	155856
623.6	n/a	Target	2	155900
623.772	n/a	NonTarget	1	155943
623.948	n/a	NonTarget	1	155987
624.124	n/a	NonTarget	1	156031
624.3	n/a	NonTarget	1	156075
624.476	n/a	NonTarget	1	156119
624.648	n/a	Target	2	156162
624.824	n/a	NonTarget	1	156206
625.0	n/a	NonTarget	1	156250
625.172	n/a	NonTarget	1	156293
625.348	n/a	NonTarget	1	156337
625.524	n/a	NonTarget	1	156381
625.7	n/a	NonTarget	1	156425
625.876	n/a	NonTarget	1	156469
626.048	n/a	Target	2	156512
626.232	n/a	NonTarget	1	156558
626.4	n/a	NonTarget	1	156600
626.572	n/a	NonTarget	1	156643
626.748	n/a	NonTarget	1	156687
626.924	n/a	Target	2	156731
627.1	n/a	NonTarget	1	156775
627.272	n/a	NonTarget	1	156818
627.448	n/a	NonTarget	1	156862
627.624	n/a	NonTarget	1	156906
627.8	n/a	Target	2	156950
627.976	n/a	NonTarget	1	156994
628.148	n/a	NonTarget	1	157037
628.324	n/a	NonTarget	1	157081
628.5	n/a	NonTarget	1	157125
648.568	n/a	NonTarget	1	162142
648.744	n/a	NonTarget	1	162186
648.92	n/a	Target	2	162230
649.096	n/a	NonTarget	1	162274
649.268	n/a	NonTarget	1	162317
649.444	n/a	NonTarget	1	162361
649.62	n/a	NonTarget	1	162405
649.796	n/a	Target	2	162449
649.968	n/a	NonTarget	1	162492
650.144	n/a	NonTarget	1	162536
650.32	n/a	NonTarget	1	162580
650.496	n/a	NonTarget	1	162624
650.668	n/a	NonTarget	1	162667
650.844	n/a	Target	2	162711
651.02	n/a	NonTarget	1	162755
651.196	n/a	NonTarget	1	162799
651.368	n/a	NonTarget	1	162842
651.544	n/a	NonTarget	1	162886
651.72	n/a	NonTarget	1	162930
651.896	n/a	NonTarget	1	162974
652.068	n/a	NonTarget	1	163017
652.244	n/a	NonTarget	1	163061
652.42	n/a	NonTarget	1	163105
652.596	n/a	Target	2	163149
652.768	n/a	NonTarget	1	163192
652.944	n/a	NonTarget	1	163236
653.12	n/a	Target	2	163280
653.296	n/a	NonTarget	1	163324
653.468	n/a	NonTarget	1	163367
653.644	n/a	NonTarget	1	163411
653.82	n/a	NonTarget	1	163455
653.996	n/a	NonTarget	1	163499
654.172	n/a	NonTarget	1	163543
654.344	n/a	NonTarget	1	163586
654.52	n/a	Target	2	163630
654.696	n/a	NonTarget	1	163674
654.868	n/a	NonTarget	1	163717
655.044	n/a	NonTarget	1	163761
655.22	n/a	NonTarget	1	163805
655.396	n/a	NonTarget	1	163849
655.572	n/a	Target	2	163893
655.744	n/a	NonTarget	1	163936
655.92	n/a	NonTarget	1	163980
656.096	n/a	NonTarget	1	164024
656.268	n/a	Target	2	164067
656.444	n/a	NonTarget	1	164111
656.62	n/a	NonTarget	1	164155
656.796	n/a	NonTarget	1	164199
656.968	n/a	Target	2	164242
657.144	n/a	NonTarget	1	164286
657.32	n/a	NonTarget	1	164330
657.496	n/a	NonTarget	1	164374
657.672	n/a	NonTarget	1	164418
657.844	n/a	NonTarget	1	164461
658.02	n/a	NonTarget	1	164505
658.196	n/a	NonTarget	1	164549
658.368	n/a	Target	2	164592
658.544	n/a	NonTarget	1	164636
658.72	n/a	NonTarget	1	164680
658.896	n/a	NonTarget	1	164724
659.068	n/a	NonTarget	1	164767
659.244	n/a	NonTarget	1	164811
659.42	n/a	Target	2	164855
659.596	n/a	NonTarget	1	164899
659.768	n/a	NonTarget	1	164942
659.944	n/a	NonTarget	1	164986
660.12	n/a	NonTarget	1	165030
660.296	n/a	NonTarget	1	165074
660.472	n/a	NonTarget	1	165118
660.644	n/a	NonTarget	1	165161
660.82	n/a	NonTarget	1	165205
660.996	n/a	Target	2	165249
661.168	n/a	NonTarget	1	165292
661.344	n/a	NonTarget	1	165336
661.52	n/a	NonTarget	1	165380
661.696	n/a	NonTarget	1	165424
661.868	n/a	NonTarget	1	165467
662.044	n/a	Target	2	165511
662.22	n/a	NonTarget	1	165555
662.396	n/a	NonTarget	1	165599
662.568	n/a	NonTarget	1	165642
662.744	n/a	NonTarget	1	165686
662.92	n/a	NonTarget	1	165730
663.096	n/a	Target	2	165774
663.268	n/a	NonTarget	1	165817
663.444	n/a	NonTarget	1	165861
663.62	n/a	NonTarget	1	165905
663.796	n/a	NonTarget	1	165949
663.972	n/a	Target	2	165993
664.144	n/a	NonTarget	1	166036
678.328	n/a	NonTarget	1	169582
678.504	n/a	Target	2	169626
678.68	n/a	NonTarget	1	169670
678.856	n/a	NonTarget	1	169714
679.028	n/a	NonTarget	1	169757
679.216	n/a	NonTarget	1	169804
679.38	n/a	NonTarget	1	169845
679.556	n/a	NonTarget	1	169889
679.728	n/a	Target	2	169932
679.904	n/a	NonTarget	1	169976
680.08	n/a	NonTarget	1	170020
680.256	n/a	NonTarget	1	170064
680.428	n/a	NonTarget	1	170107
680.604	n/a	Target	2	170151
680.78	n/a	NonTarget	1	170195
680.956	n/a	NonTarget	1	170239
681.128	n/a	NonTarget	1	170282
681.304	n/a	NonTarget	1	170326
681.48	n/a	Target	2	170370
681.656	n/a	NonTarget	1	170414
681.828	n/a	NonTarget	1	170457
682.004	n/a	NonTarget	1	170501
682.18	n/a	NonTarget	1	170545
682.356	n/a	NonTarget	1	170589
682.528	n/a	Target	2	170632
682.708	n/a	NonTarget	1	170677
682.88	n/a	NonTarget	1	170720
683.056	n/a	NonTarget	1	170764
683.228	n/a	NonTarget	1	170807
683.404	n/a	NonTarget	1	170851
683.58	n/a	NonTarget	1	170895
683.756	n/a	NonTarget	1	170939
683.928	n/a	Target	2	170982
684.104	n/a	NonTarget	1	171026
684.28	n/a	NonTarget	1	171070
684.456	n/a	NonTarget	1	171114
684.628	n/a	Target	2	171157
684.804	n/a	NonTarget	1	171201
684.98	n/a	NonTarget	1	171245
685.156	n/a	NonTarget	1	171289
685.328	n/a	NonTarget	1	171332
685.504	n/a	NonTarget	1	171376
685.68	n/a	Target	2	171420
685.856	n/a	NonTarget	1	171464
686.028	n/a	NonTarget	1	171507
686.204	n/a	NonTarget	1	171551
686.38	n/a	NonTarget	1	171595
686.556	n/a	NonTarget	1	171639
686.728	n/a	NonTarget	1	171682
686.904	n/a	Target	2	171726
687.08	n/a	NonTarget	1	171770
687.256	n/a	NonTarget	1	171814
687.428	n/a	NonTarget	1	171857
687.604	n/a	NonTarget	1	171901
687.78	n/a	Target	2	171945
687.956	n/a	NonTarget	1	171989
688.128	n/a	NonTarget	1	172032
688.304	n/a	NonTarget	1	172076
688.48	n/a	NonTarget	1	172120
688.656	n/a	NonTarget	1	172164
688.828	n/a	Target	2	172207
689.004	n/a	NonTarget	1	172251
689.18	n/a	NonTarget	1	172295
689.352	n/a	NonTarget	1	172338
689.528	n/a	NonTarget	1	172382
689.704	n/a	NonTarget	1	172426
689.88	n/a	NonTarget	1	172470
690.06	n/a	NonTarget	1	172515
690.228	n/a	NonTarget	1	172557
690.404	n/a	Target	2	172601
690.58	n/a	NonTarget	1	172645
690.756	n/a	NonTarget	1	172689
690.928	n/a	NonTarget	1	172732
691.104	n/a	NonTarget	1	172776
691.28	n/a	NonTarget	1	172820
691.456	n/a	Target	2	172864
691.628	n/a	NonTarget	1	172907
691.804	n/a	NonTarget	1	172951
691.98	n/a	Target	2	172995
692.156	n/a	NonTarget	1	173039
692.328	n/a	NonTarget	1	173082
692.504	n/a	NonTarget	1	173126
692.68	n/a	NonTarget	1	173170
692.856	n/a	NonTarget	1	173214
693.028	n/a	NonTarget	1	173257
693.204	n/a	NonTarget	1	173301
693.388	n/a	NonTarget	1	173347
693.556	n/a	Target	2	173389
693.728	n/a	NonTarget	1	173432
693.904	n/a	NonTarget	1	173476
713.996	n/a	NonTarget	1	178499
714.168	n/a	NonTarget	1	178542
714.344	n/a	NonTarget	1	178586
714.52	n/a	Target	2	178630
714.696	n/a	NonTarget	1	178674
714.872	n/a	NonTarget	1	178718
715.044	n/a	NonTarget	1	178761
715.22	n/a	NonTarget	1	178805
715.4	n/a	Target	2	178850
715.568	n/a	NonTarget	1	178892
715.744	n/a	NonTarget	1	178936
715.92	n/a	NonTarget	1	178980
716.096	n/a	NonTarget	1	179024
716.268	n/a	NonTarget	1	179067
716.444	n/a	Target	2	179111
716.62	n/a	NonTarget	1	179155
716.796	n/a	NonTarget	1	179199
716.968	n/a	NonTarget	1	179242
717.144	n/a	Target	2	179286
717.32	n/a	NonTarget	1	179330
717.496	n/a	NonTarget	1	179374
717.668	n/a	NonTarget	1	179417
717.844	n/a	NonTarget	1	179461
718.02	n/a	NonTarget	1	179505
718.196	n/a	NonTarget	1	179549
718.368	n/a	Target	2	179592
718.544	n/a	NonTarget	1	179636
718.72	n/a	NonTarget	1	179680
718.896	n/a	NonTarget	1	179724
719.068	n/a	NonTarget	1	179767
719.244	n/a	Target	2	179811
719.42	n/a	NonTarget	1	179855
719.592	n/a	NonTarget	1	179898
719.768	n/a	NonTarget	1	179942
719.944	n/a	NonTarget	1	179986
720.12	n/a	NonTarget	1	180030
720.292	n/a	NonTarget	1	180073
720.468	n/a	NonTarget	1	180117
720.644	n/a	NonTarget	1	180161
720.82	n/a	NonTarget	1	180205
720.992	n/a	NonTarget	1	180248
721.168	n/a	Target	2	180292
721.344	n/a	NonTarget	1	180336
721.52	n/a	NonTarget	1	180380
721.7	n/a	NonTarget	1	180425
721.868	n/a	NonTarget	1	180467
722.044	n/a	Target	2	180511
722.22	n/a	NonTarget	1	180555
722.396	n/a	NonTarget	1	180599
722.568	n/a	NonTarget	1	180642
722.744	n/a	NonTarget	1	180686
722.92	n/a	Target	2	180730
723.096	n/a	NonTarget	1	180774
723.272	n/a	NonTarget	1	180818
723.444	n/a	Target	2	180861
723.62	n/a	NonTarget	1	180905
723.796	n/a	NonTarget	1	180949
723.968	n/a	NonTarget	1	180992
724.144	n/a	NonTarget	1	181036
724.32	n/a	NonTarget	1	181080
724.496	n/a	NonTarget	1	181124
724.672	n/a	NonTarget	1	181168
724.844	n/a	NonTarget	1	181211
725.028	n/a	NonTarget	1	181257
725.196	n/a	Target	2	181299
725.368	n/a	NonTarget	1	181342
725.548	n/a	NonTarget	1	181387
725.72	n/a	NonTarget	1	181430
725.896	n/a	NonTarget	1	181474
726.068	n/a	NonTarget	1	181517
726.244	n/a	Target	2	181561
726.42	n/a	NonTarget	1	181605
726.596	n/a	NonTarget	1	181649
726.768	n/a	NonTarget	1	181692
726.944	n/a	Target	2	181736
727.12	n/a	NonTarget	1	181780
727.296	n/a	NonTarget	1	181824
727.476	n/a	NonTarget	1	181869
727.644	n/a	Target	2	181911
727.82	n/a	NonTarget	1	181955
727.996	n/a	NonTarget	1	181999
728.168	n/a	NonTarget	1	182042
728.344	n/a	NonTarget	1	182086
728.52	n/a	NonTarget	1	182130
728.696	n/a	NonTarget	1	182174
728.872	n/a	NonTarget	1	182218
729.044	n/a	NonTarget	1	182261
729.22	n/a	NonTarget	1	182305
729.396	n/a	NonTarget	1	182349
729.568	n/a	Target	2	182392
747.216	n/a	NonTarget	1	186804
747.392	n/a	Target	2	186848
747.568	n/a	NonTarget	1	186892
747.744	n/a	NonTarget	1	186936
747.916	n/a	NonTarget	1	186979
748.092	n/a	NonTarget	1	187023
748.268	n/a	NonTarget	1	187067
748.444	n/a	NonTarget	1	187111
748.616	n/a	Target	2	187154
748.792	n/a	NonTarget	1	187198
748.968	n/a	NonTarget	1	187242
749.148	n/a	NonTarget	1	187287
749.316	n/a	Target	2	187329
749.492	n/a	NonTarget	1	187373
749.668	n/a	NonTarget	1	187417
749.84	n/a	NonTarget	1	187460
750.016	n/a	NonTarget	1	187504
750.192	n/a	NonTarget	1	187548
750.368	n/a	NonTarget	1	187592
750.544	n/a	NonTarget	1	187636
750.716	n/a	NonTarget	1	187679
750.892	n/a	NonTarget	1	187723
751.068	n/a	NonTarget	1	187767
751.244	n/a	Target	2	187811
751.42	n/a	NonTarget	1	187855
751.592	n/a	NonTarget	1	187898
751.772	n/a	NonTarget	1	187943
751.944	n/a	NonTarget	1	187986
752.12	n/a	NonTarget	1	188030
752.292	n/a	Target	2	188073
752.468	n/a	NonTarget	1	188117
752.644	n/a	NonTarget	1	188161
752.816	n/a	NonTarget	1	188204
752.996	n/a	NonTarget	1	188249
753.168	n/a	NonTarget	1	188292
753.344	n/a	Target	2	188336
753.516	n/a	NonTarget	1	188379
753.692	n/a	NonTarget	1	188423
753.868	n/a	Target	2	188467
754.044	n/a	NonTarget	1	188511
754.22	n/a	NonTarget	1	188555
754.392	n/a	NonTarget	1	188598
754.568	n/a	NonTarget	1	188642
754.744	n/a	Target	2	188686
754.916	n/a	NonTarget	1	188729
755.092	n/a	NonTarget	1	188773
755.268	n/a	NonTarget	1	188817
755.444	n/a	NonTarget	1	188861
755.628	n/a	NonTarget	1	188907
755.792	n/a	NonTarget	1	188948
755.968	n/a	Target	2	188992
756.144	n/a	NonTarget	1	189036
756.316	n/a	NonTarget	1	189079
756.492	n/a	NonTarget	1	189123
756.668	n/a	NonTarget	1	189167
756.844	n/a	Target	2	189211
757.024	n/a	NonTarget	1	189256
757.192	n/a	NonTarget	1	189298
757.368	n/a	NonTarget	1	189342
757.544	n/a	NonTarget	1	189386
757.716	n/a	NonTarget	1	189429
757.892	n/a	NonTarget	1	189473
758.068	n/a	NonTarget	1	189517
758.244	n/a	NonTarget	1	189561
758.416	n/a	NonTarget	1	189604
758.592	n/a	Target	2	189648
758.768	n/a	NonTarget	1	189692
758.944	n/a	NonTarget	1	189736
759.12	n/a	NonTarget	1	189780
759.3	n/a	NonTarget	1	189825
759.468	n/a	NonTarget	1	189867
759.652	n/a	Target	2	189913
759.816	n/a	NonTarget	1	189954
759.992	n/a	NonTarget	1	189998
760.168	n/a	NonTarget	1	190042
760.344	n/a	Target	2	190086
760.516	n/a	NonTarget	1	190129
760.692	n/a	NonTarget	1	190173
760.868	n/a	NonTarget	1	190217
761.044	n/a	NonTarget	1	190261
761.216	n/a	NonTarget	1	190304
761.396	n/a	Target	2	190349
761.568	n/a	NonTarget	1	190392
761.744	n/a	NonTarget	1	190436
761.916	n/a	NonTarget	1	190479
762.096	n/a	NonTarget	1	190524
762.268	n/a	NonTarget	1	190567
762.444	n/a	NonTarget	1	190611
762.62	n/a	NonTarget	1	190655
762.792	n/a	Target	2	190698
783.952	n/a	NonTarget	1	195988
784.128	n/a	NonTarget	1	196032
784.304	n/a	Target	2	196076
784.476	n/a	NonTarget	1	196119
784.66	n/a	NonTarget	1	196165
784.828	n/a	NonTarget	1	196207
785.004	n/a	Target	2	196251
785.176	n/a	NonTarget	1	196294
785.352	n/a	NonTarget	1	196338
785.528	n/a	NonTarget	1	196382
785.704	n/a	NonTarget	1	196426
785.876	n/a	NonTarget	1	196469
786.052	n/a	Target	2	196513
786.232	n/a	NonTarget	1	196558
786.404	n/a	NonTarget	1	196601
786.584	n/a	NonTarget	1	196646
786.752	n/a	NonTarget	1	196688
786.928	n/a	NonTarget	1	196732
787.104	n/a	NonTarget	1	196776
787.276	n/a	Target	2	196819
787.452	n/a	NonTarget	1	196863
787.628	n/a	NonTarget	1	196907
787.804	n/a	NonTarget	1	196951
787.984	n/a	NonTarget	1	196996
788.152	n/a	Target	2	197038
788.328	n/a	NonTarget	1	197082
788.504	n/a	NonTarget	1	197126
788.676	n/a	NonTarget	1	197169
788.852	n/a	NonTarget	1	197213
789.04	n/a	NonTarget	1	197260
789.204	n/a	Target	2	197301
789.376	n/a	NonTarget	1	197344
789.552	n/a	NonTarget	1	197388
789.728	n/a	NonTarget	1	197432
789.904	n/a	NonTarget	1	197476
790.076	n/a	NonTarget	1	197519
790.252	n/a	NonTarget	1	197563
790.436	n/a	NonTarget	1	197609
790.604	n/a	NonTarget	1	197651
790.78	n/a	Target	2	197695
790.952	n/a	NonTarget	1	197738
791.128	n/a	NonTarget	1	197782
791.304	n/a	NonTarget	1	197826
791.476	n/a	NonTarget	1	197869
791.656	n/a	NonTarget	1	197914
791.828	n/a	Target	2	197957
792.0	n/a	NonTarget	1	198000
792.176	n/a	NonTarget	1	198044
792.356	n/a	Target	2	198089
792.528	n/a	NonTarget	1	198132
792.712	n/a	NonTarget	1	198178
792.876	n/a	NonTarget	1	198219
793.052	n/a	NonTarget	1	198263
793.228	n/a	NonTarget	1	198307
793.404	n/a	NonTarget	1	198351
793.584	n/a	NonTarget	1	198396
793.752	n/a	NonTarget	1	198438
793.928	n/a	Target	2	198482
794.104	n/a	NonTarget	1	198526
794.276	n/a	NonTarget	1	198569
794.452	n/a	NonTarget	1	198613
794.628	n/a	NonTarget	1	198657
794.8	n/a	Target	2	198700
794.976	n/a	NonTarget	1	198744
795.152	n/a	NonTarget	1	198788
795.336	n/a	NonTarget	1	198834
795.504	n/a	Target	2	198876
795.676	n/a	NonTarget	1	198919
795.852	n/a	NonTarget	1	198963
796.028	n/a	NonTarget	1	199007
796.2	n/a	NonTarget	1	199050
796.38	n/a	NonTarget	1	199095
796.56	n/a	Target	2	199140
796.728	n/a	NonTarget	1	199182
796.904	n/a	NonTarget	1	199226
797.076	n/a	NonTarget	1	199269
797.252	n/a	NonTarget	1	199313
797.428	n/a	NonTarget	1	199357
797.604	n/a	NonTarget	1	199401
797.784	n/a	NonTarget	1	199446
797.952	n/a	Target	2	199488
798.128	n/a	NonTarget	1	199532
798.304	n/a	NonTarget	1	199576
798.476	n/a	NonTarget	1	199619
798.652	n/a	Target	2	199663
798.828	n/a	NonTarget	1	199707
799.004	n/a	NonTarget	1	199751
799.184	n/a	NonTarget	1	199796
799.352	n/a	NonTarget	1	199838
799.544	n/a	NonTarget	1	199886
813.732	n/a	NonTarget	1	203433
813.908	n/a	NonTarget	1	203477
814.08	n/a	Target	2	203520
814.256	n/a	NonTarget	1	203564
814.432	n/a	NonTarget	1	203608
814.608	n/a	NonTarget	1	203652
814.78	n/a	Target	2	203695
814.956	n/a	NonTarget	1	203739
815.136	n/a	NonTarget	1	203784
815.308	n/a	NonTarget	1	203827
815.48	n/a	NonTarget	1	203870
815.656	n/a	NonTarget	1	203914
815.836	n/a	NonTarget	1	203959
816.008	n/a	NonTarget	1	204002
816.18	n/a	Target	2	204045
816.356	n/a	NonTarget	1	204089
816.532	n/a	NonTarget	1	204133
816.708	n/a	NonTarget	1	204177
816.88	n/a	Target	2	204220
817.056	n/a	NonTarget	1	204264
817.232	n/a	NonTarget	1	204308
817.408	n/a	NonTarget	1	204352
817.588	n/a	NonTarget	1	204397
817.756	n/a	NonTarget	1	204439
817.932	n/a	NonTarget	1	204483
818.108	n/a	NonTarget	1	204527
818.28	n/a	NonTarget	1	204570
818.464	n/a	NonTarget	1	204616
818.632	n/a	NonTarget	1	204658
818.816	n/a	Target	2	204704
818.988	n/a	NonTarget	1	204747
819.156	n/a	NonTarget	1	204789
819.332	n/a	Target	2	204833
819.512	n/a	NonTarget	1	204878
819.68	n/a	NonTarget	1	204920
819.86	n/a	NonTarget	1	204965
820.032	n/a	NonTarget	1	205008
820.208	n/a	Target	2	205052
820.384	n/a	NonTarget	1	205096
820.556	n/a	NonTarget	1	205139
820.732	n/a	NonTarget	1	205183
820.908	n/a	NonTarget	1	205227
821.08	n/a	NonTarget	1	205270
821.256	n/a	Target	2	205314
821.432	n/a	NonTarget	1	205358
821.612	n/a	NonTarget	1	205403
821.78	n/a	NonTarget	1	205445
821.956	n/a	NonTarget	1	205489
822.136	n/a	NonTarget	1	205534
822.308	n/a	NonTarget	1	205577
822.484	n/a	NonTarget	1	205621
822.66	n/a	NonTarget	1	205665
822.84	n/a	NonTarget	1	205710
823.008	n/a	Target	2	205752
823.18	n/a	NonTarget	1	205795
823.356	n/a	NonTarget	1	205839
823.532	n/a	Target	2	205883
823.708	n/a	NonTarget	1	205927
823.88	n/a	NonTarget	1	205970
824.056	n/a	NonTarget	1	206014
824.232	n/a	NonTarget	1	206058
824.408	n/a	NonTarget	1	206102
824.584	n/a	NonTarget	1	206146
824.756	n/a	NonTarget	1	206189
824.932	n/a	Target	2	206233
825.108	n/a	NonTarget	1	206277
825.28	n/a	NonTarget	1	206320
825.468	n/a	NonTarget	1	206367
825.636	n/a	NonTarget	1	206409
825.808	n/a	NonTarget	1	206452
825.988	n/a	Target	2	206497
826.156	n/a	NonTarget	1	206539
826.34	n/a	NonTarget	1	206585
826.508	n/a	NonTarget	1	206627
826.68	n/a	Target	2	206670
826.856	n/a	NonTarget	1	206714
827.032	n/a	NonTarget	1	206758
827.208	n/a	NonTarget	1	206802
827.38	n/a	Target	2	206845
827.556	n/a	NonTarget	1	206889
827.732	n/a	NonTarget	1	206933
827.908	n/a	NonTarget	1	206977
828.08	n/a	NonTarget	1	207020
828.256	n/a	NonTarget	1	207064
828.432	n/a	NonTarget	1	207108
828.608	n/a	NonTarget	1	207152
828.784	n/a	Target	2	207196
828.956	n/a	NonTarget	1	207239
829.132	n/a	NonTarget	1	207283
829.308	n/a	NonTarget	1	207327
849.388	n/a	NonTarget	1	212347
849.56	n/a	NonTarget	1	212390
849.736	n/a	NonTarget	1	212434
849.912	n/a	Target	2	212478
850.088	n/a	NonTarget	1	212522
850.26	n/a	NonTarget	1	212565
850.436	n/a	NonTarget	1	212609
850.612	n/a	NonTarget	1	212653
850.784	n/a	NonTarget	1	212696
850.96	n/a	NonTarget	1	212740
851.136	n/a	Target	2	212784
851.312	n/a	NonTarget	1	212828
851.484	n/a	NonTarget	1	212871
851.66	n/a	NonTarget	1	212915
851.836	n/a	NonTarget	1	212959
852.008	n/a	Target	2	213002
852.184	n/a	NonTarget	1	213046
852.36	n/a	NonTarget	1	213090
852.536	n/a	NonTarget	1	213134
852.708	n/a	NonTarget	1	213177
852.884	n/a	NonTarget	1	213221
853.06	n/a	NonTarget	1	213265
853.236	n/a	Target	2	213309
853.408	n/a	NonTarget	1	213352
853.584	n/a	NonTarget	1	213396
853.76	n/a	NonTarget	1	213440
853.936	n/a	NonTarget	1	213484
854.108	n/a	NonTarget	1	213527
854.284	n/a	NonTarget	1	213571
854.46	n/a	Target	2	213615
854.636	n/a	NonTarget	1	213659
854.808	n/a	NonTarget	1	213702
854.984	n/a	Target	2	213746
855.16	n/a	NonTarget	1	213790
855.336	n/a	NonTarget	1	213834
855.508	n/a	NonTarget	1	213877
855.684	n/a	NonTarget	1	213921
855.86	n/a	Target	2	213965
856.036	n/a	NonTarget	1	214009
856.208	n/a	NonTarget	1	214052
856.384	n/a	NonTarget	1	214096
856.56	n/a	NonTarget	1	214140
856.736	n/a	NonTarget	1	214184
856.908	n/a	NonTarget	1	214227
857.084	n/a	NonTarget	1	214271
857.26	n/a	NonTarget	1	214315
857.436	n/a	NonTarget	1	214359
857.608	n/a	Target	2	214402
857.784	n/a	NonTarget	1	214446
857.96	n/a	NonTarget	1	214490
858.136	n/a	NonTarget	1	214534
858.308	n/a	NonTarget	1	214577
858.484	n/a	NonTarget	1	214621
858.66	n/a	Target	2	214665
858.836	n/a	NonTarget	1	214709
859.008	n/a	NonTarget	1	214752
859.184	n/a	NonTarget	1	214796
859.36	n/a	Target	2	214840
859.536	n/a	NonTarget	1	214884
859.708	n/a	NonTarget	1	214927
859.888	n/a	NonTarget	1	214972
860.06	n/a	Target	2	215015
860.236	n/a	NonTarget	1	215059
860.408	n/a	NonTarget	1	215102
860.584	n/a	NonTarget	1	215146
860.76	n/a	NonTarget	1	215190
860.936	n/a	NonTarget	1	215234
861.108	n/a	NonTarget	1	215277
861.284	n/a	NonTarget	1	215321
861.46	n/a	NonTarget	1	215365
861.636	n/a	NonTarget	1	215409
861.812	n/a	Target	2	215453
861.984	n/a	NonTarget	1	215496
862.16	n/a	NonTarget	1	215540
862.336	n/a	NonTarget	1	215584
862.508	n/a	Target	2	215627
862.684	n/a	NonTarget	1	215671
862.86	n/a	NonTarget	1	215715
863.036	n/a	NonTarget	1	215759
863.208	n/a	NonTarget	1	215802
863.384	n/a	NonTarget	1	215846
863.56	n/a	NonTarget	1	215890
863.736	n/a	NonTarget	1	215934
863.908	n/a	Target	2	215977
864.084	n/a	NonTarget	1	216021
864.26	n/a	NonTarget	1	216065
864.436	n/a	Target	2	216109
864.608	n/a	NonTarget	1	216152
864.784	n/a	NonTarget	1	216196
864.96	n/a	NonTarget	1	216240
879.088	n/a	NonTarget	1	219772
879.264	n/a	NonTarget	1	219816
879.44	n/a	Target	2	219860
879.616	n/a	NonTarget	1	219904
879.788	n/a	NonTarget	1	219947
879.964	n/a	NonTarget	1	219991
880.14	n/a	NonTarget	1	220035
880.32	n/a	NonTarget	1	220080
880.492	n/a	Target	2	220123
880.664	n/a	NonTarget	1	220166
880.844	n/a	NonTarget	1	220211
881.016	n/a	NonTarget	1	220254
881.188	n/a	NonTarget	1	220297
881.364	n/a	NonTarget	1	220341
881.54	n/a	Target	2	220385
881.716	n/a	NonTarget	1	220429
881.888	n/a	NonTarget	1	220472
882.064	n/a	NonTarget	1	220516
882.24	n/a	NonTarget	1	220560
882.416	n/a	Target	2	220604
882.6	n/a	NonTarget	1	220650
882.764	n/a	NonTarget	1	220691
882.94	n/a	NonTarget	1	220735
883.116	n/a	NonTarget	1	220779
883.288	n/a	Target	2	220822
883.464	n/a	NonTarget	1	220866
883.64	n/a	NonTarget	1	220910
883.816	n/a	NonTarget	1	220954
883.988	n/a	NonTarget	1	220997
884.164	n/a	NonTarget	1	221041
884.34	n/a	NonTarget	1	221085
884.516	n/a	Target	2	221129
884.7	n/a	NonTarget	1	221175
884.864	n/a	NonTarget	1	221216
885.04	n/a	NonTarget	1	221260
885.216	n/a	NonTarget	1	221304
885.388	n/a	NonTarget	1	221347
885.564	n/a	NonTarget	1	221391
885.74	n/a	NonTarget	1	221435
885.916	n/a	Target	2	221479
886.088	n/a	NonTarget	1	221522
886.264	n/a	NonTarget	1	221566
886.444	n/a	NonTarget	1	221611
886.616	n/a	Target	2	221654
886.8	n/a	NonTarget	1	221700
886.964	n/a	NonTarget	1	221741
887.14	n/a	NonTarget	1	221785
887.32	n/a	NonTarget	1	221830
887.488	n/a	NonTarget	1	221872
887.664	n/a	NonTarget	1	221916
887.84	n/a	NonTarget	1	221960
888.016	n/a	Target	2	222004
888.188	n/a	NonTarget	1	222047
888.368	n/a	NonTarget	1	222092
888.54	n/a	NonTarget	1	222135
888.72	n/a	NonTarget	1	222180
888.888	n/a	NonTarget	1	222222
889.064	n/a	NonTarget	1	222266
889.244	n/a	NonTarget	1	222311
889.416	n/a	Target	2	222354
889.588	n/a	NonTarget	1	222397
889.764	n/a	NonTarget	1	222441
889.94	n/a	NonTarget	1	222485
890.116	n/a	NonTarget	1	222529
890.288	n/a	NonTarget	1	222572
890.468	n/a	Target	2	222617
890.64	n/a	NonTarget	1	222660
890.816	n/a	NonTarget	1	222704
890.992	n/a	NonTarget	1	222748
891.164	n/a	NonTarget	1	222791
891.34	n/a	Target	2	222835
891.516	n/a	NonTarget	1	222879
891.696	n/a	NonTarget	1	222924
891.864	n/a	NonTarget	1	222966
892.04	n/a	NonTarget	1	223010
892.216	n/a	NonTarget	1	223054
892.388	n/a	NonTarget	1	223097
892.564	n/a	Target	2	223141
892.74	n/a	NonTarget	1	223185
892.916	n/a	NonTarget	1	223229
893.088	n/a	NonTarget	1	223272
893.264	n/a	NonTarget	1	223316
893.444	n/a	Target	2	223361
893.616	n/a	NonTarget	1	223404
893.792	n/a	NonTarget	1	223448
893.964	n/a	NonTarget	1	223491
894.14	n/a	NonTarget	1	223535
894.316	n/a	NonTarget	1	223579
894.488	n/a	Target	2	223622
894.676	n/a	NonTarget	1	223669
914.696	n/a	NonTarget	1	228674
914.872	n/a	NonTarget	1	228718
915.048	n/a	NonTarget	1	228762
915.224	n/a	NonTarget	1	228806
915.396	n/a	Target	2	228849
915.572	n/a	NonTarget	1	228893
915.748	n/a	NonTarget	1	228937
915.924	n/a	NonTarget	1	228981
916.096	n/a	NonTarget	1	229024
916.272	n/a	NonTarget	1	229068
916.448	n/a	Target	2	229112
916.624	n/a	NonTarget	1	229156
916.796	n/a	NonTarget	1	229199
916.972	n/a	NonTarget	1	229243
917.148	n/a	Target	2	229287
917.324	n/a	NonTarget	1	229331
917.5	n/a	NonTarget	1	229375
917.672	n/a	NonTarget	1	229418
917.848	n/a	Target	2	229462
918.024	n/a	NonTarget	1	229506
918.196	n/a	NonTarget	1	229549
918.372	n/a	NonTarget	1	229593
918.548	n/a	NonTarget	1	229637
918.724	n/a	NonTarget	1	229681
918.896	n/a	NonTarget	1	229724
919.072	n/a	NonTarget	1	229768
919.248	n/a	NonTarget	1	229812
919.428	n/a	NonTarget	1	229857
919.596	n/a	NonTarget	1	229899
919.772	n/a	Target	2	229943
919.948	n/a	NonTarget	1	229987
920.124	n/a	NonTarget	1	230031
920.296	n/a	NonTarget	1	230074
920.472	n/a	NonTarget	1	230118
920.648	n/a	NonTarget	1	230162
920.824	n/a	Target	2	230206
920.996	n/a	NonTarget	1	230249
921.172	n/a	NonTarget	1	230293
921.348	n/a	NonTarget	1	230337
921.524	n/a	NonTarget	1	230381
921.7	n/a	NonTarget	1	230425
921.876	n/a	Target	2	230469
922.048	n/a	NonTarget	1	230512
922.228	n/a	NonTarget	1	230557
922.396	n/a	NonTarget	1	230599
922.572	n/a	NonTarget	1	230643
922.752	n/a	Target	2	230688
922.924	n/a	NonTarget	1	230731
923.096	n/a	NonTarget	1	230774
923.272	n/a	NonTarget	1	230818
923.448	n/a	Target	2	230862
923.628	n/a	NonTarget	1	230907
923.8	n/a	NonTarget	1	230950
923.972	n/a	NonTarget	1	230993
924.148	n/a	Target	2	231037
924.324	n/a	NonTarget	1	231081
924.508	n/a	NonTarget	1	231127
924.672	n/a	NonTarget	1	231168
924.848	n/a	NonTarget	1	231212
925.024	n/a	NonTarget	1	231256
925.196	n/a	Target	2	231299
925.372	n/a	NonTarget	1	231343
925.548	n/a	NonTarget	1	231387
925.724	n/a	NonTarget	1	231431
925.896	n/a	NonTarget	1	231474
926.072	n/a	NonTarget	1	231518
926.248	n/a	Target	2	231562
926.424	n/a	NonTarget	1	231606
926.596	n/a	NonTarget	1	231649
926.772	n/a	NonTarget	1	231693
926.948	n/a	NonTarget	1	231737
927.124	n/a	NonTarget	1	231781
927.296	n/a	NonTarget	1	231824
927.472	n/a	NonTarget	1	231868
927.648	n/a	Target	2	231912
927.824	n/a	NonTarget	1	231956
927.996	n/a	NonTarget	1	231999
928.172	n/a	NonTarget	1	232043
928.348	n/a	NonTarget	1	232087
928.524	n/a	Target	2	232131
928.696	n/a	NonTarget	1	232174
928.872	n/a	NonTarget	1	232218
929.052	n/a	NonTarget	1	232263
929.224	n/a	NonTarget	1	232306
929.396	n/a	NonTarget	1	232349
929.572	n/a	NonTarget	1	232393
929.748	n/a	Target	2	232437
929.92	n/a	NonTarget	1	232480
930.096	n/a	NonTarget	1	232524
930.272	n/a	NonTarget	1	232568
947.856	n/a	NonTarget	1	236964
948.032	n/a	Target	2	237008
948.208	n/a	NonTarget	1	237052
948.38	n/a	NonTarget	1	237095
948.556	n/a	NonTarget	1	237139
948.732	n/a	NonTarget	1	237183
948.908	n/a	NonTarget	1	237227
949.08	n/a	NonTarget	1	237270
949.256	n/a	Target	2	237314
949.432	n/a	NonTarget	1	237358
949.608	n/a	NonTarget	1	237402
949.788	n/a	NonTarget	1	237447
949.956	n/a	NonTarget	1	237489
950.132	n/a	Target	2	237533
950.308	n/a	NonTarget	1	237577
950.48	n/a	NonTarget	1	237620
950.656	n/a	NonTarget	1	237664
950.836	n/a	NonTarget	1	237709
951.008	n/a	Target	2	237752
951.18	n/a	NonTarget	1	237795
951.356	n/a	NonTarget	1	237839
951.532	n/a	NonTarget	1	237883
951.708	n/a	NonTarget	1	237927
951.88	n/a	NonTarget	1	237970
952.06	n/a	Target	2	238015
952.232	n/a	NonTarget	1	238058
952.408	n/a	NonTarget	1	238102
952.58	n/a	NonTarget	1	238145
952.756	n/a	NonTarget	1	238189
952.932	n/a	NonTarget	1	238233
953.108	n/a	NonTarget	1	238277
953.28	n/a	NonTarget	1	238320
953.46	n/a	Target	2	238365
953.632	n/a	NonTarget	1	238408
953.808	n/a	NonTarget	1	238452
953.98	n/a	NonTarget	1	238495
954.16	n/a	Target	2	238540
954.332	n/a	NonTarget	1	238583
954.512	n/a	NonTarget	1	238628
954.68	n/a	NonTarget	1	238670
954.856	n/a	NonTarget	1	238714
955.032	n/a	NonTarget	1	238758
955.208	n/a	Target	2	238802
955.38	n/a	NonTarget	1	238845
955.556	n/a	NonTarget	1	238889
955.732	n/a	NonTarget	1	238933
955.908	n/a	NonTarget	1	238977
956.08	n/a	NonTarget	1	239020
956.256	n/a	NonTarget	1	239064
956.432	n/a	Target	2	239108
956.608	n/a	NonTarget	1	239152
956.78	n/a	NonTarget	1	239195
956.956	n/a	NonTarget	1	239239
957.132	n/a	NonTarget	1	239283
957.308	n/a	Target	2	239327
957.484	n/a	NonTarget	1	239371
957.656	n/a	NonTarget	1	239414
957.832	n/a	NonTarget	1	239458
958.008	n/a	NonTarget	1	239502
958.18	n/a	NonTarget	1	239545
958.356	n/a	Target	2	239589
958.54	n/a	NonTarget	1	239635
958.708	n/a	NonTarget	1	239677
958.884	n/a	NonTarget	1	239721
959.056	n/a	NonTarget	1	239764
959.232	n/a	NonTarget	1	239808
959.408	n/a	NonTarget	1	239852
959.58	n/a	NonTarget	1	239895
959.756	n/a	NonTarget	1	239939
959.932	n/a	Target	2	239983
960.108	n/a	NonTarget	1	240027
960.284	n/a	NonTarget	1	240071
960.456	n/a	NonTarget	1	240114
960.632	n/a	NonTarget	1	240158
960.808	n/a	NonTarget	1	240202
960.98	n/a	Target	2	240245
961.156	n/a	NonTarget	1	240289
961.336	n/a	NonTarget	1	240334
961.524	n/a	Target	2	240381
961.688	n/a	NonTarget	1	240422
961.856	n/a	NonTarget	1	240464
962.032	n/a	NonTarget	1	240508
962.208	n/a	NonTarget	1	240552
962.38	n/a	NonTarget	1	240595
962.556	n/a	NonTarget	1	240639
962.732	n/a	NonTarget	1	240683
962.908	n/a	NonTarget	1	240727
963.08	n/a	Target	2	240770
963.256	n/a	NonTarget	1	240814
963.432	n/a	NonTarget	1	240858
988.26	n/a	Target	2	247065
988.436	n/a	NonTarget	1	247109
988.612	n/a	NonTarget	1	247153
988.784	n/a	NonTarget	1	247196
988.96	n/a	NonTarget	1	247240
989.136	n/a	NonTarget	1	247284
989.312	n/a	NonTarget	1	247328
989.492	n/a	NonTarget	1	247373
989.66	n/a	NonTarget	1	247415
989.836	n/a	Target	2	247459
990.008	n/a	NonTarget	1	247502
990.184	n/a	NonTarget	1	247546
990.36	n/a	NonTarget	1	247590
990.536	n/a	NonTarget	1	247634
990.708	n/a	NonTarget	1	247677
990.884	n/a	NonTarget	1	247721
991.06	n/a	NonTarget	1	247765
991.236	n/a	Target	2	247809
991.408	n/a	NonTarget	1	247852
991.584	n/a	NonTarget	1	247896
991.76	n/a	NonTarget	1	247940
991.936	n/a	Target	2	247984
992.112	n/a	NonTarget	1	248028
992.284	n/a	NonTarget	1	248071
992.46	n/a	NonTarget	1	248115
992.64	n/a	NonTarget	1	248160
992.808	n/a	NonTarget	1	248202
992.984	n/a	NonTarget	1	248246
993.16	n/a	Target	2	248290
993.336	n/a	NonTarget	1	248334
993.508	n/a	NonTarget	1	248377
993.684	n/a	NonTarget	1	248421
993.86	n/a	NonTarget	1	248465
994.036	n/a	NonTarget	1	248509
994.208	n/a	Target	2	248552
994.384	n/a	NonTarget	1	248596
994.56	n/a	NonTarget	1	248640
994.736	n/a	NonTarget	1	248684
994.908	n/a	NonTarget	1	248727
995.084	n/a	Target	2	248771
995.26	n/a	NonTarget	1	248815
995.436	n/a	NonTarget	1	248859
995.616	n/a	Target	2	248904
995.784	n/a	NonTarget	1	248946
995.96	n/a	NonTarget	1	248990
996.136	n/a	NonTarget	1	249034
996.308	n/a	NonTarget	1	249077
996.484	n/a	NonTarget	1	249121
996.66	n/a	NonTarget	1	249165
996.836	n/a	NonTarget	1	249209
997.008	n/a	NonTarget	1	249252
997.184	n/a	NonTarget	1	249296
997.36	n/a	NonTarget	1	249340
997.536	n/a	Target	2	249384
997.708	n/a	NonTarget	1	249427
997.884	n/a	NonTarget	1	249471
998.06	n/a	Target	2	249515
998.236	n/a	NonTarget	1	249559
998.408	n/a	NonTarget	1	249602
998.584	n/a	NonTarget	1	249646
998.764	n/a	NonTarget	1	249691
998.936	n/a	Target	2	249734
999.108	n/a	NonTarget	1	249777
999.284	n/a	NonTarget	1	249821
999.46	n/a	NonTarget	1	249865
999.636	n/a	NonTarget	1	249909
999.808	n/a	NonTarget	1	249952
999.984	n/a	NonTarget	1	249996
1000.16	n/a	NonTarget	1	250040
1000.336	n/a	Target	2	250084
1000.508	n/a	NonTarget	1	250127
1000.684	n/a	NonTarget	1	250171
1000.86	n/a	NonTarget	1	250215
1001.036	n/a	NonTarget	1	250259
1001.208	n/a	NonTarget	1	250302
1001.384	n/a	Target	2	250346
1001.56	n/a	NonTarget	1	250390
1001.736	n/a	NonTarget	1	250434
1001.908	n/a	NonTarget	1	250477
1002.084	n/a	NonTarget	1	250521
1002.26	n/a	Target	2	250565
1002.436	n/a	NonTarget	1	250609
1002.608	n/a	NonTarget	1	250652
1002.784	n/a	NonTarget	1	250696
1002.96	n/a	NonTarget	1	250740
1003.136	n/a	NonTarget	1	250784
1003.308	n/a	NonTarget	1	250827
1003.484	n/a	Target	2	250871
1003.66	n/a	NonTarget	1	250915
1003.832	n/a	NonTarget	1	250958
1018.004	n/a	NonTarget	1	254501
1018.176	n/a	NonTarget	1	254544
1018.352	n/a	NonTarget	1	254588
1018.528	n/a	Target	2	254632
1018.704	n/a	NonTarget	1	254676
1018.876	n/a	NonTarget	1	254719
1019.052	n/a	NonTarget	1	254763
1019.228	n/a	NonTarget	1	254807
1019.404	n/a	Target	2	254851
1019.576	n/a	NonTarget	1	254894
1019.752	n/a	NonTarget	1	254938
1019.928	n/a	NonTarget	1	254982
1020.104	n/a	NonTarget	1	255026
1020.276	n/a	NonTarget	1	255069
1020.452	n/a	NonTarget	1	255113
1020.624	n/a	Target	2	255156
1020.8	n/a	NonTarget	1	255200
1020.976	n/a	NonTarget	1	255244
1021.152	n/a	NonTarget	1	255288
1021.328	n/a	NonTarget	1	255332
1021.504	n/a	NonTarget	1	255376
1021.676	n/a	Target	2	255419
1021.852	n/a	NonTarget	1	255463
1022.028	n/a	NonTarget	1	255507
1022.204	n/a	Target	2	255551
1022.376	n/a	NonTarget	1	255594
1022.552	n/a	NonTarget	1	255638
1022.728	n/a	NonTarget	1	255682
1022.904	n/a	NonTarget	1	255726
1023.076	n/a	NonTarget	1	255769
1023.252	n/a	NonTarget	1	255813
1023.436	n/a	NonTarget	1	255859
1023.604	n/a	NonTarget	1	255901
1023.776	n/a	NonTarget	1	255944
1023.952	n/a	Target	2	255988
1024.128	n/a	NonTarget	1	256032
1024.304	n/a	NonTarget	1	256076
1024.476	n/a	NonTarget	1	256119
1024.652	n/a	Target	2	256163
1024.828	n/a	NonTarget	1	256207
1025.004	n/a	NonTarget	1	256251
1025.176	n/a	NonTarget	1	256294
1025.352	n/a	NonTarget	1	256338
1025.528	n/a	NonTarget	1	256382
1025.704	n/a	Target	2	256426
1025.876	n/a	NonTarget	1	256469
1026.052	n/a	NonTarget	1	256513
1026.228	n/a	NonTarget	1	256557
1026.404	n/a	Target	2	256601
1026.576	n/a	NonTarget	1	256644
1026.752	n/a	NonTarget	1	256688
1026.928	n/a	NonTarget	1	256732
1027.104	n/a	NonTarget	1	256776
1027.276	n/a	NonTarget	1	256819
1027.452	n/a	NonTarget	1	256863
1027.628	n/a	NonTarget	1	256907
1027.804	n/a	NonTarget	1	256951
1027.984	n/a	NonTarget	1	256996
1028.152	n/a	NonTarget	1	257038
1028.328	n/a	Target	2	257082
1028.504	n/a	NonTarget	1	257126
1028.676	n/a	NonTarget	1	257169
1028.852	n/a	NonTarget	1	257213
1029.028	n/a	NonTarget	1	257257
1029.204	n/a	NonTarget	1	257301
1029.376	n/a	Target	2	257344
1029.552	n/a	NonTarget	1	257388
1029.728	n/a	NonTarget	1	257432
1029.9	n/a	NonTarget	1	257475
1030.076	n/a	Target	2	257519
1030.252	n/a	NonTarget	1	257563
1030.428	n/a	NonTarget	1	257607
1030.604	n/a	NonTarget	1	257651
1030.776	n/a	NonTarget	1	257694
1030.952	n/a	Target	2	257738
1031.128	n/a	NonTarget	1	257782
1031.304	n/a	NonTarget	1	257826
1031.476	n/a	NonTarget	1	257869
1031.652	n/a	Target	2	257913
1031.828	n/a	NonTarget	1	257957
1032.0	n/a	NonTarget	1	258000
1032.176	n/a	NonTarget	1	258044
1032.352	n/a	NonTarget	1	258088
1032.528	n/a	NonTarget	1	258132
1032.704	n/a	Target	2	258176
1032.876	n/a	NonTarget	1	258219
1033.052	n/a	NonTarget	1	258263
1033.228	n/a	NonTarget	1	258307
1033.4	n/a	NonTarget	1	258350
1033.576	n/a	NonTarget	1	258394
1053.664	n/a	Target	2	263416
1053.84	n/a	NonTarget	1	263460
1054.016	n/a	NonTarget	1	263504
1054.192	n/a	NonTarget	1	263548
1054.364	n/a	NonTarget	1	263591
1054.54	n/a	NonTarget	1	263635
1054.716	n/a	Target	2	263679
1054.892	n/a	NonTarget	1	263723
1055.064	n/a	NonTarget	1	263766
1055.24	n/a	NonTarget	1	263810
1055.416	n/a	NonTarget	1	263854
1055.592	n/a	NonTarget	1	263898
1055.764	n/a	NonTarget	1	263941
1055.94	n/a	NonTarget	1	263985
1056.116	n/a	NonTarget	1	264029
1056.292	n/a	Target	2	264073
1056.468	n/a	NonTarget	1	264117
1056.64	n/a	NonTarget	1	264160
1056.816	n/a	Target	2	264204
1056.992	n/a	NonTarget	1	264248
1057.164	n/a	NonTarget	1	264291
1057.34	n/a	NonTarget	1	264335
1057.516	n/a	NonTarget	1	264379
1057.692	n/a	NonTarget	1	264423
1057.864	n/a	Target	2	264466
1058.04	n/a	NonTarget	1	264510
1058.216	n/a	NonTarget	1	264554
1058.392	n/a	NonTarget	1	264598
1058.564	n/a	NonTarget	1	264641
1058.74	n/a	NonTarget	1	264685
1058.916	n/a	NonTarget	1	264729
1059.092	n/a	NonTarget	1	264773
1059.264	n/a	Target	2	264816
1059.44	n/a	NonTarget	1	264860
1059.616	n/a	NonTarget	1	264904
1059.792	n/a	NonTarget	1	264948
1059.964	n/a	NonTarget	1	264991
1060.14	n/a	NonTarget	1	265035
1060.316	n/a	Target	2	265079
1060.492	n/a	NonTarget	1	265123
1060.664	n/a	NonTarget	1	265166
1060.84	n/a	NonTarget	1	265210
1061.028	n/a	NonTarget	1	265257
1061.192	n/a	NonTarget	1	265298
1061.364	n/a	Target	2	265341
1061.54	n/a	NonTarget	1	265385
1061.716	n/a	NonTarget	1	265429
1061.892	n/a	NonTarget	1	265473
1062.068	n/a	NonTarget	1	265517
1062.24	n/a	NonTarget	1	265560
1062.416	n/a	NonTarget	1	265604
1062.592	n/a	NonTarget	1	265648
1062.764	n/a	Target	2	265691
1062.94	n/a	NonTarget	1	265735
1063.116	n/a	NonTarget	1	265779
1063.292	n/a	NonTarget	1	265823
1063.464	n/a	NonTarget	1	265866
1063.64	n/a	Target	2	265910
1063.816	n/a	NonTarget	1	265954
1063.992	n/a	NonTarget	1	265998
1064.164	n/a	NonTarget	1	266041
1064.34	n/a	NonTarget	1	266085
1064.516	n/a	Target	2	266129
1064.696	n/a	NonTarget	1	266174
1064.864	n/a	NonTarget	1	266216
1065.04	n/a	NonTarget	1	266260
1065.22	n/a	NonTarget	1	266305
1065.392	n/a	Target	2	266348
1065.564	n/a	NonTarget	1	266391
1065.74	n/a	NonTarget	1	266435
1065.916	n/a	NonTarget	1	266479
1066.092	n/a	NonTarget	1	266523
1066.264	n/a	NonTarget	1	266566
1066.44	n/a	Target	2	266610
1066.616	n/a	NonTarget	1	266654
1066.796	n/a	NonTarget	1	266699
1066.964	n/a	NonTarget	1	266741
1067.14	n/a	NonTarget	1	266785
1067.316	n/a	NonTarget	1	266829
1067.492	n/a	Target	2	266873
1067.664	n/a	NonTarget	1	266916
1067.84	n/a	NonTarget	1	266960
1068.016	n/a	NonTarget	1	267004
1068.192	n/a	NonTarget	1	267048
1068.364	n/a	NonTarget	1	267091
1068.54	n/a	Target	2	267135
1068.716	n/a	NonTarget	1	267179
1068.892	n/a	NonTarget	1	267223
1069.064	n/a	NonTarget	1	267266
1069.24	n/a	NonTarget	1	267310
1083.408	n/a	NonTarget	1	270852
1083.584	n/a	NonTarget	1	270896
1083.76	n/a	Target	2	270940
1083.936	n/a	NonTarget	1	270984
1084.108	n/a	NonTarget	1	271027
1084.284	n/a	NonTarget	1	271071
1084.46	n/a	Target	2	271115
1084.64	n/a	NonTarget	1	271160
1084.808	n/a	NonTarget	1	271202
1084.984	n/a	NonTarget	1	271246
1085.16	n/a	NonTarget	1	271290
1085.332	n/a	NonTarget	1	271333
1085.508	n/a	NonTarget	1	271377
1085.684	n/a	NonTarget	1	271421
1085.86	n/a	NonTarget	1	271465
1086.032	n/a	Target	2	271508
1086.224	n/a	NonTarget	1	271556
1086.384	n/a	NonTarget	1	271596
1086.556	n/a	Target	2	271639
1086.732	n/a	NonTarget	1	271683
1086.908	n/a	NonTarget	1	271727
1087.084	n/a	NonTarget	1	271771
1087.256	n/a	NonTarget	1	271814
1087.432	n/a	NonTarget	1	271858
1087.608	n/a	NonTarget	1	271902
1087.784	n/a	NonTarget	1	271946
1087.96	n/a	NonTarget	1	271990
1088.132	n/a	NonTarget	1	272033
1088.308	n/a	Target	2	272077
1088.484	n/a	NonTarget	1	272121
1088.66	n/a	NonTarget	1	272165
1088.836	n/a	NonTarget	1	272209
1089.008	n/a	NonTarget	1	272252
1089.184	n/a	Target	2	272296
1089.36	n/a	NonTarget	1	272340
1089.532	n/a	NonTarget	1	272383
1089.708	n/a	Target	2	272427
1089.884	n/a	NonTarget	1	272471
1090.06	n/a	NonTarget	1	272515
1090.236	n/a	NonTarget	1	272559
1090.408	n/a	NonTarget	1	272602
1090.584	n/a	NonTarget	1	272646
1090.76	n/a	Target	2	272690
1090.932	n/a	NonTarget	1	272733
1091.108	n/a	NonTarget	1	272777
1091.284	n/a	NonTarget	1	272821
1091.46	n/a	NonTarget	1	272865
1091.632	n/a	NonTarget	1	272908
1091.808	n/a	Target	2	272952
1091.984	n/a	NonTarget	1	272996
1092.16	n/a	NonTarget	1	273040
1092.332	n/a	NonTarget	1	273083
1092.508	n/a	NonTarget	1	273127
1092.684	n/a	NonTarget	1	273171
1092.86	n/a	NonTarget	1	273215
1093.032	n/a	Target	2	273258
1093.208	n/a	NonTarget	1	273302
1093.384	n/a	NonTarget	1	273346
1093.56	n/a	NonTarget	1	273390
1093.732	n/a	NonTarget	1	273433
1093.908	n/a	Target	2	273477
1094.084	n/a	NonTarget	1	273521
1094.26	n/a	NonTarget	1	273565
1094.436	n/a	NonTarget	1	273609
1094.608	n/a	NonTarget	1	273652
1094.784	n/a	NonTarget	1	273696
1094.96	n/a	NonTarget	1	273740
1095.136	n/a	NonTarget	1	273784
1095.308	n/a	NonTarget	1	273827
1095.484	n/a	Target	2	273871
1095.66	n/a	NonTarget	1	273915
1095.832	n/a	NonTarget	1	273958
1096.008	n/a	NonTarget	1	274002
1096.184	n/a	NonTarget	1	274046
1096.36	n/a	NonTarget	1	274090
1096.532	n/a	NonTarget	1	274133
1096.708	n/a	Target	2	274177
1096.884	n/a	NonTarget	1	274221
1097.06	n/a	NonTarget	1	274265
1097.232	n/a	NonTarget	1	274308
1097.408	n/a	NonTarget	1	274352
1097.584	n/a	NonTarget	1	274396
1097.76	n/a	Target	2	274440
1097.94	n/a	NonTarget	1	274485
1098.108	n/a	NonTarget	1	274527
1098.284	n/a	Target	2	274571
1098.46	n/a	NonTarget	1	274615
1098.632	n/a	NonTarget	1	274658
1098.808	n/a	NonTarget	1	274702
1098.984	n/a	NonTarget	1	274746
1119.004	n/a	NonTarget	1	279751
1119.176	n/a	NonTarget	1	279794
1119.352	n/a	NonTarget	1	279838
1119.528	n/a	NonTarget	1	279882
1119.704	n/a	NonTarget	1	279926
1119.876	n/a	Target	2	279969
1120.052	n/a	NonTarget	1	280013
1120.228	n/a	NonTarget	1	280057
1120.4	n/a	NonTarget	1	280100
1120.576	n/a	NonTarget	1	280144
1120.752	n/a	NonTarget	1	280188
1120.928	n/a	Target	2	280232
1121.104	n/a	NonTarget	1	280276
1121.276	n/a	NonTarget	1	280319
1121.452	n/a	NonTarget	1	280363
1121.628	n/a	NonTarget	1	280407
1121.804	n/a	NonTarget	1	280451
1121.976	n/a	Target	2	280494
1122.152	n/a	NonTarget	1	280538
1122.328	n/a	NonTarget	1	280582
1122.504	n/a	NonTarget	1	280626
1122.676	n/a	NonTarget	1	280669
1122.852	n/a	Target	2	280713
1123.028	n/a	NonTarget	1	280757
1123.204	n/a	NonTarget	1	280801
1123.376	n/a	NonTarget	1	280844
1123.552	n/a	NonTarget	1	280888
1123.728	n/a	NonTarget	1	280932
1123.904	n/a	Target	2	280976
1124.076	n/a	NonTarget	1	281019
1124.252	n/a	NonTarget	1	281063
1124.428	n/a	NonTarget	1	281107
1124.604	n/a	NonTarget	1	281151
1124.78	n/a	NonTarget	1	281195
1124.952	n/a	Target	2	281238
1125.128	n/a	NonTarget	1	281282
1125.304	n/a	NonTarget	1	281326
1125.476	n/a	NonTarget	1	281369
1125.652	n/a	NonTarget	1	281413
1125.828	n/a	NonTarget	1	281457
1126.004	n/a	Target	2	281501
1126.176	n/a	NonTarget	1	281544
1126.352	n/a	NonTarget	1	281588
1126.528	n/a	NonTarget	1	281632
1126.704	n/a	NonTarget	1	281676
1126.876	n/a	NonTarget	1	281719
1127.052	n/a	NonTarget	1	281763
1127.228	n/a	Target	2	281807
1127.404	n/a	NonTarget	1	281851
1127.576	n/a	NonTarget	1	281894
1127.752	n/a	NonTarget	1	281938
1127.928	n/a	NonTarget	1	281982
1128.104	n/a	NonTarget	1	282026
1128.276	n/a	Target	2	282069
1128.452	n/a	NonTarget	1	282113
1128.628	n/a	NonTarget	1	282157
1128.804	n/a	NonTarget	1	282201
1128.976	n/a	NonTarget	1	282244
1129.152	n/a	Target	2	282288
1129.328	n/a	NonTarget	1	282332
1129.504	n/a	NonTarget	1	282376
1129.676	n/a	NonTarget	1	282419
1129.852	n/a	NonTarget	1	282463
1130.028	n/a	NonTarget	1	282507
1130.204	n/a	Target	2	282551
1130.376	n/a	NonTarget	1	282594
1130.552	n/a	NonTarget	1	282638
1130.728	n/a	NonTarget	1	282682
1130.904	n/a	NonTarget	1	282726
1131.076	n/a	Target	2	282769
1131.252	n/a	NonTarget	1	282813
1131.428	n/a	NonTarget	1	282857
1131.604	n/a	NonTarget	1	282901
1131.776	n/a	Target	2	282944
1131.952	n/a	NonTarget	1	282988
1132.128	n/a	NonTarget	1	283032
1132.304	n/a	NonTarget	1	283076
1132.476	n/a	NonTarget	1	283119
1132.652	n/a	NonTarget	1	283163
1132.828	n/a	NonTarget	1	283207
1133.004	n/a	NonTarget	1	283251
1133.176	n/a	NonTarget	1	283294
1133.352	n/a	Target	2	283338
1133.528	n/a	NonTarget	1	283382
1133.704	n/a	NonTarget	1	283426
1133.876	n/a	NonTarget	1	283469
1134.052	n/a	NonTarget	1	283513
1134.228	n/a	NonTarget	1	283557
1134.404	n/a	NonTarget	1	283601
1134.576	n/a	Target	2	283644
1148.62	n/a	NonTarget	1	287155
1148.796	n/a	NonTarget	1	287199
1148.968	n/a	NonTarget	1	287242
1149.144	n/a	NonTarget	1	287286
1149.32	n/a	NonTarget	1	287330
1149.496	n/a	Target	2	287374
1149.668	n/a	NonTarget	1	287417
1149.844	n/a	NonTarget	1	287461
1150.02	n/a	NonTarget	1	287505
1150.196	n/a	NonTarget	1	287549
1150.372	n/a	NonTarget	1	287593
1150.544	n/a	Target	2	287636
1150.72	n/a	NonTarget	1	287680
1150.896	n/a	NonTarget	1	287724
1151.068	n/a	NonTarget	1	287767
1151.244	n/a	NonTarget	1	287811
1151.42	n/a	Target	2	287855
1151.596	n/a	NonTarget	1	287899
1151.768	n/a	NonTarget	1	287942
1151.944	n/a	NonTarget	1	287986
1152.12	n/a	Target	2	288030
1152.3	n/a	NonTarget	1	288075
1152.468	n/a	NonTarget	1	288117
1152.644	n/a	NonTarget	1	288161
1152.82	n/a	Target	2	288205
1152.996	n/a	NonTarget	1	288249
1153.168	n/a	NonTarget	1	288292
1153.344	n/a	NonTarget	1	288336
1153.52	n/a	NonTarget	1	288380
1153.696	n/a	NonTarget	1	288424
1153.868	n/a	Target	2	288467
1154.044	n/a	NonTarget	1	288511
1154.22	n/a	NonTarget	1	288555
1154.396	n/a	NonTarget	1	288599
1154.568	n/a	NonTarget	1	288642
1154.744	n/a	NonTarget	1	288686
1154.92	n/a	NonTarget	1	288730
1155.096	n/a	NonTarget	1	288774
1155.268	n/a	NonTarget	1	288817
1155.444	n/a	Target	2	288861
1155.62	n/a	NonTarget	1	288905
1155.792	n/a	NonTarget	1	288948
1155.968	n/a	NonTarget	1	288992
1156.144	n/a	NonTarget	1	289036
1156.32	n/a	NonTarget	1	289080
1156.496	n/a	NonTarget	1	289124
1156.668	n/a	NonTarget	1	289167
1156.844	n/a	Target	2	289211
1157.02	n/a	NonTarget	1	289255
1157.196	n/a	NonTarget	1	289299
1157.372	n/a	NonTarget	1	289343
1157.544	n/a	Target	2	289386
1157.72	n/a	NonTarget	1	289430
1157.896	n/a	NonTarget	1	289474
1158.068	n/a	NonTarget	1	289517
1158.244	n/a	NonTarget	1	289561
1158.42	n/a	NonTarget	1	289605
1158.596	n/a	NonTarget	1	289649
1158.768	n/a	Target	2	289692
1158.944	n/a	NonTarget	1	289736
1159.12	n/a	NonTarget	1	289780
1159.296	n/a	NonTarget	1	289824
1159.468	n/a	NonTarget	1	289867
1159.644	n/a	NonTarget	1	289911
1159.82	n/a	Target	2	289955
1159.996	n/a	NonTarget	1	289999
1160.168	n/a	NonTarget	1	290042
1160.344	n/a	NonTarget	1	290086
1160.524	n/a	NonTarget	1	290131
1160.696	n/a	Target	2	290174
1160.872	n/a	NonTarget	1	290218
1161.044	n/a	NonTarget	1	290261
1161.22	n/a	Target	2	290305
1161.396	n/a	NonTarget	1	290349
1161.568	n/a	NonTarget	1	290392
1161.744	n/a	NonTarget	1	290436
1161.92	n/a	NonTarget	1	290480
1162.096	n/a	NonTarget	1	290524
1162.268	n/a	NonTarget	1	290567
1162.448	n/a	NonTarget	1	290612
1162.62	n/a	NonTarget	1	290655
1162.796	n/a	NonTarget	1	290699
1162.968	n/a	NonTarget	1	290742
1163.144	n/a	Target	2	290786
1163.32	n/a	NonTarget	1	290830
1163.496	n/a	NonTarget	1	290874
1163.668	n/a	Target	2	290917
1163.844	n/a	NonTarget	1	290961
1164.02	n/a	NonTarget	1	291005
1164.196	n/a	NonTarget	1	291049
1184.312	n/a	NonTarget	1	296078
1184.488	n/a	NonTarget	1	296122
1184.664	n/a	Target	2	296166
1184.836	n/a	NonTarget	1	296209
1185.012	n/a	NonTarget	1	296253
1185.188	n/a	NonTarget	1	296297
1185.364	n/a	NonTarget	1	296341
1185.536	n/a	NonTarget	1	296384
1185.712	n/a	NonTarget	1	296428
1185.888	n/a	NonTarget	1	296472
1186.064	n/a	NonTarget	1	296516
1186.236	n/a	Target	2	296559
1186.412	n/a	NonTarget	1	296603
1186.588	n/a	NonTarget	1	296647
1186.764	n/a	Target	2	296691
1186.936	n/a	NonTarget	1	296734
1187.112	n/a	NonTarget	1	296778
1187.288	n/a	NonTarget	1	296822
1187.464	n/a	NonTarget	1	296866
1187.636	n/a	NonTarget	1	296909
1187.812	n/a	NonTarget	1	296953
1187.988	n/a	Target	2	296997
1188.164	n/a	NonTarget	1	297041
1188.336	n/a	NonTarget	1	297084
1188.512	n/a	NonTarget	1	297128
1188.688	n/a	NonTarget	1	297172
1188.864	n/a	Target	2	297216
1189.036	n/a	NonTarget	1	297259
1189.212	n/a	NonTarget	1	297303
1189.388	n/a	NonTarget	1	297347
1189.564	n/a	NonTarget	1	297391
1189.736	n/a	NonTarget	1	297434
1189.912	n/a	NonTarget	1	297478
1190.088	n/a	NonTarget	1	297522
1190.264	n/a	NonTarget	1	297566
1190.436	n/a	Target	2	297609
1190.612	n/a	NonTarget	1	297653
1190.788	n/a	NonTarget	1	297697
1190.964	n/a	NonTarget	1	297741
1191.136	n/a	NonTarget	1	297784
1191.312	n/a	Target	2	297828
1191.488	n/a	NonTarget	1	297872
1191.664	n/a	NonTarget	1	297916
1191.836	n/a	Target	2	297959
1192.012	n/a	NonTarget	1	298003
1192.188	n/a	NonTarget	1	298047
1192.364	n/a	NonTarget	1	298091
1192.54	n/a	NonTarget	1	298135
1192.712	n/a	NonTarget	1	298178
1192.888	n/a	Target	2	298222
1193.064	n/a	NonTarget	1	298266
1193.24	n/a	NonTarget	1	298310
1193.412	n/a	NonTarget	1	298353
1193.588	n/a	NonTarget	1	298397
1193.764	n/a	NonTarget	1	298441
1193.936	n/a	NonTarget	1	298484
1194.112	n/a	Target	2	298528
1194.288	n/a	NonTarget	1	298572
1194.464	n/a	NonTarget	1	298616
1194.636	n/a	NonTarget	1	298659
1194.812	n/a	NonTarget	1	298703
1194.988	n/a	Target	2	298747
1195.164	n/a	NonTarget	1	298791
1195.34	n/a	NonTarget	1	298835
1195.512	n/a	NonTarget	1	298878
1195.688	n/a	NonTarget	1	298922
1195.864	n/a	NonTarget	1	298966
1196.036	n/a	NonTarget	1	299009
1196.212	n/a	NonTarget	1	299053
1196.388	n/a	NonTarget	1	299097
1196.564	n/a	Target	2	299141
1196.736	n/a	NonTarget	1	299184
1196.912	n/a	NonTarget	1	299228
1197.088	n/a	NonTarget	1	299272
1197.264	n/a	NonTarget	1	299316
1197.436	n/a	NonTarget	1	299359
1197.612	n/a	Target	2	299403
1197.788	n/a	NonTarget	1	299447
1197.96	n/a	NonTarget	1	299490
1198.136	n/a	NonTarget	1	299534
1198.312	n/a	NonTarget	1	299578
1198.488	n/a	Target	2	299622
1198.664	n/a	NonTarget	1	299666
1198.84	n/a	NonTarget	1	299710
1199.012	n/a	Target	2	299753
1199.188	n/a	NonTarget	1	299797
1199.364	n/a	NonTarget	1	299841
1199.536	n/a	NonTarget	1	299884
1199.712	n/a	NonTarget	1	299928
1199.888	n/a	NonTarget	1	299972
1215.06	n/a	NonTarget	1	303765
1215.236	n/a	NonTarget	1	303809
1215.412	n/a	NonTarget	1	303853
1215.584	n/a	NonTarget	1	303896
1215.76	n/a	NonTarget	1	303940
1215.936	n/a	Target	2	303984
1216.108	n/a	NonTarget	1	304027
1216.284	n/a	NonTarget	1	304071
1216.46	n/a	NonTarget	1	304115
1216.636	n/a	Target	2	304159
1216.808	n/a	NonTarget	1	304202
1216.984	n/a	NonTarget	1	304246
1217.16	n/a	NonTarget	1	304290
1217.336	n/a	NonTarget	1	304334
1217.512	n/a	Target	2	304378
1217.684	n/a	NonTarget	1	304421
1217.86	n/a	NonTarget	1	304465
1218.036	n/a	NonTarget	1	304509
1218.212	n/a	Target	2	304553
1218.384	n/a	NonTarget	1	304596
1218.56	n/a	NonTarget	1	304640
1218.736	n/a	NonTarget	1	304684
1218.908	n/a	NonTarget	1	304727
1219.084	n/a	NonTarget	1	304771
1219.26	n/a	Target	2	304815
1219.436	n/a	NonTarget	1	304859
1219.608	n/a	NonTarget	1	304902
1219.784	n/a	NonTarget	1	304946
1219.96	n/a	NonTarget	1	304990
1220.136	n/a	NonTarget	1	305034
1220.308	n/a	NonTarget	1	305077
1220.484	n/a	NonTarget	1	305121
1220.66	n/a	NonTarget	1	305165
1220.836	n/a	NonTarget	1	305209
1221.012	n/a	NonTarget	1	305253
1221.184	n/a	Target	2	305296
1221.36	n/a	NonTarget	1	305340
1221.536	n/a	NonTarget	1	305384
1221.708	n/a	NonTarget	1	305427
1221.884	n/a	NonTarget	1	305471
1222.06	n/a	Target	2	305515
1222.236	n/a	NonTarget	1	305559
1222.408	n/a	NonTarget	1	305602
1222.584	n/a	NonTarget	1	305646
1222.76	n/a	NonTarget	1	305690
1222.936	n/a	NonTarget	1	305734
1223.112	n/a	NonTarget	1	305778
1223.284	n/a	Target	2	305821
1223.46	n/a	NonTarget	1	305865
1223.632	n/a	NonTarget	1	305908
1223.808	n/a	NonTarget	1	305952
1223.984	n/a	Target	2	305996
1224.16	n/a	NonTarget	1	306040
1224.332	n/a	NonTarget	1	306083
1224.516	n/a	NonTarget	1	306129
1224.684	n/a	Target	2	306171
1224.86	n/a	NonTarget	1	306215
1225.036	n/a	NonTarget	1	306259
1225.208	n/a	NonTarget	1	306302
1225.384	n/a	NonTarget	1	306346
1225.56	n/a	Target	2	306390
1225.736	n/a	NonTarget	1	306434
1225.908	n/a	NonTarget	1	306477
1226.084	n/a	NonTarget	1	306521
1226.26	n/a	NonTarget	1	306565
1226.436	n/a	NonTarget	1	306609
1226.608	n/a	NonTarget	1	306652
1226.784	n/a	NonTarget	1	306696
1226.96	n/a	NonTarget	1	306740
1227.136	n/a	NonTarget	1	306784
1227.308	n/a	Target	2	306827
1227.488	n/a	NonTarget	1	306872
1227.66	n/a	NonTarget	1	306915
1227.836	n/a	NonTarget	1	306959
1228.012	n/a	NonTarget	1	307003
1228.184	n/a	NonTarget	1	307046
1228.36	n/a	NonTarget	1	307090
1228.536	n/a	Target	2	307134
1228.708	n/a	NonTarget	1	307177
1228.884	n/a	NonTarget	1	307221
1229.06	n/a	NonTarget	1	307265
1229.236	n/a	Target	2	307309
1229.408	n/a	NonTarget	1	307352
1229.584	n/a	NonTarget	1	307396
1229.76	n/a	NonTarget	1	307440
1229.936	n/a	Target	2	307484
1230.112	n/a	NonTarget	1	307528
1230.288	n/a	NonTarget	1	307572
1230.46	n/a	NonTarget	1	307615
1230.636	n/a	NonTarget	1	307659
1255.608	n/a	NonTarget	1	313902
1255.784	n/a	Target	2	313946
1255.96	n/a	NonTarget	1	313990
1256.136	n/a	NonTarget	1	314034
1256.312	n/a	NonTarget	1	314078
1256.484	n/a	NonTarget	1	314121
1256.66	n/a	Target	2	314165
1256.836	n/a	NonTarget	1	314209
1257.008	n/a	NonTarget	1	314252
1257.184	n/a	NonTarget	1	314296
1257.36	n/a	NonTarget	1	314340
1257.536	n/a	NonTarget	1	314384
1257.712	n/a	NonTarget	1	314428
1257.884	n/a	NonTarget	1	314471
1258.06	n/a	NonTarget	1	314515
1258.236	n/a	NonTarget	1	314559
1258.408	n/a	Target	2	314602
1258.584	n/a	NonTarget	1	314646
1258.76	n/a	NonTarget	1	314690
1258.936	n/a	NonTarget	1	314734
1259.108	n/a	NonTarget	1	314777
1259.284	n/a	NonTarget	1	314821
1259.46	n/a	Target	2	314865
1259.636	n/a	NonTarget	1	314909
1259.816	n/a	NonTarget	1	314954
1259.984	n/a	Target	2	314996
1260.16	n/a	NonTarget	1	315040
1260.336	n/a	NonTarget	1	315084
1260.508	n/a	NonTarget	1	315127
1260.684	n/a	NonTarget	1	315171
1260.86	n/a	Target	2	315215
1261.036	n/a	NonTarget	1	315259
1261.212	n/a	NonTarget	1	315303
1261.384	n/a	NonTarget	1	315346
1261.56	n/a	NonTarget	1	315390
1261.736	n/a	NonTarget	1	315434
1261.912	n/a	Target	2	315478
1262.084	n/a	NonTarget	1	315521
1262.26	n/a	NonTarget	1	315565
1262.436	n/a	NonTarget	1	315609
1262.608	n/a	NonTarget	1	315652
1262.784	n/a	NonTarget	1	315696
1262.96	n/a	NonTarget	1	315740
1263.14	n/a	NonTarget	1	315785
1263.308	n/a	NonTarget	1	315827
1263.484	n/a	NonTarget	1	315871
1263.66	n/a	Target	2	315915
1263.836	n/a	NonTarget	1	315959
1264.02	n/a	NonTarget	1	316005
1264.188	n/a	Target	2	316047
1264.36	n/a	NonTarget	1	316090
1264.536	n/a	NonTarget	1	316134
1264.708	n/a	NonTarget	1	316177
1264.884	n/a	NonTarget	1	316221
1265.06	n/a	Target	2	316265
1265.236	n/a	NonTarget	1	316309
1265.408	n/a	NonTarget	1	316352
1265.584	n/a	NonTarget	1	316396
1265.76	n/a	NonTarget	1	316440
1265.936	n/a	NonTarget	1	316484
1266.108	n/a	NonTarget	1	316527
1266.284	n/a	NonTarget	1	316571
1266.46	n/a	Target	2	316615
1266.632	n/a	NonTarget	1	316658
1266.808	n/a	NonTarget	1	316702
1266.984	n/a	NonTarget	1	316746
1267.16	n/a	NonTarget	1	316790
1267.336	n/a	NonTarget	1	316834
1267.508	n/a	NonTarget	1	316877
1267.684	n/a	Target	2	316921
1267.86	n/a	NonTarget	1	316965
1268.036	n/a	NonTarget	1	317009
1268.212	n/a	NonTarget	1	317053
1268.384	n/a	NonTarget	1	317096
1268.56	n/a	NonTarget	1	317140
1268.736	n/a	Target	2	317184
1268.908	n/a	NonTarget	1	317227
1269.084	n/a	NonTarget	1	317271
1269.26	n/a	NonTarget	1	317315
1269.436	n/a	Target	2	317359
1269.608	n/a	NonTarget	1	317402
1269.784	n/a	NonTarget	1	317446
1269.96	n/a	NonTarget	1	317490
1270.136	n/a	NonTarget	1	317534
1270.308	n/a	Target	2	317577
1270.484	n/a	NonTarget	1	317621
1270.66	n/a	NonTarget	1	317665
1270.836	n/a	NonTarget	1	317709
1271.008	n/a	NonTarget	1	317752
1271.184	n/a	NonTarget	1	317796
1285.376	n/a	NonTarget	1	321344
1285.552	n/a	NonTarget	1	321388
1285.732	n/a	NonTarget	1	321433
1285.904	n/a	NonTarget	1	321476
1286.076	n/a	Target	2	321519
1286.252	n/a	NonTarget	1	321563
1286.428	n/a	NonTarget	1	321607
1286.604	n/a	NonTarget	1	321651
1286.776	n/a	NonTarget	1	321694
1286.952	n/a	Target	2	321738
1287.128	n/a	NonTarget	1	321782
1287.304	n/a	NonTarget	1	321826
1287.476	n/a	NonTarget	1	321869
1287.652	n/a	NonTarget	1	321913
1287.832	n/a	NonTarget	1	321958
1288.004	n/a	NonTarget	1	322001
1288.176	n/a	Target	2	322044
1288.352	n/a	NonTarget	1	322088
1288.576	n/a	NonTarget	1	322144
1288.7	n/a	NonTarget	1	322175
1288.876	n/a	Target	2	322219
1289.052	n/a	NonTarget	1	322263
1289.228	n/a	NonTarget	1	322307
1289.4	n/a	NonTarget	1	322350
1289.576	n/a	Target	2	322394
1289.752	n/a	NonTarget	1	322438
1289.928	n/a	NonTarget	1	322482
1290.1	n/a	NonTarget	1	322525
1290.276	n/a	NonTarget	1	322569
1290.452	n/a	NonTarget	1	322613
1290.628	n/a	NonTarget	1	322657
1290.8	n/a	Target	2	322700
1290.976	n/a	NonTarget	1	322744
1291.152	n/a	NonTarget	1	322788
1291.328	n/a	NonTarget	1	322832
1291.5	n/a	NonTarget	1	322875
1291.676	n/a	NonTarget	1	322919
1291.852	n/a	NonTarget	1	322963
1292.028	n/a	NonTarget	1	323007
1292.2	n/a	NonTarget	1	323050
1292.376	n/a	Target	2	323094
1292.552	n/a	NonTarget	1	323138
1292.728	n/a	NonTarget	1	323182
1292.9	n/a	NonTarget	1	323225
1293.076	n/a	NonTarget	1	323269
1293.252	n/a	NonTarget	1	323313
1293.428	n/a	Target	2	323357
1293.6	n/a	NonTarget	1	323400
1293.776	n/a	NonTarget	1	323444
1293.952	n/a	NonTarget	1	323488
1294.128	n/a	NonTarget	1	323532
1294.3	n/a	NonTarget	1	323575
1294.476	n/a	Target	2	323619
1294.652	n/a	NonTarget	1	323663
1294.828	n/a	NonTarget	1	323707
1295.0	n/a	Target	2	323750
1295.176	n/a	NonTarget	1	323794
1295.352	n/a	NonTarget	1	323838
1295.528	n/a	NonTarget	1	323882
1295.7	n/a	NonTarget	1	323925
1295.876	n/a	NonTarget	1	323969
1296.052	n/a	NonTarget	1	324013
1296.228	n/a	Target	2	324057
1296.4	n/a	NonTarget	1	324100
1296.576	n/a	NonTarget	1	324144
1296.752	n/a	NonTarget	1	324188
1296.928	n/a	NonTarget	1	324232
1297.1	n/a	Target	2	324275
1297.276	n/a	NonTarget	1	324319
1297.452	n/a	NonTarget	1	324363
1297.628	n/a	NonTarget	1	324407
1297.8	n/a	NonTarget	1	324450
1297.976	n/a	Target	2	324494
1298.152	n/a	NonTarget	1	324538
1298.328	n/a	NonTarget	1	324582
1298.5	n/a	NonTarget	1	324625
1298.676	n/a	NonTarget	1	324669
1298.852	n/a	NonTarget	1	324713
1299.028	n/a	NonTarget	1	324757
1299.2	n/a	Target	2	324800
1299.376	n/a	NonTarget	1	324844
1299.552	n/a	NonTarget	1	324888
1299.728	n/a	NonTarget	1	324932
1299.9	n/a	NonTarget	1	324975
1300.076	n/a	NonTarget	1	325019
1300.252	n/a	NonTarget	1	325063
1300.428	n/a	Target	2	325107
1300.6	n/a	NonTarget	1	325150
1300.776	n/a	NonTarget	1	325194
1300.952	n/a	NonTarget	1	325238
1321.032	n/a	NonTarget	1	330258
1321.204	n/a	Target	2	330301
1321.38	n/a	NonTarget	1	330345
1321.564	n/a	NonTarget	1	330391
1321.728	n/a	NonTarget	1	330432
1321.904	n/a	NonTarget	1	330476
1322.08	n/a	NonTarget	1	330520
1322.256	n/a	NonTarget	1	330564
1322.432	n/a	NonTarget	1	330608
1322.604	n/a	Target	2	330651
1322.78	n/a	NonTarget	1	330695
1322.956	n/a	NonTarget	1	330739
1323.132	n/a	NonTarget	1	330783
1323.304	n/a	NonTarget	1	330826
1323.48	n/a	Target	2	330870
1323.656	n/a	NonTarget	1	330914
1323.832	n/a	NonTarget	1	330958
1324.004	n/a	NonTarget	1	331001
1324.18	n/a	NonTarget	1	331045
1324.356	n/a	Target	2	331089
1324.532	n/a	NonTarget	1	331133
1324.704	n/a	NonTarget	1	331176
1324.88	n/a	NonTarget	1	331220
1325.056	n/a	NonTarget	1	331264
1325.232	n/a	Target	2	331308
1325.404	n/a	NonTarget	1	331351
1325.58	n/a	NonTarget	1	331395
1325.756	n/a	NonTarget	1	331439
1325.932	n/a	NonTarget	1	331483
1326.104	n/a	NonTarget	1	331526
1326.28	n/a	NonTarget	1	331570
1326.456	n/a	NonTarget	1	331614
1326.628	n/a	NonTarget	1	331657
1326.804	n/a	Target	2	331701
1326.98	n/a	NonTarget	1	331745
1327.152	n/a	NonTarget	1	331788
1327.328	n/a	Target	2	331832
1327.504	n/a	NonTarget	1	331876
1327.68	n/a	NonTarget	1	331920
1327.856	n/a	NonTarget	1	331964
1328.028	n/a	NonTarget	1	332007
1328.204	n/a	NonTarget	1	332051
1328.38	n/a	NonTarget	1	332095
1328.552	n/a	NonTarget	1	332138
1328.728	n/a	NonTarget	1	332182
1328.904	n/a	Target	2	332226
1329.08	n/a	NonTarget	1	332270
1329.256	n/a	NonTarget	1	332314
1329.428	n/a	NonTarget	1	332357
1329.604	n/a	NonTarget	1	332401
1329.78	n/a	NonTarget	1	332445
1329.952	n/a	NonTarget	1	332488
1330.128	n/a	Target	2	332532
1330.304	n/a	NonTarget	1	332576
1330.48	n/a	NonTarget	1	332620
1330.652	n/a	NonTarget	1	332663
1330.828	n/a	NonTarget	1	332707
1331.004	n/a	Target	2	332751
1331.18	n/a	NonTarget	1	332795
1331.352	n/a	NonTarget	1	332838
1331.528	n/a	NonTarget	1	332882
1331.704	n/a	NonTarget	1	332926
1331.88	n/a	Target	2	332970
1332.056	n/a	NonTarget	1	333014
1332.228	n/a	NonTarget	1	333057
1332.404	n/a	NonTarget	1	333101
1332.58	n/a	NonTarget	1	333145
1332.752	n/a	Target	2	333188
1332.928	n/a	NonTarget	1	333232
1333.104	n/a	NonTarget	1	333276
1333.28	n/a	NonTarget	1	333320
1333.452	n/a	NonTarget	1	333363
1333.628	n/a	Target	2	333407
1333.804	n/a	NonTarget	1	333451
1333.98	n/a	NonTarget	1	333495
1334.152	n/a	NonTarget	1	333538
1334.328	n/a	NonTarget	1	333582
1334.504	n/a	NonTarget	1	333626
1334.68	n/a	NonTarget	1	333670
1334.852	n/a	Target	2	333713
1335.028	n/a	NonTarget	1	333757
1335.204	n/a	NonTarget	1	333801
1335.38	n/a	NonTarget	1	333845
1335.552	n/a	NonTarget	1	333888
1335.728	n/a	Target	2	333932
1335.904	n/a	NonTarget	1	333976
1336.08	n/a	NonTarget	1	334020
1336.256	n/a	NonTarget	1	334064
1336.428	n/a	NonTarget	1	334107
1336.604	n/a	NonTarget	1	334151
1354.088	n/a	Target	2	338522
1354.264	n/a	NonTarget	1	338566
1354.436	n/a	NonTarget	1	338609
1354.612	n/a	NonTarget	1	338653
1354.788	n/a	NonTarget	1	338697
1354.964	n/a	NonTarget	1	338741
1355.14	n/a	Target	2	338785
1355.312	n/a	NonTarget	1	338828
1355.488	n/a	NonTarget	1	338872
1355.66	n/a	NonTarget	1	338915
1355.836	n/a	NonTarget	1	338959
1356.012	n/a	NonTarget	1	339003
1356.188	n/a	NonTarget	1	339047
1356.36	n/a	NonTarget	1	339090
1356.536	n/a	NonTarget	1	339134
1356.712	n/a	NonTarget	1	339178
1356.888	n/a	Target	2	339222
1357.064	n/a	NonTarget	1	339266
1357.236	n/a	NonTarget	1	339309
1357.412	n/a	Target	2	339353
1357.588	n/a	NonTarget	1	339397
1357.764	n/a	NonTarget	1	339441
1357.936	n/a	NonTarget	1	339484
1358.112	n/a	NonTarget	1	339528
1358.288	n/a	Target	2	339572
1358.464	n/a	NonTarget	1	339616
1358.636	n/a	NonTarget	1	339659
1358.816	n/a	NonTarget	1	339704
1358.988	n/a	NonTarget	1	339747
1359.164	n/a	NonTarget	1	339791
1359.336	n/a	NonTarget	1	339834
1359.516	n/a	NonTarget	1	339879
1359.692	n/a	Target	2	339923
1359.864	n/a	NonTarget	1	339966
1360.036	n/a	NonTarget	1	340009
1360.212	n/a	NonTarget	1	340053
1360.388	n/a	NonTarget	1	340097
1360.564	n/a	NonTarget	1	340141
1360.74	n/a	NonTarget	1	340185
1360.912	n/a	Target	2	340228
1361.088	n/a	NonTarget	1	340272
1361.264	n/a	NonTarget	1	340316
1361.436	n/a	NonTarget	1	340359
1361.612	n/a	NonTarget	1	340403
1361.788	n/a	NonTarget	1	340447
1361.964	n/a	Target	2	340491
1362.136	n/a	NonTarget	1	340534
1362.312	n/a	NonTarget	1	340578
1362.488	n/a	NonTarget	1	340622
1362.664	n/a	Target	2	340666
1362.836	n/a	NonTarget	1	340709
1363.012	n/a	NonTarget	1	340753
1363.188	n/a	NonTarget	1	340797
1363.364	n/a	NonTarget	1	340841
1363.536	n/a	Target	2	340884
1363.712	n/a	NonTarget	1	340928
1363.888	n/a	NonTarget	1	340972
1364.064	n/a	NonTarget	1	341016
1364.236	n/a	NonTarget	1	341059
1364.412	n/a	NonTarget	1	341103
1364.588	n/a	Target	2	341147
1364.764	n/a	NonTarget	1	341191
1364.936	n/a	NonTarget	1	341234
1365.112	n/a	NonTarget	1	341278
1365.288	n/a	NonTarget	1	341322
1365.464	n/a	NonTarget	1	341366
1365.636	n/a	NonTarget	1	341409
1365.812	n/a	NonTarget	1	341453
1365.988	n/a	NonTarget	1	341497
1366.164	n/a	NonTarget	1	341541
1366.336	n/a	NonTarget	1	341584
1366.512	n/a	Target	2	341628
1366.688	n/a	NonTarget	1	341672
1366.864	n/a	NonTarget	1	341716
1367.044	n/a	NonTarget	1	341761
1367.212	n/a	Target	2	341803
1367.388	n/a	NonTarget	1	341847
1367.564	n/a	NonTarget	1	341891
1367.736	n/a	NonTarget	1	341934
1367.912	n/a	Target	2	341978
1368.088	n/a	NonTarget	1	342022
1368.264	n/a	NonTarget	1	342066
1368.436	n/a	NonTarget	1	342109
1368.616	n/a	NonTarget	1	342154
1368.788	n/a	NonTarget	1	342197
1368.964	n/a	Target	2	342241
1369.136	n/a	NonTarget	1	342284
1369.312	n/a	NonTarget	1	342328
1369.488	n/a	NonTarget	1	342372
1369.664	n/a	NonTarget	1	342416
1390.82	n/a	Target	2	347705
1390.996	n/a	NonTarget	1	347749
1391.168	n/a	NonTarget	1	347792
1391.344	n/a	NonTarget	1	347836
1391.52	n/a	NonTarget	1	347880
1391.696	n/a	NonTarget	1	347924
1391.868	n/a	Target	2	347967
1392.044	n/a	NonTarget	1	348011
1392.22	n/a	NonTarget	1	348055
1392.396	n/a	NonTarget	1	348099
1392.568	n/a	NonTarget	1	348142
1392.744	n/a	NonTarget	1	348186
1392.92	n/a	NonTarget	1	348230
1393.096	n/a	NonTarget	1	348274
1393.268	n/a	NonTarget	1	348317
1393.444	n/a	NonTarget	1	348361
1393.62	n/a	NonTarget	1	348405
1393.796	n/a	Target	2	348449
1393.968	n/a	NonTarget	1	348492
1394.144	n/a	NonTarget	1	348536
1394.32	n/a	NonTarget	1	348580
1394.496	n/a	NonTarget	1	348624
1394.668	n/a	NonTarget	1	348667
1394.844	n/a	Target	2	348711
1395.02	n/a	NonTarget	1	348755
1395.196	n/a	NonTarget	1	348799
1395.372	n/a	Target	2	348843
1395.544	n/a	NonTarget	1	348886
1395.72	n/a	NonTarget	1	348930
1395.896	n/a	NonTarget	1	348974
1396.068	n/a	NonTarget	1	349017
1396.244	n/a	Target	2	349061
1396.42	n/a	NonTarget	1	349105
1396.596	n/a	NonTarget	1	349149
1396.768	n/a	NonTarget	1	349192
1396.944	n/a	NonTarget	1	349236
1397.12	n/a	NonTarget	1	349280
1397.296	n/a	NonTarget	1	349324
1397.468	n/a	NonTarget	1	349367
1397.644	n/a	NonTarget	1	349411
1397.82	n/a	NonTarget	1	349455
1397.996	n/a	Target	2	349499
1398.168	n/a	NonTarget	1	349542
1398.344	n/a	NonTarget	1	349586
1398.52	n/a	NonTarget	1	349630
1398.696	n/a	Target	2	349674
1398.868	n/a	NonTarget	1	349717
1399.044	n/a	NonTarget	1	349761
1399.22	n/a	NonTarget	1	349805
1399.396	n/a	NonTarget	1	349849
1399.568	n/a	Target	2	349892
1399.744	n/a	NonTarget	1	349936
1399.92	n/a	NonTarget	1	349980
1400.096	n/a	NonTarget	1	350024
1400.268	n/a	Target	2	350067
1400.444	n/a	NonTarget	1	350111
1400.62	n/a	NonTarget	1	350155
1400.796	n/a	NonTarget	1	350199
1400.972	n/a	NonTarget	1	350243
1401.144	n/a	NonTarget	1	350286
1401.324	n/a	Target	2	350331
1401.496	n/a	NonTarget	1	350374
1401.668	n/a	NonTarget	1	350417
1401.844	n/a	NonTarget	1	350461
1402.02	n/a	NonTarget	1	350505
1402.196	n/a	NonTarget	1	350549
1402.368	n/a	NonTarget	1	350592
1402.544	n/a	NonTarget	1	350636
1402.72	n/a	Target	2	350680
1402.896	n/a	NonTarget	1	350724
1403.068	n/a	NonTarget	1	350767
1403.244	n/a	NonTarget	1	350811
1403.424	n/a	NonTarget	1	350856
1403.596	n/a	NonTarget	1	350899
1403.768	n/a	NonTarget	1	350942
1403.944	n/a	NonTarget	1	350986
1404.12	n/a	Target	2	351030
1404.296	n/a	NonTarget	1	351074
1404.468	n/a	NonTarget	1	351117
1404.644	n/a	NonTarget	1	351161
1404.82	n/a	NonTarget	1	351205
1404.996	n/a	NonTarget	1	351249
1405.168	n/a	Target	2	351292
1405.344	n/a	NonTarget	1	351336
1405.52	n/a	NonTarget	1	351380
1405.696	n/a	NonTarget	1	351424
1405.868	n/a	NonTarget	1	351467
1406.052	n/a	Target	2	351513
1406.22	n/a	NonTarget	1	351555
1406.396	n/a	NonTarget	1	351599
1420.508	n/a	NonTarget	1	355127
1420.68	n/a	NonTarget	1	355170
1420.856	n/a	Target	2	355214
1421.032	n/a	NonTarget	1	355258
1421.208	n/a	NonTarget	1	355302
1421.38	n/a	NonTarget	1	355345
1421.556	n/a	NonTarget	1	355389
1421.736	n/a	NonTarget	1	355434
1421.908	n/a	NonTarget	1	355477
1422.08	n/a	NonTarget	1	355520
1422.256	n/a	Target	2	355564
1422.432	n/a	NonTarget	1	355608
1422.608	n/a	NonTarget	1	355652
1422.784	n/a	NonTarget	1	355696
1422.956	n/a	NonTarget	1	355739
1423.132	n/a	NonTarget	1	355783
1423.308	n/a	NonTarget	1	355827
1423.484	n/a	Target	2	355871
1423.656	n/a	NonTarget	1	355914
1423.832	n/a	NonTarget	1	355958
1424.008	n/a	NonTarget	1	356002
1424.184	n/a	NonTarget	1	356046
1424.36	n/a	NonTarget	1	356090
1424.532	n/a	Target	2	356133
1424.704	n/a	NonTarget	1	356176
1424.88	n/a	NonTarget	1	356220
1425.056	n/a	NonTarget	1	356264
1425.232	n/a	NonTarget	1	356308
1425.408	n/a	Target	2	356352
1425.58	n/a	NonTarget	1	356395
1425.756	n/a	NonTarget	1	356439
1425.932	n/a	NonTarget	1	356483
1426.108	n/a	NonTarget	1	356527
1426.284	n/a	NonTarget	1	356571
1426.456	n/a	NonTarget	1	356614
1426.632	n/a	Target	2	356658
1426.808	n/a	NonTarget	1	356702
1426.98	n/a	NonTarget	1	356745
1427.156	n/a	NonTarget	1	356789
1427.332	n/a	NonTarget	1	356833
1427.508	n/a	NonTarget	1	356877
1427.68	n/a	Target	2	356920
1427.856	n/a	NonTarget	1	356964
1428.032	n/a	NonTarget	1	357008
1428.208	n/a	NonTarget	1	357052
1428.388	n/a	NonTarget	1	357097
1428.556	n/a	NonTarget	1	357139
1428.736	n/a	Target	2	357184
1428.908	n/a	NonTarget	1	357227
1429.08	n/a	NonTarget	1	357270
1429.256	n/a	NonTarget	1	357314
1429.432	n/a	NonTarget	1	357358
1429.608	n/a	NonTarget	1	357402
1429.78	n/a	Target	2	357445
1429.956	n/a	NonTarget	1	357489
1430.132	n/a	NonTarget	1	357533
1430.308	n/a	NonTarget	1	357577
1430.48	n/a	NonTarget	1	357620
1430.656	n/a	NonTarget	1	357664
1430.832	n/a	Target	2	357708
1431.008	n/a	NonTarget	1	357752
1431.18	n/a	NonTarget	1	357795
1431.36	n/a	NonTarget	1	357840
1431.532	n/a	NonTarget	1	357883
1431.708	n/a	Target	2	357927
1431.88	n/a	NonTarget	1	357970
1432.056	n/a	NonTarget	1	358014
1432.232	n/a	NonTarget	1	358058
1432.408	n/a	NonTarget	1	358102
1432.58	n/a	Target	2	358145
1432.756	n/a	NonTarget	1	358189
1432.932	n/a	NonTarget	1	358233
1433.108	n/a	NonTarget	1	358277
1433.284	n/a	NonTarget	1	358321
1433.456	n/a	NonTarget	1	358364
1433.632	n/a	NonTarget	1	358408
1433.808	n/a	NonTarget	1	358452
1433.98	n/a	Target	2	358495
1434.156	n/a	NonTarget	1	358539
1434.332	n/a	NonTarget	1	358583
1434.508	n/a	Target	2	358627
1434.684	n/a	NonTarget	1	358671
1434.856	n/a	NonTarget	1	358714
1435.032	n/a	NonTarget	1	358758
1435.208	n/a	NonTarget	1	358802
1435.38	n/a	NonTarget	1	358845
1435.556	n/a	Target	2	358889
1435.736	n/a	NonTarget	1	358934
1435.908	n/a	NonTarget	1	358977
1436.08	n/a	NonTarget	1	359020
1456.148	n/a	NonTarget	1	364037
1456.324	n/a	NonTarget	1	364081
1456.496	n/a	NonTarget	1	364124
1456.672	n/a	NonTarget	1	364168
1456.848	n/a	Target	2	364212
1457.024	n/a	NonTarget	1	364256
1457.196	n/a	NonTarget	1	364299
1457.372	n/a	NonTarget	1	364343
1457.548	n/a	NonTarget	1	364387
1457.72	n/a	NonTarget	1	364430
1457.896	n/a	NonTarget	1	364474
1458.072	n/a	Target	2	364518
1458.248	n/a	NonTarget	1	364562
1458.42	n/a	NonTarget	1	364605
1458.596	n/a	NonTarget	1	364649
1458.776	n/a	NonTarget	1	364694
1458.948	n/a	NonTarget	1	364737
1459.124	n/a	Target	2	364781
1459.3	n/a	NonTarget	1	364825
1459.472	n/a	NonTarget	1	364868
1459.648	n/a	NonTarget	1	364912
1459.824	n/a	Target	2	364956
1459.996	n/a	NonTarget	1	364999
1460.172	n/a	NonTarget	1	365043
1460.348	n/a	NonTarget	1	365087
1460.524	n/a	NonTarget	1	365131
1460.696	n/a	NonTarget	1	365174
1460.876	n/a	Target	2	365219
1461.048	n/a	NonTarget	1	365262
1461.224	n/a	NonTarget	1	365306
1461.396	n/a	NonTarget	1	365349
1461.572	n/a	NonTarget	1	365393
1461.748	n/a	Target	2	365437
1461.928	n/a	NonTarget	1	365482
1462.096	n/a	NonTarget	1	365524
1462.272	n/a	NonTarget	1	365568
1462.448	n/a	Target	2	365612
1462.624	n/a	NonTarget	1	365656
1462.796	n/a	NonTarget	1	365699
1462.972	n/a	NonTarget	1	365743
1463.148	n/a	NonTarget	1	365787
1463.324	n/a	NonTarget	1	365831
1463.496	n/a	NonTarget	1	365874
1463.672	n/a	Target	2	365918
1463.848	n/a	NonTarget	1	365962
1464.024	n/a	NonTarget	1	366006
1464.196	n/a	NonTarget	1	366049
1464.372	n/a	NonTarget	1	366093
1464.548	n/a	NonTarget	1	366137
1464.724	n/a	NonTarget	1	366181
1464.896	n/a	NonTarget	1	366224
1465.072	n/a	NonTarget	1	366268
1465.248	n/a	Target	2	366312
1465.424	n/a	NonTarget	1	366356
1465.596	n/a	NonTarget	1	366399
1465.772	n/a	NonTarget	1	366443
1465.948	n/a	NonTarget	1	366487
1466.124	n/a	Target	2	366531
1466.296	n/a	NonTarget	1	366574
1466.472	n/a	NonTarget	1	366618
1466.648	n/a	NonTarget	1	366662
1466.824	n/a	NonTarget	1	366706
1466.996	n/a	NonTarget	1	366749
1467.172	n/a	NonTarget	1	366793
1467.348	n/a	Target	2	366837
1467.524	n/a	NonTarget	1	366881
1467.696	n/a	NonTarget	1	366924
1467.872	n/a	NonTarget	1	366968
1468.048	n/a	Target	2	367012
1468.224	n/a	NonTarget	1	367056
1468.396	n/a	NonTarget	1	367099
1468.572	n/a	NonTarget	1	367143
1468.748	n/a	NonTarget	1	367187
1468.924	n/a	Target	2	367231
1469.096	n/a	NonTarget	1	367274
1469.272	n/a	NonTarget	1	367318
1469.448	n/a	NonTarget	1	367362
1469.624	n/a	NonTarget	1	367406
1469.796	n/a	NonTarget	1	367449
1469.972	n/a	Target	2	367493
1470.148	n/a	NonTarget	1	367537
1470.324	n/a	NonTarget	1	367581
1470.496	n/a	NonTarget	1	367624
1470.672	n/a	NonTarget	1	367668
1470.848	n/a	NonTarget	1	367712
1471.024	n/a	NonTarget	1	367756
1471.196	n/a	NonTarget	1	367799
1471.372	n/a	NonTarget	1	367843
1471.548	n/a	NonTarget	1	367887
1471.724	n/a	Target	2	367931
1486.052	n/a	NonTarget	1	371513
1486.224	n/a	NonTarget	1	371556
1486.4	n/a	NonTarget	1	371600
1486.576	n/a	NonTarget	1	371644
1486.752	n/a	NonTarget	1	371688
1486.924	n/a	Target	2	371731
1487.1	n/a	NonTarget	1	371775
1487.276	n/a	NonTarget	1	371819
1487.452	n/a	NonTarget	1	371863
1487.624	n/a	Target	2	371906
1487.8	n/a	NonTarget	1	371950
1487.976	n/a	NonTarget	1	371994
1488.152	n/a	NonTarget	1	372038
1488.324	n/a	NonTarget	1	372081
1488.5	n/a	NonTarget	1	372125
1488.676	n/a	NonTarget	1	372169
1488.852	n/a	NonTarget	1	372213
1489.024	n/a	Target	2	372256
1489.2	n/a	NonTarget	1	372300
1489.376	n/a	NonTarget	1	372344
1489.552	n/a	NonTarget	1	372388
1489.724	n/a	NonTarget	1	372431
1489.9	n/a	Target	2	372475
1490.076	n/a	NonTarget	1	372519
1490.252	n/a	NonTarget	1	372563
1490.424	n/a	NonTarget	1	372606
1490.6	n/a	NonTarget	1	372650
1490.776	n/a	NonTarget	1	372694
1490.952	n/a	Target	2	372738
1491.124	n/a	NonTarget	1	372781
1491.3	n/a	NonTarget	1	372825
1491.476	n/a	NonTarget	1	372869
1491.648	n/a	NonTarget	1	372912
1491.824	n/a	NonTarget	1	372956
1492.0	n/a	NonTarget	1	373000
1492.176	n/a	Target	2	373044
1492.348	n/a	NonTarget	1	373087
1492.524	n/a	NonTarget	1	373131
1492.7	n/a	NonTarget	1	373175
1492.876	n/a	NonTarget	1	373219
1493.052	n/a	Target	2	373263
1493.228	n/a	NonTarget	1	373307
1493.4	n/a	NonTarget	1	373350
1493.576	n/a	Target	2	373394
1493.752	n/a	NonTarget	1	373438
1493.924	n/a	NonTarget	1	373481
1494.1	n/a	NonTarget	1	373525
1494.276	n/a	NonTarget	1	373569
1494.452	n/a	NonTarget	1	373613
1494.624	n/a	NonTarget	1	373656
1494.8	n/a	Target	2	373700
1494.976	n/a	NonTarget	1	373744
1495.152	n/a	NonTarget	1	373788
1495.324	n/a	NonTarget	1	373831
1495.5	n/a	NonTarget	1	373875
1495.676	n/a	Target	2	373919
1495.852	n/a	NonTarget	1	373963
1496.024	n/a	NonTarget	1	374006
1496.2	n/a	NonTarget	1	374050
1496.376	n/a	NonTarget	1	374094
1496.552	n/a	NonTarget	1	374138
1496.724	n/a	NonTarget	1	374181
1496.9	n/a	NonTarget	1	374225
1497.076	n/a	NonTarget	1	374269
1497.252	n/a	Target	2	374313
1497.424	n/a	NonTarget	1	374356
1497.6	n/a	NonTarget	1	374400
1497.776	n/a	Target	2	374444
1497.952	n/a	NonTarget	1	374488
1498.124	n/a	NonTarget	1	374531
1498.3	n/a	NonTarget	1	374575
1498.476	n/a	NonTarget	1	374619
1498.652	n/a	Target	2	374663
1498.824	n/a	NonTarget	1	374706
1499.0	n/a	NonTarget	1	374750
1499.176	n/a	NonTarget	1	374794
1499.352	n/a	NonTarget	1	374838
1499.524	n/a	NonTarget	1	374881
1499.7	n/a	NonTarget	1	374925
1499.876	n/a	Target	2	374969
1500.052	n/a	NonTarget	1	375013
1500.224	n/a	NonTarget	1	375056
1500.4	n/a	NonTarget	1	375100
1500.576	n/a	NonTarget	1	375144
1500.752	n/a	NonTarget	1	375188
1500.924	n/a	NonTarget	1	375231
1501.1	n/a	Target	2	375275
1501.276	n/a	NonTarget	1	375319
1501.452	n/a	NonTarget	1	375363
1501.624	n/a	NonTarget	1	375406
1526.352	n/a	NonTarget	1	381588
1526.528	n/a	NonTarget	1	381632
1526.704	n/a	NonTarget	1	381676
1526.88	n/a	NonTarget	1	381720
1527.052	n/a	Target	2	381763
1527.228	n/a	NonTarget	1	381807
1527.404	n/a	NonTarget	1	381851
1527.58	n/a	NonTarget	1	381895
1527.752	n/a	NonTarget	1	381938
1527.928	n/a	NonTarget	1	381982
1528.104	n/a	Target	2	382026
1528.28	n/a	NonTarget	1	382070
1528.452	n/a	NonTarget	1	382113
1528.628	n/a	NonTarget	1	382157
1528.804	n/a	NonTarget	1	382201
1528.98	n/a	NonTarget	1	382245
1529.152	n/a	NonTarget	1	382288
1529.328	n/a	Target	2	382332
1529.504	n/a	NonTarget	1	382376
1529.68	n/a	NonTarget	1	382420
1529.852	n/a	NonTarget	1	382463
1530.028	n/a	Target	2	382507
1530.204	n/a	NonTarget	1	382551
1530.38	n/a	NonTarget	1	382595
1530.552	n/a	NonTarget	1	382638
1530.728	n/a	Target	2	382682
1530.904	n/a	NonTarget	1	382726
1531.08	n/a	NonTarget	1	382770
1531.252	n/a	NonTarget	1	382813
1531.428	n/a	NonTarget	1	382857
1531.604	n/a	Target	2	382901
1531.78	n/a	NonTarget	1	382945
1531.952	n/a	NonTarget	1	382988
1532.128	n/a	NonTarget	1	383032
1532.304	n/a	NonTarget	1	383076
1532.48	n/a	NonTarget	1	383120
1532.656	n/a	NonTarget	1	383164
1532.828	n/a	NonTarget	1	383207
1533.004	n/a	NonTarget	1	383251
1533.18	n/a	NonTarget	1	383295
1533.352	n/a	Target	2	383338
1533.528	n/a	NonTarget	1	383382
1533.704	n/a	NonTarget	1	383426
1533.88	n/a	NonTarget	1	383470
1534.052	n/a	NonTarget	1	383513
1534.228	n/a	NonTarget	1	383557
1534.404	n/a	NonTarget	1	383601
1534.58	n/a	Target	2	383645
1534.752	n/a	NonTarget	1	383688
1534.928	n/a	NonTarget	1	383732
1535.104	n/a	NonTarget	1	383776
1535.28	n/a	Target	2	383820
1535.452	n/a	NonTarget	1	383863
1535.628	n/a	NonTarget	1	383907
1535.804	n/a	NonTarget	1	383951
1535.98	n/a	NonTarget	1	383995
1536.152	n/a	NonTarget	1	384038
1536.328	n/a	NonTarget	1	384082
1536.504	n/a	NonTarget	1	384126
1536.68	n/a	Target	2	384170
1536.852	n/a	NonTarget	1	384213
1537.028	n/a	NonTarget	1	384257
1537.204	n/a	NonTarget	1	384301
1537.38	n/a	NonTarget	1	384345
1537.552	n/a	NonTarget	1	384388
1537.728	n/a	Target	2	384432
1537.904	n/a	NonTarget	1	384476
1538.08	n/a	NonTarget	1	384520
1538.252	n/a	NonTarget	1	384563
1538.428	n/a	NonTarget	1	384607
1538.608	n/a	Target	2	384652
1538.78	n/a	NonTarget	1	384695
1538.952	n/a	NonTarget	1	384738
1539.128	n/a	NonTarget	1	384782
1539.304	n/a	NonTarget	1	384826
1539.48	n/a	Target	2	384870
1539.652	n/a	NonTarget	1	384913
1539.828	n/a	NonTarget	1	384957
1540.004	n/a	Target	2	385001
1540.18	n/a	NonTarget	1	385045
1540.352	n/a	NonTarget	1	385088
1540.528	n/a	NonTarget	1	385132
1540.704	n/a	NonTarget	1	385176
1540.88	n/a	NonTarget	1	385220
1541.052	n/a	NonTarget	1	385263
1541.228	n/a	Target	2	385307
1541.404	n/a	NonTarget	1	385351
1541.58	n/a	NonTarget	1	385395
1541.752	n/a	NonTarget	1	385438
1541.928	n/a	NonTarget	1	385482
1557.088	n/a	NonTarget	1	389272
1557.264	n/a	NonTarget	1	389316
1557.44	n/a	NonTarget	1	389360
1557.616	n/a	NonTarget	1	389404
1557.788	n/a	Target	2	389447
1557.964	n/a	NonTarget	1	389491
1558.14	n/a	NonTarget	1	389535
1558.316	n/a	NonTarget	1	389579
1558.488	n/a	Target	2	389622
1558.664	n/a	NonTarget	1	389666
1558.84	n/a	NonTarget	1	389710
1559.016	n/a	NonTarget	1	389754
1559.188	n/a	NonTarget	1	389797
1559.364	n/a	NonTarget	1	389841
1559.54	n/a	NonTarget	1	389885
1559.712	n/a	NonTarget	1	389928
1559.888	n/a	Target	2	389972
1560.064	n/a	NonTarget	1	390016
1560.24	n/a	NonTarget	1	390060
1560.416	n/a	NonTarget	1	390104
1560.588	n/a	NonTarget	1	390147
1560.764	n/a	NonTarget	1	390191
1560.94	n/a	Target	2	390235
1561.112	n/a	NonTarget	1	390278
1561.288	n/a	NonTarget	1	390322
1561.464	n/a	NonTarget	1	390366
1561.64	n/a	Target	2	390410
1561.816	n/a	NonTarget	1	390454
1561.988	n/a	NonTarget	1	390497
1562.164	n/a	NonTarget	1	390541
1562.34	n/a	NonTarget	1	390585
1562.516	n/a	NonTarget	1	390629
1562.688	n/a	NonTarget	1	390672
1562.864	n/a	Target	2	390716
1563.04	n/a	NonTarget	1	390760
1563.216	n/a	NonTarget	1	390804
1563.396	n/a	NonTarget	1	390849
1563.564	n/a	Target	2	390891
1563.74	n/a	NonTarget	1	390935
1563.916	n/a	NonTarget	1	390979
1564.088	n/a	NonTarget	1	391022
1564.264	n/a	NonTarget	1	391066
1564.44	n/a	Target	2	391110
1564.616	n/a	NonTarget	1	391154
1564.788	n/a	NonTarget	1	391197
1564.964	n/a	NonTarget	1	391241
1565.14	n/a	NonTarget	1	391285
1565.312	n/a	NonTarget	1	391328
1565.488	n/a	NonTarget	1	391372
1565.664	n/a	NonTarget	1	391416
1565.84	n/a	NonTarget	1	391460
1566.016	n/a	Target	2	391504
1566.188	n/a	NonTarget	1	391547
1566.364	n/a	NonTarget	1	391591
1566.54	n/a	NonTarget	1	391635
1566.712	n/a	NonTarget	1	391678
1566.888	n/a	Target	2	391722
1567.064	n/a	NonTarget	1	391766
1567.24	n/a	NonTarget	1	391810
1567.412	n/a	NonTarget	1	391853
1567.588	n/a	NonTarget	1	391897
1567.764	n/a	NonTarget	1	391941
1567.94	n/a	NonTarget	1	391985
1568.116	n/a	NonTarget	1	392029
1568.288	n/a	Target	2	392072
1568.464	n/a	NonTarget	1	392116
1568.64	n/a	NonTarget	1	392160
1568.812	n/a	NonTarget	1	392203
1568.988	n/a	Target	2	392247
1569.164	n/a	NonTarget	1	392291
1569.34	n/a	NonTarget	1	392335
1569.516	n/a	NonTarget	1	392379
1569.688	n/a	NonTarget	1	392422
1569.864	n/a	NonTarget	1	392466
1570.04	n/a	Target	2	392510
1570.212	n/a	NonTarget	1	392553
1570.388	n/a	NonTarget	1	392597
1570.564	n/a	NonTarget	1	392641
1570.74	n/a	NonTarget	1	392685
1570.912	n/a	Target	2	392728
1571.088	n/a	NonTarget	1	392772
1571.264	n/a	NonTarget	1	392816
1571.44	n/a	NonTarget	1	392860
1571.612	n/a	NonTarget	1	392903
1571.788	n/a	Target	2	392947
1571.964	n/a	NonTarget	1	392991
1572.14	n/a	NonTarget	1	393035
1572.316	n/a	NonTarget	1	393079
1572.496	n/a	NonTarget	1	393124
1572.664	n/a	NonTarget	1	393166
1592.972	n/a	NonTarget	1	398243
1593.148	n/a	NonTarget	1	398287
1593.324	n/a	NonTarget	1	398331
1593.496	n/a	NonTarget	1	398374
1593.672	n/a	Target	2	398418
1593.848	n/a	NonTarget	1	398462
1594.02	n/a	NonTarget	1	398505
1594.196	n/a	NonTarget	1	398549
1594.372	n/a	NonTarget	1	398593
1594.548	n/a	Target	2	398637
1594.72	n/a	NonTarget	1	398680
1594.896	n/a	NonTarget	1	398724
1595.072	n/a	NonTarget	1	398768
1595.248	n/a	Target	2	398812
1595.42	n/a	NonTarget	1	398855
1595.596	n/a	NonTarget	1	398899
1595.772	n/a	NonTarget	1	398943
1595.948	n/a	NonTarget	1	398987
1596.124	n/a	NonTarget	1	399031
1596.296	n/a	NonTarget	1	399074
1596.472	n/a	NonTarget	1	399118
1596.648	n/a	NonTarget	1	399162
1596.824	n/a	Target	2	399206
1596.996	n/a	NonTarget	1	399249
1597.172	n/a	NonTarget	1	399293
1597.348	n/a	NonTarget	1	399337
1597.52	n/a	NonTarget	1	399380
1597.696	n/a	NonTarget	1	399424
1597.872	n/a	NonTarget	1	399468
1598.048	n/a	Target	2	399512
1598.22	n/a	NonTarget	1	399555
1598.396	n/a	NonTarget	1	399599
1598.572	n/a	Target	2	399643
1598.748	n/a	NonTarget	1	399687
1598.92	n/a	NonTarget	1	399730
1599.096	n/a	NonTarget	1	399774
1599.272	n/a	Target	2	399818
1599.452	n/a	NonTarget	1	399863
1599.62	n/a	NonTarget	1	399905
1599.796	n/a	NonTarget	1	399949
1599.972	n/a	NonTarget	1	399993
1600.148	n/a	NonTarget	1	400037
1600.32	n/a	Target	2	400080
1600.496	n/a	NonTarget	1	400124
1600.672	n/a	NonTarget	1	400168
1600.848	n/a	NonTarget	1	400212
1601.02	n/a	NonTarget	1	400255
1601.196	n/a	NonTarget	1	400299
1601.372	n/a	NonTarget	1	400343
1601.548	n/a	NonTarget	1	400387
1601.72	n/a	Target	2	400430
1601.896	n/a	NonTarget	1	400474
1602.072	n/a	NonTarget	1	400518
1602.248	n/a	NonTarget	1	400562
1602.42	n/a	Target	2	400605
1602.596	n/a	NonTarget	1	400649
1602.772	n/a	NonTarget	1	400693
1602.948	n/a	NonTarget	1	400737
1603.12	n/a	NonTarget	1	400780
1603.296	n/a	NonTarget	1	400824
1603.468	n/a	NonTarget	1	400867
1603.644	n/a	Target	2	400911
1603.82	n/a	NonTarget	1	400955
1603.996	n/a	NonTarget	1	400999
1604.172	n/a	NonTarget	1	401043
1604.348	n/a	NonTarget	1	401087
1604.52	n/a	NonTarget	1	401130
1604.696	n/a	Target	2	401174
1604.872	n/a	NonTarget	1	401218
1605.048	n/a	NonTarget	1	401262
1605.22	n/a	NonTarget	1	401305
1605.396	n/a	NonTarget	1	401349
1605.576	n/a	NonTarget	1	401394
1605.748	n/a	Target	2	401437
1605.92	n/a	NonTarget	1	401480
1606.096	n/a	NonTarget	1	401524
1606.276	n/a	NonTarget	1	401569
1606.448	n/a	NonTarget	1	401612
1606.62	n/a	Target	2	401655
1606.796	n/a	NonTarget	1	401699
1606.972	n/a	NonTarget	1	401743
1607.148	n/a	NonTarget	1	401787
1607.32	n/a	NonTarget	1	401830
1607.496	n/a	NonTarget	1	401874
1607.672	n/a	Target	2	401918
1607.844	n/a	NonTarget	1	401961
1608.02	n/a	NonTarget	1	402005
1608.196	n/a	NonTarget	1	402049
1608.372	n/a	NonTarget	1	402093
1608.548	n/a	NonTarget	1	402137
1622.768	n/a	NonTarget	1	405692
1622.944	n/a	Target	2	405736
1623.12	n/a	NonTarget	1	405780
1623.296	n/a	NonTarget	1	405824
1623.468	n/a	NonTarget	1	405867
1623.652	n/a	NonTarget	1	405913
1623.82	n/a	NonTarget	1	405955
1623.996	n/a	NonTarget	1	405999
1624.172	n/a	Target	2	406043
1624.344	n/a	NonTarget	1	406086
1624.52	n/a	NonTarget	1	406130
1624.696	n/a	NonTarget	1	406174
1624.868	n/a	NonTarget	1	406217
1625.044	n/a	NonTarget	1	406261
1625.22	n/a	Target	2	406305
1625.396	n/a	NonTarget	1	406349
1625.568	n/a	NonTarget	1	406392
1625.744	n/a	NonTarget	1	406436
1625.92	n/a	Target	2	406480
1626.096	n/a	NonTarget	1	406524
1626.268	n/a	NonTarget	1	406567
1626.448	n/a	NonTarget	1	406612
1626.62	n/a	NonTarget	1	406655
1626.796	n/a	NonTarget	1	406699
1626.968	n/a	Target	2	406742
1627.144	n/a	NonTarget	1	406786
1627.32	n/a	NonTarget	1	406830
1627.496	n/a	NonTarget	1	406874
1627.668	n/a	NonTarget	1	406917
1627.844	n/a	NonTarget	1	406961
1628.02	n/a	NonTarget	1	407005
1628.196	n/a	NonTarget	1	407049
1628.368	n/a	NonTarget	1	407092
1628.544	n/a	NonTarget	1	407136
1628.72	n/a	Target	2	407180
1628.9	n/a	NonTarget	1	407225
1629.072	n/a	NonTarget	1	407268
1629.244	n/a	NonTarget	1	407311
1629.42	n/a	NonTarget	1	407355
1629.596	n/a	NonTarget	1	407399
1629.768	n/a	NonTarget	1	407442
1629.944	n/a	Target	2	407486
1630.12	n/a	NonTarget	1	407530
1630.296	n/a	NonTarget	1	407574
1630.468	n/a	Target	2	407617
1630.644	n/a	NonTarget	1	407661
1630.82	n/a	NonTarget	1	407705
1630.996	n/a	NonTarget	1	407749
1631.168	n/a	NonTarget	1	407792
1631.344	n/a	Target	2	407836
1631.52	n/a	NonTarget	1	407880
1631.696	n/a	NonTarget	1	407924
1631.868	n/a	NonTarget	1	407967
1632.044	n/a	NonTarget	1	408011
1632.22	n/a	NonTarget	1	408055
1632.396	n/a	NonTarget	1	408099
1632.568	n/a	NonTarget	1	408142
1632.744	n/a	NonTarget	1	408186
1632.92	n/a	NonTarget	1	408230
1633.096	n/a	Target	2	408274
1633.268	n/a	NonTarget	1	408317
1633.444	n/a	NonTarget	1	408361
1633.62	n/a	Target	2	408405
1633.796	n/a	NonTarget	1	408449
1633.968	n/a	NonTarget	1	408492
1634.144	n/a	NonTarget	1	408536
1634.32	n/a	NonTarget	1	408580
1634.496	n/a	NonTarget	1	408624
1634.668	n/a	NonTarget	1	408667
1634.844	n/a	NonTarget	1	408711
1635.02	n/a	NonTarget	1	408755
1635.196	n/a	Target	2	408799
1635.368	n/a	NonTarget	1	408842
1635.544	n/a	NonTarget	1	408886
1635.72	n/a	NonTarget	1	408930
1635.896	n/a	Target	2	408974
1636.068	n/a	NonTarget	1	409017
1636.244	n/a	NonTarget	1	409061
1636.42	n/a	NonTarget	1	409105
1636.596	n/a	Target	2	409149
1636.768	n/a	NonTarget	1	409192
1636.944	n/a	NonTarget	1	409236
1637.12	n/a	NonTarget	1	409280
1637.296	n/a	NonTarget	1	409324
1637.468	n/a	NonTarget	1	409367
1637.644	n/a	NonTarget	1	409411
1637.82	n/a	NonTarget	1	409455
1637.996	n/a	NonTarget	1	409499
1638.168	n/a	NonTarget	1	409542
1638.344	n/a	Target	2	409586
1658.36	n/a	NonTarget	1	414590
1658.536	n/a	NonTarget	1	414634
1658.712	n/a	NonTarget	1	414678
1658.888	n/a	Target	2	414722
1659.06	n/a	NonTarget	1	414765
1659.236	n/a	NonTarget	1	414809
1659.412	n/a	NonTarget	1	414853
1659.584	n/a	Target	2	414896
1659.76	n/a	NonTarget	1	414940
1659.936	n/a	NonTarget	1	414984
1660.112	n/a	NonTarget	1	415028
1660.292	n/a	NonTarget	1	415073
1660.46	n/a	Target	2	415115
1660.636	n/a	NonTarget	1	415159
1660.812	n/a	NonTarget	1	415203
1660.988	n/a	NonTarget	1	415247
1661.16	n/a	NonTarget	1	415290
1661.336	n/a	NonTarget	1	415334
1661.512	n/a	NonTarget	1	415378
1661.684	n/a	NonTarget	1	415421
1661.86	n/a	NonTarget	1	415465
1662.036	n/a	Target	2	415509
1662.212	n/a	NonTarget	1	415553
1662.388	n/a	NonTarget	1	415597
1662.56	n/a	NonTarget	1	415640
1662.736	n/a	NonTarget	1	415684
1662.912	n/a	Target	2	415728
1663.084	n/a	NonTarget	1	415771
1663.26	n/a	NonTarget	1	415815
1663.436	n/a	NonTarget	1	415859
1663.608	n/a	NonTarget	1	415902
1663.784	n/a	NonTarget	1	415946
1663.96	n/a	NonTarget	1	415990
1664.136	n/a	NonTarget	1	416034
1664.312	n/a	Target	2	416078
1664.484	n/a	NonTarget	1	416121
1664.66	n/a	NonTarget	1	416165
1664.836	n/a	NonTarget	1	416209
1665.012	n/a	Target	2	416253
1665.188	n/a	NonTarget	1	416297
1665.36	n/a	NonTarget	1	416340
1665.536	n/a	NonTarget	1	416384
1665.712	n/a	NonTarget	1	416428
1665.884	n/a	NonTarget	1	416471
1666.06	n/a	Target	2	416515
1666.236	n/a	NonTarget	1	416559
1666.412	n/a	NonTarget	1	416603
1666.584	n/a	NonTarget	1	416646
1666.76	n/a	NonTarget	1	416690
1666.936	n/a	Target	2	416734
1667.112	n/a	NonTarget	1	416778
1667.284	n/a	NonTarget	1	416821
1667.46	n/a	NonTarget	1	416865
1667.636	n/a	NonTarget	1	416909
1667.812	n/a	Target	2	416953
1667.984	n/a	NonTarget	1	416996
1668.16	n/a	NonTarget	1	417040
1668.336	n/a	NonTarget	1	417084
1668.512	n/a	NonTarget	1	417128
1668.684	n/a	NonTarget	1	417171
1668.86	n/a	NonTarget	1	417215
1669.036	n/a	NonTarget	1	417259
1669.212	n/a	NonTarget	1	417303
1669.388	n/a	Target	2	417347
1669.56	n/a	NonTarget	1	417390
1669.736	n/a	NonTarget	1	417434
1669.912	n/a	Target	2	417478
1670.084	n/a	NonTarget	1	417521
1670.26	n/a	NonTarget	1	417565
1670.436	n/a	NonTarget	1	417609
1670.612	n/a	NonTarget	1	417653
1670.784	n/a	NonTarget	1	417696
1670.96	n/a	NonTarget	1	417740
1671.136	n/a	NonTarget	1	417784
1671.312	n/a	NonTarget	1	417828
1671.484	n/a	NonTarget	1	417871
1671.66	n/a	Target	2	417915
1671.836	n/a	NonTarget	1	417959
1672.012	n/a	NonTarget	1	418003
1672.184	n/a	NonTarget	1	418046
1672.36	n/a	NonTarget	1	418090
1672.536	n/a	Target	2	418134
1672.712	n/a	NonTarget	1	418178
1672.888	n/a	NonTarget	1	418222
1673.06	n/a	NonTarget	1	418265
1673.236	n/a	NonTarget	1	418309
1673.412	n/a	NonTarget	1	418353
1673.588	n/a	Target	2	418397
1673.76	n/a	NonTarget	1	418440
1673.936	n/a	NonTarget	1	418484
1688.984	n/a	NonTarget	1	422246
1689.16	n/a	NonTarget	1	422290
1689.336	n/a	NonTarget	1	422334
1689.512	n/a	NonTarget	1	422378
1689.684	n/a	NonTarget	1	422421
1689.86	n/a	Target	2	422465
1690.036	n/a	NonTarget	1	422509
1690.208	n/a	NonTarget	1	422552
1690.384	n/a	Target	2	422596
1690.56	n/a	NonTarget	1	422640
1690.732	n/a	NonTarget	1	422683
1690.908	n/a	NonTarget	1	422727
1691.084	n/a	NonTarget	1	422771
1691.26	n/a	NonTarget	1	422815
1691.436	n/a	NonTarget	1	422859
1691.608	n/a	NonTarget	1	422902
1691.784	n/a	NonTarget	1	422946
1691.96	n/a	Target	2	422990
1692.136	n/a	NonTarget	1	423034
1692.312	n/a	NonTarget	1	423078
1692.484	n/a	NonTarget	1	423121
1692.66	n/a	NonTarget	1	423165
1692.836	n/a	NonTarget	1	423209
1693.008	n/a	Target	2	423252
1693.184	n/a	NonTarget	1	423296
1693.36	n/a	NonTarget	1	423340
1693.536	n/a	NonTarget	1	423384
1693.708	n/a	Target	2	423427
1693.884	n/a	NonTarget	1	423471
1694.06	n/a	NonTarget	1	423515
1694.236	n/a	NonTarget	1	423559
1694.408	n/a	NonTarget	1	423602
1694.584	n/a	NonTarget	1	423646
1694.76	n/a	NonTarget	1	423690
1694.936	n/a	Target	2	423734
1695.108	n/a	NonTarget	1	423777
1695.284	n/a	NonTarget	1	423821
1695.46	n/a	NonTarget	1	423865
1695.636	n/a	NonTarget	1	423909
1695.812	n/a	NonTarget	1	423953
1695.984	n/a	Target	2	423996
1696.16	n/a	NonTarget	1	424040
1696.336	n/a	NonTarget	1	424084
1696.512	n/a	NonTarget	1	424128
1696.684	n/a	NonTarget	1	424171
1696.86	n/a	NonTarget	1	424215
1697.036	n/a	NonTarget	1	424259
1697.208	n/a	Target	2	424302
1697.384	n/a	NonTarget	1	424346
1697.56	n/a	NonTarget	1	424390
1697.736	n/a	NonTarget	1	424434
1697.908	n/a	Target	2	424477
1698.084	n/a	NonTarget	1	424521
1698.26	n/a	NonTarget	1	424565
1698.436	n/a	NonTarget	1	424609
1698.608	n/a	Target	2	424652
1698.784	n/a	NonTarget	1	424696
1698.96	n/a	NonTarget	1	424740
1699.136	n/a	NonTarget	1	424784
1699.308	n/a	NonTarget	1	424827
1699.484	n/a	Target	2	424871
1699.66	n/a	NonTarget	1	424915
1699.836	n/a	NonTarget	1	424959
1700.012	n/a	NonTarget	1	425003
1700.184	n/a	NonTarget	1	425046
1700.36	n/a	NonTarget	1	425090
1700.536	n/a	NonTarget	1	425134
1700.708	n/a	NonTarget	1	425177
1700.884	n/a	NonTarget	1	425221
1701.06	n/a	NonTarget	1	425265
1701.236	n/a	Target	2	425309
1701.408	n/a	NonTarget	1	425352
1701.584	n/a	NonTarget	1	425396
1701.76	n/a	NonTarget	1	425440
1701.936	n/a	NonTarget	1	425484
1702.108	n/a	NonTarget	1	425527
1702.284	n/a	NonTarget	1	425571
1702.46	n/a	Target	2	425615
1702.636	n/a	NonTarget	1	425659
1702.808	n/a	NonTarget	1	425702
1702.984	n/a	NonTarget	1	425746
1703.16	n/a	Target	2	425790
1703.336	n/a	NonTarget	1	425834
1703.508	n/a	NonTarget	1	425877
1703.684	n/a	NonTarget	1	425921
1703.86	n/a	NonTarget	1	425965
1704.036	n/a	NonTarget	1	426009
1704.208	n/a	NonTarget	1	426052
1704.384	n/a	NonTarget	1	426096
1704.56	n/a	Target	2	426140
1724.668	n/a	Target	2	431167
1724.844	n/a	NonTarget	1	431211
1725.024	n/a	NonTarget	1	431256
1725.196	n/a	NonTarget	1	431299
1725.38	n/a	NonTarget	1	431345
1725.544	n/a	NonTarget	1	431386
1725.72	n/a	NonTarget	1	431430
1725.892	n/a	NonTarget	1	431473
1726.068	n/a	NonTarget	1	431517
1726.244	n/a	Target	2	431561
1726.42	n/a	NonTarget	1	431605
1726.592	n/a	NonTarget	1	431648
1726.768	n/a	NonTarget	1	431692
1726.944	n/a	NonTarget	1	431736
1727.12	n/a	NonTarget	1	431780
1727.296	n/a	NonTarget	1	431824
1727.472	n/a	NonTarget	1	431868
1727.644	n/a	Target	2	431911
1727.82	n/a	NonTarget	1	431955
1727.996	n/a	NonTarget	1	431999
1728.168	n/a	NonTarget	1	432042
1728.344	n/a	Target	2	432086
1728.52	n/a	NonTarget	1	432130
1728.696	n/a	NonTarget	1	432174
1728.868	n/a	NonTarget	1	432217
1729.044	n/a	NonTarget	1	432261
1729.22	n/a	Target	2	432305
1729.396	n/a	NonTarget	1	432349
1729.568	n/a	NonTarget	1	432392
1729.744	n/a	NonTarget	1	432436
1729.92	n/a	NonTarget	1	432480
1730.096	n/a	NonTarget	1	432524
1730.268	n/a	NonTarget	1	432567
1730.444	n/a	NonTarget	1	432611
1730.62	n/a	NonTarget	1	432655
1730.796	n/a	Target	2	432699
1730.968	n/a	NonTarget	1	432742
1731.144	n/a	NonTarget	1	432786
1731.32	n/a	NonTarget	1	432830
1731.496	n/a	Target	2	432874
1731.668	n/a	NonTarget	1	432917
1731.844	n/a	NonTarget	1	432961
1732.02	n/a	NonTarget	1	433005
1732.196	n/a	NonTarget	1	433049
1732.368	n/a	NonTarget	1	433092
1732.544	n/a	NonTarget	1	433136
1732.72	n/a	NonTarget	1	433180
1732.896	n/a	Target	2	433224
1733.068	n/a	NonTarget	1	433267
1733.244	n/a	NonTarget	1	433311
1733.42	n/a	NonTarget	1	433355
1733.596	n/a	NonTarget	1	433399
1733.768	n/a	NonTarget	1	433442
1733.944	n/a	Target	2	433486
1734.12	n/a	NonTarget	1	433530
1734.296	n/a	NonTarget	1	433574
1734.468	n/a	NonTarget	1	433617
1734.644	n/a	Target	2	433661
1734.82	n/a	NonTarget	1	433705
1734.996	n/a	NonTarget	1	433749
1735.168	n/a	NonTarget	1	433792
1735.344	n/a	NonTarget	1	433836
1735.52	n/a	NonTarget	1	433880
1735.696	n/a	NonTarget	1	433924
1735.868	n/a	Target	2	433967
1736.044	n/a	NonTarget	1	434011
1736.22	n/a	NonTarget	1	434055
1736.396	n/a	NonTarget	1	434099
1736.568	n/a	NonTarget	1	434142
1736.744	n/a	NonTarget	1	434186
1736.92	n/a	NonTarget	1	434230
1737.096	n/a	Target	2	434274
1737.268	n/a	NonTarget	1	434317
1737.444	n/a	NonTarget	1	434361
1737.62	n/a	NonTarget	1	434405
1737.796	n/a	Target	2	434449
1737.968	n/a	NonTarget	1	434492
1738.144	n/a	NonTarget	1	434536
1738.32	n/a	NonTarget	1	434580
1738.496	n/a	NonTarget	1	434624
1738.668	n/a	Target	2	434667
1738.844	n/a	NonTarget	1	434711
1739.02	n/a	NonTarget	1	434755
1739.196	n/a	NonTarget	1	434799
1739.368	n/a	NonTarget	1	434842
1739.544	n/a	NonTarget	1	434886
1739.72	n/a	NonTarget	1	434930
1739.896	n/a	Target	2	434974
1740.068	n/a	NonTarget	1	435017
1740.244	n/a	NonTarget	1	435061
1754.684	n/a	Target	2	438671
1754.86	n/a	NonTarget	1	438715
1755.036	n/a	NonTarget	1	438759
1755.208	n/a	NonTarget	1	438802
1755.384	n/a	NonTarget	1	438846
1755.56	n/a	NonTarget	1	438890
1755.736	n/a	Target	2	438934
1755.908	n/a	NonTarget	1	438977
1756.084	n/a	NonTarget	1	439021
1756.26	n/a	NonTarget	1	439065
1756.432	n/a	NonTarget	1	439108
1756.608	n/a	NonTarget	1	439152
1756.784	n/a	Target	2	439196
1756.96	n/a	NonTarget	1	439240
1757.132	n/a	NonTarget	1	439283
1757.308	n/a	NonTarget	1	439327
1757.484	n/a	NonTarget	1	439371
1757.66	n/a	NonTarget	1	439415
1757.836	n/a	NonTarget	1	439459
1758.008	n/a	NonTarget	1	439502
1758.184	n/a	NonTarget	1	439546
1758.36	n/a	Target	2	439590
1758.532	n/a	NonTarget	1	439633
1758.708	n/a	NonTarget	1	439677
1758.884	n/a	NonTarget	1	439721
1759.06	n/a	NonTarget	1	439765
1759.232	n/a	NonTarget	1	439808
1759.408	n/a	NonTarget	1	439852
1759.584	n/a	Target	2	439896
1759.76	n/a	NonTarget	1	439940
1759.932	n/a	NonTarget	1	439983
1760.108	n/a	Target	2	440027
1760.284	n/a	NonTarget	1	440071
1760.46	n/a	NonTarget	1	440115
1760.632	n/a	NonTarget	1	440158
1760.808	n/a	NonTarget	1	440202
1760.984	n/a	NonTarget	1	440246
1761.16	n/a	NonTarget	1	440290
1761.34	n/a	NonTarget	1	440335
1761.508	n/a	NonTarget	1	440377
1761.684	n/a	NonTarget	1	440421
1761.86	n/a	Target	2	440465
1762.032	n/a	NonTarget	1	440508
1762.208	n/a	NonTarget	1	440552
1762.392	n/a	Target	2	440598
1762.56	n/a	NonTarget	1	440640
1762.732	n/a	NonTarget	1	440683
1762.908	n/a	NonTarget	1	440727
1763.084	n/a	Target	2	440771
1763.26	n/a	NonTarget	1	440815
1763.432	n/a	NonTarget	1	440858
1763.612	n/a	NonTarget	1	440903
1763.784	n/a	NonTarget	1	440946
1763.96	n/a	NonTarget	1	440990
1764.132	n/a	Target	2	441033
1764.308	n/a	NonTarget	1	441077
1764.484	n/a	NonTarget	1	441121
1764.66	n/a	NonTarget	1	441165
1764.832	n/a	NonTarget	1	441208
1765.008	n/a	NonTarget	1	441252
1765.184	n/a	Target	2	441296
1765.36	n/a	NonTarget	1	441340
1765.532	n/a	NonTarget	1	441383
1765.708	n/a	NonTarget	1	441427
1765.884	n/a	NonTarget	1	441471
1766.06	n/a	NonTarget	1	441515
1766.232	n/a	NonTarget	1	441558
1766.408	n/a	Target	2	441602
1766.584	n/a	NonTarget	1	441646
1766.76	n/a	NonTarget	1	441690
1766.932	n/a	NonTarget	1	441733
1767.108	n/a	NonTarget	1	441777
1767.284	n/a	NonTarget	1	441821
1767.46	n/a	NonTarget	1	441865
1767.632	n/a	NonTarget	1	441908
1767.808	n/a	Target	2	441952
1767.984	n/a	NonTarget	1	441996
1768.164	n/a	NonTarget	1	442041
1768.332	n/a	Target	2	442083
1768.516	n/a	NonTarget	1	442129
1768.684	n/a	NonTarget	1	442171
1768.86	n/a	NonTarget	1	442215
1769.032	n/a	NonTarget	1	442258
1769.208	n/a	NonTarget	1	442302
1769.384	n/a	NonTarget	1	442346
1769.56	n/a	NonTarget	1	442390
1769.732	n/a	NonTarget	1	442433
1769.908	n/a	NonTarget	1	442477
1770.084	n/a	Target	2	442521
1770.26	n/a	NonTarget	1	442565
1790.516	n/a	NonTarget	1	447629
1790.688	n/a	NonTarget	1	447672
1790.864	n/a	NonTarget	1	447716
1791.04	n/a	NonTarget	1	447760
1791.216	n/a	NonTarget	1	447804
1791.388	n/a	Target	2	447847
1791.564	n/a	NonTarget	1	447891
1791.74	n/a	NonTarget	1	447935
1791.916	n/a	NonTarget	1	447979
1792.088	n/a	NonTarget	1	448022
1792.264	n/a	NonTarget	1	448066
1792.44	n/a	Target	2	448110
1792.616	n/a	NonTarget	1	448154
1792.788	n/a	NonTarget	1	448197
1792.964	n/a	NonTarget	1	448241
1793.14	n/a	NonTarget	1	448285
1793.316	n/a	Target	2	448329
1793.488	n/a	NonTarget	1	448372
1793.664	n/a	NonTarget	1	448416
1793.84	n/a	NonTarget	1	448460
1794.016	n/a	NonTarget	1	448504
1794.188	n/a	NonTarget	1	448547
1794.364	n/a	Target	2	448591
1794.54	n/a	NonTarget	1	448635
1794.716	n/a	NonTarget	1	448679
1794.888	n/a	NonTarget	1	448722
1795.064	n/a	NonTarget	1	448766
1795.24	n/a	NonTarget	1	448810
1795.416	n/a	NonTarget	1	448854
1795.588	n/a	Target	2	448897
1795.764	n/a	NonTarget	1	448941
1795.94	n/a	NonTarget	1	448985
1796.116	n/a	NonTarget	1	449029
1796.288	n/a	NonTarget	1	449072
1796.464	n/a	Target	2	449116
1796.64	n/a	NonTarget	1	449160
1796.816	n/a	NonTarget	1	449204
1796.988	n/a	NonTarget	1	449247
1797.164	n/a	NonTarget	1	449291
1797.34	n/a	NonTarget	1	449335
1797.516	n/a	NonTarget	1	449379
1797.688	n/a	Target	2	449422
1797.864	n/a	NonTarget	1	449466
1798.04	n/a	NonTarget	1	449510
1798.216	n/a	NonTarget	1	449554
1798.388	n/a	NonTarget	1	449597
1798.564	n/a	Target	2	449641
1798.74	n/a	NonTarget	1	449685
1798.916	n/a	NonTarget	1	449729
1799.088	n/a	NonTarget	1	449772
1799.264	n/a	NonTarget	1	449816
1799.44	n/a	NonTarget	1	449860
1799.616	n/a	Target	2	449904
1799.788	n/a	NonTarget	1	449947
1799.964	n/a	NonTarget	1	449991
1800.14	n/a	NonTarget	1	450035
1800.316	n/a	NonTarget	1	450079
1800.488	n/a	Target	2	450122
1800.664	n/a	NonTarget	1	450166
1800.84	n/a	NonTarget	1	450210
1801.016	n/a	Target	2	450254
1801.188	n/a	NonTarget	1	450297
1801.364	n/a	NonTarget	1	450341
1801.54	n/a	NonTarget	1	450385
1801.716	n/a	NonTarget	1	450429
1801.888	n/a	NonTarget	1	450472
1802.064	n/a	NonTarget	1	450516
1802.24	n/a	NonTarget	1	450560
1802.416	n/a	NonTarget	1	450604
1802.588	n/a	Target	2	450647
1802.764	n/a	NonTarget	1	450691
1802.94	n/a	NonTarget	1	450735
1803.116	n/a	NonTarget	1	450779
1803.288	n/a	NonTarget	1	450822
1803.464	n/a	NonTarget	1	450866
1803.64	n/a	NonTarget	1	450910
1803.816	n/a	NonTarget	1	450954
1803.992	n/a	Target	2	450998
1804.164	n/a	NonTarget	1	451041
1804.34	n/a	NonTarget	1	451085
1804.516	n/a	NonTarget	1	451129
1804.688	n/a	Target	2	451172
1804.864	n/a	NonTarget	1	451216
1805.04	n/a	NonTarget	1	451260
1805.216	n/a	NonTarget	1	451304
1805.388	n/a	NonTarget	1	451347
1805.564	n/a	Target	2	451391
1805.74	n/a	NonTarget	1	451435
1805.916	n/a	NonTarget	1	451479
1806.088	n/a	NonTarget	1	451522
1820.168	n/a	NonTarget	1	455042
1820.34	n/a	Target	2	455085
1820.52	n/a	NonTarget	1	455130
1820.692	n/a	NonTarget	1	455173
1820.868	n/a	NonTarget	1	455217
1821.04	n/a	NonTarget	1	455260
1821.216	n/a	NonTarget	1	455304
1821.392	n/a	NonTarget	1	455348
1821.568	n/a	NonTarget	1	455392
1821.744	n/a	NonTarget	1	455436
1821.916	n/a	Target	2	455479
1822.092	n/a	NonTarget	1	455523
1822.268	n/a	NonTarget	1	455567
1822.44	n/a	NonTarget	1	455610
1822.616	n/a	Target	2	455654
1822.792	n/a	NonTarget	1	455698
1822.968	n/a	NonTarget	1	455742
1823.14	n/a	NonTarget	1	455785
1823.316	n/a	Target	2	455829
1823.492	n/a	NonTarget	1	455873
1823.668	n/a	NonTarget	1	455917
1823.848	n/a	NonTarget	1	455962
1824.016	n/a	NonTarget	1	456004
1824.192	n/a	NonTarget	1	456048
1824.368	n/a	NonTarget	1	456092
1824.54	n/a	NonTarget	1	456135
1824.716	n/a	NonTarget	1	456179
1824.892	n/a	NonTarget	1	456223
1825.068	n/a	Target	2	456267
1825.244	n/a	NonTarget	1	456311
1825.416	n/a	NonTarget	1	456354
1825.592	n/a	NonTarget	1	456398
1825.764	n/a	NonTarget	1	456441
1825.94	n/a	NonTarget	1	456485
1826.116	n/a	NonTarget	1	456529
1826.292	n/a	Target	2	456573
1826.468	n/a	NonTarget	1	456617
1826.64	n/a	NonTarget	1	456660
1826.816	n/a	NonTarget	1	456704
1826.992	n/a	NonTarget	1	456748
1827.168	n/a	Target	2	456792
1827.34	n/a	NonTarget	1	456835
1827.516	n/a	NonTarget	1	456879
1827.692	n/a	NonTarget	1	456923
1827.868	n/a	NonTarget	1	456967
1828.04	n/a	NonTarget	1	457010
1828.216	n/a	Target	2	457054
1828.392	n/a	NonTarget	1	457098
1828.568	n/a	NonTarget	1	457142
1828.74	n/a	NonTarget	1	457185
1828.916	n/a	NonTarget	1	457229
1829.096	n/a	NonTarget	1	457274
1829.268	n/a	NonTarget	1	457317
1829.44	n/a	Target	2	457360
1829.616	n/a	NonTarget	1	457404
1829.792	n/a	NonTarget	1	457448
1829.968	n/a	NonTarget	1	457492
1830.14	n/a	NonTarget	1	457535
1830.316	n/a	Target	2	457579
1830.492	n/a	NonTarget	1	457623
1830.668	n/a	NonTarget	1	457667
1830.844	n/a	NonTarget	1	457711
1831.016	n/a	Target	2	457754
1831.192	n/a	NonTarget	1	457798
1831.368	n/a	NonTarget	1	457842
1831.54	n/a	NonTarget	1	457885
1831.716	n/a	NonTarget	1	457929
1831.892	n/a	NonTarget	1	457973
1832.068	n/a	NonTarget	1	458017
1832.244	n/a	NonTarget	1	458061
1832.416	n/a	NonTarget	1	458104
1832.592	n/a	Target	2	458148
1832.772	n/a	NonTarget	1	458193
1832.94	n/a	NonTarget	1	458235
1833.116	n/a	NonTarget	1	458279
1833.292	n/a	NonTarget	1	458323
1833.468	n/a	Target	2	458367
1833.64	n/a	NonTarget	1	458410
1833.816	n/a	NonTarget	1	458454
1833.992	n/a	NonTarget	1	458498
1834.168	n/a	NonTarget	1	458542
1834.34	n/a	NonTarget	1	458585
1834.516	n/a	Target	2	458629
1834.692	n/a	NonTarget	1	458673
1834.868	n/a	NonTarget	1	458717
1835.04	n/a	NonTarget	1	458760
1835.216	n/a	NonTarget	1	458804
1835.392	n/a	Target	2	458848
1835.568	n/a	NonTarget	1	458892
1835.74	n/a	NonTarget	1	458935
1861.776	n/a	NonTarget	1	465444
1861.948	n/a	NonTarget	1	465487
1862.128	n/a	NonTarget	1	465532
1862.3	n/a	NonTarget	1	465575
1862.472	n/a	Target	2	465618
1862.648	n/a	NonTarget	1	465662
1862.82	n/a	NonTarget	1	465705
1863.0	n/a	NonTarget	1	465750
1863.172	n/a	NonTarget	1	465793
1863.348	n/a	NonTarget	1	465837
1863.524	n/a	NonTarget	1	465881
1863.7	n/a	Target	2	465925
1863.872	n/a	NonTarget	1	465968
1864.048	n/a	NonTarget	1	466012
1864.224	n/a	Target	2	466056
1864.4	n/a	NonTarget	1	466100
1864.572	n/a	NonTarget	1	466143
1864.752	n/a	NonTarget	1	466188
1864.924	n/a	NonTarget	1	466231
1865.1	n/a	Target	2	466275
1865.272	n/a	NonTarget	1	466318
1865.448	n/a	NonTarget	1	466362
1865.624	n/a	NonTarget	1	466406
1865.8	n/a	NonTarget	1	466450
1865.98	n/a	Target	2	466495
1866.148	n/a	NonTarget	1	466537
1866.324	n/a	NonTarget	1	466581
1866.5	n/a	NonTarget	1	466625
1866.672	n/a	NonTarget	1	466668
1866.848	n/a	NonTarget	1	466712
1867.024	n/a	NonTarget	1	466756
1867.2	n/a	NonTarget	1	466800
1867.376	n/a	NonTarget	1	466844
1867.568	n/a	NonTarget	1	466892
1867.72	n/a	NonTarget	1	466930
1867.896	n/a	Target	2	466974
1868.072	n/a	NonTarget	1	467018
1868.248	n/a	NonTarget	1	467062
1868.424	n/a	NonTarget	1	467106
1868.596	n/a	NonTarget	1	467149
1868.772	n/a	NonTarget	1	467193
1868.952	n/a	Target	2	467238
1869.124	n/a	NonTarget	1	467281
1869.296	n/a	NonTarget	1	467324
1869.472	n/a	NonTarget	1	467368
1869.648	n/a	NonTarget	1	467412
1869.824	n/a	Target	2	467456
1870.0	n/a	NonTarget	1	467500
1870.172	n/a	NonTarget	1	467543
1870.348	n/a	NonTarget	1	467587
1870.524	n/a	NonTarget	1	467631
1870.7	n/a	NonTarget	1	467675
1870.872	n/a	Target	2	467718
1871.048	n/a	NonTarget	1	467762
1871.224	n/a	NonTarget	1	467806
1871.396	n/a	NonTarget	1	467849
1871.572	n/a	NonTarget	1	467893
1871.752	n/a	Target	2	467938
1871.924	n/a	NonTarget	1	467981
1872.108	n/a	NonTarget	1	468027
1872.272	n/a	NonTarget	1	468068
1872.448	n/a	NonTarget	1	468112
1872.628	n/a	Target	2	468157
1872.8	n/a	NonTarget	1	468200
1872.98	n/a	NonTarget	1	468245
1873.148	n/a	NonTarget	1	468287
1873.324	n/a	NonTarget	1	468331
1873.5	n/a	Target	2	468375
1873.672	n/a	NonTarget	1	468418
1873.848	n/a	NonTarget	1	468462
1874.024	n/a	NonTarget	1	468506
1874.204	n/a	NonTarget	1	468551
1874.372	n/a	Target	2	468593
1874.548	n/a	NonTarget	1	468637
1874.724	n/a	NonTarget	1	468681
1874.896	n/a	NonTarget	1	468724
1875.072	n/a	NonTarget	1	468768
1875.248	n/a	NonTarget	1	468812
1875.424	n/a	NonTarget	1	468856
1875.596	n/a	NonTarget	1	468899
1875.772	n/a	NonTarget	1	468943
1875.948	n/a	Target	2	468987
1876.124	n/a	NonTarget	1	469031
1876.3	n/a	NonTarget	1	469075
1876.472	n/a	NonTarget	1	469118
1876.648	n/a	NonTarget	1	469162
1876.828	n/a	NonTarget	1	469207
1876.996	n/a	NonTarget	1	469249
1877.188	n/a	NonTarget	1	469297
1877.348	n/a	Target	2	469337
1893.028	n/a	NonTarget	1	473257
1893.204	n/a	NonTarget	1	473301
1893.38	n/a	NonTarget	1	473345
1893.556	n/a	NonTarget	1	473389
1893.728	n/a	NonTarget	1	473432
1893.904	n/a	Target	2	473476
1894.08	n/a	NonTarget	1	473520
1894.256	n/a	NonTarget	1	473564
1894.428	n/a	Target	2	473607
1894.604	n/a	NonTarget	1	473651
1894.78	n/a	NonTarget	1	473695
1894.956	n/a	NonTarget	1	473739
1895.128	n/a	NonTarget	1	473782
1895.304	n/a	NonTarget	1	473826
1895.48	n/a	NonTarget	1	473870
1895.656	n/a	NonTarget	1	473914
1895.828	n/a	NonTarget	1	473957
1896.004	n/a	Target	2	474001
1896.18	n/a	NonTarget	1	474045
1896.356	n/a	NonTarget	1	474089
1896.532	n/a	NonTarget	1	474133
1896.704	n/a	NonTarget	1	474176
1896.88	n/a	Target	2	474220
1897.056	n/a	NonTarget	1	474264
1897.228	n/a	NonTarget	1	474307
1897.404	n/a	NonTarget	1	474351
1897.58	n/a	NonTarget	1	474395
1897.756	n/a	NonTarget	1	474439
1897.932	n/a	NonTarget	1	474483
1898.108	n/a	Target	2	474527
1898.296	n/a	NonTarget	1	474574
1898.456	n/a	NonTarget	1	474614
1898.632	n/a	NonTarget	1	474658
1898.812	n/a	Target	2	474703
1898.984	n/a	NonTarget	1	474746
1899.156	n/a	NonTarget	1	474789
1899.328	n/a	NonTarget	1	474832
1899.508	n/a	NonTarget	1	474877
1899.68	n/a	NonTarget	1	474920
1899.856	n/a	Target	2	474964
1900.032	n/a	NonTarget	1	475008
1900.204	n/a	NonTarget	1	475051
1900.38	n/a	NonTarget	1	475095
1900.556	n/a	NonTarget	1	475139
1900.728	n/a	Target	2	475182
1900.904	n/a	NonTarget	1	475226
1901.08	n/a	NonTarget	1	475270
1901.264	n/a	NonTarget	1	475316
1901.428	n/a	NonTarget	1	475357
1901.604	n/a	NonTarget	1	475401
1901.78	n/a	NonTarget	1	475445
1901.952	n/a	NonTarget	1	475488
1902.128	n/a	Target	2	475532
1902.304	n/a	NonTarget	1	475576
1902.48	n/a	NonTarget	1	475620
1902.656	n/a	NonTarget	1	475664
1902.828	n/a	NonTarget	1	475707
1903.012	n/a	Target	2	475753
1903.18	n/a	NonTarget	1	475795
1903.356	n/a	NonTarget	1	475839
1903.528	n/a	Target	2	475882
1903.704	n/a	NonTarget	1	475926
1903.884	n/a	NonTarget	1	475971
1904.056	n/a	NonTarget	1	476014
1904.228	n/a	NonTarget	1	476057
1904.408	n/a	NonTarget	1	476102
1904.58	n/a	Target	2	476145
1904.756	n/a	NonTarget	1	476189
1904.928	n/a	NonTarget	1	476232
1905.104	n/a	NonTarget	1	476276
1905.28	n/a	NonTarget	1	476320
1905.456	n/a	NonTarget	1	476364
1905.628	n/a	Target	2	476407
1905.804	n/a	NonTarget	1	476451
1905.98	n/a	NonTarget	1	476495
1906.164	n/a	NonTarget	1	476541
1906.328	n/a	NonTarget	1	476582
1906.504	n/a	NonTarget	1	476626
1906.68	n/a	NonTarget	1	476670
1906.856	n/a	Target	2	476714
1907.028	n/a	NonTarget	1	476757
1907.204	n/a	NonTarget	1	476801
1907.38	n/a	NonTarget	1	476845
1907.556	n/a	NonTarget	1	476889
1907.728	n/a	NonTarget	1	476932
1907.904	n/a	NonTarget	1	476976
1908.08	n/a	NonTarget	1	477020
1908.256	n/a	NonTarget	1	477064
1908.428	n/a	Target	2	477107
1908.604	n/a	NonTarget	1	477151
1929.008	n/a	NonTarget	1	482252
1929.184	n/a	NonTarget	1	482296
1929.36	n/a	NonTarget	1	482340
1929.544	n/a	NonTarget	1	482386
1929.708	n/a	Target	2	482427
1929.884	n/a	NonTarget	1	482471
1930.064	n/a	NonTarget	1	482516
1930.232	n/a	Target	2	482558
1930.408	n/a	NonTarget	1	482602
1930.584	n/a	NonTarget	1	482646
1930.76	n/a	NonTarget	1	482690
1930.932	n/a	NonTarget	1	482733
1931.108	n/a	Target	2	482777
1931.284	n/a	NonTarget	1	482821
1931.46	n/a	NonTarget	1	482865
1931.636	n/a	NonTarget	1	482909
1931.824	n/a	NonTarget	1	482956
1931.992	n/a	NonTarget	1	482998
1932.16	n/a	NonTarget	1	483040
1932.332	n/a	NonTarget	1	483083
1932.516	n/a	Target	2	483129
1932.684	n/a	NonTarget	1	483171
1932.86	n/a	NonTarget	1	483215
1933.032	n/a	NonTarget	1	483258
1933.208	n/a	Target	2	483302
1933.384	n/a	NonTarget	1	483346
1933.56	n/a	NonTarget	1	483390
1933.732	n/a	NonTarget	1	483433
1933.908	n/a	NonTarget	1	483477
1934.084	n/a	NonTarget	1	483521
1934.268	n/a	Target	2	483567
1934.432	n/a	NonTarget	1	483608
1934.608	n/a	NonTarget	1	483652
1934.796	n/a	NonTarget	1	483699
1934.96	n/a	NonTarget	1	483740
1935.136	n/a	NonTarget	1	483784
1935.308	n/a	Target	2	483827
1935.484	n/a	NonTarget	1	483871
1935.656	n/a	NonTarget	1	483914
1935.832	n/a	NonTarget	1	483958
1936.008	n/a	NonTarget	1	484002
1936.184	n/a	NonTarget	1	484046
1936.36	n/a	NonTarget	1	484090
1936.54	n/a	NonTarget	1	484135
1936.708	n/a	Target	2	484177
1936.884	n/a	NonTarget	1	484221
1937.06	n/a	NonTarget	1	484265
1937.232	n/a	NonTarget	1	484308
1937.412	n/a	NonTarget	1	484353
1937.584	n/a	NonTarget	1	484396
1937.76	n/a	NonTarget	1	484440
1937.936	n/a	NonTarget	1	484484
1938.112	n/a	NonTarget	1	484528
1938.284	n/a	Target	2	484571
1938.46	n/a	NonTarget	1	484615
1938.632	n/a	NonTarget	1	484658
1938.808	n/a	NonTarget	1	484702
1938.984	n/a	Target	2	484746
1939.16	n/a	NonTarget	1	484790
1939.332	n/a	NonTarget	1	484833
1939.508	n/a	NonTarget	1	484877
1939.684	n/a	Target	2	484921
1939.864	n/a	NonTarget	1	484966
1940.032	n/a	NonTarget	1	485008
1940.208	n/a	NonTarget	1	485052
1940.388	n/a	NonTarget	1	485097
1940.56	n/a	NonTarget	1	485140
1940.732	n/a	NonTarget	1	485183
1940.908	n/a	Target	2	485227
1941.084	n/a	NonTarget	1	485271
1941.26	n/a	NonTarget	1	485315
1941.432	n/a	NonTarget	1	485358
1941.616	n/a	NonTarget	1	485404
1941.784	n/a	NonTarget	1	485446
1941.96	n/a	NonTarget	1	485490
1942.132	n/a	NonTarget	1	485533
1942.312	n/a	Target	2	485578
1942.484	n/a	NonTarget	1	485621
1942.664	n/a	NonTarget	1	485666
1942.832	n/a	NonTarget	1	485708
1943.008	n/a	NonTarget	1	485752
1943.184	n/a	NonTarget	1	485796
1943.36	n/a	Target	2	485840
1943.532	n/a	NonTarget	1	485883
1943.708	n/a	NonTarget	1	485927
1943.884	n/a	NonTarget	1	485971
1944.06	n/a	NonTarget	1	486015
1944.232	n/a	Target	2	486058
1944.412	n/a	NonTarget	1	486103
1944.584	n/a	NonTarget	1	486146
1959.932	n/a	NonTarget	1	489983
1960.108	n/a	NonTarget	1	490027
1960.28	n/a	Target	2	490070
1960.46	n/a	NonTarget	1	490115
1960.632	n/a	NonTarget	1	490158
1960.812	n/a	NonTarget	1	490203
1960.984	n/a	NonTarget	1	490246
1961.156	n/a	Target	2	490289
1961.34	n/a	NonTarget	1	490335
1961.508	n/a	NonTarget	1	490377
1961.68	n/a	NonTarget	1	490420
1961.856	n/a	NonTarget	1	490464
1962.032	n/a	NonTarget	1	490508
1962.208	n/a	NonTarget	1	490552
1962.392	n/a	NonTarget	1	490598
1962.556	n/a	NonTarget	1	490639
1962.732	n/a	NonTarget	1	490683
1962.908	n/a	Target	2	490727
1963.084	n/a	NonTarget	1	490771
1963.256	n/a	NonTarget	1	490814
1963.436	n/a	NonTarget	1	490859
1963.608	n/a	Target	2	490902
1963.784	n/a	NonTarget	1	490946
1963.956	n/a	NonTarget	1	490989
1964.132	n/a	Target	2	491033
1964.312	n/a	NonTarget	1	491078
1964.48	n/a	NonTarget	1	491120
1964.672	n/a	NonTarget	1	491168
1964.832	n/a	NonTarget	1	491208
1965.008	n/a	NonTarget	1	491252
1965.184	n/a	NonTarget	1	491296
1965.356	n/a	Target	2	491339
1965.536	n/a	NonTarget	1	491384
1965.708	n/a	NonTarget	1	491427
1965.88	n/a	NonTarget	1	491470
1966.06	n/a	NonTarget	1	491515
1966.232	n/a	Target	2	491558
1966.408	n/a	NonTarget	1	491602
1966.58	n/a	NonTarget	1	491645
1966.756	n/a	NonTarget	1	491689
1966.932	n/a	NonTarget	1	491733
1967.108	n/a	NonTarget	1	491777
1967.292	n/a	NonTarget	1	491823
1967.456	n/a	NonTarget	1	491864
1967.632	n/a	NonTarget	1	491908
1967.808	n/a	NonTarget	1	491952
1967.98	n/a	NonTarget	1	491995
1968.168	n/a	Target	2	492042
1968.332	n/a	NonTarget	1	492083
1968.512	n/a	NonTarget	1	492128
1968.68	n/a	NonTarget	1	492170
1968.856	n/a	NonTarget	1	492214
1969.032	n/a	Target	2	492258
1969.208	n/a	NonTarget	1	492302
1969.38	n/a	NonTarget	1	492345
1969.564	n/a	NonTarget	1	492391
1969.732	n/a	NonTarget	1	492433
1969.904	n/a	Target	2	492476
1970.08	n/a	NonTarget	1	492520
1970.26	n/a	NonTarget	1	492565
1970.432	n/a	Target	2	492608
1970.608	n/a	NonTarget	1	492652
1970.78	n/a	NonTarget	1	492695
1970.956	n/a	NonTarget	1	492739
1971.132	n/a	NonTarget	1	492783
1971.308	n/a	NonTarget	1	492827
1971.488	n/a	Target	2	492872
1971.656	n/a	NonTarget	1	492914
1971.832	n/a	NonTarget	1	492958
1972.016	n/a	NonTarget	1	493004
1972.18	n/a	NonTarget	1	493045
1972.376	n/a	NonTarget	1	493094
1972.532	n/a	Target	2	493133
1972.708	n/a	NonTarget	1	493177
1972.896	n/a	NonTarget	1	493224
1973.056	n/a	NonTarget	1	493264
1973.232	n/a	NonTarget	1	493308
1973.412	n/a	NonTarget	1	493353
1973.58	n/a	Target	2	493395
1973.768	n/a	NonTarget	1	493442
1973.932	n/a	NonTarget	1	493483
1974.124	n/a	NonTarget	1	493531
1974.288	n/a	NonTarget	1	493572
1974.456	n/a	NonTarget	1	493614
1974.632	n/a	Target	2	493658
1974.812	n/a	NonTarget	1	493703
1974.98	n/a	NonTarget	1	493745
1975.176	n/a	NonTarget	1	493794
1975.332	n/a	NonTarget	1	493833
1975.508	n/a	NonTarget	1	493877
1995.948	n/a	NonTarget	1	498987
1996.124	n/a	NonTarget	1	499031
1996.296	n/a	Target	2	499074
1996.472	n/a	NonTarget	1	499118
1996.648	n/a	NonTarget	1	499162
1996.824	n/a	NonTarget	1	499206
1996.996	n/a	Target	2	499249
1997.172	n/a	NonTarget	1	499293
1997.348	n/a	NonTarget	1	499337
1997.528	n/a	NonTarget	1	499382
1997.696	n/a	NonTarget	1	499424
1997.892	n/a	NonTarget	1	499473
1998.048	n/a	NonTarget	1	499512
1998.224	n/a	Target	2	499556
1998.4	n/a	NonTarget	1	499600
1998.572	n/a	NonTarget	1	499643
1998.748	n/a	NonTarget	1	499687
1998.928	n/a	NonTarget	1	499732
1999.096	n/a	NonTarget	1	499774
1999.272	n/a	NonTarget	1	499818
1999.456	n/a	NonTarget	1	499864
1999.624	n/a	Target	2	499906
1999.796	n/a	NonTarget	1	499949
1999.972	n/a	NonTarget	1	499993
2000.148	n/a	NonTarget	1	500037
2000.328	n/a	NonTarget	1	500082
2000.496	n/a	Target	2	500124
2000.672	n/a	NonTarget	1	500168
2000.856	n/a	NonTarget	1	500214
2001.024	n/a	NonTarget	1	500256
2001.196	n/a	NonTarget	1	500299
2001.372	n/a	NonTarget	1	500343
2001.548	n/a	NonTarget	1	500387
2001.724	n/a	Target	2	500431
2001.896	n/a	NonTarget	1	500474
2002.08	n/a	NonTarget	1	500520
2002.248	n/a	NonTarget	1	500562
2002.424	n/a	NonTarget	1	500606
2002.616	n/a	NonTarget	1	500654
2002.78	n/a	NonTarget	1	500695
2002.948	n/a	NonTarget	1	500737
2003.124	n/a	Target	2	500781
2003.296	n/a	NonTarget	1	500824
2003.476	n/a	NonTarget	1	500869
2003.648	n/a	NonTarget	1	500912
2003.82	n/a	Target	2	500955
2004.0	n/a	NonTarget	1	501000
2004.172	n/a	NonTarget	1	501043
2004.36	n/a	NonTarget	1	501090
2004.524	n/a	NonTarget	1	501131
2004.696	n/a	NonTarget	1	501174
2004.88	n/a	NonTarget	1	501220
2005.048	n/a	NonTarget	1	501262
2005.224	n/a	Target	2	501306
2005.4	n/a	NonTarget	1	501350
2005.572	n/a	NonTarget	1	501393
2005.748	n/a	NonTarget	1	501437
2005.924	n/a	NonTarget	1	501481
2006.096	n/a	NonTarget	1	501524
2006.272	n/a	Target	2	501568
2006.448	n/a	NonTarget	1	501612
2006.624	n/a	NonTarget	1	501656
2006.796	n/a	NonTarget	1	501699
2006.984	n/a	NonTarget	1	501746
2007.148	n/a	Target	2	501787
2007.336	n/a	NonTarget	1	501834
2007.496	n/a	NonTarget	1	501874
2007.672	n/a	Target	2	501918
2007.848	n/a	NonTarget	1	501962
2008.024	n/a	NonTarget	1	502006
2008.196	n/a	NonTarget	1	502049
2008.376	n/a	NonTarget	1	502094
2008.548	n/a	Target	2	502137
2008.724	n/a	NonTarget	1	502181
2008.904	n/a	NonTarget	1	502226
2009.072	n/a	NonTarget	1	502268
2009.248	n/a	NonTarget	1	502312
2009.424	n/a	NonTarget	1	502356
2009.596	n/a	NonTarget	1	502399
2009.776	n/a	NonTarget	1	502444
2009.948	n/a	Target	2	502487
2010.124	n/a	NonTarget	1	502531
2010.296	n/a	NonTarget	1	502574
2010.48	n/a	NonTarget	1	502620
2010.648	n/a	Target	2	502662
2010.824	n/a	NonTarget	1	502706
2010.996	n/a	NonTarget	1	502749
2011.172	n/a	NonTarget	1	502793
2011.352	n/a	NonTarget	1	502838
2011.524	n/a	NonTarget	1	502881
2025.804	n/a	NonTarget	1	506451
2025.98	n/a	NonTarget	1	506495
2026.156	n/a	NonTarget	1	506539
2026.328	n/a	Target	2	506582
2026.504	n/a	NonTarget	1	506626
2026.7	n/a	NonTarget	1	506675
2026.856	n/a	NonTarget	1	506714
2027.028	n/a	NonTarget	1	506757
2027.216	n/a	NonTarget	1	506804
2027.38	n/a	NonTarget	1	506845
2027.556	n/a	NonTarget	1	506889
2027.728	n/a	Target	2	506932
2027.92	n/a	NonTarget	1	506980
2028.08	n/a	NonTarget	1	507020
2028.268	n/a	NonTarget	1	507067
2028.432	n/a	NonTarget	1	507108
2028.604	n/a	NonTarget	1	507151
2028.788	n/a	Target	2	507197
2028.956	n/a	NonTarget	1	507239
2029.128	n/a	NonTarget	1	507282
2029.312	n/a	NonTarget	1	507328
2029.48	n/a	Target	2	507370
2029.668	n/a	NonTarget	1	507417
2029.828	n/a	NonTarget	1	507457
2030.004	n/a	NonTarget	1	507501
2030.184	n/a	Target	2	507546
2030.356	n/a	NonTarget	1	507589
2030.528	n/a	NonTarget	1	507632
2030.708	n/a	NonTarget	1	507677
2030.88	n/a	NonTarget	1	507720
2031.064	n/a	NonTarget	1	507766
2031.232	n/a	NonTarget	1	507808
2031.404	n/a	NonTarget	1	507851
2031.588	n/a	NonTarget	1	507897
2031.756	n/a	NonTarget	1	507939
2031.928	n/a	Target	2	507982
2032.104	n/a	NonTarget	1	508026
2032.28	n/a	NonTarget	1	508070
2032.456	n/a	NonTarget	1	508114
2032.632	n/a	NonTarget	1	508158
2032.816	n/a	Target	2	508204
2032.98	n/a	NonTarget	1	508245
2033.156	n/a	NonTarget	1	508289
2033.328	n/a	Target	2	508332
2033.508	n/a	NonTarget	1	508377
2033.68	n/a	NonTarget	1	508420
2033.856	n/a	NonTarget	1	508464
2034.028	n/a	NonTarget	1	508507
2034.204	n/a	NonTarget	1	508551
2034.392	n/a	NonTarget	1	508598
2034.556	n/a	Target	2	508639
2034.728	n/a	NonTarget	1	508682
2034.916	n/a	NonTarget	1	508729
2035.08	n/a	NonTarget	1	508770
2035.256	n/a	NonTarget	1	508814
2035.432	n/a	Target	2	508858
2035.604	n/a	NonTarget	1	508901
2035.784	n/a	NonTarget	1	508946
2035.956	n/a	NonTarget	1	508989
2036.128	n/a	NonTarget	1	509032
2036.304	n/a	NonTarget	1	509076
2036.48	n/a	NonTarget	1	509120
2036.66	n/a	Target	2	509165
2036.828	n/a	NonTarget	1	509207
2037.004	n/a	NonTarget	1	509251
2037.184	n/a	NonTarget	1	509296
2037.356	n/a	NonTarget	1	509339
2037.548	n/a	Target	2	509387
2037.704	n/a	NonTarget	1	509426
2037.88	n/a	NonTarget	1	509470
2038.052	n/a	NonTarget	1	509513
2038.228	n/a	NonTarget	1	509557
2038.404	n/a	NonTarget	1	509601
2038.58	n/a	NonTarget	1	509645
2038.76	n/a	NonTarget	1	509690
2038.928	n/a	NonTarget	1	509732
2039.12	n/a	NonTarget	1	509780
2039.28	n/a	Target	2	509820
2039.456	n/a	NonTarget	1	509864
2039.632	n/a	NonTarget	1	509908
2039.804	n/a	NonTarget	1	509951
2039.984	n/a	Target	2	509996
2040.156	n/a	NonTarget	1	510039
2040.328	n/a	NonTarget	1	510082
2040.512	n/a	Target	2	510128
2040.68	n/a	NonTarget	1	510170
2040.868	n/a	NonTarget	1	510217
2041.032	n/a	NonTarget	1	510258
2041.204	n/a	NonTarget	1	510301
2041.388	n/a	NonTarget	1	510347
2061.568	n/a	NonTarget	1	515392
2061.744	n/a	Target	2	515436
2061.916	n/a	NonTarget	1	515479
2062.092	n/a	NonTarget	1	515523
2062.268	n/a	NonTarget	1	515567
2062.444	n/a	NonTarget	1	515611
2062.624	n/a	Target	2	515656
2062.792	n/a	NonTarget	1	515698
2062.968	n/a	NonTarget	1	515742
2063.152	n/a	NonTarget	1	515788
2063.32	n/a	NonTarget	1	515830
2063.508	n/a	NonTarget	1	515877
2063.668	n/a	NonTarget	1	515917
2063.844	n/a	NonTarget	1	515961
2064.02	n/a	NonTarget	1	516005
2064.196	n/a	NonTarget	1	516049
2064.384	n/a	NonTarget	1	516096
2064.548	n/a	Target	2	516137
2064.72	n/a	NonTarget	1	516180
2064.904	n/a	NonTarget	1	516226
2065.068	n/a	NonTarget	1	516267
2065.244	n/a	NonTarget	1	516311
2065.424	n/a	Target	2	516356
2065.6	n/a	NonTarget	1	516400
2065.788	n/a	NonTarget	1	516447
2065.948	n/a	NonTarget	1	516487
2066.12	n/a	NonTarget	1	516530
2066.292	n/a	Target	2	516573
2066.472	n/a	NonTarget	1	516618
2066.644	n/a	NonTarget	1	516661
2066.836	n/a	Target	2	516709
2066.996	n/a	NonTarget	1	516749
2067.168	n/a	NonTarget	1	516792
2067.348	n/a	NonTarget	1	516837
2067.52	n/a	NonTarget	1	516880
2067.692	n/a	NonTarget	1	516923
2067.868	n/a	Target	2	516967
2068.044	n/a	NonTarget	1	517011
2068.228	n/a	NonTarget	1	517057
2068.396	n/a	NonTarget	1	517099
2068.568	n/a	NonTarget	1	517142
2068.748	n/a	NonTarget	1	517187
2068.92	n/a	Target	2	517230
2069.104	n/a	NonTarget	1	517276
2069.276	n/a	NonTarget	1	517319
2069.444	n/a	NonTarget	1	517361
2069.624	n/a	NonTarget	1	517406
2069.796	n/a	NonTarget	1	517449
2069.968	n/a	Target	2	517492
2070.156	n/a	NonTarget	1	517539
2070.32	n/a	NonTarget	1	517580
2070.5	n/a	NonTarget	1	517625
2070.668	n/a	NonTarget	1	517667
2070.844	n/a	NonTarget	1	517711
2071.02	n/a	Target	2	517755
2071.196	n/a	NonTarget	1	517799
2071.368	n/a	NonTarget	1	517842
2071.544	n/a	NonTarget	1	517886
2071.716	n/a	NonTarget	1	517929
2071.892	n/a	NonTarget	1	517973
2072.068	n/a	Target	2	518017
2072.252	n/a	NonTarget	1	518063
2072.42	n/a	NonTarget	1	518105
2072.596	n/a	NonTarget	1	518149
2072.776	n/a	NonTarget	1	518194
2072.944	n/a	NonTarget	1	518236
2073.124	n/a	NonTarget	1	518281
2073.292	n/a	NonTarget	1	518323
2073.484	n/a	Target	2	518371
2073.644	n/a	NonTarget	1	518411
2073.82	n/a	NonTarget	1	518455
2073.992	n/a	NonTarget	1	518498
2074.168	n/a	NonTarget	1	518542
2074.348	n/a	NonTarget	1	518587
2074.52	n/a	NonTarget	1	518630
2074.7	n/a	NonTarget	1	518675
2074.872	n/a	NonTarget	1	518718
2075.044	n/a	Target	2	518761
2075.22	n/a	NonTarget	1	518805
2075.392	n/a	NonTarget	1	518848
2075.568	n/a	NonTarget	1	518892
2075.744	n/a	NonTarget	1	518936
2075.92	n/a	NonTarget	1	518980
2076.1	n/a	Target	2	519025
2076.272	n/a	NonTarget	1	519068
2076.444	n/a	NonTarget	1	519111
2076.624	n/a	NonTarget	1	519156
2076.792	n/a	NonTarget	1	519198
2076.984	n/a	Target	2	519246
2077.156	n/a	NonTarget	1	519289
2094.856	n/a	Target	2	523714
2095.032	n/a	NonTarget	1	523758
2095.204	n/a	NonTarget	1	523801
2095.38	n/a	NonTarget	1	523845
2095.556	n/a	NonTarget	1	523889
2095.744	n/a	NonTarget	1	523936
2095.908	n/a	Target	2	523977
2096.08	n/a	NonTarget	1	524020
2096.256	n/a	NonTarget	1	524064
2096.432	n/a	NonTarget	1	524108
2096.604	n/a	NonTarget	1	524151
2096.78	n/a	NonTarget	1	524195
2096.956	n/a	Target	2	524239
2097.128	n/a	NonTarget	1	524282
2097.308	n/a	NonTarget	1	524327
2097.48	n/a	NonTarget	1	524370
2097.66	n/a	NonTarget	1	524415
2097.832	n/a	NonTarget	1	524458
2098.004	n/a	NonTarget	1	524501
2098.184	n/a	Target	2	524546
2098.356	n/a	NonTarget	1	524589
2098.536	n/a	NonTarget	1	524634
2098.704	n/a	NonTarget	1	524676
2098.88	n/a	NonTarget	1	524720
2099.056	n/a	NonTarget	1	524764
2099.232	n/a	NonTarget	1	524808
2099.404	n/a	NonTarget	1	524851
2099.58	n/a	NonTarget	1	524895
2099.756	n/a	Target	2	524939
2099.932	n/a	NonTarget	1	524983
2100.108	n/a	NonTarget	1	525027
2100.28	n/a	NonTarget	1	525070
2100.456	n/a	NonTarget	1	525114
2100.632	n/a	Target	2	525158
2100.804	n/a	NonTarget	1	525201
2100.996	n/a	NonTarget	1	525249
2101.156	n/a	NonTarget	1	525289
2101.332	n/a	NonTarget	1	525333
2101.508	n/a	Target	2	525377
2101.68	n/a	NonTarget	1	525420
2101.856	n/a	NonTarget	1	525464
2102.032	n/a	NonTarget	1	525508
2102.204	n/a	NonTarget	1	525551
2102.38	n/a	NonTarget	1	525595
2102.556	n/a	NonTarget	1	525639
2102.732	n/a	NonTarget	1	525683
2102.904	n/a	NonTarget	1	525726
2103.08	n/a	Target	2	525770
2103.26	n/a	NonTarget	1	525815
2103.432	n/a	NonTarget	1	525858
2103.604	n/a	NonTarget	1	525901
2103.784	n/a	NonTarget	1	525946
2103.956	n/a	NonTarget	1	525989
2104.128	n/a	Target	2	526032
2104.304	n/a	NonTarget	1	526076
2104.492	n/a	NonTarget	1	526123
2104.656	n/a	NonTarget	1	526164
2104.84	n/a	Target	2	526210
2105.008	n/a	NonTarget	1	526252
2105.18	n/a	NonTarget	1	526295
2105.372	n/a	NonTarget	1	526343
2105.54	n/a	Target	2	526385
2105.704	n/a	NonTarget	1	526426
2105.88	n/a	NonTarget	1	526470
2106.052	n/a	NonTarget	1	526513
2106.244	n/a	NonTarget	1	526561
2106.404	n/a	NonTarget	1	526601
2106.58	n/a	NonTarget	1	526645
2106.76	n/a	NonTarget	1	526690
2106.932	n/a	NonTarget	1	526733
2107.104	n/a	Target	2	526776
2107.28	n/a	NonTarget	1	526820
2107.456	n/a	NonTarget	1	526864
2107.628	n/a	Target	2	526907
2107.808	n/a	NonTarget	1	526952
2107.98	n/a	NonTarget	1	526995
2108.156	n/a	NonTarget	1	527039
2108.336	n/a	NonTarget	1	527084
2108.504	n/a	NonTarget	1	527126
2108.684	n/a	NonTarget	1	527171
2108.856	n/a	NonTarget	1	527214
2109.032	n/a	NonTarget	1	527258
2109.204	n/a	Target	2	527301
2109.38	n/a	NonTarget	1	527345
2109.564	n/a	NonTarget	1	527391
2109.728	n/a	NonTarget	1	527432
2109.904	n/a	Target	2	527476
2110.092	n/a	NonTarget	1	527523
2110.256	n/a	NonTarget	1	527564
2110.44	n/a	NonTarget	1	527610
2130.84	n/a	NonTarget	1	532710
2131.024	n/a	NonTarget	1	532756
2131.188	n/a	NonTarget	1	532797
2131.364	n/a	NonTarget	1	532841
2131.54	n/a	NonTarget	1	532885
2131.716	n/a	Target	2	532929
2131.888	n/a	NonTarget	1	532972
2132.076	n/a	NonTarget	1	533019
2132.24	n/a	NonTarget	1	533060
2132.416	n/a	NonTarget	1	533104
2132.588	n/a	Target	2	533147
2132.764	n/a	NonTarget	1	533191
2132.948	n/a	NonTarget	1	533237
2133.116	n/a	Target	2	533279
2133.288	n/a	NonTarget	1	533322
2133.464	n/a	NonTarget	1	533366
2133.64	n/a	NonTarget	1	533410
2133.816	n/a	NonTarget	1	533454
2133.996	n/a	NonTarget	1	533499
2134.164	n/a	NonTarget	1	533541
2134.348	n/a	Target	2	533587
2134.516	n/a	NonTarget	1	533629
2134.696	n/a	NonTarget	1	533674
2134.872	n/a	NonTarget	1	533718
2135.04	n/a	NonTarget	1	533760
2135.22	n/a	Target	2	533805
2135.396	n/a	NonTarget	1	533849
2135.564	n/a	NonTarget	1	533891
2135.74	n/a	NonTarget	1	533935
2135.916	n/a	NonTarget	1	533979
2136.088	n/a	NonTarget	1	534022
2136.272	n/a	NonTarget	1	534068
2136.44	n/a	Target	2	534110
2136.636	n/a	NonTarget	1	534159
2136.792	n/a	NonTarget	1	534198
2136.964	n/a	NonTarget	1	534241
2137.148	n/a	NonTarget	1	534287
2137.316	n/a	Target	2	534329
2137.488	n/a	NonTarget	1	534372
2137.668	n/a	NonTarget	1	534417
2137.84	n/a	NonTarget	1	534460
2138.016	n/a	NonTarget	1	534504
2138.188	n/a	NonTarget	1	534547
2138.372	n/a	NonTarget	1	534593
2138.54	n/a	NonTarget	1	534635
2138.716	n/a	NonTarget	1	534679
2138.9	n/a	NonTarget	1	534725
2139.064	n/a	Target	2	534766
2139.24	n/a	NonTarget	1	534810
2139.416	n/a	NonTarget	1	534854
2139.604	n/a	NonTarget	1	534901
2139.764	n/a	Target	2	534941
2139.94	n/a	NonTarget	1	534985
2140.116	n/a	NonTarget	1	535029
2140.288	n/a	Target	2	535072
2140.472	n/a	NonTarget	1	535118
2140.64	n/a	NonTarget	1	535160
2140.812	n/a	NonTarget	1	535203
2140.988	n/a	NonTarget	1	535247
2141.164	n/a	NonTarget	1	535291
2141.352	n/a	NonTarget	1	535338
2141.516	n/a	Target	2	535379
2141.692	n/a	NonTarget	1	535423
2141.868	n/a	NonTarget	1	535467
2142.04	n/a	NonTarget	1	535510
2142.22	n/a	NonTarget	1	535555
2142.388	n/a	Target	2	535597
2142.564	n/a	NonTarget	1	535641
2142.744	n/a	NonTarget	1	535686
2142.916	n/a	NonTarget	1	535729
2143.096	n/a	NonTarget	1	535774
2143.28	n/a	NonTarget	1	535820
2143.44	n/a	NonTarget	1	535860
2143.616	n/a	NonTarget	1	535904
2143.788	n/a	NonTarget	1	535947
2143.964	n/a	NonTarget	1	535991
2144.14	n/a	NonTarget	1	536035
2144.316	n/a	Target	2	536079
2144.488	n/a	NonTarget	1	536122
2144.668	n/a	NonTarget	1	536167
2144.84	n/a	NonTarget	1	536210
2145.024	n/a	NonTarget	1	536256
2145.192	n/a	Target	2	536298
2145.364	n/a	NonTarget	1	536341
2145.54	n/a	NonTarget	1	536385
2145.716	n/a	NonTarget	1	536429
2145.9	n/a	NonTarget	1	536475
2146.064	n/a	Target	2	536516
2146.24	n/a	NonTarget	1	536560
2146.424	n/a	NonTarget	1	536606
2161.556	n/a	Target	2	540389
2161.732	n/a	NonTarget	1	540433
2161.908	n/a	NonTarget	1	540477
2162.08	n/a	NonTarget	1	540520
2162.256	n/a	NonTarget	1	540564
2162.432	n/a	NonTarget	1	540608
2162.608	n/a	Target	2	540652
2162.78	n/a	NonTarget	1	540695
2162.956	n/a	NonTarget	1	540739
2163.136	n/a	NonTarget	1	540784
2163.316	n/a	NonTarget	1	540829
2163.5	n/a	NonTarget	1	540875
2163.656	n/a	Target	2	540914
2163.84	n/a	NonTarget	1	540960
2164.008	n/a	NonTarget	1	541002
2164.192	n/a	NonTarget	1	541048
2164.356	n/a	NonTarget	1	541089
2164.532	n/a	NonTarget	1	541133
2164.708	n/a	Target	2	541177
2164.884	n/a	NonTarget	1	541221
2165.064	n/a	NonTarget	1	541266
2165.232	n/a	NonTarget	1	541308
2165.408	n/a	NonTarget	1	541352
2165.592	n/a	NonTarget	1	541398
2165.756	n/a	Target	2	541439
2165.94	n/a	NonTarget	1	541485
2166.108	n/a	NonTarget	1	541527
2166.28	n/a	NonTarget	1	541570
2166.46	n/a	NonTarget	1	541615
2166.632	n/a	NonTarget	1	541658
2166.808	n/a	Target	2	541702
2166.98	n/a	NonTarget	1	541745
2167.156	n/a	NonTarget	1	541789
2167.332	n/a	NonTarget	1	541833
2167.508	n/a	NonTarget	1	541877
2167.684	n/a	NonTarget	1	541921
2167.856	n/a	NonTarget	1	541964
2168.032	n/a	NonTarget	1	542008
2168.212	n/a	Target	2	542053
2168.38	n/a	NonTarget	1	542095
2168.568	n/a	NonTarget	1	542142
2168.732	n/a	NonTarget	1	542183
2168.92	n/a	NonTarget	1	542230
2169.088	n/a	NonTarget	1	542272
2169.256	n/a	NonTarget	1	542314
2169.448	n/a	NonTarget	1	542362
2169.608	n/a	NonTarget	1	542402
2169.78	n/a	Target	2	542445
2169.964	n/a	NonTarget	1	542491
2170.132	n/a	NonTarget	1	542533
2170.32	n/a	NonTarget	1	542580
2170.484	n/a	NonTarget	1	542621
2170.66	n/a	NonTarget	1	542665
2170.832	n/a	Target	2	542708
2171.008	n/a	NonTarget	1	542752
2171.18	n/a	NonTarget	1	542795
2171.356	n/a	NonTarget	1	542839
2171.532	n/a	NonTarget	1	542883
2171.708	n/a	Target	2	542927
2171.884	n/a	NonTarget	1	542971
2172.056	n/a	NonTarget	1	543014
2172.232	n/a	Target	2	543058
2172.408	n/a	NonTarget	1	543102
2172.58	n/a	NonTarget	1	543145
2172.768	n/a	NonTarget	1	543192
2172.932	n/a	NonTarget	1	543233
2173.108	n/a	NonTarget	1	543277
2173.28	n/a	Target	2	543320
2173.464	n/a	NonTarget	1	543366
2173.632	n/a	NonTarget	1	543408
2173.804	n/a	NonTarget	1	543451
2173.98	n/a	NonTarget	1	543495
2174.156	n/a	NonTarget	1	543539
2174.34	n/a	NonTarget	1	543585
2174.508	n/a	NonTarget	1	543627
2174.68	n/a	NonTarget	1	543670
2174.856	n/a	NonTarget	1	543714
2175.036	n/a	Target	2	543759
2175.208	n/a	NonTarget	1	543802
2175.38	n/a	NonTarget	1	543845
2175.556	n/a	Target	2	543889
2175.732	n/a	NonTarget	1	543933
2175.916	n/a	NonTarget	1	543979
2176.08	n/a	NonTarget	1	544020
2176.26	n/a	NonTarget	1	544065
2176.432	n/a	NonTarget	1	544108
2176.608	n/a	NonTarget	1	544152
2176.784	n/a	Target	2	544196
2176.956	n/a	NonTarget	1	544239
2177.132	n/a	NonTarget	1	544283
2197.532	n/a	NonTarget	1	549383
2197.708	n/a	NonTarget	1	549427
2197.884	n/a	Target	2	549471
2198.06	n/a	NonTarget	1	549515
2198.232	n/a	NonTarget	1	549558
2198.42	n/a	NonTarget	1	549605
2198.592	n/a	NonTarget	1	549648
2198.756	n/a	NonTarget	1	549689
2198.944	n/a	NonTarget	1	549736
2199.12	n/a	NonTarget	1	549780
2199.284	n/a	Target	2	549821
2199.456	n/a	NonTarget	1	549864
2199.632	n/a	NonTarget	1	549908
2199.808	n/a	NonTarget	1	549952
2199.984	n/a	NonTarget	1	549996
2200.156	n/a	Target	2	550039
2200.34	n/a	NonTarget	1	550085
2200.508	n/a	NonTarget	1	550127
2200.684	n/a	Target	2	550171
2200.864	n/a	NonTarget	1	550216
2201.032	n/a	NonTarget	1	550258
2201.22	n/a	NonTarget	1	550305
2201.384	n/a	NonTarget	1	550346
2201.556	n/a	NonTarget	1	550389
2201.736	n/a	NonTarget	1	550434
2201.908	n/a	NonTarget	1	550477
2202.1	n/a	NonTarget	1	550525
2202.268	n/a	NonTarget	1	550567
2202.448	n/a	Target	2	550612
2202.624	n/a	NonTarget	1	550656
2202.784	n/a	NonTarget	1	550696
2202.956	n/a	NonTarget	1	550739
2203.132	n/a	NonTarget	1	550783
2203.312	n/a	Target	2	550828
2203.484	n/a	NonTarget	1	550871
2203.668	n/a	NonTarget	1	550917
2203.836	n/a	NonTarget	1	550959
2204.008	n/a	NonTarget	1	551002
2204.188	n/a	NonTarget	1	551047
2204.356	n/a	NonTarget	1	551089
2204.552	n/a	NonTarget	1	551138
2204.708	n/a	Target	2	551177
2204.884	n/a	NonTarget	1	551221
2205.072	n/a	NonTarget	1	551268
2205.232	n/a	NonTarget	1	551308
2205.408	n/a	NonTarget	1	551352
2205.588	n/a	NonTarget	1	551397
2205.756	n/a	Target	2	551439
2205.944	n/a	NonTarget	1	551486
2206.124	n/a	NonTarget	1	551531
2206.284	n/a	NonTarget	1	551571
2206.472	n/a	Target	2	551618
2206.632	n/a	NonTarget	1	551658
2206.808	n/a	NonTarget	1	551702
2206.988	n/a	NonTarget	1	551747
2207.156	n/a	Target	2	551789
2207.34	n/a	NonTarget	1	551835
2207.508	n/a	NonTarget	1	551877
2207.68	n/a	NonTarget	1	551920
2207.856	n/a	NonTarget	1	551964
2208.032	n/a	NonTarget	1	552008
2208.212	n/a	NonTarget	1	552053
2208.384	n/a	NonTarget	1	552096
2208.556	n/a	NonTarget	1	552139
2208.744	n/a	NonTarget	1	552186
2208.908	n/a	Target	2	552227
2209.084	n/a	NonTarget	1	552271
2209.26	n/a	NonTarget	1	552315
2209.432	n/a	NonTarget	1	552358
2209.62	n/a	NonTarget	1	552405
2209.784	n/a	Target	2	552446
2209.968	n/a	NonTarget	1	552492
2210.132	n/a	NonTarget	1	552533
2210.308	n/a	Target	2	552577
2210.484	n/a	NonTarget	1	552621
2210.656	n/a	NonTarget	1	552664
2210.832	n/a	NonTarget	1	552708
2211.008	n/a	NonTarget	1	552752
2211.196	n/a	NonTarget	1	552799
2211.356	n/a	NonTarget	1	552839
2211.532	n/a	Target	2	552883
2211.712	n/a	NonTarget	1	552928
2211.884	n/a	NonTarget	1	552971
2212.06	n/a	NonTarget	1	553015
2212.232	n/a	NonTarget	1	553058
2212.408	n/a	Target	2	553102
2212.584	n/a	NonTarget	1	553146
2212.756	n/a	NonTarget	1	553189
2212.94	n/a	NonTarget	1	553235
2213.108	n/a	NonTarget	1	553277
2230.876	n/a	NonTarget	1	557719
2231.052	n/a	Target	2	557763
2231.232	n/a	NonTarget	1	557808
2231.4	n/a	NonTarget	1	557850
2231.576	n/a	NonTarget	1	557894
2231.756	n/a	NonTarget	1	557939
2231.928	n/a	Target	2	557982
2232.116	n/a	NonTarget	1	558029
2232.276	n/a	NonTarget	1	558069
2232.468	n/a	NonTarget	1	558117
2232.628	n/a	NonTarget	1	558157
2232.8	n/a	NonTarget	1	558200
2232.98	n/a	Target	2	558245
2233.152	n/a	NonTarget	1	558288
2233.328	n/a	NonTarget	1	558332
2233.504	n/a	NonTarget	1	558376
2233.676	n/a	NonTarget	1	558419
2233.852	n/a	NonTarget	1	558463
2234.032	n/a	NonTarget	1	558508
2234.2	n/a	NonTarget	1	558550
2234.376	n/a	NonTarget	1	558594
2234.552	n/a	NonTarget	1	558638
2234.728	n/a	NonTarget	1	558682
2234.908	n/a	Target	2	558727
2235.076	n/a	NonTarget	1	558769
2235.252	n/a	NonTarget	1	558813
2235.432	n/a	NonTarget	1	558858
2235.6	n/a	NonTarget	1	558900
2235.78	n/a	Target	2	558945
2235.952	n/a	NonTarget	1	558988
2236.128	n/a	NonTarget	1	559032
2236.304	n/a	NonTarget	1	559076
2236.476	n/a	NonTarget	1	559119
2236.668	n/a	Target	2	559167
2236.828	n/a	NonTarget	1	559207
2237.0	n/a	NonTarget	1	559250
2237.176	n/a	NonTarget	1	559294
2237.352	n/a	NonTarget	1	559338
2237.532	n/a	Target	2	559383
2237.7	n/a	NonTarget	1	559425
2237.88	n/a	NonTarget	1	559470
2238.052	n/a	NonTarget	1	559513
2238.236	n/a	NonTarget	1	559559
2238.4	n/a	Target	2	559600
2238.576	n/a	NonTarget	1	559644
2238.752	n/a	NonTarget	1	559688
2238.928	n/a	NonTarget	1	559732
2239.112	n/a	NonTarget	1	559778
2239.276	n/a	Target	2	559819
2239.452	n/a	NonTarget	1	559863
2239.636	n/a	NonTarget	1	559909
2239.8	n/a	NonTarget	1	559950
2239.988	n/a	NonTarget	1	559997
2240.152	n/a	NonTarget	1	560038
2240.328	n/a	NonTarget	1	560082
2240.508	n/a	NonTarget	1	560127
2240.676	n/a	NonTarget	1	560169
2240.852	n/a	NonTarget	1	560213
2241.024	n/a	Target	2	560256
2241.2	n/a	NonTarget	1	560300
2241.384	n/a	NonTarget	1	560346
2241.556	n/a	NonTarget	1	560389
2241.728	n/a	NonTarget	1	560432
2241.908	n/a	NonTarget	1	560477
2242.076	n/a	NonTarget	1	560519
2242.252	n/a	Target	2	560563
2242.428	n/a	NonTarget	1	560607
2242.6	n/a	NonTarget	1	560650
2242.792	n/a	Target	2	560698
2242.952	n/a	NonTarget	1	560738
2243.128	n/a	NonTarget	1	560782
2243.308	n/a	NonTarget	1	560827
2243.476	n/a	NonTarget	1	560869
2243.664	n/a	NonTarget	1	560916
2243.828	n/a	NonTarget	1	560957
2244.0	n/a	NonTarget	1	561000
2244.18	n/a	NonTarget	1	561045
2244.352	n/a	Target	2	561088
2244.536	n/a	NonTarget	1	561134
2244.7	n/a	NonTarget	1	561175
2244.876	n/a	NonTarget	1	561219
2245.052	n/a	NonTarget	1	561263
2245.228	n/a	Target	2	561307
2245.408	n/a	NonTarget	1	561352
2245.576	n/a	NonTarget	1	561394
2245.756	n/a	NonTarget	1	561439
2245.928	n/a	NonTarget	1	561482
2246.116	n/a	NonTarget	1	561529
2246.276	n/a	NonTarget	1	561569
2246.452	n/a	Target	2	561613
2264.368	n/a	Target	2	566092
2264.544	n/a	NonTarget	1	566136
2264.728	n/a	NonTarget	1	566182
2264.892	n/a	NonTarget	1	566223
2265.068	n/a	NonTarget	1	566267
2265.24	n/a	NonTarget	1	566310
2265.416	n/a	NonTarget	1	566354
2265.592	n/a	NonTarget	1	566398
2265.768	n/a	Target	2	566442
2265.944	n/a	NonTarget	1	566486
2266.116	n/a	NonTarget	1	566529
2266.292	n/a	NonTarget	1	566573
2266.476	n/a	NonTarget	1	566619
2266.64	n/a	NonTarget	1	566660
2266.836	n/a	NonTarget	1	566709
2266.992	n/a	NonTarget	1	566748
2267.168	n/a	NonTarget	1	566792
2267.352	n/a	Target	2	566838
2267.516	n/a	NonTarget	1	566879
2267.692	n/a	NonTarget	1	566923
2267.868	n/a	NonTarget	1	566967
2268.04	n/a	NonTarget	1	567010
2268.224	n/a	NonTarget	1	567056
2268.392	n/a	Target	2	567098
2268.584	n/a	NonTarget	1	567146
2268.744	n/a	NonTarget	1	567186
2268.916	n/a	NonTarget	1	567229
2269.092	n/a	NonTarget	1	567273
2269.268	n/a	Target	2	567317
2269.444	n/a	NonTarget	1	567361
2269.636	n/a	NonTarget	1	567409
2269.792	n/a	Target	2	567448
2269.968	n/a	NonTarget	1	567492
2270.148	n/a	NonTarget	1	567537
2270.316	n/a	NonTarget	1	567579
2270.508	n/a	NonTarget	1	567627
2270.668	n/a	NonTarget	1	567667
2270.84	n/a	Target	2	567710
2271.024	n/a	NonTarget	1	567756
2271.196	n/a	NonTarget	1	567799
2271.376	n/a	NonTarget	1	567844
2271.54	n/a	NonTarget	1	567885
2271.716	n/a	NonTarget	1	567929
2271.896	n/a	NonTarget	1	567974
2272.068	n/a	NonTarget	1	568017
2272.248	n/a	NonTarget	1	568062
2272.424	n/a	NonTarget	1	568106
2272.6	n/a	Target	2	568150
2272.768	n/a	NonTarget	1	568192
2272.96	n/a	NonTarget	1	568240
2273.116	n/a	Target	2	568279
2273.292	n/a	NonTarget	1	568323
2273.472	n/a	NonTarget	1	568368
2273.64	n/a	NonTarget	1	568410
2273.816	n/a	NonTarget	1	568454
2273.992	n/a	NonTarget	1	568498
2274.168	n/a	NonTarget	1	568542
2274.344	n/a	Target	2	568586
2274.516	n/a	NonTarget	1	568629
2274.692	n/a	NonTarget	1	568673
2274.868	n/a	NonTarget	1	568717
2275.044	n/a	NonTarget	1	568761
2275.224	n/a	Target	2	568806
2275.392	n/a	NonTarget	1	568848
2275.568	n/a	NonTarget	1	568892
2275.74	n/a	NonTarget	1	568935
2275.916	n/a	NonTarget	1	568979
2276.1	n/a	NonTarget	1	569025
2276.268	n/a	NonTarget	1	569067
2276.44	n/a	NonTarget	1	569110
2276.616	n/a	Target	2	569154
2276.8	n/a	NonTarget	1	569200
2276.968	n/a	NonTarget	1	569242
2277.14	n/a	NonTarget	1	569285
2277.316	n/a	NonTarget	1	569329
2277.492	n/a	Target	2	569373
2277.668	n/a	NonTarget	1	569417
2277.844	n/a	NonTarget	1	569461
2278.016	n/a	Target	2	569504
2278.196	n/a	NonTarget	1	569549
2278.368	n/a	NonTarget	1	569592
2278.544	n/a	NonTarget	1	569636
2278.716	n/a	NonTarget	1	569679
2278.912	n/a	NonTarget	1	569728
2279.068	n/a	NonTarget	1	569767
2279.24	n/a	NonTarget	1	569810
2279.428	n/a	NonTarget	1	569857
2279.592	n/a	NonTarget	1	569898
2279.768	n/a	Target	2	569942
2279.948	n/a	NonTarget	1	569987
2296.128	n/a	NonTarget	1	574032
2296.304	n/a	Target	2	574076
2296.48	n/a	NonTarget	1	574120
2296.664	n/a	NonTarget	1	574166
2296.832	n/a	NonTarget	1	574208
2297.004	n/a	NonTarget	1	574251
2297.184	n/a	NonTarget	1	574296
2297.356	n/a	NonTarget	1	574339
2297.548	n/a	NonTarget	1	574387
2297.708	n/a	NonTarget	1	574427
2297.88	n/a	Target	2	574470
2298.06	n/a	NonTarget	1	574515
2298.228	n/a	NonTarget	1	574557
2298.404	n/a	Target	2	574601
2298.58	n/a	NonTarget	1	574645
2298.756	n/a	NonTarget	1	574689
2298.932	n/a	NonTarget	1	574733
2299.104	n/a	NonTarget	1	574776
2299.28	n/a	NonTarget	1	574820
2299.46	n/a	NonTarget	1	574865
2299.628	n/a	NonTarget	1	574907
2299.804	n/a	NonTarget	1	574951
2299.98	n/a	Target	2	574995
2300.156	n/a	NonTarget	1	575039
2300.336	n/a	NonTarget	1	575084
2300.504	n/a	NonTarget	1	575126
2300.68	n/a	Target	2	575170
2300.856	n/a	NonTarget	1	575214
2301.032	n/a	NonTarget	1	575258
2301.204	n/a	NonTarget	1	575301
2301.38	n/a	Target	2	575345
2301.556	n/a	NonTarget	1	575389
2301.728	n/a	NonTarget	1	575432
2301.912	n/a	NonTarget	1	575478
2302.08	n/a	NonTarget	1	575520
2302.256	n/a	NonTarget	1	575564
2302.428	n/a	NonTarget	1	575607
2302.604	n/a	NonTarget	1	575651
2302.784	n/a	NonTarget	1	575696
2302.956	n/a	Target	2	575739
2303.128	n/a	NonTarget	1	575782
2303.304	n/a	NonTarget	1	575826
2303.48	n/a	NonTarget	1	575870
2303.66	n/a	NonTarget	1	575915
2303.832	n/a	NonTarget	1	575958
2304.004	n/a	Target	2	576001
2304.18	n/a	NonTarget	1	576045
2304.356	n/a	NonTarget	1	576089
2304.528	n/a	NonTarget	1	576132
2304.724	n/a	NonTarget	1	576181
2304.88	n/a	NonTarget	1	576220
2305.056	n/a	NonTarget	1	576264
2305.228	n/a	NonTarget	1	576307
2305.404	n/a	Target	2	576351
2305.58	n/a	NonTarget	1	576395
2305.756	n/a	NonTarget	1	576439
2305.928	n/a	Target	2	576482
2306.116	n/a	NonTarget	1	576529
2306.28	n/a	NonTarget	1	576570
2306.48	n/a	NonTarget	1	576620
2306.632	n/a	NonTarget	1	576658
2306.804	n/a	Target	2	576701
2306.98	n/a	NonTarget	1	576745
2307.156	n/a	NonTarget	1	576789
2307.332	n/a	NonTarget	1	576833
2307.512	n/a	NonTarget	1	576878
2307.68	n/a	Target	2	576920
2307.864	n/a	NonTarget	1	576966
2308.04	n/a	NonTarget	1	577010
2308.204	n/a	NonTarget	1	577051
2308.396	n/a	NonTarget	1	577099
2308.556	n/a	NonTarget	1	577139
2308.728	n/a	Target	2	577182
2308.904	n/a	NonTarget	1	577226
2309.08	n/a	NonTarget	1	577270
2309.272	n/a	NonTarget	1	577318
2309.428	n/a	NonTarget	1	577357
2309.604	n/a	NonTarget	1	577401
2309.788	n/a	NonTarget	1	577447
2309.956	n/a	NonTarget	1	577489
2310.148	n/a	NonTarget	1	577537
2310.308	n/a	NonTarget	1	577577
2310.48	n/a	NonTarget	1	577620
2310.656	n/a	Target	2	577664
2310.828	n/a	NonTarget	1	577707
2311.008	n/a	NonTarget	1	577752
2311.188	n/a	NonTarget	1	577797
2311.356	n/a	NonTarget	1	577839
2311.544	n/a	Target	2	577886
2311.708	n/a	NonTarget	1	577927
2329.54	n/a	NonTarget	1	582385
2329.716	n/a	Target	2	582429
2329.888	n/a	NonTarget	1	582472
2330.068	n/a	NonTarget	1	582517
2330.24	n/a	NonTarget	1	582560
2330.416	n/a	NonTarget	1	582604
2330.6	n/a	Target	2	582650
2330.764	n/a	NonTarget	1	582691
2330.952	n/a	NonTarget	1	582738
2331.116	n/a	NonTarget	1	582779
2331.288	n/a	NonTarget	1	582822
2331.464	n/a	NonTarget	1	582866
2331.64	n/a	NonTarget	1	582910
2331.816	n/a	NonTarget	1	582954
2331.988	n/a	NonTarget	1	582997
2332.164	n/a	NonTarget	1	583041
2332.348	n/a	NonTarget	1	583087
2332.516	n/a	Target	2	583129
2332.688	n/a	NonTarget	1	583172
2332.868	n/a	NonTarget	1	583217
2333.04	n/a	NonTarget	1	583260
2333.224	n/a	NonTarget	1	583306
2333.396	n/a	Target	2	583349
2333.584	n/a	NonTarget	1	583396
2333.744	n/a	NonTarget	1	583436
2333.916	n/a	NonTarget	1	583479
2334.092	n/a	NonTarget	1	583523
2334.268	n/a	Target	2	583567
2334.44	n/a	NonTarget	1	583610
2334.62	n/a	NonTarget	1	583655
2334.788	n/a	Target	2	583697
2334.964	n/a	NonTarget	1	583741
2335.144	n/a	NonTarget	1	583786
2335.316	n/a	NonTarget	1	583829
2335.492	n/a	NonTarget	1	583873
2335.664	n/a	NonTarget	1	583916
2335.84	n/a	Target	2	583960
2336.02	n/a	NonTarget	1	584005
2336.188	n/a	NonTarget	1	584047
2336.364	n/a	NonTarget	1	584091
2336.54	n/a	NonTarget	1	584135
2336.716	n/a	NonTarget	1	584179
2336.892	n/a	Target	2	584223
2337.064	n/a	NonTarget	1	584266
2337.256	n/a	NonTarget	1	584314
2337.416	n/a	NonTarget	1	584354
2337.596	n/a	NonTarget	1	584399
2337.764	n/a	NonTarget	1	584441
2337.952	n/a	Target	2	584488
2338.116	n/a	NonTarget	1	584529
2338.288	n/a	NonTarget	1	584572
2338.468	n/a	NonTarget	1	584617
2338.64	n/a	NonTarget	1	584660
2338.82	n/a	NonTarget	1	584705
2338.992	n/a	Target	2	584748
2339.164	n/a	NonTarget	1	584791
2339.348	n/a	NonTarget	1	584837
2339.516	n/a	NonTarget	1	584879
2339.692	n/a	NonTarget	1	584923
2339.864	n/a	NonTarget	1	584966
2340.036	n/a	Target	2	585009
2340.228	n/a	NonTarget	1	585057
2340.388	n/a	NonTarget	1	585097
2340.564	n/a	NonTarget	1	585141
2340.748	n/a	NonTarget	1	585187
2340.916	n/a	NonTarget	1	585229
2341.092	n/a	NonTarget	1	585273
2341.264	n/a	NonTarget	1	585316
2341.444	n/a	Target	2	585361
2341.616	n/a	NonTarget	1	585404
2341.788	n/a	NonTarget	1	585447
2341.972	n/a	NonTarget	1	585493
2342.14	n/a	NonTarget	1	585535
2342.332	n/a	NonTarget	1	585583
2342.488	n/a	NonTarget	1	585622
2342.664	n/a	NonTarget	1	585666
2342.852	n/a	NonTarget	1	585713
2343.016	n/a	Target	2	585754
2343.188	n/a	NonTarget	1	585797
2343.364	n/a	NonTarget	1	585841
2343.54	n/a	NonTarget	1	585885
2343.716	n/a	NonTarget	1	585929
2343.888	n/a	NonTarget	1	585972
2344.08	n/a	Target	2	586020
2344.248	n/a	NonTarget	1	586062
2344.42	n/a	NonTarget	1	586105
2344.592	n/a	NonTarget	1	586148
2344.764	n/a	NonTarget	1	586191
2344.94	n/a	Target	2	586235
2345.116	n/a	NonTarget	1	586279
2361.336	n/a	Target	2	590334
2361.512	n/a	NonTarget	1	590378
2361.7	n/a	NonTarget	1	590425
2361.864	n/a	NonTarget	1	590466
2362.04	n/a	NonTarget	1	590510
2362.212	n/a	NonTarget	1	590553
2362.392	n/a	Target	2	590598
2362.564	n/a	NonTarget	1	590641
2362.736	n/a	NonTarget	1	590684
2362.912	n/a	NonTarget	1	590728
2363.088	n/a	NonTarget	1	590772
2363.272	n/a	NonTarget	1	590818
2363.436	n/a	Target	2	590859
2363.628	n/a	NonTarget	1	590907
2363.788	n/a	NonTarget	1	590947
2363.964	n/a	NonTarget	1	590991
2364.136	n/a	NonTarget	1	591034
2364.312	n/a	NonTarget	1	591078
2364.504	n/a	NonTarget	1	591126
2364.664	n/a	Target	2	591166
2364.836	n/a	NonTarget	1	591209
2365.016	n/a	NonTarget	1	591254
2365.188	n/a	NonTarget	1	591297
2365.364	n/a	NonTarget	1	591341
2365.54	n/a	NonTarget	1	591385
2365.72	n/a	NonTarget	1	591430
2365.896	n/a	NonTarget	1	591474
2366.064	n/a	NonTarget	1	591516
2366.236	n/a	Target	2	591559
2366.412	n/a	NonTarget	1	591603
2366.592	n/a	NonTarget	1	591648
2366.764	n/a	NonTarget	1	591691
2366.948	n/a	NonTarget	1	591737
2367.116	n/a	Target	2	591779
2367.288	n/a	NonTarget	1	591822
2367.472	n/a	NonTarget	1	591868
2367.636	n/a	NonTarget	1	591909
2367.816	n/a	NonTarget	1	591954
2367.988	n/a	Target	2	591997
2368.164	n/a	NonTarget	1	592041
2368.348	n/a	NonTarget	1	592087
2368.512	n/a	NonTarget	1	592128
2368.688	n/a	NonTarget	1	592172
2368.868	n/a	NonTarget	1	592217
2369.036	n/a	NonTarget	1	592259
2369.224	n/a	NonTarget	1	592306
2369.388	n/a	NonTarget	1	592347
2369.564	n/a	Target	2	592391
2369.752	n/a	NonTarget	1	592438
2369.912	n/a	NonTarget	1	592478
2370.088	n/a	NonTarget	1	592522
2370.272	n/a	NonTarget	1	592568
2370.436	n/a	NonTarget	1	592609
2370.624	n/a	Target	2	592656
2370.788	n/a	NonTarget	1	592697
2370.964	n/a	NonTarget	1	592741
2371.144	n/a	NonTarget	1	592786
2371.312	n/a	Target	2	592828
2371.492	n/a	NonTarget	1	592873
2371.664	n/a	NonTarget	1	592916
2371.836	n/a	NonTarget	1	592959
2372.02	n/a	Target	2	593005
2372.188	n/a	NonTarget	1	593047
2372.376	n/a	NonTarget	1	593094
2372.536	n/a	NonTarget	1	593134
2372.712	n/a	NonTarget	1	593178
2372.896	n/a	NonTarget	1	593224
2373.064	n/a	NonTarget	1	593266
2373.236	n/a	NonTarget	1	593309
2373.412	n/a	NonTarget	1	593353
2373.588	n/a	Target	2	593397
2373.76	n/a	NonTarget	1	593440
2373.936	n/a	NonTarget	1	593484
2374.112	n/a	Target	2	593528
2374.288	n/a	NonTarget	1	593572
2374.476	n/a	NonTarget	1	593619
2374.636	n/a	NonTarget	1	593659
2374.824	n/a	NonTarget	1	593706
2374.992	n/a	NonTarget	1	593748
2375.164	n/a	NonTarget	1	593791
2375.352	n/a	NonTarget	1	593838
2375.512	n/a	NonTarget	1	593878
2375.688	n/a	Target	2	593922
2375.864	n/a	NonTarget	1	593966
2376.036	n/a	NonTarget	1	594009
2376.216	n/a	NonTarget	1	594054
2376.388	n/a	Target	2	594097
2376.576	n/a	NonTarget	1	594144
2376.74	n/a	NonTarget	1	594185
2376.924	n/a	NonTarget	1	594231
2398.124	n/a	NonTarget	1	599531
2398.3	n/a	Target	2	599575
2398.476	n/a	NonTarget	1	599619
2398.652	n/a	NonTarget	1	599663
2398.836	n/a	NonTarget	1	599709
2399.004	n/a	NonTarget	1	599751
2399.176	n/a	NonTarget	1	599794
2399.356	n/a	NonTarget	1	599839
2399.524	n/a	Target	2	599881
2399.7	n/a	NonTarget	1	599925
2399.876	n/a	NonTarget	1	599969
2400.064	n/a	NonTarget	1	600016
2400.224	n/a	NonTarget	1	600056
2400.4	n/a	NonTarget	1	600100
2400.576	n/a	NonTarget	1	600144
2400.752	n/a	NonTarget	1	600188
2400.936	n/a	Target	2	600234
2401.1	n/a	NonTarget	1	600275
2401.276	n/a	NonTarget	1	600319
2401.452	n/a	NonTarget	1	600363
2401.624	n/a	NonTarget	1	600406
2401.816	n/a	NonTarget	1	600454
2401.976	n/a	Target	2	600494
2402.152	n/a	NonTarget	1	600538
2402.332	n/a	NonTarget	1	600583
2402.5	n/a	NonTarget	1	600625
2402.688	n/a	NonTarget	1	600672
2402.852	n/a	Target	2	600713
2403.032	n/a	NonTarget	1	600758
2403.208	n/a	NonTarget	1	600802
2403.376	n/a	Target	2	600844
2403.552	n/a	NonTarget	1	600888
2403.736	n/a	NonTarget	1	600934
2403.9	n/a	NonTarget	1	600975
2404.076	n/a	NonTarget	1	601019
2404.252	n/a	NonTarget	1	601063
2404.424	n/a	NonTarget	1	601106
2404.612	n/a	NonTarget	1	601153
2404.776	n/a	NonTarget	1	601194
2404.952	n/a	Target	2	601238
2405.132	n/a	NonTarget	1	601283
2405.3	n/a	NonTarget	1	601325
2405.48	n/a	NonTarget	1	601370
2405.652	n/a	Target	2	601413
2405.824	n/a	NonTarget	1	601456
2406.004	n/a	NonTarget	1	601501
2406.176	n/a	NonTarget	1	601544
2406.352	n/a	NonTarget	1	601588
2406.524	n/a	NonTarget	1	601631
2406.7	n/a	Target	2	601675
2406.876	n/a	NonTarget	1	601719
2407.064	n/a	NonTarget	1	601766
2407.24	n/a	NonTarget	1	601810
2407.4	n/a	NonTarget	1	601850
2407.572	n/a	NonTarget	1	601893
2407.748	n/a	NonTarget	1	601937
2407.924	n/a	NonTarget	1	601981
2408.1	n/a	NonTarget	1	602025
2408.276	n/a	NonTarget	1	602069
2408.452	n/a	Target	2	602113
2408.624	n/a	NonTarget	1	602156
2408.8	n/a	NonTarget	1	602200
2408.976	n/a	NonTarget	1	602244
2409.152	n/a	NonTarget	1	602288
2409.34	n/a	Target	2	602335
2409.504	n/a	NonTarget	1	602376
2409.676	n/a	NonTarget	1	602419
2409.864	n/a	NonTarget	1	602466
2410.024	n/a	NonTarget	1	602506
2410.2	n/a	Target	2	602550
2410.376	n/a	NonTarget	1	602594
2410.552	n/a	NonTarget	1	602638
2410.736	n/a	NonTarget	1	602684
2410.912	n/a	NonTarget	1	602728
2411.076	n/a	Target	2	602769
2411.252	n/a	NonTarget	1	602813
2411.444	n/a	NonTarget	1	602861
2411.6	n/a	NonTarget	1	602900
2411.776	n/a	NonTarget	1	602944
2411.956	n/a	Target	2	602989
2412.128	n/a	NonTarget	1	603032
2412.308	n/a	NonTarget	1	603077
2412.476	n/a	NonTarget	1	603119
2412.648	n/a	NonTarget	1	603162
2412.832	n/a	NonTarget	1	603208
2413.0	n/a	Target	2	603250
2413.188	n/a	NonTarget	1	603297
2413.348	n/a	NonTarget	1	603337
2413.524	n/a	NonTarget	1	603381
2413.704	n/a	NonTarget	1	603426
2428.844	n/a	NonTarget	1	607211
2429.024	n/a	NonTarget	1	607256
2429.196	n/a	NonTarget	1	607299
2429.376	n/a	Target	2	607344
2429.544	n/a	NonTarget	1	607386
2429.72	n/a	NonTarget	1	607430
2429.904	n/a	NonTarget	1	607476
2430.072	n/a	NonTarget	1	607518
2430.244	n/a	NonTarget	1	607561
2430.428	n/a	NonTarget	1	607607
2430.596	n/a	NonTarget	1	607649
2430.772	n/a	Target	2	607693
2430.948	n/a	NonTarget	1	607737
2431.12	n/a	NonTarget	1	607780
2431.296	n/a	NonTarget	1	607824
2431.476	n/a	Target	2	607869
2431.652	n/a	NonTarget	1	607913
2431.82	n/a	NonTarget	1	607955
2431.996	n/a	NonTarget	1	607999
2432.172	n/a	NonTarget	1	608043
2432.356	n/a	Target	2	608089
2432.52	n/a	NonTarget	1	608130
2432.696	n/a	NonTarget	1	608174
2432.88	n/a	NonTarget	1	608220
2433.044	n/a	NonTarget	1	608261
2433.232	n/a	NonTarget	1	608308
2433.396	n/a	NonTarget	1	608349
2433.576	n/a	Target	2	608394
2433.744	n/a	NonTarget	1	608436
2433.92	n/a	NonTarget	1	608480
2434.1	n/a	NonTarget	1	608525
2434.272	n/a	NonTarget	1	608568
2434.444	n/a	NonTarget	1	608611
2434.628	n/a	NonTarget	1	608657
2434.796	n/a	NonTarget	1	608699
2434.972	n/a	Target	2	608743
2435.148	n/a	NonTarget	1	608787
2435.32	n/a	NonTarget	1	608830
2435.496	n/a	NonTarget	1	608874
2435.672	n/a	NonTarget	1	608918
2435.844	n/a	NonTarget	1	608961
2436.028	n/a	Target	2	609007
2436.196	n/a	NonTarget	1	609049
2436.372	n/a	NonTarget	1	609093
2436.552	n/a	NonTarget	1	609138
2436.72	n/a	NonTarget	1	609180
2436.904	n/a	Target	2	609226
2437.072	n/a	NonTarget	1	609268
2437.244	n/a	NonTarget	1	609311
2437.424	n/a	Target	2	609356
2437.596	n/a	NonTarget	1	609399
2437.772	n/a	NonTarget	1	609443
2437.944	n/a	NonTarget	1	609486
2438.12	n/a	NonTarget	1	609530
2438.296	n/a	NonTarget	1	609574
2438.472	n/a	Target	2	609618
2438.652	n/a	NonTarget	1	609663
2438.82	n/a	NonTarget	1	609705
2439.0	n/a	NonTarget	1	609750
2439.172	n/a	NonTarget	1	609793
2439.364	n/a	NonTarget	1	609841
2439.52	n/a	NonTarget	1	609880
2439.696	n/a	NonTarget	1	609924
2439.872	n/a	NonTarget	1	609968
2440.044	n/a	Target	2	610011
2440.232	n/a	NonTarget	1	610058
2440.396	n/a	NonTarget	1	610099
2440.568	n/a	NonTarget	1	610142
2440.744	n/a	NonTarget	1	610186
2440.92	n/a	Target	2	610230
2441.096	n/a	NonTarget	1	610274
2441.272	n/a	NonTarget	1	610318
2441.444	n/a	NonTarget	1	610361
2441.624	n/a	NonTarget	1	610406
2441.796	n/a	Target	2	610449
2441.984	n/a	NonTarget	1	610496
2442.148	n/a	NonTarget	1	610537
2442.32	n/a	NonTarget	1	610580
2442.504	n/a	NonTarget	1	610626
2442.676	n/a	NonTarget	1	610669
2442.844	n/a	NonTarget	1	610711
2443.032	n/a	NonTarget	1	610758
2443.196	n/a	Target	2	610799
2443.376	n/a	NonTarget	1	610844
2443.548	n/a	NonTarget	1	610887
2443.72	n/a	Target	2	610930
2443.9	n/a	NonTarget	1	610975
2444.072	n/a	NonTarget	1	611018
2444.26	n/a	NonTarget	1	611065
2444.42	n/a	NonTarget	1	611105
2464.48	n/a	Target	2	616120
2464.664	n/a	NonTarget	1	616166
2464.832	n/a	NonTarget	1	616208
2465.004	n/a	NonTarget	1	616251
2465.18	n/a	NonTarget	1	616295
2465.356	n/a	NonTarget	1	616339
2465.54	n/a	Target	2	616385
2465.704	n/a	NonTarget	1	616426
2465.88	n/a	NonTarget	1	616470
2466.068	n/a	NonTarget	1	616517
2466.232	n/a	NonTarget	1	616558
2466.42	n/a	NonTarget	1	616605
2466.584	n/a	NonTarget	1	616646
2466.756	n/a	Target	2	616689
2466.944	n/a	NonTarget	1	616736
2467.104	n/a	NonTarget	1	616776
2467.28	n/a	NonTarget	1	616820
2467.456	n/a	NonTarget	1	616864
2467.644	n/a	NonTarget	1	616911
2467.804	n/a	NonTarget	1	616951
2467.988	n/a	NonTarget	1	616997
2468.156	n/a	Target	2	617039
2468.332	n/a	NonTarget	1	617083
2468.508	n/a	NonTarget	1	617127
2468.68	n/a	NonTarget	1	617170
2468.864	n/a	Target	2	617216
2469.032	n/a	NonTarget	1	617258
2469.204	n/a	NonTarget	1	617301
2469.38	n/a	NonTarget	1	617345
2469.556	n/a	NonTarget	1	617389
2469.732	n/a	NonTarget	1	617433
2469.904	n/a	NonTarget	1	617476
2470.08	n/a	NonTarget	1	617520
2470.256	n/a	NonTarget	1	617564
2470.432	n/a	NonTarget	1	617608
2470.604	n/a	Target	2	617651
2470.784	n/a	NonTarget	1	617696
2470.956	n/a	NonTarget	1	617739
2471.132	n/a	Target	2	617783
2471.308	n/a	NonTarget	1	617827
2471.48	n/a	NonTarget	1	617870
2471.664	n/a	NonTarget	1	617916
2471.832	n/a	NonTarget	1	617958
2472.004	n/a	NonTarget	1	618001
2472.188	n/a	NonTarget	1	618047
2472.356	n/a	NonTarget	1	618089
2472.532	n/a	Target	2	618133
2472.704	n/a	NonTarget	1	618176
2472.88	n/a	NonTarget	1	618220
2473.056	n/a	Target	2	618264
2473.232	n/a	NonTarget	1	618308
2473.408	n/a	NonTarget	1	618352
2473.584	n/a	NonTarget	1	618396
2473.756	n/a	NonTarget	1	618439
2473.928	n/a	NonTarget	1	618482
2474.104	n/a	NonTarget	1	618526
2474.288	n/a	NonTarget	1	618572
2474.464	n/a	NonTarget	1	618616
2474.632	n/a	Target	2	618658
2474.804	n/a	NonTarget	1	618701
2474.988	n/a	NonTarget	1	618747
2475.156	n/a	NonTarget	1	618789
2475.332	n/a	NonTarget	1	618833
2475.516	n/a	Target	2	618879
2475.68	n/a	NonTarget	1	618920
2475.876	n/a	NonTarget	1	618969
2476.04	n/a	NonTarget	1	619010
2476.204	n/a	Target	2	619051
2476.392	n/a	NonTarget	1	619098
2476.556	n/a	NonTarget	1	619139
2476.732	n/a	NonTarget	1	619183
2476.904	n/a	NonTarget	1	619226
2477.08	n/a	Target	2	619270
2477.264	n/a	NonTarget	1	619316
2477.432	n/a	NonTarget	1	619358
2477.62	n/a	NonTarget	1	619405
2477.78	n/a	NonTarget	1	619445
2477.956	n/a	NonTarget	1	619489
2478.136	n/a	Target	2	619534
2478.312	n/a	NonTarget	1	619578
2478.48	n/a	NonTarget	1	619620
2478.668	n/a	NonTarget	1	619667
2478.832	n/a	NonTarget	1	619708
2479.004	n/a	NonTarget	1	619751
2479.184	n/a	NonTarget	1	619796
2479.356	n/a	NonTarget	1	619839
2479.548	n/a	NonTarget	1	619887
2479.72	n/a	NonTarget	1	619930
2479.88	n/a	NonTarget	1	619970
2480.056	n/a	Target	2	620014
2494.28	n/a	Target	2	623570
2494.456	n/a	NonTarget	1	623614
2494.636	n/a	NonTarget	1	623659
2494.804	n/a	NonTarget	1	623701
2494.98	n/a	NonTarget	1	623745
2495.156	n/a	NonTarget	1	623789
2495.328	n/a	NonTarget	1	623832
2495.516	n/a	NonTarget	1	623879
2495.68	n/a	NonTarget	1	623920
2495.856	n/a	Target	2	623964
2496.032	n/a	NonTarget	1	624008
2496.204	n/a	NonTarget	1	624051
2496.388	n/a	NonTarget	1	624097
2496.556	n/a	Target	2	624139
2496.732	n/a	NonTarget	1	624183
2496.912	n/a	NonTarget	1	624228
2497.08	n/a	NonTarget	1	624270
2497.268	n/a	NonTarget	1	624317
2497.432	n/a	NonTarget	1	624358
2497.604	n/a	Target	2	624401
2497.788	n/a	NonTarget	1	624447
2497.956	n/a	NonTarget	1	624489
2498.128	n/a	NonTarget	1	624532
2498.312	n/a	NonTarget	1	624578
2498.48	n/a	NonTarget	1	624620
2498.672	n/a	NonTarget	1	624668
2498.832	n/a	NonTarget	1	624708
2499.004	n/a	NonTarget	1	624751
2499.188	n/a	NonTarget	1	624797
2499.356	n/a	Target	2	624839
2499.54	n/a	NonTarget	1	624885
2499.704	n/a	NonTarget	1	624926
2499.88	n/a	NonTarget	1	624970
2500.064	n/a	NonTarget	1	625016
2500.228	n/a	Target	2	625057
2500.416	n/a	NonTarget	1	625104
2500.58	n/a	NonTarget	1	625145
2500.756	n/a	NonTarget	1	625189
2500.936	n/a	NonTarget	1	625234
2501.104	n/a	Target	2	625276
2501.284	n/a	NonTarget	1	625321
2501.456	n/a	NonTarget	1	625364
2501.628	n/a	NonTarget	1	625407
2501.804	n/a	NonTarget	1	625451
2501.992	n/a	Target	2	625498
2502.156	n/a	NonTarget	1	625539
2502.328	n/a	NonTarget	1	625582
2502.512	n/a	NonTarget	1	625628
2502.68	n/a	NonTarget	1	625670
2502.856	n/a	Target	2	625714
2503.036	n/a	NonTarget	1	625759
2503.204	n/a	NonTarget	1	625801
2503.392	n/a	NonTarget	1	625848
2503.556	n/a	NonTarget	1	625889
2503.736	n/a	NonTarget	1	625934
2503.908	n/a	Target	2	625977
2504.08	n/a	NonTarget	1	626020
2504.256	n/a	NonTarget	1	626064
2504.428	n/a	NonTarget	1	626107
2504.612	n/a	NonTarget	1	626153
2504.78	n/a	NonTarget	1	626195
2504.964	n/a	NonTarget	1	626241
2505.128	n/a	Target	2	626282
2505.312	n/a	NonTarget	1	626328
2505.48	n/a	NonTarget	1	626370
2505.66	n/a	NonTarget	1	626415
2505.836	n/a	NonTarget	1	626459
2506.004	n/a	NonTarget	1	626501
2506.18	n/a	NonTarget	1	626545
2506.356	n/a	Target	2	626589
2506.528	n/a	NonTarget	1	626632
2506.704	n/a	NonTarget	1	626676
2506.88	n/a	NonTarget	1	626720
2507.052	n/a	NonTarget	1	626763
2507.228	n/a	Target	2	626807
2507.404	n/a	NonTarget	1	626851
2507.592	n/a	NonTarget	1	626898
2507.756	n/a	NonTarget	1	626939
2507.928	n/a	NonTarget	1	626982
2508.108	n/a	NonTarget	1	627027
2508.28	n/a	NonTarget	1	627070
2508.464	n/a	Target	2	627116
2508.628	n/a	NonTarget	1	627157
2508.804	n/a	NonTarget	1	627201
2509.0	n/a	NonTarget	1	627250
2509.156	n/a	NonTarget	1	627289
2509.328	n/a	Target	2	627332
2509.516	n/a	NonTarget	1	627379
2509.68	n/a	NonTarget	1	627420
2509.86	n/a	NonTarget	1	627465
2529.976	n/a	NonTarget	1	632494
2530.14	n/a	NonTarget	1	632535
2530.316	n/a	NonTarget	1	632579
2530.492	n/a	NonTarget	1	632623
2530.664	n/a	Target	2	632666
2530.84	n/a	NonTarget	1	632710
2531.016	n/a	NonTarget	1	632754
2531.192	n/a	NonTarget	1	632798
2531.364	n/a	NonTarget	1	632841
2531.54	n/a	NonTarget	1	632885
2531.716	n/a	Target	2	632929
2531.892	n/a	NonTarget	1	632973
2532.08	n/a	NonTarget	1	633020
2532.24	n/a	NonTarget	1	633060
2532.416	n/a	NonTarget	1	633104
2532.596	n/a	Target	2	633149
2532.764	n/a	NonTarget	1	633191
2532.944	n/a	NonTarget	1	633236
2533.116	n/a	Target	2	633279
2533.288	n/a	NonTarget	1	633322
2533.464	n/a	NonTarget	1	633366
2533.64	n/a	NonTarget	1	633410
2533.816	n/a	NonTarget	1	633454
2533.988	n/a	NonTarget	1	633497
2534.18	n/a	NonTarget	1	633545
2534.34	n/a	NonTarget	1	633585
2534.516	n/a	NonTarget	1	633629
2534.696	n/a	NonTarget	1	633674
2534.872	n/a	NonTarget	1	633718
2535.04	n/a	Target	2	633760
2535.22	n/a	NonTarget	1	633805
2535.388	n/a	NonTarget	1	633847
2535.564	n/a	NonTarget	1	633891
2535.74	n/a	NonTarget	1	633935
2535.916	n/a	NonTarget	1	633979
2536.1	n/a	Target	2	634025
2536.268	n/a	NonTarget	1	634067
2536.44	n/a	NonTarget	1	634110
2536.624	n/a	Target	2	634156
2536.788	n/a	NonTarget	1	634197
2536.984	n/a	NonTarget	1	634246
2537.14	n/a	NonTarget	1	634285
2537.316	n/a	NonTarget	1	634329
2537.5	n/a	Target	2	634375
2537.664	n/a	NonTarget	1	634416
2537.84	n/a	NonTarget	1	634460
2538.016	n/a	NonTarget	1	634504
2538.208	n/a	NonTarget	1	634552
2538.372	n/a	Target	2	634593
2538.556	n/a	NonTarget	1	634639
2538.716	n/a	NonTarget	1	634679
2538.888	n/a	NonTarget	1	634722
2539.076	n/a	NonTarget	1	634769
2539.24	n/a	NonTarget	1	634810
2539.416	n/a	NonTarget	1	634854
2539.588	n/a	NonTarget	1	634897
2539.764	n/a	Target	2	634941
2539.94	n/a	NonTarget	1	634985
2540.112	n/a	NonTarget	1	635028
2540.288	n/a	NonTarget	1	635072
2540.468	n/a	NonTarget	1	635117
2540.64	n/a	Target	2	635160
2540.828	n/a	NonTarget	1	635207
2540.992	n/a	NonTarget	1	635248
2541.164	n/a	NonTarget	1	635291
2541.34	n/a	NonTarget	1	635335
2541.516	n/a	NonTarget	1	635379
2541.688	n/a	NonTarget	1	635422
2541.872	n/a	NonTarget	1	635468
2542.04	n/a	Target	2	635510
2542.228	n/a	NonTarget	1	635557
2542.404	n/a	NonTarget	1	635601
2542.564	n/a	NonTarget	1	635641
2542.744	n/a	NonTarget	1	635686
2542.916	n/a	NonTarget	1	635729
2543.108	n/a	NonTarget	1	635777
2543.268	n/a	Target	2	635817
2543.44	n/a	NonTarget	1	635860
2543.632	n/a	NonTarget	1	635908
2543.792	n/a	NonTarget	1	635948
2543.968	n/a	NonTarget	1	635992
2544.148	n/a	NonTarget	1	636037
2544.316	n/a	Target	2	636079
2544.488	n/a	NonTarget	1	636122
2544.672	n/a	NonTarget	1	636168
2544.84	n/a	NonTarget	1	636210
2545.016	n/a	Target	2	636254
2545.192	n/a	NonTarget	1	636298
2545.364	n/a	NonTarget	1	636341
2545.556	n/a	NonTarget	1	636389
2560.892	n/a	NonTarget	1	640223
2561.068	n/a	NonTarget	1	640267
2561.244	n/a	NonTarget	1	640311
2561.424	n/a	NonTarget	1	640356
2561.592	n/a	Target	2	640398
2561.768	n/a	NonTarget	1	640442
2561.952	n/a	NonTarget	1	640488
2562.116	n/a	Target	2	640529
2562.292	n/a	NonTarget	1	640573
2562.468	n/a	NonTarget	1	640617
2562.644	n/a	NonTarget	1	640661
2562.82	n/a	NonTarget	1	640705
2562.996	n/a	NonTarget	1	640749
2563.168	n/a	NonTarget	1	640792
2563.348	n/a	NonTarget	1	640837
2563.516	n/a	Target	2	640879
2563.692	n/a	NonTarget	1	640923
2563.864	n/a	NonTarget	1	640966
2564.044	n/a	Target	2	641011
2564.228	n/a	NonTarget	1	641057
2564.392	n/a	NonTarget	1	641098
2564.568	n/a	NonTarget	1	641142
2564.74	n/a	NonTarget	1	641185
2564.916	n/a	NonTarget	1	641229
2565.1	n/a	Target	2	641275
2565.268	n/a	NonTarget	1	641317
2565.44	n/a	NonTarget	1	641360
2565.62	n/a	NonTarget	1	641405
2565.792	n/a	NonTarget	1	641448
2565.984	n/a	NonTarget	1	641496
2566.144	n/a	NonTarget	1	641536
2566.316	n/a	NonTarget	1	641579
2566.5	n/a	Target	2	641625
2566.668	n/a	NonTarget	1	641667
2566.84	n/a	NonTarget	1	641710
2567.016	n/a	NonTarget	1	641754
2567.2	n/a	Target	2	641800
2567.368	n/a	NonTarget	1	641842
2567.544	n/a	NonTarget	1	641886
2567.716	n/a	NonTarget	1	641929
2567.892	n/a	NonTarget	1	641973
2568.068	n/a	NonTarget	1	642017
2568.24	n/a	NonTarget	1	642060
2568.416	n/a	NonTarget	1	642104
2568.592	n/a	NonTarget	1	642148
2568.768	n/a	NonTarget	1	642192
2568.948	n/a	NonTarget	1	642237
2569.116	n/a	Target	2	642279
2569.296	n/a	NonTarget	1	642324
2569.468	n/a	NonTarget	1	642367
2569.64	n/a	NonTarget	1	642410
2569.824	n/a	Target	2	642456
2569.992	n/a	NonTarget	1	642498
2570.172	n/a	NonTarget	1	642543
2570.348	n/a	NonTarget	1	642587
2570.516	n/a	NonTarget	1	642629
2570.7	n/a	NonTarget	1	642675
2570.872	n/a	NonTarget	1	642718
2571.044	n/a	Target	2	642761
2571.22	n/a	NonTarget	1	642805
2571.392	n/a	NonTarget	1	642848
2571.568	n/a	NonTarget	1	642892
2571.748	n/a	NonTarget	1	642937
2571.916	n/a	Target	2	642979
2572.108	n/a	NonTarget	1	643027
2572.268	n/a	NonTarget	1	643067
2572.48	n/a	NonTarget	1	643120
2572.616	n/a	NonTarget	1	643154
2572.792	n/a	Target	2	643198
2572.972	n/a	NonTarget	1	643243
2573.144	n/a	NonTarget	1	643286
2573.316	n/a	NonTarget	1	643329
2573.496	n/a	NonTarget	1	643374
2573.668	n/a	NonTarget	1	643417
2573.84	n/a	Target	2	643460
2574.016	n/a	NonTarget	1	643504
2574.192	n/a	NonTarget	1	643548
2574.38	n/a	NonTarget	1	643595
2574.56	n/a	Target	2	643640
2574.716	n/a	NonTarget	1	643679
2574.892	n/a	NonTarget	1	643723
2575.076	n/a	NonTarget	1	643769
2575.24	n/a	NonTarget	1	643810
2575.428	n/a	NonTarget	1	643857
2575.592	n/a	NonTarget	1	643898
2575.768	n/a	Target	2	643942
2575.952	n/a	NonTarget	1	643988
2576.116	n/a	NonTarget	1	644029
2576.308	n/a	NonTarget	1	644077
2576.468	n/a	NonTarget	1	644117
2601.42	n/a	NonTarget	1	650355
2601.608	n/a	NonTarget	1	650402
2601.772	n/a	Target	2	650443
2601.944	n/a	NonTarget	1	650486
2602.12	n/a	NonTarget	1	650530
2602.296	n/a	NonTarget	1	650574
2602.472	n/a	Target	2	650618
2602.652	n/a	NonTarget	1	650663
2602.82	n/a	NonTarget	1	650705
2602.996	n/a	NonTarget	1	650749
2603.172	n/a	NonTarget	1	650793
2603.344	n/a	NonTarget	1	650836
2603.52	n/a	NonTarget	1	650880
2603.696	n/a	NonTarget	1	650924
2603.884	n/a	NonTarget	1	650971
2604.044	n/a	NonTarget	1	651011
2604.224	n/a	Target	2	651056
2604.4	n/a	NonTarget	1	651100
2604.572	n/a	NonTarget	1	651143
2604.748	n/a	NonTarget	1	651187
2604.92	n/a	Target	2	651230
2605.096	n/a	NonTarget	1	651274
2605.272	n/a	NonTarget	1	651318
2605.448	n/a	NonTarget	1	651362
2605.62	n/a	Target	2	651405
2605.796	n/a	NonTarget	1	651449
2605.972	n/a	NonTarget	1	651493
2606.144	n/a	NonTarget	1	651536
2606.32	n/a	NonTarget	1	651580
2606.496	n/a	NonTarget	1	651624
2606.672	n/a	NonTarget	1	651668
2606.852	n/a	NonTarget	1	651713
2607.02	n/a	Target	2	651755
2607.2	n/a	NonTarget	1	651800
2607.372	n/a	NonTarget	1	651843
2607.544	n/a	NonTarget	1	651886
2607.728	n/a	NonTarget	1	651932
2607.896	n/a	Target	2	651974
2608.072	n/a	NonTarget	1	652018
2608.244	n/a	NonTarget	1	652061
2608.42	n/a	NonTarget	1	652105
2608.596	n/a	NonTarget	1	652149
2608.772	n/a	NonTarget	1	652193
2608.944	n/a	Target	2	652236
2609.132	n/a	NonTarget	1	652283
2609.296	n/a	NonTarget	1	652324
2609.472	n/a	NonTarget	1	652368
2609.652	n/a	NonTarget	1	652413
2609.82	n/a	NonTarget	1	652455
2610.008	n/a	NonTarget	1	652502
2610.172	n/a	NonTarget	1	652543
2610.344	n/a	Target	2	652586
2610.52	n/a	NonTarget	1	652630
2610.696	n/a	NonTarget	1	652674
2610.872	n/a	NonTarget	1	652718
2611.044	n/a	NonTarget	1	652761
2611.22	n/a	NonTarget	1	652805
2611.396	n/a	Target	2	652849
2611.572	n/a	NonTarget	1	652893
2611.748	n/a	NonTarget	1	652937
2611.924	n/a	Target	2	652981
2612.096	n/a	NonTarget	1	653024
2612.272	n/a	NonTarget	1	653068
2612.444	n/a	NonTarget	1	653111
2612.62	n/a	NonTarget	1	653155
2612.796	n/a	NonTarget	1	653199
2612.98	n/a	NonTarget	1	653245
2613.144	n/a	NonTarget	1	653286
2613.328	n/a	NonTarget	1	653332
2613.496	n/a	Target	2	653374
2613.672	n/a	NonTarget	1	653418
2613.844	n/a	NonTarget	1	653461
2614.02	n/a	NonTarget	1	653505
2614.2	n/a	Target	2	653550
2614.372	n/a	NonTarget	1	653593
2614.544	n/a	NonTarget	1	653636
2614.728	n/a	NonTarget	1	653682
2614.896	n/a	NonTarget	1	653724
2615.072	n/a	Target	2	653768
2615.244	n/a	NonTarget	1	653811
2615.42	n/a	NonTarget	1	653855
2615.596	n/a	NonTarget	1	653899
2615.772	n/a	NonTarget	1	653943
2615.944	n/a	NonTarget	1	653986
2616.12	n/a	NonTarget	1	654030
2616.296	n/a	NonTarget	1	654074
2616.472	n/a	NonTarget	1	654118
2616.644	n/a	Target	2	654161
2616.82	n/a	NonTarget	1	654205
2616.996	n/a	NonTarget	1	654249
2631.176	n/a	NonTarget	1	657794
2631.352	n/a	NonTarget	1	657838
2631.532	n/a	NonTarget	1	657883
2631.7	n/a	NonTarget	1	657925
2631.876	n/a	Target	2	657969
2632.052	n/a	NonTarget	1	658013
2632.228	n/a	NonTarget	1	658057
2632.4	n/a	NonTarget	1	658100
2632.576	n/a	NonTarget	1	658144
2632.752	n/a	NonTarget	1	658188
2632.928	n/a	NonTarget	1	658232
2633.1	n/a	Target	2	658275
2633.292	n/a	NonTarget	1	658323
2633.452	n/a	NonTarget	1	658363
2633.624	n/a	Target	2	658406
2633.8	n/a	NonTarget	1	658450
2633.976	n/a	NonTarget	1	658494
2634.152	n/a	NonTarget	1	658538
2634.328	n/a	NonTarget	1	658582
2634.5	n/a	NonTarget	1	658625
2634.676	n/a	Target	2	658669
2634.856	n/a	NonTarget	1	658714
2635.028	n/a	NonTarget	1	658757
2635.204	n/a	NonTarget	1	658801
2635.376	n/a	NonTarget	1	658844
2635.552	n/a	Target	2	658888
2635.724	n/a	NonTarget	1	658931
2635.9	n/a	NonTarget	1	658975
2636.084	n/a	NonTarget	1	659021
2636.252	n/a	NonTarget	1	659063
2636.428	n/a	NonTarget	1	659107
2636.6	n/a	NonTarget	1	659150
2636.776	n/a	Target	2	659194
2636.96	n/a	NonTarget	1	659240
2637.128	n/a	NonTarget	1	659282
2637.3	n/a	NonTarget	1	659325
2637.476	n/a	NonTarget	1	659369
2637.652	n/a	NonTarget	1	659413
2637.828	n/a	NonTarget	1	659457
2638.0	n/a	NonTarget	1	659500
2638.176	n/a	NonTarget	1	659544
2638.352	n/a	Target	2	659588
2638.54	n/a	NonTarget	1	659635
2638.7	n/a	NonTarget	1	659675
2638.876	n/a	NonTarget	1	659719
2639.056	n/a	NonTarget	1	659764
2639.228	n/a	Target	2	659807
2639.404	n/a	NonTarget	1	659851
2639.576	n/a	NonTarget	1	659894
2639.764	n/a	NonTarget	1	659941
2639.928	n/a	NonTarget	1	659982
2640.1	n/a	Target	2	660025
2640.284	n/a	NonTarget	1	660071
2640.452	n/a	NonTarget	1	660113
2640.628	n/a	NonTarget	1	660157
2640.8	n/a	NonTarget	1	660200
2640.976	n/a	NonTarget	1	660244
2641.152	n/a	NonTarget	1	660288
2641.328	n/a	Target	2	660332
2641.5	n/a	NonTarget	1	660375
2641.676	n/a	NonTarget	1	660419
2641.852	n/a	NonTarget	1	660463
2642.028	n/a	Target	2	660507
2642.208	n/a	NonTarget	1	660552
2642.376	n/a	NonTarget	1	660594
2642.56	n/a	NonTarget	1	660640
2642.728	n/a	NonTarget	1	660682
2642.9	n/a	NonTarget	1	660725
2643.076	n/a	NonTarget	1	660769
2643.256	n/a	NonTarget	1	660814
2643.428	n/a	NonTarget	1	660857
2643.6	n/a	Target	2	660900
2643.776	n/a	NonTarget	1	660944
2643.952	n/a	NonTarget	1	660988
2644.128	n/a	NonTarget	1	661032
2644.3	n/a	NonTarget	1	661075
2644.476	n/a	NonTarget	1	661119
2644.652	n/a	Target	2	661163
2644.828	n/a	NonTarget	1	661207
2645.008	n/a	NonTarget	1	661252
2645.176	n/a	NonTarget	1	661294
2645.352	n/a	Target	2	661338
2645.528	n/a	NonTarget	1	661382
2645.7	n/a	NonTarget	1	661425
2645.876	n/a	NonTarget	1	661469
2646.052	n/a	NonTarget	1	661513
2646.228	n/a	Target	2	661557
2646.4	n/a	NonTarget	1	661600
2646.576	n/a	NonTarget	1	661644
2646.752	n/a	NonTarget	1	661688
2666.836	n/a	NonTarget	1	666709
2667.016	n/a	NonTarget	1	666754
2667.18	n/a	NonTarget	1	666795
2667.356	n/a	NonTarget	1	666839
2667.532	n/a	Target	2	666883
2667.708	n/a	NonTarget	1	666927
2667.88	n/a	NonTarget	1	666970
2668.056	n/a	NonTarget	1	667014
2668.232	n/a	Target	2	667058
2668.408	n/a	NonTarget	1	667102
2668.58	n/a	NonTarget	1	667145
2668.756	n/a	NonTarget	1	667189
2668.932	n/a	NonTarget	1	667233
2669.108	n/a	NonTarget	1	667277
2669.284	n/a	NonTarget	1	667321
2669.456	n/a	NonTarget	1	667364
2669.636	n/a	Target	2	667409
2669.804	n/a	NonTarget	1	667451
2669.98	n/a	NonTarget	1	667495
2670.164	n/a	NonTarget	1	667541
2670.336	n/a	NonTarget	1	667584
2670.508	n/a	Target	2	667627
2670.688	n/a	NonTarget	1	667672
2670.856	n/a	NonTarget	1	667714
2671.032	n/a	NonTarget	1	667758
2671.208	n/a	NonTarget	1	667802
2671.38	n/a	Target	2	667845
2671.556	n/a	NonTarget	1	667889
2671.732	n/a	NonTarget	1	667933
2671.908	n/a	NonTarget	1	667977
2672.08	n/a	NonTarget	1	668020
2672.256	n/a	NonTarget	1	668064
2672.432	n/a	NonTarget	1	668108
2672.608	n/a	NonTarget	1	668152
2672.78	n/a	Target	2	668195
2672.956	n/a	NonTarget	1	668239
2673.132	n/a	NonTarget	1	668283
2673.308	n/a	NonTarget	1	668327
2673.48	n/a	NonTarget	1	668370
2673.656	n/a	NonTarget	1	668414
2673.832	n/a	NonTarget	1	668458
2674.008	n/a	Target	2	668502
2674.196	n/a	NonTarget	1	668549
2674.356	n/a	NonTarget	1	668589
2674.532	n/a	NonTarget	1	668633
2674.712	n/a	NonTarget	1	668678
2674.88	n/a	NonTarget	1	668720
2675.068	n/a	Target	2	668767
2675.232	n/a	NonTarget	1	668808
2675.408	n/a	NonTarget	1	668852
2675.58	n/a	NonTarget	1	668895
2675.756	n/a	NonTarget	1	668939
2675.932	n/a	Target	2	668983
2676.108	n/a	NonTarget	1	669027
2676.28	n/a	NonTarget	1	669070
2676.456	n/a	NonTarget	1	669114
2676.632	n/a	Target	2	669158
2676.808	n/a	NonTarget	1	669202
2676.98	n/a	NonTarget	1	669245
2677.156	n/a	NonTarget	1	669289
2677.336	n/a	NonTarget	1	669334
2677.508	n/a	Target	2	669377
2677.68	n/a	NonTarget	1	669420
2677.856	n/a	NonTarget	1	669464
2678.04	n/a	NonTarget	1	669510
2678.208	n/a	NonTarget	1	669552
2678.38	n/a	NonTarget	1	669595
2678.556	n/a	NonTarget	1	669639
2678.732	n/a	NonTarget	1	669683
2678.908	n/a	Target	2	669727
2679.08	n/a	NonTarget	1	669770
2679.256	n/a	NonTarget	1	669814
2679.432	n/a	NonTarget	1	669858
2679.608	n/a	NonTarget	1	669902
2679.78	n/a	NonTarget	1	669945
2679.956	n/a	NonTarget	1	669989
2680.132	n/a	NonTarget	1	670033
2680.308	n/a	Target	2	670077
2680.48	n/a	NonTarget	1	670120
2680.656	n/a	NonTarget	1	670164
2680.832	n/a	NonTarget	1	670208
2681.008	n/a	NonTarget	1	670252
2681.184	n/a	NonTarget	1	670296
2681.36	n/a	Target	2	670340
2681.532	n/a	NonTarget	1	670383
2681.712	n/a	NonTarget	1	670428
2681.88	n/a	NonTarget	1	670470
2682.056	n/a	NonTarget	1	670514
2682.232	n/a	Target	2	670558
2682.408	n/a	NonTarget	1	670602
2697.36	n/a	NonTarget	1	674340
2697.536	n/a	NonTarget	1	674384
2697.712	n/a	Target	2	674428
2697.888	n/a	NonTarget	1	674472
2698.06	n/a	NonTarget	1	674515
2698.236	n/a	NonTarget	1	674559
2698.412	n/a	NonTarget	1	674603
2698.6	n/a	Target	2	674650
2698.76	n/a	NonTarget	1	674690
2698.936	n/a	NonTarget	1	674734
2699.116	n/a	NonTarget	1	674779
2699.288	n/a	NonTarget	1	674822
2699.46	n/a	NonTarget	1	674865
2699.636	n/a	Target	2	674909
2699.812	n/a	NonTarget	1	674953
2699.996	n/a	NonTarget	1	674999
2700.16	n/a	NonTarget	1	675040
2700.34	n/a	NonTarget	1	675085
2700.512	n/a	NonTarget	1	675128
2700.688	n/a	NonTarget	1	675172
2700.86	n/a	NonTarget	1	675215
2701.036	n/a	Target	2	675259
2701.212	n/a	NonTarget	1	675303
2701.384	n/a	NonTarget	1	675346
2701.56	n/a	NonTarget	1	675390
2701.748	n/a	NonTarget	1	675437
2701.908	n/a	NonTarget	1	675477
2702.084	n/a	Target	2	675521
2702.26	n/a	NonTarget	1	675565
2702.436	n/a	NonTarget	1	675609
2702.612	n/a	Target	2	675653
2702.788	n/a	NonTarget	1	675697
2702.96	n/a	NonTarget	1	675740
2703.14	n/a	NonTarget	1	675785
2703.312	n/a	NonTarget	1	675828
2703.496	n/a	NonTarget	1	675874
2703.66	n/a	NonTarget	1	675915
2703.836	n/a	NonTarget	1	675959
2704.02	n/a	NonTarget	1	676005
2704.184	n/a	Target	2	676046
2704.36	n/a	NonTarget	1	676090
2704.536	n/a	NonTarget	1	676134
2704.712	n/a	NonTarget	1	676178
2704.888	n/a	Target	2	676222
2705.06	n/a	NonTarget	1	676265
2705.236	n/a	NonTarget	1	676309
2705.416	n/a	NonTarget	1	676354
2705.6	n/a	NonTarget	1	676400
2705.764	n/a	Target	2	676441
2705.936	n/a	NonTarget	1	676484
2706.112	n/a	NonTarget	1	676528
2706.288	n/a	NonTarget	1	676572
2706.46	n/a	NonTarget	1	676615
2706.636	n/a	NonTarget	1	676659
2706.812	n/a	NonTarget	1	676703
2706.988	n/a	NonTarget	1	676747
2707.16	n/a	NonTarget	1	676790
2707.336	n/a	Target	2	676834
2707.512	n/a	NonTarget	1	676878
2707.684	n/a	NonTarget	1	676921
2707.86	n/a	NonTarget	1	676965
2708.036	n/a	Target	2	677009
2708.224	n/a	NonTarget	1	677056
2708.388	n/a	NonTarget	1	677097
2708.56	n/a	NonTarget	1	677140
2708.744	n/a	NonTarget	1	677186
2708.912	n/a	NonTarget	1	677228
2709.096	n/a	NonTarget	1	677274
2709.26	n/a	Target	2	677315
2709.436	n/a	NonTarget	1	677359
2709.612	n/a	NonTarget	1	677403
2709.804	n/a	NonTarget	1	677451
2709.96	n/a	NonTarget	1	677490
2710.136	n/a	NonTarget	1	677534
2710.316	n/a	NonTarget	1	677579
2710.488	n/a	Target	2	677622
2710.66	n/a	NonTarget	1	677665
2710.836	n/a	NonTarget	1	677709
2711.012	n/a	Target	2	677753
2711.184	n/a	NonTarget	1	677796
2711.36	n/a	NonTarget	1	677840
2711.536	n/a	NonTarget	1	677884
2711.712	n/a	NonTarget	1	677928
2711.888	n/a	NonTarget	1	677972
2712.06	n/a	Target	2	678015
2712.236	n/a	NonTarget	1	678059
2712.412	n/a	NonTarget	1	678103
2712.584	n/a	NonTarget	1	678146
2712.76	n/a	NonTarget	1	678190
2712.936	n/a	NonTarget	1	678234
2733.016	n/a	NonTarget	1	683254
2733.192	n/a	NonTarget	1	683298
2733.368	n/a	Target	2	683342
2733.544	n/a	NonTarget	1	683386
2733.728	n/a	NonTarget	1	683432
2733.896	n/a	NonTarget	1	683474
2734.068	n/a	NonTarget	1	683517
2734.244	n/a	NonTarget	1	683561
2734.416	n/a	NonTarget	1	683604
2734.592	n/a	NonTarget	1	683648
2734.768	n/a	NonTarget	1	683692
2734.944	n/a	Target	2	683736
2735.116	n/a	NonTarget	1	683779
2735.292	n/a	NonTarget	1	683823
2735.472	n/a	NonTarget	1	683868
2735.644	n/a	NonTarget	1	683911
2735.816	n/a	Target	2	683954
2735.992	n/a	NonTarget	1	683998
2736.168	n/a	NonTarget	1	684042
2736.344	n/a	NonTarget	1	684086
2736.516	n/a	NonTarget	1	684129
2736.692	n/a	Target	2	684173
2736.868	n/a	NonTarget	1	684217
2737.044	n/a	NonTarget	1	684261
2737.22	n/a	NonTarget	1	684305
2737.392	n/a	NonTarget	1	684348
2737.58	n/a	NonTarget	1	684395
2737.744	n/a	NonTarget	1	684436
2737.916	n/a	Target	2	684479
2738.092	n/a	NonTarget	1	684523
2738.268	n/a	NonTarget	1	684567
2738.444	n/a	NonTarget	1	684611
2738.616	n/a	Target	2	684654
2738.792	n/a	NonTarget	1	684698
2738.968	n/a	NonTarget	1	684742
2739.144	n/a	NonTarget	1	684786
2739.316	n/a	NonTarget	1	684829
2739.5	n/a	NonTarget	1	684875
2739.668	n/a	NonTarget	1	684917
2739.844	n/a	NonTarget	1	684961
2740.02	n/a	NonTarget	1	685005
2740.196	n/a	Target	2	685049
2740.372	n/a	NonTarget	1	685093
2740.544	n/a	NonTarget	1	685136
2740.716	n/a	NonTarget	1	685179
2740.892	n/a	NonTarget	1	685223
2741.068	n/a	NonTarget	1	685267
2741.244	n/a	Target	2	685311
2741.428	n/a	NonTarget	1	685357
2741.6	n/a	NonTarget	1	685400
2741.768	n/a	NonTarget	1	685442
2741.944	n/a	Target	2	685486
2742.116	n/a	NonTarget	1	685529
2742.292	n/a	NonTarget	1	685573
2742.468	n/a	NonTarget	1	685617
2742.644	n/a	NonTarget	1	685661
2742.816	n/a	Target	2	685704
2742.992	n/a	NonTarget	1	685748
2743.168	n/a	NonTarget	1	685792
2743.348	n/a	NonTarget	1	685837
2743.52	n/a	Target	2	685880
2743.696	n/a	NonTarget	1	685924
2743.868	n/a	NonTarget	1	685967
2744.044	n/a	NonTarget	1	686011
2744.216	n/a	NonTarget	1	686054
2744.392	n/a	NonTarget	1	686098
2744.572	n/a	NonTarget	1	686143
2744.744	n/a	NonTarget	1	686186
2744.92	n/a	NonTarget	1	686230
2745.092	n/a	NonTarget	1	686273
2745.268	n/a	Target	2	686317
2745.444	n/a	NonTarget	1	686361
2745.616	n/a	NonTarget	1	686404
2745.792	n/a	Target	2	686448
2745.968	n/a	NonTarget	1	686492
2746.144	n/a	NonTarget	1	686536
2746.32	n/a	NonTarget	1	686580
2746.492	n/a	NonTarget	1	686623
2746.668	n/a	Target	2	686667
2746.844	n/a	NonTarget	1	686711
2747.016	n/a	NonTarget	1	686754
2747.196	n/a	NonTarget	1	686799
2747.368	n/a	NonTarget	1	686842
2747.548	n/a	NonTarget	1	686887
2747.72	n/a	NonTarget	1	686930
2747.892	n/a	NonTarget	1	686973
2748.068	n/a	NonTarget	1	687017
2748.244	n/a	NonTarget	1	687061
2748.416	n/a	NonTarget	1	687104
2748.592	n/a	Target	2	687148
2763.876	n/a	NonTarget	1	690969
2764.052	n/a	NonTarget	1	691013
2764.228	n/a	NonTarget	1	691057
2764.4	n/a	NonTarget	1	691100
2764.588	n/a	NonTarget	1	691147
2764.76	n/a	Target	2	691190
2764.936	n/a	NonTarget	1	691234
2765.1	n/a	NonTarget	1	691275
2765.276	n/a	NonTarget	1	691319
2765.452	n/a	NonTarget	1	691363
2765.628	n/a	Target	2	691407
2765.804	n/a	NonTarget	1	691451
2765.976	n/a	NonTarget	1	691494
2766.152	n/a	NonTarget	1	691538
2766.332	n/a	NonTarget	1	691583
2766.5	n/a	NonTarget	1	691625
2766.696	n/a	Target	2	691674
2766.852	n/a	NonTarget	1	691713
2767.028	n/a	NonTarget	1	691757
2767.2	n/a	NonTarget	1	691800
2767.376	n/a	NonTarget	1	691844
2767.552	n/a	NonTarget	1	691888
2767.728	n/a	NonTarget	1	691932
2767.9	n/a	Target	2	691975
2768.084	n/a	NonTarget	1	692021
2768.252	n/a	NonTarget	1	692063
2768.44	n/a	NonTarget	1	692110
2768.604	n/a	Target	2	692151
2768.78	n/a	NonTarget	1	692195
2768.952	n/a	NonTarget	1	692238
2769.128	n/a	NonTarget	1	692282
2769.3	n/a	NonTarget	1	692325
2769.476	n/a	NonTarget	1	692369
2769.652	n/a	NonTarget	1	692413
2769.828	n/a	NonTarget	1	692457
2770.0	n/a	Target	2	692500
2770.176	n/a	NonTarget	1	692544
2770.348	n/a	NonTarget	1	692587
2770.532	n/a	NonTarget	1	692633
2770.7	n/a	NonTarget	1	692675
2770.876	n/a	Target	2	692719
2771.052	n/a	NonTarget	1	692763
2771.228	n/a	NonTarget	1	692807
2771.404	n/a	NonTarget	1	692851
2771.576	n/a	NonTarget	1	692894
2771.768	n/a	Target	2	692942
2771.928	n/a	NonTarget	1	692982
2772.1	n/a	NonTarget	1	693025
2772.288	n/a	NonTarget	1	693072
2772.452	n/a	NonTarget	1	693113
2772.628	n/a	NonTarget	1	693157
2772.816	n/a	NonTarget	1	693204
2772.976	n/a	Target	2	693244
2773.152	n/a	NonTarget	1	693288
2773.332	n/a	NonTarget	1	693333
2773.5	n/a	NonTarget	1	693375
2773.676	n/a	NonTarget	1	693419
2773.852	n/a	Target	2	693463
2774.028	n/a	NonTarget	1	693507
2774.204	n/a	NonTarget	1	693551
2774.376	n/a	NonTarget	1	693594
2774.552	n/a	NonTarget	1	693638
2774.728	n/a	NonTarget	1	693682
2774.9	n/a	Target	2	693725
2775.076	n/a	NonTarget	1	693769
2775.252	n/a	NonTarget	1	693813
2775.436	n/a	NonTarget	1	693859
2775.6	n/a	NonTarget	1	693900
2775.776	n/a	NonTarget	1	693944
2775.952	n/a	Target	2	693988
2776.128	n/a	NonTarget	1	694032
2776.3	n/a	NonTarget	1	694075
2776.476	n/a	NonTarget	1	694119
2776.652	n/a	NonTarget	1	694163
2776.824	n/a	NonTarget	1	694206
2777.0	n/a	NonTarget	1	694250
2777.176	n/a	NonTarget	1	694294
2777.352	n/a	Target	2	694338
2777.536	n/a	NonTarget	1	694384
2777.7	n/a	NonTarget	1	694425
2777.876	n/a	NonTarget	1	694469
2778.052	n/a	NonTarget	1	694513
2778.224	n/a	NonTarget	1	694556
2778.4	n/a	Target	2	694600
2778.576	n/a	NonTarget	1	694644
2778.752	n/a	NonTarget	1	694688
2778.924	n/a	NonTarget	1	694731
2779.1	n/a	NonTarget	1	694775
2779.276	n/a	NonTarget	1	694819
2779.452	n/a	Target	2	694863
2799.556	n/a	Target	2	699889
2799.72	n/a	NonTarget	1	699930
2799.896	n/a	NonTarget	1	699974
2800.072	n/a	NonTarget	1	700018
2800.248	n/a	NonTarget	1	700062
2800.42	n/a	NonTarget	1	700105
2800.596	n/a	NonTarget	1	700149
2800.772	n/a	NonTarget	1	700193
2800.948	n/a	NonTarget	1	700237
2801.12	n/a	Target	2	700280
2801.296	n/a	NonTarget	1	700324
2801.476	n/a	NonTarget	1	700369
2801.652	n/a	NonTarget	1	700413
2801.82	n/a	Target	2	700455
2801.996	n/a	NonTarget	1	700499
2802.172	n/a	NonTarget	1	700543
2802.348	n/a	NonTarget	1	700587
2802.524	n/a	NonTarget	1	700631
2802.696	n/a	Target	2	700674
2802.872	n/a	NonTarget	1	700718
2803.048	n/a	NonTarget	1	700762
2803.22	n/a	NonTarget	1	700805
2803.396	n/a	NonTarget	1	700849
2803.572	n/a	NonTarget	1	700893
2803.748	n/a	NonTarget	1	700937
2803.92	n/a	NonTarget	1	700980
2804.096	n/a	NonTarget	1	701024
2804.272	n/a	Target	2	701068
2804.444	n/a	NonTarget	1	701111
2804.62	n/a	NonTarget	1	701155
2804.796	n/a	NonTarget	1	701199
2804.972	n/a	Target	2	701243
2805.148	n/a	NonTarget	1	701287
2805.32	n/a	NonTarget	1	701330
2805.496	n/a	NonTarget	1	701374
2805.672	n/a	NonTarget	1	701418
2805.848	n/a	NonTarget	1	701462
2806.02	n/a	NonTarget	1	701505
2806.196	n/a	Target	2	701549
2806.372	n/a	NonTarget	1	701593
2806.548	n/a	NonTarget	1	701637
2806.72	n/a	NonTarget	1	701680
2806.896	n/a	NonTarget	1	701724
2807.072	n/a	NonTarget	1	701768
2807.248	n/a	NonTarget	1	701812
2807.42	n/a	Target	2	701855
2807.596	n/a	NonTarget	1	701899
2807.772	n/a	NonTarget	1	701943
2807.948	n/a	Target	2	701987
2808.12	n/a	NonTarget	1	702030
2808.296	n/a	NonTarget	1	702074
2808.472	n/a	NonTarget	1	702118
2808.648	n/a	NonTarget	1	702162
2808.82	n/a	NonTarget	1	702205
2808.996	n/a	Target	2	702249
2809.176	n/a	NonTarget	1	702294
2809.348	n/a	NonTarget	1	702337
2809.528	n/a	NonTarget	1	702382
2809.696	n/a	NonTarget	1	702424
2809.872	n/a	NonTarget	1	702468
2810.048	n/a	Target	2	702512
2810.22	n/a	NonTarget	1	702555
2810.4	n/a	NonTarget	1	702600
2810.572	n/a	NonTarget	1	702643
2810.748	n/a	NonTarget	1	702687
2810.924	n/a	NonTarget	1	702731
2811.096	n/a	Target	2	702774
2811.272	n/a	NonTarget	1	702818
2811.444	n/a	NonTarget	1	702861
2811.62	n/a	NonTarget	1	702905
2811.804	n/a	NonTarget	1	702951
2811.972	n/a	NonTarget	1	702993
2812.148	n/a	Target	2	703037
2812.324	n/a	NonTarget	1	703081
2812.496	n/a	NonTarget	1	703124
2812.672	n/a	NonTarget	1	703168
2812.848	n/a	NonTarget	1	703212
2813.02	n/a	NonTarget	1	703255
2813.196	n/a	NonTarget	1	703299
2813.38	n/a	NonTarget	1	703345
2813.544	n/a	Target	2	703386
2813.72	n/a	NonTarget	1	703430
2813.896	n/a	NonTarget	1	703474
2814.072	n/a	NonTarget	1	703518
2814.244	n/a	NonTarget	1	703561
2814.42	n/a	NonTarget	1	703605
2814.6	n/a	NonTarget	1	703650
2814.776	n/a	NonTarget	1	703694
2814.948	n/a	NonTarget	1	703737
2815.12	n/a	Target	2	703780
2830.204	n/a	Target	2	707551
2830.38	n/a	NonTarget	1	707595
2830.552	n/a	NonTarget	1	707638
2830.728	n/a	NonTarget	1	707682
2830.904	n/a	NonTarget	1	707726
2831.08	n/a	NonTarget	1	707770
2831.252	n/a	NonTarget	1	707813
2831.428	n/a	Target	2	707857
2831.604	n/a	NonTarget	1	707901
2831.78	n/a	NonTarget	1	707945
2831.952	n/a	NonTarget	1	707988
2832.128	n/a	NonTarget	1	708032
2832.304	n/a	Target	2	708076
2832.48	n/a	NonTarget	1	708120
2832.652	n/a	NonTarget	1	708163
2832.828	n/a	NonTarget	1	708207
2833.02	n/a	NonTarget	1	708255
2833.18	n/a	NonTarget	1	708295
2833.352	n/a	Target	2	708338
2833.532	n/a	NonTarget	1	708383
2833.704	n/a	NonTarget	1	708426
2833.88	n/a	NonTarget	1	708470
2834.052	n/a	NonTarget	1	708513
2834.228	n/a	NonTarget	1	708557
2834.412	n/a	NonTarget	1	708603
2834.58	n/a	Target	2	708645
2834.772	n/a	NonTarget	1	708693
2834.928	n/a	NonTarget	1	708732
2835.104	n/a	NonTarget	1	708776
2835.28	n/a	NonTarget	1	708820
2835.452	n/a	NonTarget	1	708863
2835.628	n/a	Target	2	708907
2835.808	n/a	NonTarget	1	708952
2835.98	n/a	NonTarget	1	708995
2836.152	n/a	NonTarget	1	709038
2836.328	n/a	NonTarget	1	709082
2836.504	n/a	Target	2	709126
2836.684	n/a	NonTarget	1	709171
2836.852	n/a	NonTarget	1	709213
2837.028	n/a	NonTarget	1	709257
2837.204	n/a	NonTarget	1	709301
2837.38	n/a	NonTarget	1	709345
2837.552	n/a	Target	2	709388
2837.728	n/a	NonTarget	1	709432
2837.904	n/a	NonTarget	1	709476
2838.08	n/a	NonTarget	1	709520
2838.252	n/a	NonTarget	1	709563
2838.432	n/a	NonTarget	1	709608
2838.6	n/a	NonTarget	1	709650
2838.776	n/a	Target	2	709694
2838.952	n/a	NonTarget	1	709738
2839.14	n/a	NonTarget	1	709785
2839.304	n/a	NonTarget	1	709826
2839.48	n/a	NonTarget	1	709870
2839.652	n/a	Target	2	709913
2839.828	n/a	NonTarget	1	709957
2840.004	n/a	NonTarget	1	710001
2840.18	n/a	NonTarget	1	710045
2840.352	n/a	NonTarget	1	710088
2840.528	n/a	NonTarget	1	710132
2840.704	n/a	Target	2	710176
2840.884	n/a	NonTarget	1	710221
2841.052	n/a	NonTarget	1	710263
2841.228	n/a	NonTarget	1	710307
2841.404	n/a	NonTarget	1	710351
2841.58	n/a	NonTarget	1	710395
2841.752	n/a	NonTarget	1	710438
2841.928	n/a	NonTarget	1	710482
2842.104	n/a	NonTarget	1	710526
2842.284	n/a	Target	2	710571
2842.452	n/a	NonTarget	1	710613
2842.628	n/a	NonTarget	1	710657
2842.804	n/a	NonTarget	1	710701
2842.98	n/a	NonTarget	1	710745
2843.152	n/a	NonTarget	1	710788
2843.332	n/a	Target	2	710833
2843.504	n/a	NonTarget	1	710876
2843.684	n/a	NonTarget	1	710921
2843.852	n/a	NonTarget	1	710963
2844.032	n/a	Target	2	711008
2844.204	n/a	NonTarget	1	711051
2844.38	n/a	NonTarget	1	711095
2844.556	n/a	NonTarget	1	711139
2844.728	n/a	NonTarget	1	711182
2844.904	n/a	Target	2	711226
2845.08	n/a	NonTarget	1	711270
2845.252	n/a	NonTarget	1	711313
2845.428	n/a	NonTarget	1	711357
2845.604	n/a	NonTarget	1	711401
2845.78	n/a	NonTarget	1	711445
2865.936	n/a	NonTarget	1	716484
2866.112	n/a	NonTarget	1	716528
2866.288	n/a	NonTarget	1	716572
2866.464	n/a	NonTarget	1	716616
2866.636	n/a	Target	2	716659
2866.812	n/a	NonTarget	1	716703
2866.988	n/a	NonTarget	1	716747
2867.164	n/a	NonTarget	1	716791
2867.336	n/a	NonTarget	1	716834
2867.512	n/a	NonTarget	1	716878
2867.696	n/a	NonTarget	1	716924
2867.868	n/a	Target	2	716967
2868.036	n/a	NonTarget	1	717009
2868.216	n/a	NonTarget	1	717054
2868.392	n/a	Target	2	717098
2868.572	n/a	NonTarget	1	717143
2868.736	n/a	NonTarget	1	717184
2868.912	n/a	NonTarget	1	717228
2869.088	n/a	NonTarget	1	717272
2869.26	n/a	NonTarget	1	717315
2869.436	n/a	NonTarget	1	717359
2869.62	n/a	Target	2	717405
2869.788	n/a	NonTarget	1	717447
2869.964	n/a	NonTarget	1	717491
2870.136	n/a	NonTarget	1	717534
2870.312	n/a	NonTarget	1	717578
2870.488	n/a	Target	2	717622
2870.672	n/a	NonTarget	1	717668
2870.836	n/a	NonTarget	1	717709
2871.012	n/a	NonTarget	1	717753
2871.188	n/a	Target	2	717797
2871.36	n/a	NonTarget	1	717840
2871.536	n/a	NonTarget	1	717884
2871.712	n/a	NonTarget	1	717928
2871.904	n/a	NonTarget	1	717976
2872.064	n/a	NonTarget	1	718016
2872.236	n/a	NonTarget	1	718059
2872.416	n/a	NonTarget	1	718104
2872.588	n/a	Target	2	718147
2872.76	n/a	NonTarget	1	718190
2872.936	n/a	NonTarget	1	718234
2873.112	n/a	NonTarget	1	718278
2873.288	n/a	NonTarget	1	718322
2873.464	n/a	NonTarget	1	718366
2873.636	n/a	NonTarget	1	718409
2873.812	n/a	NonTarget	1	718453
2874.004	n/a	Target	2	718501
2874.16	n/a	NonTarget	1	718540
2874.336	n/a	NonTarget	1	718584
2874.516	n/a	NonTarget	1	718629
2874.688	n/a	NonTarget	1	718672
2874.868	n/a	NonTarget	1	718717
2875.036	n/a	Target	2	718759
2875.212	n/a	NonTarget	1	718803
2875.388	n/a	NonTarget	1	718847
2875.564	n/a	NonTarget	1	718891
2875.736	n/a	NonTarget	1	718934
2875.912	n/a	NonTarget	1	718978
2876.088	n/a	Target	2	719022
2876.264	n/a	NonTarget	1	719066
2876.436	n/a	NonTarget	1	719109
2876.612	n/a	NonTarget	1	719153
2876.792	n/a	NonTarget	1	719198
2876.96	n/a	NonTarget	1	719240
2877.136	n/a	NonTarget	1	719284
2877.312	n/a	Target	2	719328
2877.488	n/a	NonTarget	1	719372
2877.668	n/a	NonTarget	1	719417
2877.836	n/a	NonTarget	1	719459
2878.012	n/a	NonTarget	1	719503
2878.188	n/a	Target	2	719547
2878.36	n/a	NonTarget	1	719590
2878.54	n/a	NonTarget	1	719635
2878.712	n/a	NonTarget	1	719678
2878.888	n/a	NonTarget	1	719722
2879.064	n/a	Target	2	719766
2879.236	n/a	NonTarget	1	719809
2879.412	n/a	NonTarget	1	719853
2879.588	n/a	NonTarget	1	719897
2879.76	n/a	NonTarget	1	719940
2879.94	n/a	NonTarget	1	719985
2880.112	n/a	Target	2	720028
2880.288	n/a	NonTarget	1	720072
2880.464	n/a	NonTarget	1	720116
2880.636	n/a	Target	2	720159
2880.812	n/a	NonTarget	1	720203
2880.988	n/a	NonTarget	1	720247
2881.16	n/a	NonTarget	1	720290
2881.336	n/a	NonTarget	1	720334
2881.516	n/a	NonTarget	1	720379
2899.044	n/a	NonTarget	1	724761
2899.22	n/a	NonTarget	1	724805
2899.396	n/a	NonTarget	1	724849
2899.572	n/a	NonTarget	1	724893
2899.748	n/a	NonTarget	1	724937
2899.92	n/a	Target	2	724980
2900.096	n/a	NonTarget	1	725024
2900.276	n/a	NonTarget	1	725069
2900.448	n/a	NonTarget	1	725112
2900.632	n/a	NonTarget	1	725158
2900.796	n/a	Target	2	725199
2900.972	n/a	NonTarget	1	725243
2901.152	n/a	NonTarget	1	725288
2901.32	n/a	Target	2	725330
2901.496	n/a	NonTarget	1	725374
2901.672	n/a	NonTarget	1	725418
2901.848	n/a	NonTarget	1	725462
2902.028	n/a	NonTarget	1	725507
2902.196	n/a	NonTarget	1	725549
2902.372	n/a	NonTarget	1	725593
2902.548	n/a	NonTarget	1	725637
2902.72	n/a	Target	2	725680
2902.908	n/a	NonTarget	1	725727
2903.072	n/a	NonTarget	1	725768
2903.248	n/a	NonTarget	1	725812
2903.42	n/a	NonTarget	1	725855
2903.596	n/a	Target	2	725899
2903.772	n/a	NonTarget	1	725943
2903.956	n/a	NonTarget	1	725989
2904.12	n/a	NonTarget	1	726030
2904.308	n/a	NonTarget	1	726077
2904.472	n/a	NonTarget	1	726118
2904.648	n/a	NonTarget	1	726162
2904.832	n/a	Target	2	726208
2904.996	n/a	NonTarget	1	726249
2905.172	n/a	NonTarget	1	726293
2905.344	n/a	NonTarget	1	726336
2905.52	n/a	NonTarget	1	726380
2905.704	n/a	NonTarget	1	726426
2905.872	n/a	NonTarget	1	726468
2906.06	n/a	Target	2	726515
2906.22	n/a	NonTarget	1	726555
2906.396	n/a	NonTarget	1	726599
2906.568	n/a	NonTarget	1	726642
2906.744	n/a	NonTarget	1	726686
2906.92	n/a	Target	2	726730
2907.096	n/a	NonTarget	1	726774
2907.276	n/a	NonTarget	1	726819
2907.452	n/a	NonTarget	1	726863
2907.62	n/a	NonTarget	1	726905
2907.796	n/a	NonTarget	1	726949
2907.972	n/a	NonTarget	1	726993
2908.156	n/a	NonTarget	1	727039
2908.32	n/a	Target	2	727080
2908.516	n/a	NonTarget	1	727129
2908.676	n/a	NonTarget	1	727169
2908.844	n/a	NonTarget	1	727211
2909.02	n/a	Target	2	727255
2909.196	n/a	NonTarget	1	727299
2909.372	n/a	NonTarget	1	727343
2909.548	n/a	NonTarget	1	727387
2909.72	n/a	Target	2	727430
2909.896	n/a	NonTarget	1	727474
2910.072	n/a	NonTarget	1	727518
2910.244	n/a	NonTarget	1	727561
2910.42	n/a	NonTarget	1	727605
2910.596	n/a	NonTarget	1	727649
2910.784	n/a	NonTarget	1	727696
2910.952	n/a	NonTarget	1	727738
2911.12	n/a	NonTarget	1	727780
2911.296	n/a	Target	2	727824
2911.472	n/a	NonTarget	1	727868
2911.644	n/a	NonTarget	1	727911
2911.824	n/a	NonTarget	1	727956
2911.996	n/a	NonTarget	1	727999
2912.188	n/a	NonTarget	1	728047
2912.352	n/a	Target	2	728088
2912.52	n/a	NonTarget	1	728130
2912.704	n/a	NonTarget	1	728176
2912.876	n/a	NonTarget	1	728219
2913.056	n/a	NonTarget	1	728264
2913.236	n/a	NonTarget	1	728309
2913.396	n/a	Target	2	728349
2913.572	n/a	NonTarget	1	728393
2913.748	n/a	NonTarget	1	728437
2913.94	n/a	NonTarget	1	728485
2914.112	n/a	NonTarget	1	728528
2914.276	n/a	NonTarget	1	728569
2914.444	n/a	NonTarget	1	728611
2914.632	n/a	Target	2	728658
2935.812	n/a	NonTarget	1	733953
2935.984	n/a	NonTarget	1	733996
2936.16	n/a	NonTarget	1	734040
2936.336	n/a	Target	2	734084
2936.508	n/a	NonTarget	1	734127
2936.684	n/a	NonTarget	1	734171
2936.864	n/a	NonTarget	1	734216
2937.04	n/a	NonTarget	1	734260
2937.212	n/a	NonTarget	1	734303
2937.384	n/a	Target	2	734346
2937.56	n/a	NonTarget	1	734390
2937.736	n/a	NonTarget	1	734434
2937.912	n/a	NonTarget	1	734478
2938.088	n/a	NonTarget	1	734522
2938.26	n/a	Target	2	734565
2938.436	n/a	NonTarget	1	734609
2938.612	n/a	NonTarget	1	734653
2938.784	n/a	NonTarget	1	734696
2938.96	n/a	NonTarget	1	734740
2939.136	n/a	NonTarget	1	734784
2939.312	n/a	NonTarget	1	734828
2939.484	n/a	NonTarget	1	734871
2939.66	n/a	NonTarget	1	734915
2939.84	n/a	Target	2	734960
2940.012	n/a	NonTarget	1	735003
2940.192	n/a	NonTarget	1	735048
2940.36	n/a	NonTarget	1	735090
2940.536	n/a	NonTarget	1	735134
2940.712	n/a	Target	2	735178
2940.884	n/a	NonTarget	1	735221
2941.06	n/a	NonTarget	1	735265
2941.24	n/a	NonTarget	1	735310
2941.408	n/a	NonTarget	1	735352
2941.584	n/a	Target	2	735396
2941.76	n/a	NonTarget	1	735440
2941.936	n/a	NonTarget	1	735484
2942.108	n/a	Target	2	735527
2942.284	n/a	NonTarget	1	735571
2942.46	n/a	NonTarget	1	735615
2942.636	n/a	NonTarget	1	735659
2942.812	n/a	NonTarget	1	735703
2942.984	n/a	NonTarget	1	735746
2943.164	n/a	Target	2	735791
2943.336	n/a	NonTarget	1	735834
2943.52	n/a	NonTarget	1	735880
2943.684	n/a	NonTarget	1	735921
2943.86	n/a	NonTarget	1	735965
2944.036	n/a	NonTarget	1	736009
2944.212	n/a	Target	2	736053
2944.388	n/a	NonTarget	1	736097
2944.568	n/a	NonTarget	1	736142
2944.736	n/a	NonTarget	1	736184
2944.912	n/a	NonTarget	1	736228
2945.088	n/a	NonTarget	1	736272
2945.26	n/a	NonTarget	1	736315
2945.436	n/a	NonTarget	1	736359
2945.608	n/a	NonTarget	1	736402
2945.784	n/a	NonTarget	1	736446
2945.96	n/a	Target	2	736490
2946.136	n/a	NonTarget	1	736534
2946.312	n/a	NonTarget	1	736578
2946.484	n/a	NonTarget	1	736621
2946.66	n/a	Target	2	736665
2946.84	n/a	NonTarget	1	736710
2947.008	n/a	NonTarget	1	736752
2947.188	n/a	NonTarget	1	736797
2947.36	n/a	Target	2	736840
2947.536	n/a	NonTarget	1	736884
2947.708	n/a	NonTarget	1	736927
2947.884	n/a	NonTarget	1	736971
2948.06	n/a	NonTarget	1	737015
2948.236	n/a	NonTarget	1	737059
2948.408	n/a	NonTarget	1	737102
2948.584	n/a	NonTarget	1	737146
2948.764	n/a	NonTarget	1	737191
2948.936	n/a	NonTarget	1	737234
2949.108	n/a	Target	2	737277
2949.284	n/a	NonTarget	1	737321
2949.46	n/a	NonTarget	1	737365
2949.636	n/a	NonTarget	1	737409
2949.812	n/a	Target	2	737453
2949.984	n/a	NonTarget	1	737496
2950.16	n/a	NonTarget	1	737540
2950.336	n/a	NonTarget	1	737584
2950.508	n/a	Target	2	737627
2950.688	n/a	NonTarget	1	737672
2950.86	n/a	NonTarget	1	737715
2951.036	n/a	NonTarget	1	737759
2951.208	n/a	NonTarget	1	737802
2951.384	n/a	NonTarget	1	737846
2966.5	n/a	Target	2	741625
2966.676	n/a	NonTarget	1	741669
2966.852	n/a	NonTarget	1	741713
2967.028	n/a	NonTarget	1	741757
2967.2	n/a	NonTarget	1	741800
2967.376	n/a	NonTarget	1	741844
2967.556	n/a	NonTarget	1	741889
2967.724	n/a	NonTarget	1	741931
2967.9	n/a	Target	2	741975
2968.076	n/a	NonTarget	1	742019
2968.252	n/a	NonTarget	1	742063
2968.424	n/a	NonTarget	1	742106
2968.6	n/a	NonTarget	1	742150
2968.776	n/a	NonTarget	1	742194
2968.952	n/a	NonTarget	1	742238
2969.132	n/a	NonTarget	1	742283
2969.3	n/a	Target	2	742325
2969.476	n/a	NonTarget	1	742369
2969.652	n/a	NonTarget	1	742413
2969.824	n/a	NonTarget	1	742456
2970.0	n/a	NonTarget	1	742500
2970.176	n/a	NonTarget	1	742544
2970.352	n/a	Target	2	742588
2970.524	n/a	NonTarget	1	742631
2970.7	n/a	NonTarget	1	742675
2970.876	n/a	NonTarget	1	742719
2971.052	n/a	NonTarget	1	742763
2971.224	n/a	NonTarget	1	742806
2971.404	n/a	Target	2	742851
2971.576	n/a	NonTarget	1	742894
2971.752	n/a	NonTarget	1	742938
2971.924	n/a	NonTarget	1	742981
2972.1	n/a	NonTarget	1	743025
2972.276	n/a	NonTarget	1	743069
2972.452	n/a	NonTarget	1	743113
2972.624	n/a	Target	2	743156
2972.804	n/a	NonTarget	1	743201
2972.976	n/a	NonTarget	1	743244
2973.156	n/a	NonTarget	1	743289
2973.332	n/a	NonTarget	1	743333
2973.5	n/a	Target	2	743375
2973.676	n/a	NonTarget	1	743419
2973.848	n/a	NonTarget	1	743462
2974.024	n/a	NonTarget	1	743506
2974.2	n/a	NonTarget	1	743550
2974.376	n/a	Target	2	743594
2974.556	n/a	NonTarget	1	743639
2974.724	n/a	NonTarget	1	743681
2974.9	n/a	NonTarget	1	743725
2975.076	n/a	NonTarget	1	743769
2975.248	n/a	NonTarget	1	743812
2975.424	n/a	Target	2	743856
2975.6	n/a	NonTarget	1	743900
2975.772	n/a	NonTarget	1	743943
2975.952	n/a	Target	2	743988
2976.14	n/a	NonTarget	1	744035
2976.3	n/a	NonTarget	1	744075
2976.476	n/a	NonTarget	1	744119
2976.656	n/a	NonTarget	1	744164
2976.824	n/a	NonTarget	1	744206
2977.0	n/a	NonTarget	1	744250
2977.176	n/a	NonTarget	1	744294
2977.352	n/a	NonTarget	1	744338
2977.524	n/a	Target	2	744381
2977.7	n/a	NonTarget	1	744425
2977.876	n/a	NonTarget	1	744469
2978.052	n/a	NonTarget	1	744513
2978.224	n/a	NonTarget	1	744556
2978.4	n/a	NonTarget	1	744600
2978.576	n/a	Target	2	744644
2978.756	n/a	NonTarget	1	744689
2978.924	n/a	NonTarget	1	744731
2979.1	n/a	Target	2	744775
2979.276	n/a	NonTarget	1	744819
2979.452	n/a	NonTarget	1	744863
2979.636	n/a	NonTarget	1	744909
2979.812	n/a	NonTarget	1	744953
2979.976	n/a	NonTarget	1	744994
2980.148	n/a	NonTarget	1	745037
2980.324	n/a	Target	2	745081
2980.5	n/a	NonTarget	1	745125
2980.676	n/a	NonTarget	1	745169
2980.856	n/a	NonTarget	1	745214
2981.024	n/a	NonTarget	1	745256
2981.2	n/a	NonTarget	1	745300
2981.376	n/a	NonTarget	1	745344
2981.552	n/a	NonTarget	1	745388
2981.728	n/a	Target	2	745432
2981.9	n/a	NonTarget	1	745475
2982.076	n/a	NonTarget	1	745519
3002.4	n/a	Target	2	750600
3002.576	n/a	NonTarget	1	750644
3002.752	n/a	NonTarget	1	750688
3002.928	n/a	NonTarget	1	750732
3003.1	n/a	NonTarget	1	750775
3003.276	n/a	NonTarget	1	750819
3003.452	n/a	Target	2	750863
3003.624	n/a	NonTarget	1	750906
3003.8	n/a	NonTarget	1	750950
3003.976	n/a	NonTarget	1	750994
3004.168	n/a	NonTarget	1	751042
3004.328	n/a	NonTarget	1	751082
3004.5	n/a	Target	2	751125
3004.676	n/a	NonTarget	1	751169
3004.852	n/a	NonTarget	1	751213
3005.028	n/a	NonTarget	1	751257
3005.2	n/a	NonTarget	1	751300
3005.376	n/a	NonTarget	1	751344
3005.552	n/a	NonTarget	1	751388
3005.724	n/a	NonTarget	1	751431
3005.9	n/a	Target	2	751475
3006.076	n/a	NonTarget	1	751519
3006.26	n/a	NonTarget	1	751565
3006.428	n/a	NonTarget	1	751607
3006.6	n/a	NonTarget	1	751650
3006.776	n/a	NonTarget	1	751694
3006.952	n/a	NonTarget	1	751738
3007.124	n/a	NonTarget	1	751781
3007.3	n/a	NonTarget	1	751825
3007.48	n/a	Target	2	751870
3007.656	n/a	NonTarget	1	751914
3007.828	n/a	NonTarget	1	751957
3008.0	n/a	NonTarget	1	752000
3008.176	n/a	Target	2	752044
3008.348	n/a	NonTarget	1	752087
3008.524	n/a	NonTarget	1	752131
3008.7	n/a	Target	2	752175
3008.876	n/a	NonTarget	1	752219
3009.052	n/a	NonTarget	1	752263
3009.236	n/a	NonTarget	1	752309
3009.404	n/a	NonTarget	1	752351
3009.576	n/a	NonTarget	1	752394
3009.752	n/a	NonTarget	1	752438
3009.928	n/a	NonTarget	1	752482
3010.1	n/a	Target	2	752525
3010.276	n/a	NonTarget	1	752569
3010.452	n/a	NonTarget	1	752613
3010.624	n/a	NonTarget	1	752656
3010.804	n/a	NonTarget	1	752701
3010.976	n/a	NonTarget	1	752744
3011.156	n/a	Target	2	752789
3011.328	n/a	NonTarget	1	752832
3011.5	n/a	NonTarget	1	752875
3011.684	n/a	NonTarget	1	752921
3011.852	n/a	NonTarget	1	752963
3012.028	n/a	NonTarget	1	753007
3012.2	n/a	NonTarget	1	753050
3012.376	n/a	Target	2	753094
3012.552	n/a	NonTarget	1	753138
3012.728	n/a	NonTarget	1	753182
3012.908	n/a	NonTarget	1	753227
3013.076	n/a	NonTarget	1	753269
3013.252	n/a	NonTarget	1	753313
3013.428	n/a	Target	2	753357
3013.6	n/a	NonTarget	1	753400
3013.776	n/a	NonTarget	1	753444
3013.952	n/a	NonTarget	1	753488
3014.124	n/a	NonTarget	1	753531
3014.3	n/a	NonTarget	1	753575
3014.476	n/a	Target	2	753619
3014.656	n/a	NonTarget	1	753664
3014.824	n/a	NonTarget	1	753706
3015.004	n/a	NonTarget	1	753751
3015.176	n/a	NonTarget	1	753794
3015.356	n/a	Target	2	753839
3015.528	n/a	NonTarget	1	753882
3015.7	n/a	NonTarget	1	753925
3015.888	n/a	NonTarget	1	753972
3016.052	n/a	NonTarget	1	754013
3016.224	n/a	NonTarget	1	754056
3016.4	n/a	NonTarget	1	754100
3016.576	n/a	NonTarget	1	754144
3016.752	n/a	NonTarget	1	754188
3016.928	n/a	Target	2	754232
3017.1	n/a	NonTarget	1	754275
3017.276	n/a	NonTarget	1	754319
3017.452	n/a	NonTarget	1	754363
3017.628	n/a	NonTarget	1	754407
3017.8	n/a	Target	2	754450
3017.976	n/a	NonTarget	1	754494
3032.08	n/a	NonTarget	1	758020
3032.252	n/a	NonTarget	1	758063
3032.428	n/a	NonTarget	1	758107
3032.604	n/a	NonTarget	1	758151
3032.776	n/a	NonTarget	1	758194
3032.952	n/a	Target	2	758238
3033.128	n/a	NonTarget	1	758282
3033.304	n/a	NonTarget	1	758326
3033.484	n/a	NonTarget	1	758371
3033.652	n/a	NonTarget	1	758413
3033.828	n/a	Target	2	758457
3034.008	n/a	NonTarget	1	758502
3034.184	n/a	NonTarget	1	758546
3034.352	n/a	NonTarget	1	758588
3034.528	n/a	NonTarget	1	758632
3034.704	n/a	NonTarget	1	758676
3034.876	n/a	Target	2	758719
3035.052	n/a	NonTarget	1	758763
3035.228	n/a	NonTarget	1	758807
3035.404	n/a	NonTarget	1	758851
3035.576	n/a	NonTarget	1	758894
3035.752	n/a	NonTarget	1	758938
3035.928	n/a	NonTarget	1	758982
3036.104	n/a	Target	2	759026
3036.276	n/a	NonTarget	1	759069
3036.452	n/a	NonTarget	1	759113
3036.628	n/a	NonTarget	1	759157
3036.804	n/a	Target	2	759201
3036.976	n/a	NonTarget	1	759244
3037.152	n/a	NonTarget	1	759288
3037.328	n/a	NonTarget	1	759332
3037.504	n/a	NonTarget	1	759376
3037.676	n/a	NonTarget	1	759419
3037.86	n/a	NonTarget	1	759465
3038.028	n/a	NonTarget	1	759507
3038.204	n/a	Target	2	759551
3038.376	n/a	NonTarget	1	759594
3038.552	n/a	NonTarget	1	759638
3038.728	n/a	NonTarget	1	759682
3038.904	n/a	NonTarget	1	759726
3039.084	n/a	Target	2	759771
3039.252	n/a	NonTarget	1	759813
3039.428	n/a	NonTarget	1	759857
3039.604	n/a	NonTarget	1	759901
3039.776	n/a	NonTarget	1	759944
3039.952	n/a	Target	2	759988
3040.128	n/a	NonTarget	1	760032
3040.304	n/a	NonTarget	1	760076
3040.48	n/a	NonTarget	1	760120
3040.652	n/a	NonTarget	1	760163
3040.828	n/a	NonTarget	1	760207
3041.004	n/a	NonTarget	1	760251
3041.176	n/a	Target	2	760294
3041.352	n/a	NonTarget	1	760338
3041.54	n/a	NonTarget	1	760385
3041.704	n/a	NonTarget	1	760426
3041.876	n/a	NonTarget	1	760469
3042.06	n/a	Target	2	760515
3042.228	n/a	NonTarget	1	760557
3042.404	n/a	NonTarget	1	760601
3042.576	n/a	NonTarget	1	760644
3042.752	n/a	NonTarget	1	760688
3042.928	n/a	NonTarget	1	760732
3043.104	n/a	Target	2	760776
3043.284	n/a	NonTarget	1	760821
3043.452	n/a	NonTarget	1	760863
3043.628	n/a	NonTarget	1	760907
3043.808	n/a	NonTarget	1	760952
3043.98	n/a	NonTarget	1	760995
3044.16	n/a	Target	2	761040
3044.328	n/a	NonTarget	1	761082
3044.504	n/a	NonTarget	1	761126
3044.676	n/a	NonTarget	1	761169
3044.852	n/a	NonTarget	1	761213
3045.028	n/a	NonTarget	1	761257
3045.212	n/a	NonTarget	1	761303
3045.376	n/a	NonTarget	1	761344
3045.552	n/a	Target	2	761388
3045.728	n/a	NonTarget	1	761432
3045.904	n/a	NonTarget	1	761476
3046.076	n/a	NonTarget	1	761519
3046.252	n/a	NonTarget	1	761563
3046.428	n/a	NonTarget	1	761607
3046.604	n/a	Target	2	761651
3046.776	n/a	NonTarget	1	761694
3046.952	n/a	NonTarget	1	761738
3047.128	n/a	NonTarget	1	761782
3047.304	n/a	NonTarget	1	761826
3047.476	n/a	NonTarget	1	761869
3047.652	n/a	Target	2	761913
3067.696	n/a	NonTarget	1	766924
3067.872	n/a	NonTarget	1	766968
3068.044	n/a	Target	2	767011
3068.22	n/a	NonTarget	1	767055
3068.396	n/a	NonTarget	1	767099
3068.572	n/a	NonTarget	1	767143
3068.744	n/a	NonTarget	1	767186
3068.92	n/a	Target	2	767230
3069.096	n/a	NonTarget	1	767274
3069.272	n/a	NonTarget	1	767318
3069.444	n/a	NonTarget	1	767361
3069.62	n/a	NonTarget	1	767405
3069.796	n/a	NonTarget	1	767449
3069.972	n/a	NonTarget	1	767493
3070.144	n/a	NonTarget	1	767536
3070.32	n/a	NonTarget	1	767580
3070.496	n/a	Target	2	767624
3070.672	n/a	NonTarget	1	767668
3070.844	n/a	NonTarget	1	767711
3071.02	n/a	NonTarget	1	767755
3071.196	n/a	NonTarget	1	767799
3071.372	n/a	NonTarget	1	767843
3071.544	n/a	NonTarget	1	767886
3071.72	n/a	Target	2	767930
3071.896	n/a	NonTarget	1	767974
3072.072	n/a	NonTarget	1	768018
3072.244	n/a	NonTarget	1	768061
3072.42	n/a	NonTarget	1	768105
3072.596	n/a	NonTarget	1	768149
3072.776	n/a	Target	2	768194
3072.944	n/a	NonTarget	1	768236
3073.12	n/a	NonTarget	1	768280
3073.296	n/a	NonTarget	1	768324
3073.472	n/a	NonTarget	1	768368
3073.644	n/a	NonTarget	1	768411
3073.82	n/a	Target	2	768455
3074.004	n/a	NonTarget	1	768501
3074.172	n/a	NonTarget	1	768543
3074.344	n/a	NonTarget	1	768586
3074.528	n/a	NonTarget	1	768632
3074.696	n/a	Target	2	768674
3074.88	n/a	NonTarget	1	768720
3075.044	n/a	NonTarget	1	768761
3075.22	n/a	Target	2	768805
3075.392	n/a	NonTarget	1	768848
3075.568	n/a	NonTarget	1	768892
3075.744	n/a	NonTarget	1	768936
3075.92	n/a	NonTarget	1	768980
3076.096	n/a	NonTarget	1	769024
3076.272	n/a	NonTarget	1	769068
3076.444	n/a	NonTarget	1	769111
3076.62	n/a	Target	2	769155
3076.796	n/a	NonTarget	1	769199
3076.98	n/a	NonTarget	1	769245
3077.144	n/a	NonTarget	1	769286
3077.32	n/a	NonTarget	1	769330
3077.496	n/a	Target	2	769374
3077.668	n/a	NonTarget	1	769417
3077.852	n/a	NonTarget	1	769463
3078.02	n/a	NonTarget	1	769505
3078.196	n/a	NonTarget	1	769549
3078.376	n/a	NonTarget	1	769594
3078.544	n/a	NonTarget	1	769636
3078.724	n/a	Target	2	769681
3078.896	n/a	NonTarget	1	769724
3079.08	n/a	NonTarget	1	769770
3079.248	n/a	NonTarget	1	769812
3079.42	n/a	NonTarget	1	769855
3079.604	n/a	NonTarget	1	769901
3079.768	n/a	NonTarget	1	769942
3079.944	n/a	Target	2	769986
3080.12	n/a	NonTarget	1	770030
3080.296	n/a	NonTarget	1	770074
3080.472	n/a	NonTarget	1	770118
3080.644	n/a	NonTarget	1	770161
3080.82	n/a	Target	2	770205
3081.008	n/a	NonTarget	1	770252
3081.172	n/a	NonTarget	1	770293
3081.344	n/a	NonTarget	1	770336
3081.52	n/a	NonTarget	1	770380
3081.696	n/a	NonTarget	1	770424
3081.872	n/a	NonTarget	1	770468
3082.044	n/a	NonTarget	1	770511
3082.22	n/a	Target	2	770555
3082.396	n/a	NonTarget	1	770599
3082.572	n/a	NonTarget	1	770643
3082.748	n/a	NonTarget	1	770687
3082.92	n/a	Target	2	770730
3083.096	n/a	NonTarget	1	770774
3083.272	n/a	NonTarget	1	770818
3098.272	n/a	Target	2	774568
3098.436	n/a	NonTarget	1	774609
3098.608	n/a	NonTarget	1	774652
3098.784	n/a	NonTarget	1	774696
3098.96	n/a	NonTarget	1	774740
3099.136	n/a	NonTarget	1	774784
3099.308	n/a	NonTarget	1	774827
3099.484	n/a	Target	2	774871
3099.66	n/a	NonTarget	1	774915
3099.836	n/a	NonTarget	1	774959
3100.008	n/a	NonTarget	1	775002
3100.188	n/a	NonTarget	1	775047
3100.36	n/a	Target	2	775090
3100.54	n/a	NonTarget	1	775135
3100.708	n/a	NonTarget	1	775177
3100.884	n/a	NonTarget	1	775221
3101.06	n/a	NonTarget	1	775265
3101.24	n/a	NonTarget	1	775310
3101.408	n/a	Target	2	775352
3101.584	n/a	NonTarget	1	775396
3101.76	n/a	NonTarget	1	775440
3101.936	n/a	NonTarget	1	775484
3102.116	n/a	NonTarget	1	775529
3102.284	n/a	NonTarget	1	775571
3102.46	n/a	NonTarget	1	775615
3102.636	n/a	Target	2	775659
3102.808	n/a	NonTarget	1	775702
3102.996	n/a	NonTarget	1	775749
3103.16	n/a	NonTarget	1	775790
3103.336	n/a	NonTarget	1	775834
3103.512	n/a	NonTarget	1	775878
3103.684	n/a	Target	2	775921
3103.876	n/a	NonTarget	1	775969
3104.036	n/a	NonTarget	1	776009
3104.208	n/a	NonTarget	1	776052
3104.384	n/a	NonTarget	1	776096
3104.56	n/a	Target	2	776140
3104.736	n/a	NonTarget	1	776184
3104.912	n/a	NonTarget	1	776228
3105.084	n/a	NonTarget	1	776271
3105.26	n/a	NonTarget	1	776315
3105.436	n/a	NonTarget	1	776359
3105.608	n/a	Target	2	776402
3105.792	n/a	NonTarget	1	776448
3105.96	n/a	NonTarget	1	776490
3106.136	n/a	NonTarget	1	776534
3106.308	n/a	NonTarget	1	776577
3106.484	n/a	NonTarget	1	776621
3106.668	n/a	NonTarget	1	776667
3106.836	n/a	Target	2	776709
3107.008	n/a	NonTarget	1	776752
3107.184	n/a	NonTarget	1	776796
3107.36	n/a	NonTarget	1	776840
3107.54	n/a	NonTarget	1	776885
3107.708	n/a	Target	2	776927
3107.888	n/a	NonTarget	1	776972
3108.06	n/a	NonTarget	1	777015
3108.236	n/a	NonTarget	1	777059
3108.408	n/a	NonTarget	1	777102
3108.584	n/a	NonTarget	1	777146
3108.76	n/a	Target	2	777190
3108.936	n/a	NonTarget	1	777234
3109.12	n/a	NonTarget	1	777280
3109.284	n/a	NonTarget	1	777321
3109.464	n/a	NonTarget	1	777366
3109.632	n/a	NonTarget	1	777408
3109.808	n/a	NonTarget	1	777452
3109.984	n/a	NonTarget	1	777496
3110.16	n/a	NonTarget	1	777540
3110.336	n/a	Target	2	777584
3110.508	n/a	NonTarget	1	777627
3110.684	n/a	NonTarget	1	777671
3110.864	n/a	NonTarget	1	777716
3111.036	n/a	NonTarget	1	777759
3111.22	n/a	NonTarget	1	777805
3111.384	n/a	Target	2	777846
3111.56	n/a	NonTarget	1	777890
3111.74	n/a	NonTarget	1	777935
3111.908	n/a	NonTarget	1	777977
3112.084	n/a	Target	2	778021
3112.268	n/a	NonTarget	1	778067
3112.436	n/a	NonTarget	1	778109
3112.608	n/a	NonTarget	1	778152
3112.788	n/a	NonTarget	1	778197
3112.96	n/a	Target	2	778240
3113.136	n/a	NonTarget	1	778284
3113.308	n/a	NonTarget	1	778327
3113.484	n/a	NonTarget	1	778371
3113.66	n/a	NonTarget	1	778415
3113.832	n/a	NonTarget	1	778458
3134.004	n/a	NonTarget	1	783501
3134.18	n/a	NonTarget	1	783545
3134.356	n/a	NonTarget	1	783589
3134.532	n/a	NonTarget	1	783633
3134.704	n/a	Target	2	783676
3134.884	n/a	NonTarget	1	783721
3135.056	n/a	NonTarget	1	783764
3135.24	n/a	NonTarget	1	783810
3135.408	n/a	NonTarget	1	783852
3135.58	n/a	NonTarget	1	783895
3135.776	n/a	NonTarget	1	783944
3135.932	n/a	Target	2	783983
3136.104	n/a	NonTarget	1	784026
3136.284	n/a	NonTarget	1	784071
3136.456	n/a	Target	2	784114
3136.632	n/a	NonTarget	1	784158
3136.804	n/a	NonTarget	1	784201
3136.98	n/a	NonTarget	1	784245
3137.16	n/a	NonTarget	1	784290
3137.332	n/a	NonTarget	1	784333
3137.504	n/a	NonTarget	1	784376
3137.68	n/a	Target	2	784420
3137.856	n/a	NonTarget	1	784464
3138.044	n/a	NonTarget	1	784511
3138.204	n/a	NonTarget	1	784551
3138.384	n/a	NonTarget	1	784596
3138.556	n/a	Target	2	784639
3138.74	n/a	NonTarget	1	784685
3138.904	n/a	NonTarget	1	784726
3139.08	n/a	NonTarget	1	784770
3139.256	n/a	Target	2	784814
3139.444	n/a	NonTarget	1	784861
3139.612	n/a	NonTarget	1	784903
3139.78	n/a	NonTarget	1	784945
3139.956	n/a	NonTarget	1	784989
3140.132	n/a	NonTarget	1	785033
3140.304	n/a	NonTarget	1	785076
3140.48	n/a	NonTarget	1	785120
3140.656	n/a	Target	2	785164
3140.832	n/a	NonTarget	1	785208
3141.008	n/a	NonTarget	1	785252
3141.18	n/a	NonTarget	1	785295
3141.364	n/a	NonTarget	1	785341
3141.532	n/a	NonTarget	1	785383
3141.704	n/a	NonTarget	1	785426
3141.88	n/a	NonTarget	1	785470
3142.056	n/a	Target	2	785514
3142.236	n/a	NonTarget	1	785559
3142.404	n/a	NonTarget	1	785601
3142.58	n/a	NonTarget	1	785645
3142.756	n/a	NonTarget	1	785689
3142.948	n/a	NonTarget	1	785737
3143.104	n/a	Target	2	785776
3143.28	n/a	NonTarget	1	785820
3143.456	n/a	NonTarget	1	785864
3143.628	n/a	NonTarget	1	785907
3143.816	n/a	NonTarget	1	785954
3143.98	n/a	NonTarget	1	785995
3144.156	n/a	Target	2	786039
3144.344	n/a	NonTarget	1	786086
3144.504	n/a	NonTarget	1	786126
3144.68	n/a	NonTarget	1	786170
3144.856	n/a	NonTarget	1	786214
3145.032	n/a	NonTarget	1	786258
3145.204	n/a	NonTarget	1	786301
3145.38	n/a	Target	2	786345
3145.556	n/a	NonTarget	1	786389
3145.732	n/a	NonTarget	1	786433
3145.904	n/a	NonTarget	1	786476
3146.088	n/a	NonTarget	1	786522
3146.256	n/a	Target	2	786564
3146.444	n/a	NonTarget	1	786611
3146.62	n/a	NonTarget	1	786655
3146.78	n/a	NonTarget	1	786695
3146.956	n/a	NonTarget	1	786739
3147.132	n/a	Target	2	786783
3147.304	n/a	NonTarget	1	786826
3147.48	n/a	NonTarget	1	786870
3147.656	n/a	NonTarget	1	786914
3147.832	n/a	NonTarget	1	786958
3148.008	n/a	NonTarget	1	787002
3148.18	n/a	Target	2	787045
3148.356	n/a	NonTarget	1	787089
3148.532	n/a	NonTarget	1	787133
3148.708	n/a	Target	2	787177
3148.88	n/a	NonTarget	1	787220
3149.056	n/a	NonTarget	1	787264
3149.232	n/a	NonTarget	1	787308
3149.404	n/a	NonTarget	1	787351
3149.58	n/a	NonTarget	1	787395
3167.196	n/a	NonTarget	1	791799
3167.368	n/a	NonTarget	1	791842
3167.548	n/a	NonTarget	1	791887
3167.72	n/a	NonTarget	1	791930
3167.896	n/a	NonTarget	1	791974
3168.072	n/a	Target	2	792018
3168.244	n/a	NonTarget	1	792061
3168.42	n/a	NonTarget	1	792105
3168.596	n/a	NonTarget	1	792149
3168.768	n/a	NonTarget	1	792192
3168.944	n/a	Target	2	792236
3169.136	n/a	NonTarget	1	792284
3169.296	n/a	NonTarget	1	792324
3169.468	n/a	Target	2	792367
3169.652	n/a	NonTarget	1	792413
3169.82	n/a	NonTarget	1	792455
3169.996	n/a	NonTarget	1	792499
3170.168	n/a	NonTarget	1	792542
3170.344	n/a	NonTarget	1	792586
3170.52	n/a	NonTarget	1	792630
3170.696	n/a	NonTarget	1	792674
3170.868	n/a	Target	2	792717
3171.044	n/a	NonTarget	1	792761
3171.22	n/a	NonTarget	1	792805
3171.408	n/a	NonTarget	1	792852
3171.572	n/a	NonTarget	1	792893
3171.744	n/a	Target	2	792936
3171.92	n/a	NonTarget	1	792980
3172.096	n/a	NonTarget	1	793024
3172.268	n/a	NonTarget	1	793067
3172.444	n/a	NonTarget	1	793111
3172.62	n/a	NonTarget	1	793155
3172.8	n/a	NonTarget	1	793200
3172.968	n/a	Target	2	793242
3173.144	n/a	NonTarget	1	793286
3173.328	n/a	NonTarget	1	793332
3173.496	n/a	NonTarget	1	793374
3173.684	n/a	NonTarget	1	793421
3173.844	n/a	NonTarget	1	793461
3174.02	n/a	NonTarget	1	793505
3174.196	n/a	Target	2	793549
3174.368	n/a	NonTarget	1	793592
3174.544	n/a	NonTarget	1	793636
3174.72	n/a	NonTarget	1	793680
3174.896	n/a	NonTarget	1	793724
3175.068	n/a	Target	2	793767
3175.244	n/a	NonTarget	1	793811
3175.42	n/a	NonTarget	1	793855
3175.596	n/a	NonTarget	1	793899
3175.768	n/a	NonTarget	1	793942
3175.944	n/a	NonTarget	1	793986
3176.132	n/a	NonTarget	1	794033
3176.296	n/a	NonTarget	1	794074
3176.468	n/a	Target	2	794117
3176.644	n/a	NonTarget	1	794161
3176.82	n/a	NonTarget	1	794205
3177.0	n/a	NonTarget	1	794250
3177.172	n/a	Target	2	794293
3177.344	n/a	NonTarget	1	794336
3177.52	n/a	NonTarget	1	794380
3177.692	n/a	NonTarget	1	794423
3177.868	n/a	Target	2	794467
3178.044	n/a	NonTarget	1	794511
3178.22	n/a	NonTarget	1	794555
3178.396	n/a	NonTarget	1	794599
3178.572	n/a	NonTarget	1	794643
3178.744	n/a	NonTarget	1	794686
3178.92	n/a	NonTarget	1	794730
3179.096	n/a	NonTarget	1	794774
3179.268	n/a	NonTarget	1	794817
3179.452	n/a	Target	2	794863
3179.62	n/a	NonTarget	1	794905
3179.796	n/a	NonTarget	1	794949
3179.972	n/a	NonTarget	1	794993
3180.144	n/a	NonTarget	1	795036
3180.32	n/a	NonTarget	1	795080
3180.496	n/a	Target	2	795124
3180.668	n/a	NonTarget	1	795167
3180.852	n/a	NonTarget	1	795213
3181.02	n/a	NonTarget	1	795255
3181.208	n/a	NonTarget	1	795302
3181.368	n/a	NonTarget	1	795342
3181.544	n/a	Target	2	795386
3181.72	n/a	NonTarget	1	795430
3181.896	n/a	NonTarget	1	795474
3182.076	n/a	NonTarget	1	795519
3182.244	n/a	NonTarget	1	795561
3182.42	n/a	NonTarget	1	795605
3182.596	n/a	NonTarget	1	795649
3182.768	n/a	Target	2	795692
3202.896	n/a	NonTarget	1	800724
3203.072	n/a	Target	2	800768
3203.244	n/a	NonTarget	1	800811
3203.42	n/a	NonTarget	1	800855
3203.596	n/a	NonTarget	1	800899
3203.772	n/a	NonTarget	1	800943
3203.944	n/a	Target	2	800986
3204.12	n/a	NonTarget	1	801030
3204.296	n/a	NonTarget	1	801074
3204.476	n/a	NonTarget	1	801119
3204.648	n/a	NonTarget	1	801162
3204.82	n/a	NonTarget	1	801205
3204.996	n/a	Target	2	801249
3205.172	n/a	NonTarget	1	801293
3205.344	n/a	NonTarget	1	801336
3205.52	n/a	NonTarget	1	801380
3205.696	n/a	NonTarget	1	801424
3205.872	n/a	NonTarget	1	801468
3206.048	n/a	NonTarget	1	801512
3206.22	n/a	Target	2	801555
3206.4	n/a	NonTarget	1	801600
3206.572	n/a	NonTarget	1	801643
3206.744	n/a	NonTarget	1	801686
3206.92	n/a	NonTarget	1	801730
3207.096	n/a	Target	2	801774
3207.28	n/a	NonTarget	1	801820
3207.448	n/a	NonTarget	1	801862
3207.62	n/a	NonTarget	1	801905
3207.796	n/a	NonTarget	1	801949
3207.972	n/a	NonTarget	1	801993
3208.144	n/a	Target	2	802036
3208.324	n/a	NonTarget	1	802081
3208.496	n/a	NonTarget	1	802124
3208.672	n/a	NonTarget	1	802168
3208.852	n/a	NonTarget	1	802213
3209.02	n/a	NonTarget	1	802255
3209.196	n/a	NonTarget	1	802299
3209.372	n/a	NonTarget	1	802343
3209.544	n/a	NonTarget	1	802386
3209.724	n/a	Target	2	802431
3209.896	n/a	NonTarget	1	802474
3210.072	n/a	NonTarget	1	802518
3210.248	n/a	NonTarget	1	802562
3210.42	n/a	NonTarget	1	802605
3210.596	n/a	NonTarget	1	802649
3210.768	n/a	Target	2	802692
3210.96	n/a	NonTarget	1	802740
3211.12	n/a	NonTarget	1	802780
3211.296	n/a	NonTarget	1	802824
3211.472	n/a	Target	2	802868
3211.644	n/a	NonTarget	1	802911
3211.828	n/a	NonTarget	1	802957
3211.996	n/a	NonTarget	1	802999
3212.172	n/a	NonTarget	1	803043
3212.344	n/a	Target	2	803086
3212.524	n/a	NonTarget	1	803131
3212.696	n/a	NonTarget	1	803174
3212.872	n/a	NonTarget	1	803218
3213.044	n/a	NonTarget	1	803261
3213.22	n/a	NonTarget	1	803305
3213.396	n/a	NonTarget	1	803349
3213.572	n/a	NonTarget	1	803393
3213.744	n/a	NonTarget	1	803436
3213.924	n/a	NonTarget	1	803481
3214.096	n/a	Target	2	803524
3214.276	n/a	NonTarget	1	803569
3214.444	n/a	NonTarget	1	803611
3214.62	n/a	NonTarget	1	803655
3214.8	n/a	NonTarget	1	803700
3214.972	n/a	NonTarget	1	803743
3215.156	n/a	NonTarget	1	803789
3215.32	n/a	Target	2	803830
3215.5	n/a	NonTarget	1	803875
3215.672	n/a	NonTarget	1	803918
3215.844	n/a	Target	2	803961
3216.02	n/a	NonTarget	1	804005
3216.196	n/a	NonTarget	1	804049
3216.372	n/a	NonTarget	1	804093
3216.552	n/a	NonTarget	1	804138
3216.72	n/a	NonTarget	1	804180
3216.9	n/a	NonTarget	1	804225
3217.072	n/a	Target	2	804268
3217.244	n/a	NonTarget	1	804311
3217.42	n/a	NonTarget	1	804355
3217.596	n/a	NonTarget	1	804399
3217.772	n/a	NonTarget	1	804443
3217.944	n/a	Target	2	804486
3218.12	n/a	NonTarget	1	804530
3218.296	n/a	NonTarget	1	804574
3218.472	n/a	NonTarget	1	804618
3236.144	n/a	NonTarget	1	809036
3236.32	n/a	NonTarget	1	809080
3236.5	n/a	NonTarget	1	809125
3236.668	n/a	NonTarget	1	809167
3236.844	n/a	NonTarget	1	809211
3237.024	n/a	Target	2	809256
3237.192	n/a	NonTarget	1	809298
3237.376	n/a	NonTarget	1	809344
3237.544	n/a	NonTarget	1	809386
3237.732	n/a	NonTarget	1	809433
3237.892	n/a	NonTarget	1	809473
3238.068	n/a	Target	2	809517
3238.244	n/a	NonTarget	1	809561
3238.42	n/a	NonTarget	1	809605
3238.592	n/a	NonTarget	1	809648
3238.768	n/a	Target	2	809692
3238.944	n/a	NonTarget	1	809736
3239.12	n/a	NonTarget	1	809780
3239.292	n/a	NonTarget	1	809823
3239.468	n/a	Target	2	809867
3239.644	n/a	NonTarget	1	809911
3239.836	n/a	NonTarget	1	809959
3239.992	n/a	NonTarget	1	809998
3240.168	n/a	NonTarget	1	810042
3240.344	n/a	NonTarget	1	810086
3240.528	n/a	Target	2	810132
3240.692	n/a	NonTarget	1	810173
3240.88	n/a	NonTarget	1	810220
3241.044	n/a	NonTarget	1	810261
3241.22	n/a	NonTarget	1	810305
3241.4	n/a	NonTarget	1	810350
3241.584	n/a	NonTarget	1	810396
3241.744	n/a	Target	2	810436
3241.92	n/a	NonTarget	1	810480
3242.092	n/a	NonTarget	1	810523
3242.268	n/a	NonTarget	1	810567
3242.444	n/a	NonTarget	1	810611
3242.62	n/a	Target	2	810655
3242.792	n/a	NonTarget	1	810698
3242.968	n/a	NonTarget	1	810742
3243.144	n/a	NonTarget	1	810786
3243.32	n/a	NonTarget	1	810830
3243.492	n/a	NonTarget	1	810873
3243.668	n/a	NonTarget	1	810917
3243.844	n/a	NonTarget	1	810961
3244.02	n/a	NonTarget	1	811005
3244.212	n/a	Target	2	811053
3244.368	n/a	NonTarget	1	811092
3244.544	n/a	NonTarget	1	811136
3244.716	n/a	NonTarget	1	811179
3244.892	n/a	NonTarget	1	811223
3245.068	n/a	NonTarget	1	811267
3245.244	n/a	NonTarget	1	811311
3245.42	n/a	Target	2	811355
3245.592	n/a	NonTarget	1	811398
3245.768	n/a	NonTarget	1	811442
3245.944	n/a	NonTarget	1	811486
3246.12	n/a	NonTarget	1	811530
3246.292	n/a	NonTarget	1	811573
3246.468	n/a	Target	2	811617
3246.644	n/a	NonTarget	1	811661
3246.82	n/a	NonTarget	1	811705
3247.0	n/a	NonTarget	1	811750
3247.168	n/a	NonTarget	1	811792
3247.344	n/a	NonTarget	1	811836
3247.524	n/a	Target	2	811881
3247.692	n/a	NonTarget	1	811923
3247.868	n/a	NonTarget	1	811967
3248.044	n/a	NonTarget	1	812011
3248.22	n/a	NonTarget	1	812055
3248.392	n/a	Target	2	812098
3248.568	n/a	NonTarget	1	812142
3248.744	n/a	NonTarget	1	812186
3248.92	n/a	Target	2	812230
3249.092	n/a	NonTarget	1	812273
3249.272	n/a	NonTarget	1	812318
3249.452	n/a	NonTarget	1	812363
3249.62	n/a	NonTarget	1	812405
3249.792	n/a	NonTarget	1	812448
3249.98	n/a	NonTarget	1	812495
3250.144	n/a	NonTarget	1	812536
3250.32	n/a	Target	2	812580
3250.492	n/a	NonTarget	1	812623
3250.668	n/a	NonTarget	1	812667
3250.844	n/a	NonTarget	1	812711
3251.02	n/a	NonTarget	1	812755
3251.192	n/a	Target	2	812798
3251.368	n/a	NonTarget	1	812842
3251.544	n/a	NonTarget	1	812886
3251.724	n/a	NonTarget	1	812931
3269.504	n/a	NonTarget	1	817376
3269.68	n/a	Target	2	817420
3269.856	n/a	NonTarget	1	817464
3270.032	n/a	NonTarget	1	817508
3270.204	n/a	NonTarget	1	817551
3270.38	n/a	NonTarget	1	817595
3270.552	n/a	NonTarget	1	817638
3270.728	n/a	NonTarget	1	817682
3270.904	n/a	NonTarget	1	817726
3271.08	n/a	Target	2	817770
3271.256	n/a	NonTarget	1	817814
3271.432	n/a	NonTarget	1	817858
3271.604	n/a	NonTarget	1	817901
3271.788	n/a	NonTarget	1	817947
3271.952	n/a	NonTarget	1	817988
3272.128	n/a	NonTarget	1	818032
3272.304	n/a	NonTarget	1	818076
3272.48	n/a	Target	2	818120
3272.652	n/a	NonTarget	1	818163
3272.828	n/a	NonTarget	1	818207
3273.004	n/a	NonTarget	1	818251
3273.18	n/a	NonTarget	1	818295
3273.352	n/a	Target	2	818338
3273.536	n/a	NonTarget	1	818384
3273.704	n/a	NonTarget	1	818426
3273.88	n/a	NonTarget	1	818470
3274.052	n/a	Target	2	818513
3274.228	n/a	NonTarget	1	818557
3274.404	n/a	NonTarget	1	818601
3274.58	n/a	NonTarget	1	818645
3274.752	n/a	Target	2	818688
3274.928	n/a	NonTarget	1	818732
3275.112	n/a	NonTarget	1	818778
3275.28	n/a	NonTarget	1	818820
3275.452	n/a	NonTarget	1	818863
3275.632	n/a	NonTarget	1	818908
3275.804	n/a	NonTarget	1	818951
3275.988	n/a	Target	2	818997
3276.152	n/a	NonTarget	1	819038
3276.328	n/a	NonTarget	1	819082
3276.504	n/a	NonTarget	1	819126
3276.68	n/a	NonTarget	1	819170
3276.86	n/a	Target	2	819215
3277.028	n/a	NonTarget	1	819257
3277.204	n/a	NonTarget	1	819301
3277.376	n/a	NonTarget	1	819344
3277.552	n/a	NonTarget	1	819388
3277.728	n/a	NonTarget	1	819432
3277.912	n/a	Target	2	819478
3278.08	n/a	NonTarget	1	819520
3278.252	n/a	NonTarget	1	819563
3278.428	n/a	NonTarget	1	819607
3278.604	n/a	NonTarget	1	819651
3278.784	n/a	NonTarget	1	819696
3278.956	n/a	NonTarget	1	819739
3279.128	n/a	Target	2	819782
3279.304	n/a	NonTarget	1	819826
3279.48	n/a	NonTarget	1	819870
3279.652	n/a	NonTarget	1	819913
3279.828	n/a	NonTarget	1	819957
3280.004	n/a	NonTarget	1	820001
3280.18	n/a	Target	2	820045
3280.364	n/a	NonTarget	1	820091
3280.528	n/a	NonTarget	1	820132
3280.704	n/a	NonTarget	1	820176
3280.888	n/a	NonTarget	1	820222
3281.052	n/a	Target	2	820263
3281.228	n/a	NonTarget	1	820307
3281.404	n/a	NonTarget	1	820351
3281.58	n/a	NonTarget	1	820395
3281.76	n/a	NonTarget	1	820440
3281.928	n/a	NonTarget	1	820482
3282.104	n/a	Target	2	820526
3282.284	n/a	NonTarget	1	820571
3282.452	n/a	NonTarget	1	820613
3282.648	n/a	NonTarget	1	820662
3282.804	n/a	NonTarget	1	820701
3282.98	n/a	NonTarget	1	820745
3283.168	n/a	NonTarget	1	820792
3283.328	n/a	Target	2	820832
3283.504	n/a	NonTarget	1	820876
3283.68	n/a	NonTarget	1	820920
3283.852	n/a	NonTarget	1	820963
3284.028	n/a	NonTarget	1	821007
3284.204	n/a	Target	2	821051
3284.38	n/a	NonTarget	1	821095
3284.552	n/a	NonTarget	1	821138
3284.732	n/a	NonTarget	1	821183
3284.904	n/a	NonTarget	1	821226
3285.08	n/a	NonTarget	1	821270
3301.22	n/a	NonTarget	1	825305
3301.404	n/a	Target	2	825351
3301.572	n/a	NonTarget	1	825393
3301.748	n/a	NonTarget	1	825437
3301.92	n/a	NonTarget	1	825480
3302.096	n/a	NonTarget	1	825524
3302.272	n/a	NonTarget	1	825568
3302.448	n/a	NonTarget	1	825612
3302.62	n/a	Target	2	825655
3302.796	n/a	NonTarget	1	825699
3302.972	n/a	NonTarget	1	825743
3303.148	n/a	NonTarget	1	825787
3303.32	n/a	NonTarget	1	825830
3303.496	n/a	NonTarget	1	825874
3303.672	n/a	Target	2	825918
3303.848	n/a	NonTarget	1	825962
3304.02	n/a	NonTarget	1	826005
3304.196	n/a	NonTarget	1	826049
3304.372	n/a	NonTarget	1	826093
3304.548	n/a	NonTarget	1	826137
3304.72	n/a	NonTarget	1	826180
3304.896	n/a	Target	2	826224
3305.072	n/a	NonTarget	1	826268
3305.256	n/a	NonTarget	1	826314
3305.42	n/a	NonTarget	1	826355
3305.616	n/a	Target	2	826404
3305.772	n/a	NonTarget	1	826443
3305.948	n/a	NonTarget	1	826487
3306.132	n/a	NonTarget	1	826533
3306.296	n/a	NonTarget	1	826574
3306.472	n/a	Target	2	826618
3306.648	n/a	NonTarget	1	826662
3306.82	n/a	NonTarget	1	826705
3307.0	n/a	NonTarget	1	826750
3307.172	n/a	NonTarget	1	826793
3307.36	n/a	NonTarget	1	826840
3307.52	n/a	NonTarget	1	826880
3307.696	n/a	NonTarget	1	826924
3307.872	n/a	Target	2	826968
3308.048	n/a	NonTarget	1	827012
3308.22	n/a	NonTarget	1	827055
3308.396	n/a	NonTarget	1	827099
3308.572	n/a	NonTarget	1	827143
3308.748	n/a	Target	2	827187
3308.924	n/a	NonTarget	1	827231
3309.096	n/a	NonTarget	1	827274
3309.272	n/a	NonTarget	1	827318
3309.448	n/a	NonTarget	1	827362
3309.62	n/a	Target	2	827405
3309.796	n/a	NonTarget	1	827449
3309.972	n/a	NonTarget	1	827493
3310.148	n/a	NonTarget	1	827537
3310.32	n/a	NonTarget	1	827580
3310.496	n/a	NonTarget	1	827624
3310.668	n/a	NonTarget	1	827667
3310.848	n/a	NonTarget	1	827712
3311.02	n/a	NonTarget	1	827755
3311.204	n/a	NonTarget	1	827801
3311.372	n/a	NonTarget	1	827843
3311.548	n/a	Target	2	827887
3311.72	n/a	NonTarget	1	827930
3311.896	n/a	NonTarget	1	827974
3312.072	n/a	NonTarget	1	828018
3312.248	n/a	NonTarget	1	828062
3312.42	n/a	NonTarget	1	828105
3312.596	n/a	Target	2	828149
3312.772	n/a	NonTarget	1	828193
3312.948	n/a	NonTarget	1	828237
3313.128	n/a	NonTarget	1	828282
3313.296	n/a	NonTarget	1	828324
3313.484	n/a	NonTarget	1	828371
3313.648	n/a	Target	2	828412
3313.82	n/a	NonTarget	1	828455
3313.996	n/a	NonTarget	1	828499
3314.172	n/a	NonTarget	1	828543
3314.348	n/a	Target	2	828587
3314.52	n/a	NonTarget	1	828630
3314.696	n/a	NonTarget	1	828674
3314.872	n/a	NonTarget	1	828718
3315.048	n/a	Target	2	828762
3315.22	n/a	NonTarget	1	828805
3315.396	n/a	NonTarget	1	828849
3315.576	n/a	NonTarget	1	828894
3315.748	n/a	NonTarget	1	828937
3315.92	n/a	NonTarget	1	828980
3316.096	n/a	Target	2	829024
3316.272	n/a	NonTarget	1	829068
3316.448	n/a	NonTarget	1	829112
3316.62	n/a	NonTarget	1	829155
3316.796	n/a	NonTarget	1	829199
3337.984	n/a	NonTarget	1	834496
3338.16	n/a	NonTarget	1	834540
3338.336	n/a	NonTarget	1	834584
3338.512	n/a	NonTarget	1	834628
3338.684	n/a	NonTarget	1	834671
3338.86	n/a	Target	2	834715
3339.036	n/a	NonTarget	1	834759
3339.212	n/a	NonTarget	1	834803
3339.384	n/a	NonTarget	1	834846
3339.56	n/a	NonTarget	1	834890
3339.736	n/a	Target	2	834934
3339.912	n/a	NonTarget	1	834978
3340.084	n/a	NonTarget	1	835021
3340.26	n/a	NonTarget	1	835065
3340.436	n/a	NonTarget	1	835109
3340.612	n/a	Target	2	835153
3340.788	n/a	NonTarget	1	835197
3340.96	n/a	NonTarget	1	835240
3341.136	n/a	NonTarget	1	835284
3341.312	n/a	NonTarget	1	835328
3341.484	n/a	NonTarget	1	835371
3341.66	n/a	Target	2	835415
3341.836	n/a	NonTarget	1	835459
3342.02	n/a	NonTarget	1	835505
3342.184	n/a	Target	2	835546
3342.372	n/a	NonTarget	1	835593
3342.536	n/a	NonTarget	1	835634
3342.712	n/a	NonTarget	1	835678
3342.888	n/a	NonTarget	1	835722
3343.06	n/a	NonTarget	1	835765
3343.244	n/a	NonTarget	1	835811
3343.412	n/a	NonTarget	1	835853
3343.584	n/a	NonTarget	1	835896
3343.772	n/a	Target	2	835943
3343.936	n/a	NonTarget	1	835984
3344.112	n/a	NonTarget	1	836028
3344.284	n/a	NonTarget	1	836071
3344.46	n/a	NonTarget	1	836115
3344.636	n/a	NonTarget	1	836159
3344.808	n/a	Target	2	836202
3345.0	n/a	NonTarget	1	836250
3345.164	n/a	NonTarget	1	836291
3345.336	n/a	Target	2	836334
3345.512	n/a	NonTarget	1	836378
3345.688	n/a	NonTarget	1	836422
3345.86	n/a	NonTarget	1	836465
3346.04	n/a	NonTarget	1	836510
3346.212	n/a	NonTarget	1	836553
3346.384	n/a	NonTarget	1	836596
3346.56	n/a	Target	2	836640
3346.74	n/a	NonTarget	1	836685
3346.912	n/a	NonTarget	1	836728
3347.084	n/a	NonTarget	1	836771
3347.268	n/a	NonTarget	1	836817
3347.436	n/a	NonTarget	1	836859
3347.612	n/a	NonTarget	1	836903
3347.784	n/a	NonTarget	1	836946
3347.96	n/a	Target	2	836990
3348.136	n/a	NonTarget	1	837034
3348.312	n/a	NonTarget	1	837078
3348.484	n/a	NonTarget	1	837121
3348.66	n/a	Target	2	837165
3348.84	n/a	NonTarget	1	837210
3349.02	n/a	NonTarget	1	837255
3349.188	n/a	NonTarget	1	837297
3349.36	n/a	NonTarget	1	837340
3349.536	n/a	NonTarget	1	837384
3349.712	n/a	NonTarget	1	837428
3349.884	n/a	NonTarget	1	837471
3350.06	n/a	Target	2	837515
3350.236	n/a	NonTarget	1	837559
3350.412	n/a	NonTarget	1	837603
3350.588	n/a	NonTarget	1	837647
3350.76	n/a	NonTarget	1	837690
3350.936	n/a	NonTarget	1	837734
3351.112	n/a	NonTarget	1	837778
3351.284	n/a	NonTarget	1	837821
3351.476	n/a	Target	2	837869
3351.636	n/a	NonTarget	1	837909
3351.812	n/a	NonTarget	1	837953
3351.988	n/a	NonTarget	1	837997
3352.16	n/a	NonTarget	1	838040
3352.348	n/a	Target	2	838087
3352.512	n/a	NonTarget	1	838128
3352.688	n/a	NonTarget	1	838172
3352.86	n/a	NonTarget	1	838215
3353.036	n/a	Target	2	838259
3353.212	n/a	NonTarget	1	838303
3353.388	n/a	NonTarget	1	838347
3353.56	n/a	NonTarget	1	838390
3371.316	n/a	NonTarget	1	842829
3371.488	n/a	Target	2	842872
3371.664	n/a	NonTarget	1	842916
3371.84	n/a	NonTarget	1	842960
3372.016	n/a	NonTarget	1	843004
3372.188	n/a	NonTarget	1	843047
3372.364	n/a	NonTarget	1	843091
3372.54	n/a	NonTarget	1	843135
3372.716	n/a	NonTarget	1	843179
3372.896	n/a	NonTarget	1	843224
3373.084	n/a	Target	2	843271
3373.248	n/a	NonTarget	1	843312
3373.416	n/a	NonTarget	1	843354
3373.596	n/a	NonTarget	1	843399
3373.764	n/a	NonTarget	1	843441
3373.94	n/a	NonTarget	1	843485
3374.116	n/a	Target	2	843529
3374.288	n/a	NonTarget	1	843572
3374.472	n/a	NonTarget	1	843618
3374.64	n/a	NonTarget	1	843660
3374.816	n/a	NonTarget	1	843704
3374.992	n/a	NonTarget	1	843748
3375.164	n/a	Target	2	843791
3375.348	n/a	NonTarget	1	843837
3375.516	n/a	NonTarget	1	843879
3375.688	n/a	NonTarget	1	843922
3375.864	n/a	NonTarget	1	843966
3376.04	n/a	NonTarget	1	844010
3376.22	n/a	NonTarget	1	844055
3376.396	n/a	Target	2	844099
3376.564	n/a	NonTarget	1	844141
3376.744	n/a	NonTarget	1	844186
3376.916	n/a	NonTarget	1	844229
3377.088	n/a	NonTarget	1	844272
3377.268	n/a	NonTarget	1	844317
3377.44	n/a	Target	2	844360
3377.616	n/a	NonTarget	1	844404
3377.792	n/a	NonTarget	1	844448
3377.964	n/a	NonTarget	1	844491
3378.14	n/a	NonTarget	1	844535
3378.312	n/a	NonTarget	1	844578
3378.488	n/a	Target	2	844622
3378.664	n/a	NonTarget	1	844666
3378.836	n/a	NonTarget	1	844709
3379.016	n/a	NonTarget	1	844754
3379.208	n/a	NonTarget	1	844802
3379.368	n/a	NonTarget	1	844842
3379.54	n/a	Target	2	844885
3379.716	n/a	NonTarget	1	844929
3379.888	n/a	NonTarget	1	844972
3380.064	n/a	Target	2	845016
3380.24	n/a	NonTarget	1	845060
3380.416	n/a	NonTarget	1	845104
3380.588	n/a	NonTarget	1	845147
3380.764	n/a	NonTarget	1	845191
3380.94	n/a	Target	2	845235
3381.116	n/a	NonTarget	1	845279
3381.288	n/a	NonTarget	1	845322
3381.464	n/a	NonTarget	1	845366
3381.64	n/a	NonTarget	1	845410
3381.816	n/a	NonTarget	1	845454
3381.988	n/a	Target	2	845497
3382.172	n/a	NonTarget	1	845543
3382.34	n/a	NonTarget	1	845585
3382.516	n/a	NonTarget	1	845629
3382.688	n/a	NonTarget	1	845672
3382.868	n/a	NonTarget	1	845717
3383.04	n/a	NonTarget	1	845760
3383.216	n/a	Target	2	845804
3383.388	n/a	NonTarget	1	845847
3383.564	n/a	NonTarget	1	845891
3383.74	n/a	NonTarget	1	845935
3383.916	n/a	NonTarget	1	845979
3384.1	n/a	NonTarget	1	846025
3384.264	n/a	Target	2	846066
3384.452	n/a	NonTarget	1	846113
3384.616	n/a	NonTarget	1	846154
3384.788	n/a	NonTarget	1	846197
3384.964	n/a	NonTarget	1	846241
3385.14	n/a	NonTarget	1	846285
3385.316	n/a	NonTarget	1	846329
3385.488	n/a	Target	2	846372
3385.664	n/a	NonTarget	1	846416
3385.84	n/a	NonTarget	1	846460
3386.016	n/a	NonTarget	1	846504
3386.188	n/a	Target	2	846547
3386.364	n/a	NonTarget	1	846591
3386.54	n/a	NonTarget	1	846635
3386.716	n/a	NonTarget	1	846679
3386.888	n/a	NonTarget	1	846722
3408.0	n/a	Target	2	852000
3408.172	n/a	NonTarget	1	852043
3408.348	n/a	NonTarget	1	852087
3408.528	n/a	NonTarget	1	852132
3408.7	n/a	NonTarget	1	852175
3408.888	n/a	NonTarget	1	852222
3409.052	n/a	NonTarget	1	852263
3409.224	n/a	NonTarget	1	852306
3409.408	n/a	Target	2	852352
3409.572	n/a	NonTarget	1	852393
3409.748	n/a	NonTarget	1	852437
3409.924	n/a	NonTarget	1	852481
3410.096	n/a	NonTarget	1	852524
3410.276	n/a	Target	2	852569
3410.452	n/a	NonTarget	1	852613
3410.624	n/a	NonTarget	1	852656
3410.8	n/a	NonTarget	1	852700
3410.972	n/a	NonTarget	1	852743
3411.148	n/a	Target	2	852787
3411.332	n/a	NonTarget	1	852833
3411.496	n/a	NonTarget	1	852874
3411.684	n/a	NonTarget	1	852921
3411.848	n/a	NonTarget	1	852962
3412.024	n/a	NonTarget	1	853006
3412.208	n/a	NonTarget	1	853052
3412.372	n/a	NonTarget	1	853093
3412.548	n/a	NonTarget	1	853137
3412.724	n/a	NonTarget	1	853181
3412.896	n/a	NonTarget	1	853224
3413.072	n/a	Target	2	853268
3413.248	n/a	NonTarget	1	853312
3413.424	n/a	NonTarget	1	853356
3413.6	n/a	NonTarget	1	853400
3413.772	n/a	NonTarget	1	853443
3413.948	n/a	NonTarget	1	853487
3414.124	n/a	Target	2	853531
3414.3	n/a	NonTarget	1	853575
3414.484	n/a	NonTarget	1	853621
3414.648	n/a	NonTarget	1	853662
3414.824	n/a	NonTarget	1	853706
3415.0	n/a	NonTarget	1	853750
3415.172	n/a	Target	2	853793
3415.352	n/a	NonTarget	1	853838
3415.524	n/a	NonTarget	1	853881
3415.696	n/a	NonTarget	1	853924
3415.872	n/a	Target	2	853968
3416.06	n/a	NonTarget	1	854015
3416.228	n/a	NonTarget	1	854057
3416.396	n/a	NonTarget	1	854099
3416.572	n/a	Target	2	854143
3416.748	n/a	NonTarget	1	854187
3416.928	n/a	NonTarget	1	854232
3417.108	n/a	NonTarget	1	854277
3417.272	n/a	NonTarget	1	854318
3417.452	n/a	NonTarget	1	854363
3417.624	n/a	Target	2	854406
3417.8	n/a	NonTarget	1	854450
3417.976	n/a	NonTarget	1	854494
3418.148	n/a	NonTarget	1	854537
3418.324	n/a	NonTarget	1	854581
3418.496	n/a	NonTarget	1	854624
3418.672	n/a	NonTarget	1	854668
3418.848	n/a	Target	2	854712
3419.024	n/a	NonTarget	1	854756
3419.196	n/a	NonTarget	1	854799
3419.372	n/a	NonTarget	1	854843
3419.548	n/a	NonTarget	1	854887
3419.724	n/a	Target	2	854931
3419.896	n/a	NonTarget	1	854974
3420.072	n/a	NonTarget	1	855018
3420.248	n/a	NonTarget	1	855062
3420.424	n/a	NonTarget	1	855106
3420.596	n/a	NonTarget	1	855149
3420.772	n/a	NonTarget	1	855193
3420.948	n/a	NonTarget	1	855237
3421.124	n/a	NonTarget	1	855281
3421.304	n/a	Target	2	855326
3421.472	n/a	NonTarget	1	855368
3421.648	n/a	NonTarget	1	855412
3421.824	n/a	NonTarget	1	855456
3421.996	n/a	NonTarget	1	855499
3422.188	n/a	NonTarget	1	855547
3422.348	n/a	NonTarget	1	855587
3422.524	n/a	Target	2	855631
3422.704	n/a	NonTarget	1	855676
3422.876	n/a	NonTarget	1	855719
3423.048	n/a	NonTarget	1	855762
3423.224	n/a	NonTarget	1	855806
3423.396	n/a	NonTarget	1	855849
3423.572	n/a	Target	2	855893
3438.7	n/a	NonTarget	1	859675
3438.876	n/a	NonTarget	1	859719
3439.052	n/a	NonTarget	1	859763
3439.224	n/a	Target	2	859806
3439.4	n/a	NonTarget	1	859850
3439.576	n/a	NonTarget	1	859894
3439.752	n/a	NonTarget	1	859938
3439.924	n/a	NonTarget	1	859981
3440.1	n/a	NonTarget	1	860025
3440.276	n/a	Target	2	860069
3440.452	n/a	NonTarget	1	860113
3440.624	n/a	NonTarget	1	860156
3440.808	n/a	Target	2	860202
3440.976	n/a	NonTarget	1	860244
3441.152	n/a	NonTarget	1	860288
3441.332	n/a	NonTarget	1	860333
3441.5	n/a	NonTarget	1	860375
3441.68	n/a	NonTarget	1	860420
3441.852	n/a	NonTarget	1	860463
3442.024	n/a	Target	2	860506
3442.2	n/a	NonTarget	1	860550
3442.376	n/a	NonTarget	1	860594
3442.552	n/a	NonTarget	1	860638
3442.724	n/a	NonTarget	1	860681
3442.9	n/a	NonTarget	1	860725
3443.076	n/a	NonTarget	1	860769
3443.252	n/a	NonTarget	1	860813
3443.432	n/a	Target	2	860858
3443.6	n/a	NonTarget	1	860900
3443.776	n/a	NonTarget	1	860944
3443.952	n/a	NonTarget	1	860988
3444.144	n/a	Target	2	861036
3444.3	n/a	NonTarget	1	861075
3444.476	n/a	NonTarget	1	861119
3444.656	n/a	NonTarget	1	861164
3444.824	n/a	NonTarget	1	861206
3445.0	n/a	NonTarget	1	861250
3445.176	n/a	NonTarget	1	861294
3445.352	n/a	NonTarget	1	861338
3445.524	n/a	Target	2	861381
3445.7	n/a	NonTarget	1	861425
3445.876	n/a	NonTarget	1	861469
3446.052	n/a	NonTarget	1	861513
3446.224	n/a	NonTarget	1	861556
3446.4	n/a	NonTarget	1	861600
3446.576	n/a	NonTarget	1	861644
3446.756	n/a	NonTarget	1	861689
3446.924	n/a	Target	2	861731
3447.1	n/a	NonTarget	1	861775
3447.276	n/a	NonTarget	1	861819
3447.452	n/a	NonTarget	1	861863
3447.628	n/a	NonTarget	1	861907
3447.8	n/a	Target	2	861950
3447.976	n/a	NonTarget	1	861994
3448.156	n/a	NonTarget	1	862039
3448.324	n/a	NonTarget	1	862081
3448.512	n/a	Target	2	862128
3448.676	n/a	NonTarget	1	862169
3448.852	n/a	NonTarget	1	862213
3449.024	n/a	NonTarget	1	862256
3449.2	n/a	Target	2	862300
3449.392	n/a	NonTarget	1	862348
3449.552	n/a	NonTarget	1	862388
3449.724	n/a	NonTarget	1	862431
3449.9	n/a	NonTarget	1	862475
3450.076	n/a	NonTarget	1	862519
3450.252	n/a	NonTarget	1	862563
3450.424	n/a	Target	2	862606
3450.6	n/a	NonTarget	1	862650
3450.776	n/a	NonTarget	1	862694
3450.952	n/a	NonTarget	1	862738
3451.128	n/a	NonTarget	1	862782
3451.304	n/a	Target	2	862826
3451.476	n/a	NonTarget	1	862869
3451.652	n/a	NonTarget	1	862913
3451.824	n/a	NonTarget	1	862956
3452.0	n/a	NonTarget	1	863000
3452.176	n/a	NonTarget	1	863044
3452.352	n/a	Target	2	863088
3452.524	n/a	NonTarget	1	863131
3452.7	n/a	NonTarget	1	863175
3452.876	n/a	NonTarget	1	863219
3453.06	n/a	NonTarget	1	863265
3453.224	n/a	NonTarget	1	863306
3453.4	n/a	NonTarget	1	863350
3453.576	n/a	Target	2	863394
3453.752	n/a	NonTarget	1	863438
3453.936	n/a	NonTarget	1	863484
3454.1	n/a	NonTarget	1	863525
3454.276	n/a	NonTarget	1	863569
3474.6	n/a	NonTarget	1	868650
3474.776	n/a	NonTarget	1	868694
3474.952	n/a	NonTarget	1	868738
3475.124	n/a	NonTarget	1	868781
3475.3	n/a	NonTarget	1	868825
3475.476	n/a	Target	2	868869
3475.652	n/a	NonTarget	1	868913
3475.836	n/a	NonTarget	1	868959
3476.0	n/a	NonTarget	1	869000
3476.176	n/a	NonTarget	1	869044
3476.352	n/a	NonTarget	1	869088
3476.524	n/a	Target	2	869131
3476.7	n/a	NonTarget	1	869175
3476.876	n/a	NonTarget	1	869219
3477.052	n/a	NonTarget	1	869263
3477.224	n/a	NonTarget	1	869306
3477.42	n/a	NonTarget	1	869355
3477.58	n/a	Target	2	869395
3477.752	n/a	NonTarget	1	869438
3477.936	n/a	NonTarget	1	869484
3478.1	n/a	Target	2	869525
3478.276	n/a	NonTarget	1	869569
3478.452	n/a	NonTarget	1	869613
3478.624	n/a	NonTarget	1	869656
3478.804	n/a	NonTarget	1	869701
3478.976	n/a	Target	2	869744
3479.148	n/a	NonTarget	1	869787
3479.324	n/a	NonTarget	1	869831
3479.5	n/a	NonTarget	1	869875
3479.676	n/a	NonTarget	1	869919
3479.852	n/a	NonTarget	1	869963
3480.024	n/a	Target	2	870006
3480.208	n/a	NonTarget	1	870052
3480.376	n/a	NonTarget	1	870094
3480.556	n/a	NonTarget	1	870139
3480.724	n/a	NonTarget	1	870181
3480.9	n/a	NonTarget	1	870225
3481.088	n/a	NonTarget	1	870272
3481.264	n/a	Target	2	870316
3481.424	n/a	NonTarget	1	870356
3481.6	n/a	NonTarget	1	870400
3481.772	n/a	NonTarget	1	870443
3481.952	n/a	NonTarget	1	870488
3482.124	n/a	NonTarget	1	870531
3482.3	n/a	Target	2	870575
3482.476	n/a	NonTarget	1	870619
3482.652	n/a	NonTarget	1	870663
3482.824	n/a	NonTarget	1	870706
3483.0	n/a	NonTarget	1	870750
3483.176	n/a	NonTarget	1	870794
3483.348	n/a	NonTarget	1	870837
3483.544	n/a	Target	2	870886
3483.7	n/a	NonTarget	1	870925
3483.876	n/a	NonTarget	1	870969
3484.052	n/a	NonTarget	1	871013
3484.224	n/a	Target	2	871056
3484.4	n/a	NonTarget	1	871100
3484.576	n/a	NonTarget	1	871144
3484.752	n/a	NonTarget	1	871188
3484.924	n/a	NonTarget	1	871231
3485.1	n/a	Target	2	871275
3485.276	n/a	NonTarget	1	871319
3485.452	n/a	NonTarget	1	871363
3485.624	n/a	NonTarget	1	871406
3485.808	n/a	NonTarget	1	871452
3485.976	n/a	NonTarget	1	871494
3486.148	n/a	NonTarget	1	871537
3486.324	n/a	NonTarget	1	871581
3486.5	n/a	Target	2	871625
3486.68	n/a	NonTarget	1	871670
3486.848	n/a	NonTarget	1	871712
3487.024	n/a	NonTarget	1	871756
3487.204	n/a	NonTarget	1	871801
3487.376	n/a	Target	2	871844
3487.548	n/a	NonTarget	1	871887
3487.724	n/a	NonTarget	1	871931
3487.9	n/a	NonTarget	1	871975
3488.072	n/a	NonTarget	1	872018
3488.248	n/a	Target	2	872062
3488.424	n/a	NonTarget	1	872106
3488.6	n/a	NonTarget	1	872150
3488.772	n/a	NonTarget	1	872193
3488.948	n/a	NonTarget	1	872237
3489.124	n/a	NonTarget	1	872281
3489.3	n/a	NonTarget	1	872325
3489.472	n/a	NonTarget	1	872368
3489.648	n/a	NonTarget	1	872412
3489.824	n/a	NonTarget	1	872456
3490.0	n/a	NonTarget	1	872500
3490.172	n/a	Target	2	872543
3505.292	n/a	Target	2	876323
3505.468	n/a	NonTarget	1	876367
3505.648	n/a	NonTarget	1	876412
3505.82	n/a	NonTarget	1	876455
3505.992	n/a	NonTarget	1	876498
3506.168	n/a	NonTarget	1	876542
3506.344	n/a	NonTarget	1	876586
3506.528	n/a	NonTarget	1	876632
3506.692	n/a	Target	2	876673
3506.868	n/a	NonTarget	1	876717
3507.044	n/a	NonTarget	1	876761
3507.22	n/a	NonTarget	1	876805
3507.392	n/a	NonTarget	1	876848
3507.568	n/a	NonTarget	1	876892
3507.744	n/a	NonTarget	1	876936
3507.924	n/a	NonTarget	1	876981
3508.092	n/a	Target	2	877023
3508.268	n/a	NonTarget	1	877067
3508.444	n/a	NonTarget	1	877111
3508.62	n/a	NonTarget	1	877155
3508.792	n/a	NonTarget	1	877198
3508.984	n/a	NonTarget	1	877246
3509.144	n/a	Target	2	877286
3509.316	n/a	NonTarget	1	877329
3509.492	n/a	NonTarget	1	877373
3509.668	n/a	NonTarget	1	877417
3509.844	n/a	NonTarget	1	877461
3510.016	n/a	NonTarget	1	877504
3510.192	n/a	Target	2	877548
3510.368	n/a	NonTarget	1	877592
3510.544	n/a	NonTarget	1	877636
3510.724	n/a	NonTarget	1	877681
3510.896	n/a	NonTarget	1	877724
3511.068	n/a	NonTarget	1	877767
3511.244	n/a	NonTarget	1	877811
3511.42	n/a	Target	2	877855
3511.592	n/a	NonTarget	1	877898
3511.768	n/a	NonTarget	1	877942
3511.944	n/a	NonTarget	1	877986
3512.116	n/a	NonTarget	1	878029
3512.292	n/a	Target	2	878073
3512.468	n/a	NonTarget	1	878117
3512.644	n/a	NonTarget	1	878161
3512.816	n/a	NonTarget	1	878204
3512.992	n/a	NonTarget	1	878248
3513.168	n/a	Target	2	878292
3513.344	n/a	NonTarget	1	878336
3513.516	n/a	NonTarget	1	878379
3513.692	n/a	NonTarget	1	878423
3513.868	n/a	NonTarget	1	878467
3514.044	n/a	NonTarget	1	878511
3514.22	n/a	Target	2	878555
3514.392	n/a	NonTarget	1	878598
3514.568	n/a	NonTarget	1	878642
3514.744	n/a	Target	2	878686
3514.92	n/a	NonTarget	1	878730
3515.092	n/a	NonTarget	1	878773
3515.268	n/a	NonTarget	1	878817
3515.44	n/a	NonTarget	1	878860
3515.616	n/a	NonTarget	1	878904
3515.792	n/a	NonTarget	1	878948
3515.968	n/a	NonTarget	1	878992
3516.148	n/a	NonTarget	1	879037
3516.316	n/a	Target	2	879079
3516.5	n/a	NonTarget	1	879125
3516.668	n/a	NonTarget	1	879167
3516.844	n/a	NonTarget	1	879211
3517.016	n/a	NonTarget	1	879254
3517.192	n/a	NonTarget	1	879298
3517.368	n/a	Target	2	879342
3517.544	n/a	NonTarget	1	879386
3517.72	n/a	NonTarget	1	879430
3517.892	n/a	Target	2	879473
3518.068	n/a	NonTarget	1	879517
3518.248	n/a	NonTarget	1	879562
3518.42	n/a	NonTarget	1	879605
3518.592	n/a	NonTarget	1	879648
3518.768	n/a	NonTarget	1	879692
3518.944	n/a	NonTarget	1	879736
3519.12	n/a	Target	2	879780
3519.292	n/a	NonTarget	1	879823
3519.468	n/a	NonTarget	1	879867
3519.644	n/a	NonTarget	1	879911
3519.82	n/a	NonTarget	1	879955
3520.004	n/a	NonTarget	1	880001
3520.172	n/a	NonTarget	1	880043
3520.344	n/a	NonTarget	1	880086
3520.516	n/a	Target	2	880129
3520.692	n/a	NonTarget	1	880173
3520.868	n/a	NonTarget	1	880217
3541.26	n/a	NonTarget	1	885315
3541.436	n/a	NonTarget	1	885359
3541.612	n/a	NonTarget	1	885403
3541.784	n/a	Target	2	885446
3541.96	n/a	NonTarget	1	885490
3542.136	n/a	NonTarget	1	885534
3542.312	n/a	NonTarget	1	885578
3542.484	n/a	NonTarget	1	885621
3542.66	n/a	NonTarget	1	885665
3542.836	n/a	NonTarget	1	885709
3543.012	n/a	Target	2	885753
3543.184	n/a	NonTarget	1	885796
3543.364	n/a	NonTarget	1	885841
3543.54	n/a	NonTarget	1	885885
3543.712	n/a	NonTarget	1	885928
3543.896	n/a	Target	2	885974
3544.072	n/a	NonTarget	1	886018
3544.236	n/a	NonTarget	1	886059
3544.412	n/a	NonTarget	1	886103
3544.584	n/a	NonTarget	1	886146
3544.76	n/a	NonTarget	1	886190
3544.936	n/a	NonTarget	1	886234
3545.112	n/a	NonTarget	1	886278
3545.288	n/a	Target	2	886322
3545.46	n/a	NonTarget	1	886365
3545.636	n/a	NonTarget	1	886409
3545.812	n/a	NonTarget	1	886453
3545.984	n/a	Target	2	886496
3546.168	n/a	NonTarget	1	886542
3546.336	n/a	NonTarget	1	886584
3546.512	n/a	NonTarget	1	886628
3546.684	n/a	Target	2	886671
3546.86	n/a	NonTarget	1	886715
3547.036	n/a	NonTarget	1	886759
3547.212	n/a	NonTarget	1	886803
3547.384	n/a	NonTarget	1	886846
3547.56	n/a	NonTarget	1	886890
3547.736	n/a	NonTarget	1	886934
3547.912	n/a	NonTarget	1	886978
3548.084	n/a	NonTarget	1	887021
3548.26	n/a	Target	2	887065
3548.436	n/a	NonTarget	1	887109
3548.608	n/a	NonTarget	1	887152
3548.784	n/a	NonTarget	1	887196
3548.968	n/a	NonTarget	1	887242
3549.136	n/a	NonTarget	1	887284
3549.324	n/a	Target	2	887331
3549.484	n/a	NonTarget	1	887371
3549.66	n/a	NonTarget	1	887415
3549.836	n/a	NonTarget	1	887459
3550.012	n/a	NonTarget	1	887503
3550.192	n/a	NonTarget	1	887548
3550.36	n/a	Target	2	887590
3550.536	n/a	NonTarget	1	887634
3550.716	n/a	NonTarget	1	887679
3550.884	n/a	NonTarget	1	887721
3551.06	n/a	NonTarget	1	887765
3551.236	n/a	NonTarget	1	887809
3551.412	n/a	NonTarget	1	887853
3551.588	n/a	Target	2	887897
3551.76	n/a	NonTarget	1	887940
3551.936	n/a	NonTarget	1	887984
3552.112	n/a	NonTarget	1	888028
3552.284	n/a	NonTarget	1	888071
3552.46	n/a	NonTarget	1	888115
3552.636	n/a	Target	2	888159
3552.812	n/a	NonTarget	1	888203
3552.984	n/a	NonTarget	1	888246
3553.168	n/a	NonTarget	1	888292
3553.336	n/a	NonTarget	1	888334
3553.512	n/a	NonTarget	1	888378
3553.684	n/a	Target	2	888421
3553.86	n/a	NonTarget	1	888465
3554.036	n/a	NonTarget	1	888509
3554.212	n/a	NonTarget	1	888553
3554.396	n/a	NonTarget	1	888599
3554.564	n/a	NonTarget	1	888641
3554.736	n/a	Target	2	888684
3554.912	n/a	NonTarget	1	888728
3555.092	n/a	NonTarget	1	888773
3555.26	n/a	Target	2	888815
3555.452	n/a	NonTarget	1	888863
3555.612	n/a	NonTarget	1	888903
3555.784	n/a	NonTarget	1	888946
3555.964	n/a	NonTarget	1	888991
3556.136	n/a	Target	2	889034
3556.32	n/a	NonTarget	1	889080
3556.492	n/a	NonTarget	1	889123
3556.66	n/a	NonTarget	1	889165
3556.836	n/a	NonTarget	1	889209
3571.264	n/a	Target	2	892816
3571.44	n/a	NonTarget	1	892860
3571.616	n/a	NonTarget	1	892904
3571.788	n/a	NonTarget	1	892947
3571.964	n/a	NonTarget	1	892991
3572.14	n/a	NonTarget	1	893035
3572.316	n/a	NonTarget	1	893079
3572.492	n/a	NonTarget	1	893123
3572.664	n/a	NonTarget	1	893166
3572.84	n/a	Target	2	893210
3573.016	n/a	NonTarget	1	893254
3573.192	n/a	NonTarget	1	893298
3573.364	n/a	NonTarget	1	893341
3573.54	n/a	NonTarget	1	893385
3573.716	n/a	NonTarget	1	893429
3573.888	n/a	Target	2	893472
3574.064	n/a	NonTarget	1	893516
3574.24	n/a	NonTarget	1	893560
3574.416	n/a	NonTarget	1	893604
3574.592	n/a	Target	2	893648
3574.764	n/a	NonTarget	1	893691
3574.94	n/a	NonTarget	1	893735
3575.116	n/a	NonTarget	1	893779
3575.288	n/a	NonTarget	1	893822
3575.468	n/a	Target	2	893867
3575.64	n/a	NonTarget	1	893910
3575.816	n/a	NonTarget	1	893954
3575.992	n/a	NonTarget	1	893998
3576.164	n/a	NonTarget	1	894041
3576.344	n/a	NonTarget	1	894086
3576.516	n/a	NonTarget	1	894129
3576.688	n/a	NonTarget	1	894172
3576.872	n/a	NonTarget	1	894218
3577.04	n/a	NonTarget	1	894260
3577.216	n/a	Target	2	894304
3577.388	n/a	NonTarget	1	894347
3577.564	n/a	NonTarget	1	894391
3577.744	n/a	NonTarget	1	894436
3577.916	n/a	NonTarget	1	894479
3578.092	n/a	NonTarget	1	894523
3578.264	n/a	NonTarget	1	894566
3578.44	n/a	Target	2	894610
3578.616	n/a	NonTarget	1	894654
3578.792	n/a	NonTarget	1	894698
3578.964	n/a	Target	2	894741
3579.14	n/a	NonTarget	1	894785
3579.316	n/a	NonTarget	1	894829
3579.492	n/a	NonTarget	1	894873
3579.664	n/a	NonTarget	1	894916
3579.848	n/a	NonTarget	1	894962
3580.016	n/a	NonTarget	1	895004
3580.192	n/a	Target	2	895048
3580.364	n/a	NonTarget	1	895091
3580.54	n/a	NonTarget	1	895135
3580.716	n/a	NonTarget	1	895179
3580.888	n/a	NonTarget	1	895222
3581.064	n/a	Target	2	895266
3581.24	n/a	NonTarget	1	895310
3581.416	n/a	NonTarget	1	895354
3581.592	n/a	NonTarget	1	895398
3581.764	n/a	Target	2	895441
3581.94	n/a	NonTarget	1	895485
3582.116	n/a	NonTarget	1	895529
3582.292	n/a	NonTarget	1	895573
3582.464	n/a	NonTarget	1	895616
3582.64	n/a	NonTarget	1	895660
3582.812	n/a	NonTarget	1	895703
3582.992	n/a	NonTarget	1	895748
3583.164	n/a	Target	2	895791
3583.34	n/a	NonTarget	1	895835
3583.52	n/a	NonTarget	1	895880
3583.692	n/a	NonTarget	1	895923
3583.864	n/a	NonTarget	1	895966
3584.04	n/a	NonTarget	1	896010
3584.216	n/a	NonTarget	1	896054
3584.388	n/a	NonTarget	1	896097
3584.564	n/a	Target	2	896141
3584.74	n/a	NonTarget	1	896185
3584.916	n/a	NonTarget	1	896229
3585.096	n/a	NonTarget	1	896274
3585.28	n/a	NonTarget	1	896320
3585.444	n/a	NonTarget	1	896361
3585.616	n/a	Target	2	896404
3585.788	n/a	NonTarget	1	896447
3585.964	n/a	NonTarget	1	896491
3586.14	n/a	NonTarget	1	896535
3586.316	n/a	NonTarget	1	896579
3586.492	n/a	NonTarget	1	896623
3586.664	n/a	Target	2	896666
3586.844	n/a	NonTarget	1	896711
3607.24	n/a	NonTarget	1	901810
3607.412	n/a	NonTarget	1	901853
3607.588	n/a	Target	2	901897
3607.764	n/a	NonTarget	1	901941
3607.94	n/a	NonTarget	1	901985
3608.116	n/a	NonTarget	1	902029
3608.288	n/a	NonTarget	1	902072
3608.464	n/a	Target	2	902116
3608.64	n/a	NonTarget	1	902160
3608.816	n/a	NonTarget	1	902204
3608.988	n/a	NonTarget	1	902247
3609.164	n/a	NonTarget	1	902291
3609.34	n/a	NonTarget	1	902335
3609.512	n/a	NonTarget	1	902378
3609.688	n/a	NonTarget	1	902422
3609.864	n/a	NonTarget	1	902466
3610.04	n/a	Target	2	902510
3610.216	n/a	NonTarget	1	902554
3610.388	n/a	NonTarget	1	902597
3610.564	n/a	NonTarget	1	902641
3610.74	n/a	NonTarget	1	902685
3610.912	n/a	NonTarget	1	902728
3611.088	n/a	NonTarget	1	902772
3611.272	n/a	Target	2	902818
3611.44	n/a	NonTarget	1	902860
3611.612	n/a	NonTarget	1	902903
3611.796	n/a	NonTarget	1	902949
3611.964	n/a	NonTarget	1	902991
3612.144	n/a	NonTarget	1	903036
3612.312	n/a	Target	2	903078
3612.488	n/a	NonTarget	1	903122
3612.664	n/a	NonTarget	1	903166
3612.84	n/a	NonTarget	1	903210
3613.012	n/a	NonTarget	1	903253
3613.188	n/a	NonTarget	1	903297
3613.364	n/a	Target	2	903341
3613.54	n/a	NonTarget	1	903385
3613.712	n/a	NonTarget	1	903428
3613.9	n/a	NonTarget	1	903475
3614.064	n/a	NonTarget	1	903516
3614.24	n/a	Target	2	903560
3614.412	n/a	NonTarget	1	903603
3614.588	n/a	NonTarget	1	903647
3614.764	n/a	Target	2	903691
3614.94	n/a	NonTarget	1	903735
3615.112	n/a	NonTarget	1	903778
3615.308	n/a	NonTarget	1	903827
3615.464	n/a	NonTarget	1	903866
3615.64	n/a	NonTarget	1	903910
3615.816	n/a	NonTarget	1	903954
3615.992	n/a	NonTarget	1	903998
3616.164	n/a	Target	2	904041
3616.34	n/a	NonTarget	1	904085
3616.512	n/a	NonTarget	1	904128
3616.688	n/a	NonTarget	1	904172
3616.864	n/a	NonTarget	1	904216
3617.04	n/a	Target	2	904260
3617.216	n/a	NonTarget	1	904304
3617.392	n/a	NonTarget	1	904348
3617.564	n/a	NonTarget	1	904391
3617.74	n/a	NonTarget	1	904435
3617.916	n/a	NonTarget	1	904479
3618.088	n/a	NonTarget	1	904522
3618.264	n/a	Target	2	904566
3618.44	n/a	NonTarget	1	904610
3618.612	n/a	NonTarget	1	904653
3618.788	n/a	NonTarget	1	904697
3618.964	n/a	NonTarget	1	904741
3619.14	n/a	NonTarget	1	904785
3619.312	n/a	NonTarget	1	904828
3619.488	n/a	Target	2	904872
3619.664	n/a	NonTarget	1	904916
3619.84	n/a	NonTarget	1	904960
3620.024	n/a	NonTarget	1	905006
3620.188	n/a	NonTarget	1	905047
3620.364	n/a	Target	2	905091
3620.54	n/a	NonTarget	1	905135
3620.716	n/a	NonTarget	1	905179
3620.892	n/a	NonTarget	1	905223
3621.064	n/a	NonTarget	1	905266
3621.24	n/a	NonTarget	1	905310
3621.412	n/a	NonTarget	1	905353
3621.588	n/a	NonTarget	1	905397
3621.764	n/a	Target	2	905441
3621.94	n/a	NonTarget	1	905485
3622.112	n/a	NonTarget	1	905528
3622.288	n/a	NonTarget	1	905572
3622.464	n/a	Target	2	905616
3622.656	n/a	NonTarget	1	905664
3622.812	n/a	NonTarget	1	905703
3636.996	n/a	NonTarget	1	909249
3637.172	n/a	NonTarget	1	909293
3637.344	n/a	NonTarget	1	909336
3637.528	n/a	NonTarget	1	909382
3637.696	n/a	Target	2	909424
3637.872	n/a	NonTarget	1	909468
3638.048	n/a	NonTarget	1	909512
3638.22	n/a	NonTarget	1	909555
3638.396	n/a	Target	2	909599
3638.568	n/a	NonTarget	1	909642
3638.744	n/a	NonTarget	1	909686
3638.92	n/a	NonTarget	1	909730
3639.096	n/a	NonTarget	1	909774
3639.272	n/a	Target	2	909818
3639.448	n/a	NonTarget	1	909862
3639.62	n/a	NonTarget	1	909905
3639.804	n/a	NonTarget	1	909951
3639.976	n/a	NonTarget	1	909994
3640.148	n/a	NonTarget	1	910037
3640.32	n/a	Target	2	910080
3640.496	n/a	NonTarget	1	910124
3640.672	n/a	NonTarget	1	910168
3640.848	n/a	NonTarget	1	910212
3641.02	n/a	NonTarget	1	910255
3641.196	n/a	Target	2	910299
3641.372	n/a	NonTarget	1	910343
3641.544	n/a	NonTarget	1	910386
3641.72	n/a	NonTarget	1	910430
3641.896	n/a	NonTarget	1	910474
3642.076	n/a	NonTarget	1	910519
3642.248	n/a	NonTarget	1	910562
3642.42	n/a	NonTarget	1	910605
3642.596	n/a	Target	2	910649
3642.772	n/a	NonTarget	1	910693
3642.948	n/a	NonTarget	1	910737
3643.12	n/a	NonTarget	1	910780
3643.296	n/a	NonTarget	1	910824
3643.48	n/a	Target	2	910870
3643.648	n/a	NonTarget	1	910912
3643.82	n/a	NonTarget	1	910955
3643.996	n/a	NonTarget	1	910999
3644.172	n/a	NonTarget	1	911043
3644.348	n/a	NonTarget	1	911087
3644.52	n/a	NonTarget	1	911130
3644.696	n/a	NonTarget	1	911174
3644.872	n/a	Target	2	911218
3645.048	n/a	NonTarget	1	911262
3645.224	n/a	NonTarget	1	911306
3645.396	n/a	NonTarget	1	911349
3645.572	n/a	NonTarget	1	911393
3645.744	n/a	NonTarget	1	911436
3645.92	n/a	NonTarget	1	911480
3646.096	n/a	Target	2	911524
3646.272	n/a	NonTarget	1	911568
3646.448	n/a	NonTarget	1	911612
3646.62	n/a	NonTarget	1	911655
3646.796	n/a	NonTarget	1	911699
3646.98	n/a	Target	2	911745
3647.144	n/a	NonTarget	1	911786
3647.332	n/a	NonTarget	1	911833
3647.496	n/a	NonTarget	1	911874
3647.672	n/a	NonTarget	1	911918
3647.848	n/a	NonTarget	1	911962
3648.02	n/a	NonTarget	1	912005
3648.196	n/a	NonTarget	1	912049
3648.372	n/a	Target	2	912093
3648.544	n/a	NonTarget	1	912136
3648.72	n/a	NonTarget	1	912180
3648.896	n/a	NonTarget	1	912224
3649.072	n/a	NonTarget	1	912268
3649.276	n/a	Target	2	912319
3649.424	n/a	NonTarget	1	912356
3649.596	n/a	NonTarget	1	912399
3649.768	n/a	NonTarget	1	912442
3649.948	n/a	NonTarget	1	912487
3650.12	n/a	NonTarget	1	912530
3650.3	n/a	Target	2	912575
3650.472	n/a	NonTarget	1	912618
3650.644	n/a	NonTarget	1	912661
3650.82	n/a	NonTarget	1	912705
3650.996	n/a	NonTarget	1	912749
3651.172	n/a	NonTarget	1	912793
3651.36	n/a	NonTarget	1	912840
3651.52	n/a	Target	2	912880
3651.696	n/a	NonTarget	1	912924
3651.872	n/a	NonTarget	1	912968
3652.044	n/a	NonTarget	1	913011
3652.224	n/a	Target	2	913056
3652.396	n/a	NonTarget	1	913099
3652.572	n/a	NonTarget	1	913143
3677.448	n/a	NonTarget	1	919362
3677.624	n/a	Target	2	919406
3677.8	n/a	NonTarget	1	919450
3677.972	n/a	NonTarget	1	919493
3678.148	n/a	NonTarget	1	919537
3678.324	n/a	NonTarget	1	919581
3678.5	n/a	Target	2	919625
3678.676	n/a	NonTarget	1	919669
3678.848	n/a	NonTarget	1	919712
3679.028	n/a	NonTarget	1	919757
3679.2	n/a	NonTarget	1	919800
3679.376	n/a	NonTarget	1	919844
3679.548	n/a	NonTarget	1	919887
3679.724	n/a	Target	2	919931
3679.9	n/a	NonTarget	1	919975
3680.072	n/a	NonTarget	1	920018
3680.248	n/a	NonTarget	1	920062
3680.428	n/a	NonTarget	1	920107
3680.6	n/a	Target	2	920150
3680.78	n/a	NonTarget	1	920195
3680.948	n/a	NonTarget	1	920237
3681.124	n/a	NonTarget	1	920281
3681.304	n/a	NonTarget	1	920326
3681.472	n/a	NonTarget	1	920368
3681.664	n/a	NonTarget	1	920416
3681.824	n/a	NonTarget	1	920456
3682.0	n/a	Target	2	920500
3682.18	n/a	NonTarget	1	920545
3682.348	n/a	NonTarget	1	920587
3682.536	n/a	NonTarget	1	920634
3682.7	n/a	NonTarget	1	920675
3682.872	n/a	NonTarget	1	920718
3683.056	n/a	Target	2	920764
3683.236	n/a	NonTarget	1	920809
3683.4	n/a	NonTarget	1	920850
3683.572	n/a	NonTarget	1	920893
3683.764	n/a	NonTarget	1	920941
3683.924	n/a	NonTarget	1	920981
3684.1	n/a	Target	2	921025
3684.272	n/a	NonTarget	1	921068
3684.448	n/a	NonTarget	1	921112
3684.628	n/a	NonTarget	1	921157
3684.8	n/a	NonTarget	1	921200
3684.972	n/a	NonTarget	1	921243
3685.152	n/a	NonTarget	1	921288
3685.324	n/a	Target	2	921331
3685.508	n/a	NonTarget	1	921377
3685.672	n/a	NonTarget	1	921418
3685.848	n/a	Target	2	921462
3686.024	n/a	NonTarget	1	921506
3686.2	n/a	NonTarget	1	921550
3686.376	n/a	NonTarget	1	921594
3686.548	n/a	NonTarget	1	921637
3686.728	n/a	NonTarget	1	921682
3686.9	n/a	NonTarget	1	921725
3687.08	n/a	Target	2	921770
3687.248	n/a	NonTarget	1	921812
3687.424	n/a	NonTarget	1	921856
3687.6	n/a	NonTarget	1	921900
3687.788	n/a	NonTarget	1	921947
3687.948	n/a	NonTarget	1	921987
3688.124	n/a	Target	2	922031
3688.3	n/a	NonTarget	1	922075
3688.472	n/a	NonTarget	1	922118
3688.648	n/a	NonTarget	1	922162
3688.828	n/a	NonTarget	1	922207
3689.0	n/a	NonTarget	1	922250
3689.172	n/a	NonTarget	1	922293
3689.352	n/a	Target	2	922338
3689.524	n/a	NonTarget	1	922381
3689.7	n/a	NonTarget	1	922425
3689.872	n/a	NonTarget	1	922468
3690.048	n/a	NonTarget	1	922512
3690.224	n/a	Target	2	922556
3690.4	n/a	NonTarget	1	922600
3690.572	n/a	NonTarget	1	922643
3690.748	n/a	NonTarget	1	922687
3690.924	n/a	NonTarget	1	922731
3691.108	n/a	NonTarget	1	922777
3691.276	n/a	NonTarget	1	922819
3691.448	n/a	Target	2	922862
3691.624	n/a	NonTarget	1	922906
3691.8	n/a	NonTarget	1	922950
3691.972	n/a	NonTarget	1	922993
3692.148	n/a	NonTarget	1	923037
3692.324	n/a	NonTarget	1	923081
3692.5	n/a	Target	2	923125
3692.676	n/a	NonTarget	1	923169
3692.848	n/a	NonTarget	1	923212
3693.024	n/a	NonTarget	1	923256
3707.196	n/a	NonTarget	1	926799
3707.368	n/a	NonTarget	1	926842
3707.548	n/a	NonTarget	1	926887
3707.72	n/a	NonTarget	1	926930
3707.896	n/a	NonTarget	1	926974
3708.068	n/a	Target	2	927017
3708.244	n/a	NonTarget	1	927061
3708.428	n/a	NonTarget	1	927107
3708.596	n/a	NonTarget	1	927149
3708.772	n/a	NonTarget	1	927193
3708.956	n/a	NonTarget	1	927239
3709.12	n/a	Target	2	927280
3709.296	n/a	NonTarget	1	927324
3709.468	n/a	NonTarget	1	927367
3709.644	n/a	NonTarget	1	927411
3709.824	n/a	NonTarget	1	927456
3709.996	n/a	NonTarget	1	927499
3710.172	n/a	Target	2	927543
3710.348	n/a	NonTarget	1	927587
3710.52	n/a	NonTarget	1	927630
3710.696	n/a	NonTarget	1	927674
3710.868	n/a	NonTarget	1	927717
3711.044	n/a	Target	2	927761
3711.22	n/a	NonTarget	1	927805
3711.396	n/a	NonTarget	1	927849
3711.568	n/a	NonTarget	1	927892
3711.744	n/a	NonTarget	1	927936
3711.92	n/a	NonTarget	1	927980
3712.1	n/a	Target	2	928025
3712.272	n/a	NonTarget	1	928068
3712.452	n/a	NonTarget	1	928113
3712.62	n/a	NonTarget	1	928155
3712.796	n/a	Target	2	928199
3712.972	n/a	NonTarget	1	928243
3713.144	n/a	NonTarget	1	928286
3713.32	n/a	NonTarget	1	928330
3713.496	n/a	NonTarget	1	928374
3713.672	n/a	Target	2	928418
3713.844	n/a	NonTarget	1	928461
3714.02	n/a	NonTarget	1	928505
3714.196	n/a	NonTarget	1	928549
3714.368	n/a	NonTarget	1	928592
3714.556	n/a	NonTarget	1	928639
3714.72	n/a	NonTarget	1	928680
3714.896	n/a	NonTarget	1	928724
3715.072	n/a	Target	2	928768
3715.244	n/a	NonTarget	1	928811
3715.42	n/a	NonTarget	1	928855
3715.596	n/a	NonTarget	1	928899
3715.768	n/a	NonTarget	1	928942
3715.944	n/a	Target	2	928986
3716.12	n/a	NonTarget	1	929030
3716.312	n/a	NonTarget	1	929078
3716.476	n/a	NonTarget	1	929119
3716.644	n/a	NonTarget	1	929161
3716.82	n/a	NonTarget	1	929205
3716.996	n/a	NonTarget	1	929249
3717.172	n/a	NonTarget	1	929293
3717.356	n/a	NonTarget	1	929339
3717.52	n/a	Target	2	929380
3717.696	n/a	NonTarget	1	929424
3717.868	n/a	NonTarget	1	929467
3718.044	n/a	NonTarget	1	929511
3718.22	n/a	NonTarget	1	929555
3718.396	n/a	Target	2	929599
3718.568	n/a	NonTarget	1	929642
3718.744	n/a	NonTarget	1	929686
3718.92	n/a	NonTarget	1	929730
3719.096	n/a	NonTarget	1	929774
3719.268	n/a	Target	2	929817
3719.444	n/a	NonTarget	1	929861
3719.624	n/a	NonTarget	1	929906
3719.796	n/a	NonTarget	1	929949
3719.976	n/a	NonTarget	1	929994
3720.144	n/a	NonTarget	1	930036
3720.32	n/a	NonTarget	1	930080
3720.496	n/a	Target	2	930124
3720.672	n/a	NonTarget	1	930168
3720.844	n/a	NonTarget	1	930211
3721.02	n/a	NonTarget	1	930255
3721.196	n/a	Target	2	930299
3721.368	n/a	NonTarget	1	930342
3721.552	n/a	NonTarget	1	930388
3721.72	n/a	NonTarget	1	930430
3721.908	n/a	NonTarget	1	930477
3722.072	n/a	NonTarget	1	930518
3722.244	n/a	Target	2	930561
3722.42	n/a	NonTarget	1	930605
3722.596	n/a	NonTarget	1	930649
3722.772	n/a	NonTarget	1	930693
3743.084	n/a	NonTarget	1	935771
3743.256	n/a	NonTarget	1	935814
3743.432	n/a	Target	2	935858
3743.608	n/a	NonTarget	1	935902
3743.784	n/a	NonTarget	1	935946
3743.96	n/a	NonTarget	1	935990
3744.132	n/a	NonTarget	1	936033
3744.308	n/a	NonTarget	1	936077
3744.484	n/a	Target	2	936121
3744.656	n/a	NonTarget	1	936164
3744.832	n/a	NonTarget	1	936208
3745.012	n/a	NonTarget	1	936253
3745.184	n/a	NonTarget	1	936296
3745.356	n/a	NonTarget	1	936339
3745.532	n/a	Target	2	936383
3745.708	n/a	NonTarget	1	936427
3745.884	n/a	NonTarget	1	936471
3746.056	n/a	NonTarget	1	936514
3746.244	n/a	NonTarget	1	936561
3746.412	n/a	NonTarget	1	936603
3746.584	n/a	Target	2	936646
3746.772	n/a	NonTarget	1	936693
3746.932	n/a	NonTarget	1	936733
3747.108	n/a	NonTarget	1	936777
3747.292	n/a	NonTarget	1	936823
3747.456	n/a	NonTarget	1	936864
3747.632	n/a	NonTarget	1	936908
3747.808	n/a	NonTarget	1	936952
3747.984	n/a	NonTarget	1	936996
3748.156	n/a	Target	2	937039
3748.332	n/a	NonTarget	1	937083
3748.508	n/a	NonTarget	1	937127
3748.688	n/a	NonTarget	1	937172
3748.856	n/a	NonTarget	1	937214
3749.032	n/a	Target	2	937258
3749.212	n/a	NonTarget	1	937303
3749.384	n/a	NonTarget	1	937346
3749.564	n/a	Target	2	937391
3749.732	n/a	NonTarget	1	937433
3749.908	n/a	NonTarget	1	937477
3750.088	n/a	NonTarget	1	937522
3750.256	n/a	NonTarget	1	937564
3750.432	n/a	Target	2	937608
3750.612	n/a	NonTarget	1	937653
3750.784	n/a	NonTarget	1	937696
3750.956	n/a	NonTarget	1	937739
3751.132	n/a	NonTarget	1	937783
3751.308	n/a	NonTarget	1	937827
3751.484	n/a	NonTarget	1	937871
3751.66	n/a	NonTarget	1	937915
3751.836	n/a	Target	2	937959
3752.008	n/a	NonTarget	1	938002
3752.184	n/a	NonTarget	1	938046
3752.36	n/a	NonTarget	1	938090
3752.532	n/a	NonTarget	1	938133
3752.708	n/a	NonTarget	1	938177
3752.884	n/a	NonTarget	1	938221
3753.056	n/a	Target	2	938264
3753.232	n/a	NonTarget	1	938308
3753.408	n/a	NonTarget	1	938352
3753.584	n/a	NonTarget	1	938396
3753.756	n/a	Target	2	938439
3753.932	n/a	NonTarget	1	938483
3754.108	n/a	NonTarget	1	938527
3754.284	n/a	NonTarget	1	938571
3754.456	n/a	NonTarget	1	938614
3754.632	n/a	Target	2	938658
3754.812	n/a	NonTarget	1	938703
3754.984	n/a	NonTarget	1	938746
3755.156	n/a	NonTarget	1	938789
3755.336	n/a	NonTarget	1	938834
3755.508	n/a	NonTarget	1	938877
3755.688	n/a	NonTarget	1	938922
3755.856	n/a	Target	2	938964
3756.032	n/a	NonTarget	1	939008
3756.208	n/a	NonTarget	1	939052
3756.384	n/a	NonTarget	1	939096
3756.564	n/a	NonTarget	1	939141
3756.732	n/a	Target	2	939183
3756.908	n/a	NonTarget	1	939227
3757.084	n/a	NonTarget	1	939271
3757.256	n/a	NonTarget	1	939314
3757.436	n/a	NonTarget	1	939359
3757.616	n/a	NonTarget	1	939404
3757.784	n/a	NonTarget	1	939446
3757.956	n/a	NonTarget	1	939489
3758.132	n/a	Target	2	939533
3758.308	n/a	NonTarget	1	939577
3758.488	n/a	NonTarget	1	939622
3758.656	n/a	NonTarget	1	939664
3772.82	n/a	Target	2	943205
3772.992	n/a	NonTarget	1	943248
3773.168	n/a	NonTarget	1	943292
3773.344	n/a	NonTarget	1	943336
3773.516	n/a	NonTarget	1	943379
3773.692	n/a	NonTarget	1	943423
3773.868	n/a	Target	2	943467
3774.044	n/a	NonTarget	1	943511
3774.216	n/a	NonTarget	1	943554
3774.392	n/a	NonTarget	1	943598
3774.568	n/a	NonTarget	1	943642
3774.744	n/a	NonTarget	1	943686
3774.928	n/a	NonTarget	1	943732
3775.092	n/a	NonTarget	1	943773
3775.268	n/a	Target	2	943817
3775.444	n/a	NonTarget	1	943861
3775.616	n/a	NonTarget	1	943904
3775.8	n/a	NonTarget	1	943950
3775.968	n/a	NonTarget	1	943992
3776.144	n/a	NonTarget	1	944036
3776.316	n/a	NonTarget	1	944079
3776.492	n/a	Target	2	944123
3776.668	n/a	NonTarget	1	944167
3776.848	n/a	NonTarget	1	944212
3777.02	n/a	NonTarget	1	944255
3777.212	n/a	NonTarget	1	944303
3777.368	n/a	NonTarget	1	944342
3777.544	n/a	NonTarget	1	944386
3777.728	n/a	Target	2	944432
3777.892	n/a	NonTarget	1	944473
3778.068	n/a	NonTarget	1	944517
3778.244	n/a	NonTarget	1	944561
3778.42	n/a	NonTarget	1	944605
3778.592	n/a	Target	2	944648
3778.768	n/a	NonTarget	1	944692
3778.96	n/a	NonTarget	1	944740
3779.116	n/a	NonTarget	1	944779
3779.316	n/a	Target	2	944829
3779.484	n/a	NonTarget	1	944871
3779.644	n/a	NonTarget	1	944911
3779.816	n/a	NonTarget	1	944954
3779.992	n/a	NonTarget	1	944998
3780.168	n/a	Target	2	945042
3780.344	n/a	NonTarget	1	945086
3780.516	n/a	NonTarget	1	945129
3780.696	n/a	NonTarget	1	945174
3780.868	n/a	NonTarget	1	945217
3781.044	n/a	NonTarget	1	945261
3781.216	n/a	Target	2	945304
3781.392	n/a	NonTarget	1	945348
3781.568	n/a	NonTarget	1	945392
3781.744	n/a	NonTarget	1	945436
3781.932	n/a	NonTarget	1	945483
3782.092	n/a	NonTarget	1	945523
3782.268	n/a	NonTarget	1	945567
3782.444	n/a	NonTarget	1	945611
3782.616	n/a	NonTarget	1	945654
3782.792	n/a	NonTarget	1	945698
3782.968	n/a	NonTarget	1	945742
3783.144	n/a	Target	2	945786
3783.328	n/a	NonTarget	1	945832
3783.492	n/a	NonTarget	1	945873
3783.668	n/a	NonTarget	1	945917
3783.848	n/a	NonTarget	1	945962
3784.016	n/a	Target	2	946004
3784.192	n/a	NonTarget	1	946048
3784.368	n/a	NonTarget	1	946092
3784.544	n/a	NonTarget	1	946136
3784.72	n/a	NonTarget	1	946180
3784.892	n/a	NonTarget	1	946223
3785.068	n/a	Target	2	946267
3785.256	n/a	NonTarget	1	946314
3785.416	n/a	NonTarget	1	946354
3785.592	n/a	NonTarget	1	946398
3785.768	n/a	Target	2	946442
3785.96	n/a	NonTarget	1	946490
3786.116	n/a	NonTarget	1	946529
3786.292	n/a	NonTarget	1	946573
3786.468	n/a	Target	2	946617
3786.644	n/a	NonTarget	1	946661
3786.816	n/a	NonTarget	1	946704
3786.992	n/a	NonTarget	1	946748
3787.172	n/a	NonTarget	1	946793
3787.344	n/a	NonTarget	1	946836
3787.52	n/a	NonTarget	1	946880
3787.692	n/a	NonTarget	1	946923
3787.868	n/a	NonTarget	1	946967
3788.044	n/a	NonTarget	1	947011
3788.216	n/a	NonTarget	1	947054
3788.392	n/a	Target	2	947098
3808.44	n/a	NonTarget	1	952110
3808.616	n/a	Target	2	952154
3808.792	n/a	NonTarget	1	952198
3808.968	n/a	NonTarget	1	952242
3809.14	n/a	NonTarget	1	952285
3809.316	n/a	NonTarget	1	952329
3809.492	n/a	Target	2	952373
3809.668	n/a	NonTarget	1	952417
3809.84	n/a	NonTarget	1	952460
3810.016	n/a	NonTarget	1	952504
3810.192	n/a	NonTarget	1	952548
3810.368	n/a	NonTarget	1	952592
3810.54	n/a	Target	2	952635
3810.728	n/a	NonTarget	1	952682
3810.892	n/a	NonTarget	1	952723
3811.072	n/a	NonTarget	1	952768
3811.248	n/a	NonTarget	1	952812
3811.416	n/a	NonTarget	1	952854
3811.592	n/a	NonTarget	1	952898
3811.768	n/a	NonTarget	1	952942
3811.94	n/a	NonTarget	1	952985
3812.116	n/a	Target	2	953029
3812.292	n/a	NonTarget	1	953073
3812.468	n/a	NonTarget	1	953117
3812.648	n/a	NonTarget	1	953162
3812.816	n/a	NonTarget	1	953204
3813.004	n/a	NonTarget	1	953251
3813.168	n/a	NonTarget	1	953292
3813.34	n/a	Target	2	953335
3813.516	n/a	NonTarget	1	953379
3813.692	n/a	NonTarget	1	953423
3813.88	n/a	NonTarget	1	953470
3814.04	n/a	NonTarget	1	953510
3814.216	n/a	NonTarget	1	953554
3814.396	n/a	NonTarget	1	953599
3814.576	n/a	Target	2	953644
3814.756	n/a	NonTarget	1	953689
3814.936	n/a	NonTarget	1	953734
3815.1	n/a	NonTarget	1	953775
3815.268	n/a	NonTarget	1	953817
3815.456	n/a	Target	2	953864
3815.616	n/a	NonTarget	1	953904
3815.792	n/a	NonTarget	1	953948
3815.968	n/a	NonTarget	1	953992
3816.14	n/a	NonTarget	1	954035
3816.316	n/a	Target	2	954079
3816.492	n/a	NonTarget	1	954123
3816.668	n/a	NonTarget	1	954167
3816.852	n/a	NonTarget	1	954213
3817.016	n/a	NonTarget	1	954254
3817.192	n/a	NonTarget	1	954298
3817.368	n/a	Target	2	954342
3817.54	n/a	NonTarget	1	954385
3817.716	n/a	NonTarget	1	954429
3817.892	n/a	NonTarget	1	954473
3818.068	n/a	NonTarget	1	954517
3818.24	n/a	NonTarget	1	954560
3818.42	n/a	NonTarget	1	954605
3818.592	n/a	Target	2	954648
3818.768	n/a	NonTarget	1	954692
3818.94	n/a	NonTarget	1	954735
3819.116	n/a	NonTarget	1	954779
3819.292	n/a	NonTarget	1	954823
3819.468	n/a	Target	2	954867
3819.64	n/a	NonTarget	1	954910
3819.832	n/a	NonTarget	1	954958
3819.992	n/a	NonTarget	1	954998
3820.168	n/a	NonTarget	1	955042
3820.348	n/a	NonTarget	1	955087
3820.516	n/a	NonTarget	1	955129
3820.704	n/a	Target	2	955176
3820.868	n/a	NonTarget	1	955217
3821.04	n/a	NonTarget	1	955260
3821.22	n/a	NonTarget	1	955305
3821.392	n/a	NonTarget	1	955348
3821.584	n/a	Target	2	955396
3821.74	n/a	NonTarget	1	955435
3821.916	n/a	NonTarget	1	955479
3822.096	n/a	NonTarget	1	955524
3822.264	n/a	NonTarget	1	955566
3822.44	n/a	NonTarget	1	955610
3822.616	n/a	NonTarget	1	955654
3822.796	n/a	Target	2	955699
3822.968	n/a	NonTarget	1	955742
3823.14	n/a	NonTarget	1	955785
3823.316	n/a	NonTarget	1	955829
3823.492	n/a	NonTarget	1	955873
3823.68	n/a	NonTarget	1	955920
3823.84	n/a	Target	2	955960
3824.016	n/a	NonTarget	1	956004
3839.268	n/a	Target	2	959817
3839.452	n/a	NonTarget	1	959863
3839.62	n/a	NonTarget	1	959905
3839.792	n/a	NonTarget	1	959948
3839.968	n/a	NonTarget	1	959992
3840.144	n/a	NonTarget	1	960036
3840.32	n/a	Target	2	960080
3840.492	n/a	NonTarget	1	960123
3840.668	n/a	NonTarget	1	960167
3840.844	n/a	NonTarget	1	960211
3841.02	n/a	NonTarget	1	960255
3841.192	n/a	NonTarget	1	960298
3841.38	n/a	NonTarget	1	960345
3841.544	n/a	NonTarget	1	960386
3841.72	n/a	NonTarget	1	960430
3841.892	n/a	NonTarget	1	960473
3842.076	n/a	NonTarget	1	960519
3842.244	n/a	Target	2	960561
3842.42	n/a	NonTarget	1	960605
3842.596	n/a	NonTarget	1	960649
3842.768	n/a	NonTarget	1	960692
3842.948	n/a	Target	2	960737
3843.12	n/a	NonTarget	1	960780
3843.292	n/a	NonTarget	1	960823
3843.468	n/a	NonTarget	1	960867
3843.644	n/a	NonTarget	1	960911
3843.82	n/a	Target	2	960955
3843.992	n/a	NonTarget	1	960998
3844.168	n/a	NonTarget	1	961042
3844.344	n/a	NonTarget	1	961086
3844.52	n/a	NonTarget	1	961130
3844.692	n/a	NonTarget	1	961173
3844.868	n/a	NonTarget	1	961217
3845.044	n/a	NonTarget	1	961261
3845.22	n/a	NonTarget	1	961305
3845.392	n/a	Target	2	961348
3845.568	n/a	NonTarget	1	961392
3845.744	n/a	NonTarget	1	961436
3845.92	n/a	NonTarget	1	961480
3846.104	n/a	NonTarget	1	961526
3846.268	n/a	Target	2	961567
3846.444	n/a	NonTarget	1	961611
3846.632	n/a	NonTarget	1	961658
3846.792	n/a	NonTarget	1	961698
3846.968	n/a	NonTarget	1	961742
3847.144	n/a	NonTarget	1	961786
3847.32	n/a	NonTarget	1	961830
3847.492	n/a	Target	2	961873
3847.668	n/a	NonTarget	1	961917
3847.844	n/a	NonTarget	1	961961
3848.024	n/a	Target	2	962006
3848.192	n/a	NonTarget	1	962048
3848.384	n/a	NonTarget	1	962096
3848.544	n/a	NonTarget	1	962136
3848.72	n/a	NonTarget	1	962180
3848.9	n/a	Target	2	962225
3849.076	n/a	NonTarget	1	962269
3849.244	n/a	NonTarget	1	962311
3849.42	n/a	NonTarget	1	962355
3849.596	n/a	NonTarget	1	962399
3849.768	n/a	NonTarget	1	962442
3849.96	n/a	Target	2	962490
3850.12	n/a	NonTarget	1	962530
3850.292	n/a	NonTarget	1	962573
3850.472	n/a	NonTarget	1	962618
3850.644	n/a	NonTarget	1	962661
3850.82	n/a	NonTarget	1	962705
3850.992	n/a	Target	2	962748
3851.168	n/a	NonTarget	1	962792
3851.344	n/a	NonTarget	1	962836
3851.52	n/a	NonTarget	1	962880
3851.692	n/a	NonTarget	1	962923
3851.88	n/a	NonTarget	1	962970
3852.044	n/a	NonTarget	1	963011
3852.22	n/a	NonTarget	1	963055
3852.396	n/a	NonTarget	1	963099
3852.568	n/a	NonTarget	1	963142
3852.744	n/a	Target	2	963186
3852.92	n/a	NonTarget	1	963230
3853.092	n/a	NonTarget	1	963273
3853.268	n/a	NonTarget	1	963317
3853.444	n/a	NonTarget	1	963361
3853.62	n/a	Target	2	963405
3853.792	n/a	NonTarget	1	963448
3853.968	n/a	NonTarget	1	963492
3854.144	n/a	NonTarget	1	963536
3854.32	n/a	NonTarget	1	963580
3854.492	n/a	Target	2	963623
3854.668	n/a	NonTarget	1	963667
3854.844	n/a	NonTarget	1	963711
3874.984	n/a	NonTarget	1	968746
3875.168	n/a	NonTarget	1	968792
3875.332	n/a	Target	2	968833
3875.508	n/a	NonTarget	1	968877
3875.684	n/a	NonTarget	1	968921
3875.86	n/a	NonTarget	1	968965
3876.044	n/a	Target	2	969011
3876.208	n/a	NonTarget	1	969052
3876.384	n/a	NonTarget	1	969096
3876.56	n/a	NonTarget	1	969140
3876.732	n/a	NonTarget	1	969183
3876.908	n/a	NonTarget	1	969227
3877.084	n/a	NonTarget	1	969271
3877.26	n/a	NonTarget	1	969315
3877.432	n/a	Target	2	969358
3877.608	n/a	NonTarget	1	969402
3877.8	n/a	NonTarget	1	969450
3877.96	n/a	NonTarget	1	969490
3878.132	n/a	NonTarget	1	969533
3878.308	n/a	Target	2	969577
3878.484	n/a	NonTarget	1	969621
3878.66	n/a	NonTarget	1	969665
3878.832	n/a	NonTarget	1	969708
3879.012	n/a	NonTarget	1	969753
3879.184	n/a	NonTarget	1	969796
3879.36	n/a	Target	2	969840
3879.532	n/a	NonTarget	1	969883
3879.708	n/a	NonTarget	1	969927
3879.9	n/a	NonTarget	1	969975
3880.06	n/a	NonTarget	1	970015
3880.244	n/a	NonTarget	1	970061
3880.408	n/a	NonTarget	1	970102
3880.584	n/a	NonTarget	1	970146
3880.76	n/a	Target	2	970190
3880.936	n/a	NonTarget	1	970234
3881.116	n/a	NonTarget	1	970279
3881.284	n/a	NonTarget	1	970321
3881.46	n/a	NonTarget	1	970365
3881.636	n/a	Target	2	970409
3881.808	n/a	NonTarget	1	970452
3881.984	n/a	NonTarget	1	970496
3882.168	n/a	NonTarget	1	970542
3882.34	n/a	NonTarget	1	970585
3882.508	n/a	NonTarget	1	970627
3882.684	n/a	NonTarget	1	970671
3882.86	n/a	Target	2	970715
3883.032	n/a	NonTarget	1	970758
3883.208	n/a	NonTarget	1	970802
3883.396	n/a	NonTarget	1	970849
3883.56	n/a	NonTarget	1	970890
3883.732	n/a	Target	2	970933
3883.912	n/a	NonTarget	1	970978
3884.084	n/a	NonTarget	1	971021
3884.26	n/a	NonTarget	1	971065
3884.432	n/a	NonTarget	1	971108
3884.608	n/a	Target	2	971152
3884.784	n/a	NonTarget	1	971196
3884.96	n/a	NonTarget	1	971240
3885.14	n/a	NonTarget	1	971285
3885.308	n/a	NonTarget	1	971327
3885.484	n/a	NonTarget	1	971371
3885.66	n/a	NonTarget	1	971415
3885.832	n/a	NonTarget	1	971458
3886.012	n/a	NonTarget	1	971503
3886.184	n/a	Target	2	971546
3886.36	n/a	NonTarget	1	971590
3886.532	n/a	NonTarget	1	971633
3886.708	n/a	NonTarget	1	971677
3886.884	n/a	NonTarget	1	971721
3887.06	n/a	NonTarget	1	971765
3887.232	n/a	Target	2	971808
3887.408	n/a	NonTarget	1	971852
3887.584	n/a	NonTarget	1	971896
3887.76	n/a	NonTarget	1	971940
3887.932	n/a	NonTarget	1	971983
3888.108	n/a	NonTarget	1	972027
3888.284	n/a	NonTarget	1	972071
3888.464	n/a	Target	2	972116
3888.632	n/a	NonTarget	1	972158
3888.808	n/a	NonTarget	1	972202
3888.984	n/a	NonTarget	1	972246
3889.16	n/a	NonTarget	1	972290
3889.344	n/a	NonTarget	1	972336
3889.508	n/a	Target	2	972377
3889.684	n/a	NonTarget	1	972421
3889.86	n/a	NonTarget	1	972465
3890.032	n/a	Target	2	972508
3890.208	n/a	NonTarget	1	972552
3890.384	n/a	NonTarget	1	972596
3890.56	n/a	NonTarget	1	972640
3905.048	n/a	NonTarget	1	976262
3905.224	n/a	NonTarget	1	976306
3905.396	n/a	NonTarget	1	976349
3905.572	n/a	NonTarget	1	976393
3905.748	n/a	Target	2	976437
3905.924	n/a	NonTarget	1	976481
3906.108	n/a	NonTarget	1	976527
3906.272	n/a	NonTarget	1	976568
3906.448	n/a	NonTarget	1	976612
3906.624	n/a	Target	2	976656
3906.796	n/a	NonTarget	1	976699
3906.972	n/a	NonTarget	1	976743
3907.148	n/a	NonTarget	1	976787
3907.324	n/a	NonTarget	1	976831
3907.496	n/a	NonTarget	1	976874
3907.672	n/a	NonTarget	1	976918
3907.848	n/a	Target	2	976962
3908.036	n/a	NonTarget	1	977009
3908.196	n/a	NonTarget	1	977049
3908.372	n/a	NonTarget	1	977093
3908.552	n/a	Target	2	977138
3908.724	n/a	NonTarget	1	977181
3908.908	n/a	NonTarget	1	977227
3909.072	n/a	NonTarget	1	977268
3909.248	n/a	NonTarget	1	977312
3909.424	n/a	NonTarget	1	977356
3909.596	n/a	Target	2	977399
3909.78	n/a	NonTarget	1	977445
3909.948	n/a	NonTarget	1	977487
3910.124	n/a	NonTarget	1	977531
3910.304	n/a	NonTarget	1	977576
3910.472	n/a	NonTarget	1	977618
3910.652	n/a	NonTarget	1	977663
3910.824	n/a	NonTarget	1	977706
3910.996	n/a	NonTarget	1	977749
3911.184	n/a	Target	2	977796
3911.348	n/a	NonTarget	1	977837
3911.532	n/a	NonTarget	1	977883
3911.696	n/a	NonTarget	1	977924
3911.876	n/a	NonTarget	1	977969
3912.048	n/a	NonTarget	1	978012
3912.224	n/a	Target	2	978056
3912.396	n/a	NonTarget	1	978099
3912.572	n/a	NonTarget	1	978143
3912.756	n/a	NonTarget	1	978189
3912.924	n/a	NonTarget	1	978231
3913.104	n/a	NonTarget	1	978276
3913.272	n/a	Target	2	978318
3913.448	n/a	NonTarget	1	978362
3913.624	n/a	NonTarget	1	978406
3913.796	n/a	NonTarget	1	978449
3913.972	n/a	NonTarget	1	978493
3914.148	n/a	NonTarget	1	978537
3914.324	n/a	Target	2	978581
3914.5	n/a	NonTarget	1	978625
3914.672	n/a	NonTarget	1	978668
3914.848	n/a	NonTarget	1	978712
3915.024	n/a	Target	2	978756
3915.196	n/a	NonTarget	1	978799
3915.392	n/a	NonTarget	1	978848
3915.56	n/a	NonTarget	1	978890
3915.724	n/a	NonTarget	1	978931
3915.896	n/a	Target	2	978974
3916.072	n/a	NonTarget	1	979018
3916.248	n/a	NonTarget	1	979062
3916.424	n/a	NonTarget	1	979106
3916.596	n/a	NonTarget	1	979149
3916.772	n/a	NonTarget	1	979193
3916.956	n/a	NonTarget	1	979239
3917.124	n/a	Target	2	979281
3917.296	n/a	NonTarget	1	979324
3917.472	n/a	NonTarget	1	979368
3917.648	n/a	NonTarget	1	979412
3917.824	n/a	NonTarget	1	979456
3917.996	n/a	NonTarget	1	979499
3918.192	n/a	Target	2	979548
3918.356	n/a	NonTarget	1	979589
3918.524	n/a	NonTarget	1	979631
3918.712	n/a	NonTarget	1	979678
3918.876	n/a	NonTarget	1	979719
3919.048	n/a	NonTarget	1	979762
3919.232	n/a	NonTarget	1	979808
3919.396	n/a	NonTarget	1	979849
3919.572	n/a	Target	2	979893
3919.748	n/a	NonTarget	1	979937
3919.924	n/a	NonTarget	1	979981
3920.096	n/a	NonTarget	1	980024
3920.272	n/a	NonTarget	1	980068
3920.448	n/a	NonTarget	1	980112
3920.628	n/a	Target	2	980157
3940.72	n/a	NonTarget	1	985180
3940.892	n/a	NonTarget	1	985223
3941.068	n/a	NonTarget	1	985267
3941.244	n/a	Target	2	985311
3941.42	n/a	NonTarget	1	985355
3941.596	n/a	NonTarget	1	985399
3941.768	n/a	NonTarget	1	985442
3941.952	n/a	NonTarget	1	985488
3942.12	n/a	Target	2	985530
3942.292	n/a	NonTarget	1	985573
3942.472	n/a	NonTarget	1	985618
3942.644	n/a	NonTarget	1	985661
3942.824	n/a	NonTarget	1	985706
3942.992	n/a	NonTarget	1	985748
3943.168	n/a	NonTarget	1	985792
3943.344	n/a	Target	2	985836
3943.52	n/a	NonTarget	1	985880
3943.704	n/a	NonTarget	1	985926
3943.872	n/a	NonTarget	1	985968
3944.044	n/a	NonTarget	1	986011
3944.232	n/a	NonTarget	1	986058
3944.392	n/a	NonTarget	1	986098
3944.568	n/a	NonTarget	1	986142
3944.748	n/a	Target	2	986187
3944.92	n/a	NonTarget	1	986230
3945.092	n/a	NonTarget	1	986273
3945.268	n/a	NonTarget	1	986317
3945.444	n/a	NonTarget	1	986361
3945.62	n/a	NonTarget	1	986405
3945.792	n/a	Target	2	986448
3945.968	n/a	NonTarget	1	986492
3946.144	n/a	NonTarget	1	986536
3946.32	n/a	NonTarget	1	986580
3946.496	n/a	NonTarget	1	986624
3946.668	n/a	NonTarget	1	986667
3946.844	n/a	Target	2	986711
3947.02	n/a	NonTarget	1	986755
3947.192	n/a	NonTarget	1	986798
3947.368	n/a	NonTarget	1	986842
3947.544	n/a	NonTarget	1	986886
3947.72	n/a	Target	2	986930
3947.892	n/a	NonTarget	1	986973
3948.068	n/a	NonTarget	1	987017
3948.244	n/a	Target	2	987061
3948.42	n/a	NonTarget	1	987105
3948.592	n/a	NonTarget	1	987148
3948.768	n/a	NonTarget	1	987192
3948.948	n/a	NonTarget	1	987237
3949.12	n/a	NonTarget	1	987280
3949.292	n/a	NonTarget	1	987323
3949.468	n/a	Target	2	987367
3949.644	n/a	NonTarget	1	987411
3949.824	n/a	NonTarget	1	987456
3949.992	n/a	NonTarget	1	987498
3950.168	n/a	NonTarget	1	987542
3950.348	n/a	NonTarget	1	987587
3950.52	n/a	NonTarget	1	987630
3950.7	n/a	NonTarget	1	987675
3950.868	n/a	NonTarget	1	987717
3951.044	n/a	Target	2	987761
3951.22	n/a	NonTarget	1	987805
3951.396	n/a	NonTarget	1	987849
3951.568	n/a	NonTarget	1	987892
3951.744	n/a	NonTarget	1	987936
3951.92	n/a	Target	2	987980
3952.092	n/a	NonTarget	1	988023
3952.268	n/a	NonTarget	1	988067
3952.444	n/a	NonTarget	1	988111
3952.62	n/a	NonTarget	1	988155
3952.796	n/a	NonTarget	1	988199
3952.968	n/a	NonTarget	1	988242
3953.148	n/a	Target	2	988287
3953.32	n/a	NonTarget	1	988330
3953.492	n/a	NonTarget	1	988373
3953.676	n/a	NonTarget	1	988419
3953.844	n/a	NonTarget	1	988461
3954.024	n/a	NonTarget	1	988506
3954.192	n/a	Target	2	988548
3954.368	n/a	NonTarget	1	988592
3954.548	n/a	NonTarget	1	988637
3954.72	n/a	NonTarget	1	988680
3954.9	n/a	NonTarget	1	988725
3955.08	n/a	NonTarget	1	988770
3955.244	n/a	Target	2	988811
3955.436	n/a	NonTarget	1	988859
3955.592	n/a	NonTarget	1	988898
3955.768	n/a	NonTarget	1	988942
3955.944	n/a	NonTarget	1	988986
3956.12	n/a	Target	2	989030
3956.304	n/a	NonTarget	1	989076
3970.452	n/a	NonTarget	1	992613
3970.624	n/a	Target	2	992656
3970.8	n/a	NonTarget	1	992700
3970.976	n/a	NonTarget	1	992744
3971.152	n/a	NonTarget	1	992788
3971.324	n/a	NonTarget	1	992831
3971.5	n/a	Target	2	992875
3971.676	n/a	NonTarget	1	992919
3971.852	n/a	NonTarget	1	992963
3972.024	n/a	NonTarget	1	993006
3972.2	n/a	NonTarget	1	993050
3972.376	n/a	NonTarget	1	993094
3972.548	n/a	Target	2	993137
3972.724	n/a	NonTarget	1	993181
3972.9	n/a	NonTarget	1	993225
3973.076	n/a	NonTarget	1	993269
3973.252	n/a	NonTarget	1	993313
3973.424	n/a	NonTarget	1	993356
3973.6	n/a	NonTarget	1	993400
3973.776	n/a	NonTarget	1	993444
3973.956	n/a	NonTarget	1	993489
3974.124	n/a	NonTarget	1	993531
3974.304	n/a	NonTarget	1	993576
3974.476	n/a	Target	2	993619
3974.648	n/a	NonTarget	1	993662
3974.832	n/a	NonTarget	1	993708
3975.0	n/a	NonTarget	1	993750
3975.184	n/a	Target	2	993796
3975.352	n/a	NonTarget	1	993838
3975.524	n/a	NonTarget	1	993881
3975.704	n/a	NonTarget	1	993926
3975.876	n/a	Target	2	993969
3976.056	n/a	NonTarget	1	994014
3976.224	n/a	NonTarget	1	994056
3976.4	n/a	NonTarget	1	994100
3976.58	n/a	NonTarget	1	994145
3976.748	n/a	Target	2	994187
3976.924	n/a	NonTarget	1	994231
3977.1	n/a	NonTarget	1	994275
3977.28	n/a	NonTarget	1	994320
3977.452	n/a	NonTarget	1	994363
3977.624	n/a	NonTarget	1	994406
3977.8	n/a	Target	2	994450
3977.976	n/a	NonTarget	1	994494
3978.148	n/a	NonTarget	1	994537
3978.324	n/a	NonTarget	1	994581
3978.5	n/a	NonTarget	1	994625
3978.676	n/a	NonTarget	1	994669
3978.852	n/a	NonTarget	1	994713
3979.036	n/a	NonTarget	1	994759
3979.2	n/a	NonTarget	1	994800
3979.388	n/a	Target	2	994847
3979.548	n/a	NonTarget	1	994887
3979.724	n/a	NonTarget	1	994931
3979.9	n/a	NonTarget	1	994975
3980.076	n/a	NonTarget	1	995019
3980.252	n/a	NonTarget	1	995063
3980.428	n/a	NonTarget	1	995107
3980.6	n/a	Target	2	995150
3980.78	n/a	NonTarget	1	995195
3980.956	n/a	NonTarget	1	995239
3981.124	n/a	NonTarget	1	995281
3981.316	n/a	NonTarget	1	995329
3981.476	n/a	NonTarget	1	995369
3981.648	n/a	NonTarget	1	995412
3981.828	n/a	Target	2	995457
3982.0	n/a	NonTarget	1	995500
3982.188	n/a	NonTarget	1	995547
3982.352	n/a	NonTarget	1	995588
3982.524	n/a	NonTarget	1	995631
3982.704	n/a	Target	2	995676
3982.876	n/a	NonTarget	1	995719
3983.06	n/a	NonTarget	1	995765
3983.224	n/a	NonTarget	1	995806
3983.4	n/a	NonTarget	1	995850
3983.576	n/a	Target	2	995894
3983.752	n/a	NonTarget	1	995938
3983.924	n/a	NonTarget	1	995981
3984.1	n/a	NonTarget	1	996025
3984.276	n/a	NonTarget	1	996069
3984.448	n/a	NonTarget	1	996112
3984.624	n/a	Target	2	996156
3984.8	n/a	NonTarget	1	996200
3984.976	n/a	NonTarget	1	996244
3985.148	n/a	NonTarget	1	996287
3985.324	n/a	NonTarget	1	996331
3985.516	n/a	NonTarget	1	996379
3985.676	n/a	NonTarget	1	996419
3985.848	n/a	Target	2	996462
3986.024	n/a	NonTarget	1	996506
4006.044	n/a	Target	2	1001511
4006.22	n/a	NonTarget	1	1001555
4006.392	n/a	NonTarget	1	1001598
4006.568	n/a	NonTarget	1	1001642
4006.744	n/a	NonTarget	1	1001686
4006.92	n/a	NonTarget	1	1001730
4007.096	n/a	NonTarget	1	1001774
4007.268	n/a	Target	2	1001817
4007.444	n/a	NonTarget	1	1001861
4007.616	n/a	NonTarget	1	1001904
4007.792	n/a	NonTarget	1	1001948
4007.968	n/a	NonTarget	1	1001992
4008.144	n/a	NonTarget	1	1002036
4008.32	n/a	Target	2	1002080
4008.492	n/a	NonTarget	1	1002123
4008.672	n/a	NonTarget	1	1002168
4008.844	n/a	NonTarget	1	1002211
4009.028	n/a	NonTarget	1	1002257
4009.192	n/a	NonTarget	1	1002298
4009.388	n/a	Target	2	1002347
4009.552	n/a	NonTarget	1	1002388
4009.716	n/a	NonTarget	1	1002429
4009.892	n/a	NonTarget	1	1002473
4010.068	n/a	NonTarget	1	1002517
4010.244	n/a	NonTarget	1	1002561
4010.42	n/a	Target	2	1002605
4010.592	n/a	NonTarget	1	1002648
4010.776	n/a	NonTarget	1	1002694
4010.944	n/a	NonTarget	1	1002736
4011.116	n/a	NonTarget	1	1002779
4011.292	n/a	Target	2	1002823
4011.468	n/a	NonTarget	1	1002867
4011.652	n/a	NonTarget	1	1002913
4011.816	n/a	NonTarget	1	1002954
4011.992	n/a	NonTarget	1	1002998
4012.168	n/a	NonTarget	1	1003042
4012.348	n/a	Target	2	1003087
4012.516	n/a	NonTarget	1	1003129
4012.692	n/a	NonTarget	1	1003173
4012.876	n/a	NonTarget	1	1003219
4013.044	n/a	NonTarget	1	1003261
4013.22	n/a	NonTarget	1	1003305
4013.396	n/a	NonTarget	1	1003349
4013.568	n/a	NonTarget	1	1003392
4013.752	n/a	NonTarget	1	1003438
4013.92	n/a	NonTarget	1	1003480
4014.092	n/a	NonTarget	1	1003523
4014.268	n/a	Target	2	1003567
4014.444	n/a	NonTarget	1	1003611
4014.62	n/a	NonTarget	1	1003655
4014.792	n/a	NonTarget	1	1003698
4014.984	n/a	Target	2	1003746
4015.144	n/a	NonTarget	1	1003786
4015.332	n/a	NonTarget	1	1003833
4015.504	n/a	NonTarget	1	1003876
4015.668	n/a	NonTarget	1	1003917
4015.844	n/a	Target	2	1003961
4016.016	n/a	NonTarget	1	1004004
4016.192	n/a	NonTarget	1	1004048
4016.368	n/a	NonTarget	1	1004092
4016.544	n/a	NonTarget	1	1004136
4016.716	n/a	NonTarget	1	1004179
4016.892	n/a	NonTarget	1	1004223
4017.068	n/a	NonTarget	1	1004267
4017.252	n/a	NonTarget	1	1004313
4017.42	n/a	Target	2	1004355
4017.592	n/a	NonTarget	1	1004398
4017.768	n/a	NonTarget	1	1004442
4017.944	n/a	NonTarget	1	1004486
4018.116	n/a	NonTarget	1	1004529
4018.292	n/a	Target	2	1004573
4018.468	n/a	NonTarget	1	1004617
4018.644	n/a	NonTarget	1	1004661
4018.816	n/a	NonTarget	1	1004704
4018.992	n/a	NonTarget	1	1004748
4019.168	n/a	NonTarget	1	1004792
4019.344	n/a	NonTarget	1	1004836
4019.516	n/a	Target	2	1004879
4019.7	n/a	NonTarget	1	1004925
4019.868	n/a	NonTarget	1	1004967
4020.044	n/a	Target	2	1005011
4020.216	n/a	NonTarget	1	1005054
4020.392	n/a	NonTarget	1	1005098
4020.572	n/a	NonTarget	1	1005143
4020.744	n/a	NonTarget	1	1005186
4020.924	n/a	Target	2	1005231
4021.096	n/a	NonTarget	1	1005274
4021.268	n/a	NonTarget	1	1005317
4021.444	n/a	NonTarget	1	1005361
4021.616	n/a	NonTarget	1	1005404
4036.052	n/a	NonTarget	1	1009013
4036.228	n/a	NonTarget	1	1009057
4036.404	n/a	NonTarget	1	1009101
4036.58	n/a	NonTarget	1	1009145
4036.752	n/a	Target	2	1009188
4036.928	n/a	NonTarget	1	1009232
4037.104	n/a	NonTarget	1	1009276
4037.292	n/a	NonTarget	1	1009323
4037.452	n/a	NonTarget	1	1009363
4037.628	n/a	Target	2	1009407
4037.804	n/a	NonTarget	1	1009451
4037.98	n/a	NonTarget	1	1009495
4038.152	n/a	Target	2	1009538
4038.328	n/a	NonTarget	1	1009582
4038.504	n/a	NonTarget	1	1009626
4038.688	n/a	NonTarget	1	1009672
4038.856	n/a	NonTarget	1	1009714
4039.028	n/a	NonTarget	1	1009757
4039.204	n/a	NonTarget	1	1009801
4039.38	n/a	Target	2	1009845
4039.552	n/a	NonTarget	1	1009888
4039.728	n/a	NonTarget	1	1009932
4039.904	n/a	NonTarget	1	1009976
4040.088	n/a	NonTarget	1	1010022
4040.252	n/a	Target	2	1010063
4040.428	n/a	NonTarget	1	1010107
4040.604	n/a	NonTarget	1	1010151
4040.78	n/a	NonTarget	1	1010195
4040.964	n/a	NonTarget	1	1010241
4041.128	n/a	NonTarget	1	1010282
4041.304	n/a	Target	2	1010326
4041.48	n/a	NonTarget	1	1010370
4041.652	n/a	NonTarget	1	1010413
4041.828	n/a	NonTarget	1	1010457
4042.004	n/a	NonTarget	1	1010501
4042.18	n/a	NonTarget	1	1010545
4042.356	n/a	NonTarget	1	1010589
4042.528	n/a	NonTarget	1	1010632
4042.704	n/a	NonTarget	1	1010676
4042.88	n/a	NonTarget	1	1010720
4043.052	n/a	Target	2	1010763
4043.228	n/a	NonTarget	1	1010807
4043.42	n/a	NonTarget	1	1010855
4043.58	n/a	NonTarget	1	1010895
4043.752	n/a	NonTarget	1	1010938
4043.936	n/a	NonTarget	1	1010984
4044.104	n/a	Target	2	1011026
4044.28	n/a	NonTarget	1	1011070
4044.452	n/a	NonTarget	1	1011113
4044.628	n/a	NonTarget	1	1011157
4044.804	n/a	NonTarget	1	1011201
4044.98	n/a	NonTarget	1	1011245
4045.152	n/a	Target	2	1011288
4045.328	n/a	NonTarget	1	1011332
4045.504	n/a	NonTarget	1	1011376
4045.688	n/a	NonTarget	1	1011422
4045.852	n/a	NonTarget	1	1011463
4046.028	n/a	Target	2	1011507
4046.204	n/a	NonTarget	1	1011551
4046.38	n/a	NonTarget	1	1011595
4046.56	n/a	NonTarget	1	1011640
4046.728	n/a	Target	2	1011682
4046.92	n/a	NonTarget	1	1011730
4047.08	n/a	NonTarget	1	1011770
4047.252	n/a	NonTarget	1	1011813
4047.428	n/a	NonTarget	1	1011857
4047.604	n/a	Target	2	1011901
4047.78	n/a	NonTarget	1	1011945
4047.952	n/a	NonTarget	1	1011988
4048.136	n/a	NonTarget	1	1012034
4048.304	n/a	NonTarget	1	1012076
4048.48	n/a	NonTarget	1	1012120
4048.652	n/a	Target	2	1012163
4048.828	n/a	NonTarget	1	1012207
4049.008	n/a	NonTarget	1	1012252
4049.18	n/a	NonTarget	1	1012295
4049.36	n/a	NonTarget	1	1012340
4049.532	n/a	NonTarget	1	1012383
4049.704	n/a	NonTarget	1	1012426
4049.888	n/a	NonTarget	1	1012472
4050.052	n/a	NonTarget	1	1012513
4050.228	n/a	NonTarget	1	1012557
4050.404	n/a	NonTarget	1	1012601
4050.58	n/a	Target	2	1012645
4050.752	n/a	NonTarget	1	1012688
4050.932	n/a	NonTarget	1	1012733
4051.104	n/a	NonTarget	1	1012776
4051.28	n/a	Target	2	1012820
4051.452	n/a	NonTarget	1	1012863
4051.628	n/a	NonTarget	1	1012907
