onset	duration	trial_type	value	sample
20.052	n/a	NonTarget	1	5013
20.224	n/a	NonTarget	1	5056
20.4	n/a	Target	2	5100
20.576	n/a	NonTarget	1	5144
20.752	n/a	NonTarget	1	5188
20.924	n/a	NonTarget	1	5231
21.108	n/a	NonTarget	1	5277
21.276	n/a	NonTarget	1	5319
21.448	n/a	NonTarget	1	5362
21.624	n/a	NonTarget	1	5406
21.8	n/a	NonTarget	1	5450
21.976	n/a	Target	2	5494
22.152	n/a	NonTarget	1	5538
22.324	n/a	NonTarget	1	5581
22.504	n/a	NonTarget	1	5626
22.676	n/a	NonTarget	1	5669
22.852	n/a	Target	2	5713
23.024	n/a	NonTarget	1	5756
23.2	n/a	NonTarget	1	5800
23.384	n/a	NonTarget	1	5846
23.556	n/a	NonTarget	1	5889
23.728	n/a	NonTarget	1	5932
23.904	n/a	NonTarget	1	5976
24.076	n/a	Target	2	6019
24.252	n/a	NonTarget	1	6063
24.428	n/a	NonTarget	1	6107
24.6	n/a	NonTarget	1	6150
24.776	n/a	Target	2	6194
24.952	n/a	NonTarget	1	6238
25.124	n/a	NonTarget	1	6281
25.3	n/a	NonTarget	1	6325
25.476	n/a	NonTarget	1	6369
25.652	n/a	NonTarget	1	6413
25.828	n/a	NonTarget	1	6457
26.0	n/a	Target	2	6500
26.184	n/a	NonTarget	1	6546
26.352	n/a	NonTarget	1	6588
26.524	n/a	NonTarget	1	6631
26.7	n/a	NonTarget	1	6675
26.876	n/a	Target	2	6719
27.052	n/a	NonTarget	1	6763
27.224	n/a	NonTarget	1	6806
27.4	n/a	NonTarget	1	6850
27.576	n/a	NonTarget	1	6894
27.752	n/a	Target	2	6938
27.924	n/a	NonTarget	1	6981
28.1	n/a	NonTarget	1	7025
28.276	n/a	NonTarget	1	7069
28.452	n/a	NonTarget	1	7113
28.628	n/a	Target	2	7157
28.8	n/a	NonTarget	1	7200
28.976	n/a	NonTarget	1	7244
29.152	n/a	NonTarget	1	7288
29.324	n/a	NonTarget	1	7331
29.508	n/a	NonTarget	1	7377
29.676	n/a	NonTarget	1	7419
29.852	n/a	Target	2	7463
30.024	n/a	NonTarget	1	7506
30.2	n/a	NonTarget	1	7550
30.38	n/a	NonTarget	1	7595
30.552	n/a	NonTarget	1	7638
30.724	n/a	Target	2	7681
30.9	n/a	NonTarget	1	7725
31.076	n/a	NonTarget	1	7769
31.252	n/a	NonTarget	1	7813
31.424	n/a	NonTarget	1	7856
31.6	n/a	NonTarget	1	7900
31.776	n/a	Target	2	7944
31.952	n/a	NonTarget	1	7988
32.124	n/a	NonTarget	1	8031
32.3	n/a	NonTarget	1	8075
32.484	n/a	NonTarget	1	8121
32.652	n/a	NonTarget	1	8163
32.828	n/a	NonTarget	1	8207
33.0	n/a	Target	2	8250
33.176	n/a	NonTarget	1	8294
33.364	n/a	NonTarget	1	8341
33.524	n/a	NonTarget	1	8381
33.704	n/a	NonTarget	1	8426
33.876	n/a	NonTarget	1	8469
34.052	n/a	NonTarget	1	8513
34.232	n/a	Target	2	8558
34.4	n/a	NonTarget	1	8600
34.576	n/a	NonTarget	1	8644
34.752	n/a	NonTarget	1	8688
34.924	n/a	NonTarget	1	8731
35.1	n/a	NonTarget	1	8775
35.276	n/a	NonTarget	1	8819
35.452	n/a	NonTarget	1	8863
35.624	n/a	Target	2	8906
50.768	n/a	NonTarget	1	12692
50.948	n/a	NonTarget	1	12737
51.12	n/a	Target	2	12780
51.292	n/a	NonTarget	1	12823
51.468	n/a	NonTarget	1	12867
51.644	n/a	NonTarget	1	12911
51.82	n/a	NonTarget	1	12955
51.992	n/a	NonTarget	1	12998
52.168	n/a	NonTarget	1	13042
52.344	n/a	Target	2	13086
52.524	n/a	NonTarget	1	13131
52.692	n/a	NonTarget	1	13173
52.868	n/a	Target	2	13217
53.048	n/a	NonTarget	1	13262
53.22	n/a	NonTarget	1	13305
53.392	n/a	NonTarget	1	13348
53.568	n/a	NonTarget	1	13392
53.744	n/a	NonTarget	1	13436
53.92	n/a	NonTarget	1	13480
54.092	n/a	NonTarget	1	13523
54.276	n/a	Target	2	13569
54.444	n/a	NonTarget	1	13611
54.62	n/a	NonTarget	1	13655
54.804	n/a	NonTarget	1	13701
54.984	n/a	NonTarget	1	13746
55.144	n/a	Target	2	13786
55.32	n/a	NonTarget	1	13830
55.492	n/a	NonTarget	1	13873
55.668	n/a	NonTarget	1	13917
55.844	n/a	NonTarget	1	13961
56.02	n/a	NonTarget	1	14005
56.192	n/a	NonTarget	1	14048
56.368	n/a	NonTarget	1	14092
56.544	n/a	Target	2	14136
56.72	n/a	NonTarget	1	14180
56.908	n/a	NonTarget	1	14227
57.068	n/a	Target	2	14267
57.244	n/a	NonTarget	1	14311
57.416	n/a	NonTarget	1	14354
57.592	n/a	NonTarget	1	14398
57.768	n/a	NonTarget	1	14442
57.944	n/a	NonTarget	1	14486
58.12	n/a	NonTarget	1	14530
58.3	n/a	NonTarget	1	14575
58.468	n/a	NonTarget	1	14617
58.644	n/a	Target	2	14661
58.82	n/a	NonTarget	1	14705
58.992	n/a	NonTarget	1	14748
59.168	n/a	Target	2	14792
59.344	n/a	NonTarget	1	14836
59.52	n/a	NonTarget	1	14880
59.692	n/a	NonTarget	1	14923
59.868	n/a	NonTarget	1	14967
60.044	n/a	NonTarget	1	15011
60.22	n/a	NonTarget	1	15055
60.404	n/a	NonTarget	1	15101
60.568	n/a	NonTarget	1	15142
60.744	n/a	NonTarget	1	15186
60.92	n/a	Target	2	15230
61.092	n/a	NonTarget	1	15273
61.268	n/a	NonTarget	1	15317
61.444	n/a	NonTarget	1	15361
61.62	n/a	NonTarget	1	15405
61.792	n/a	NonTarget	1	15448
61.968	n/a	NonTarget	1	15492
62.144	n/a	Target	2	15536
62.32	n/a	NonTarget	1	15580
62.492	n/a	NonTarget	1	15623
62.668	n/a	NonTarget	1	15667
62.848	n/a	NonTarget	1	15712
63.02	n/a	NonTarget	1	15755
63.192	n/a	Target	2	15798
63.376	n/a	NonTarget	1	15844
63.544	n/a	NonTarget	1	15886
63.72	n/a	NonTarget	1	15930
63.892	n/a	NonTarget	1	15973
64.068	n/a	Target	2	16017
64.248	n/a	NonTarget	1	16062
64.42	n/a	NonTarget	1	16105
64.604	n/a	Target	2	16151
64.768	n/a	NonTarget	1	16192
64.944	n/a	NonTarget	1	16236
65.12	n/a	NonTarget	1	16280
65.292	n/a	NonTarget	1	16323
65.468	n/a	NonTarget	1	16367
65.644	n/a	Target	2	16411
65.82	n/a	NonTarget	1	16455
65.996	n/a	NonTarget	1	16499
66.176	n/a	NonTarget	1	16544
66.344	n/a	NonTarget	1	16586
87.14	n/a	NonTarget	1	21785
87.316	n/a	NonTarget	1	21829
87.5	n/a	Target	2	21875
87.668	n/a	NonTarget	1	21917
87.84	n/a	NonTarget	1	21960
88.024	n/a	NonTarget	1	22006
88.192	n/a	NonTarget	1	22048
88.368	n/a	NonTarget	1	22092
88.548	n/a	NonTarget	1	22137
88.716	n/a	NonTarget	1	22179
88.892	n/a	NonTarget	1	22223
89.068	n/a	Target	2	22267
89.24	n/a	NonTarget	1	22310
89.428	n/a	NonTarget	1	22357
89.592	n/a	NonTarget	1	22398
89.768	n/a	Target	2	22442
89.94	n/a	NonTarget	1	22485
90.116	n/a	NonTarget	1	22529
90.292	n/a	NonTarget	1	22573
90.468	n/a	NonTarget	1	22617
90.64	n/a	NonTarget	1	22660
90.816	n/a	Target	2	22704
90.992	n/a	NonTarget	1	22748
91.168	n/a	NonTarget	1	22792
91.344	n/a	NonTarget	1	22836
91.516	n/a	NonTarget	1	22879
91.692	n/a	NonTarget	1	22923
91.868	n/a	NonTarget	1	22967
92.04	n/a	Target	2	23010
92.216	n/a	NonTarget	1	23054
92.392	n/a	NonTarget	1	23098
92.568	n/a	NonTarget	1	23142
92.74	n/a	NonTarget	1	23185
92.916	n/a	NonTarget	1	23229
93.092	n/a	Target	2	23273
93.264	n/a	NonTarget	1	23316
93.44	n/a	NonTarget	1	23360
93.616	n/a	NonTarget	1	23404
93.796	n/a	NonTarget	1	23449
93.968	n/a	Target	2	23492
94.14	n/a	NonTarget	1	23535
94.32	n/a	NonTarget	1	23580
94.492	n/a	NonTarget	1	23623
94.668	n/a	NonTarget	1	23667
94.84	n/a	Target	2	23710
95.016	n/a	NonTarget	1	23754
95.192	n/a	NonTarget	1	23798
95.368	n/a	NonTarget	1	23842
95.54	n/a	NonTarget	1	23885
95.716	n/a	NonTarget	1	23929
95.892	n/a	Target	2	23973
96.068	n/a	NonTarget	1	24017
96.252	n/a	NonTarget	1	24063
96.416	n/a	NonTarget	1	24104
96.592	n/a	NonTarget	1	24148
96.768	n/a	NonTarget	1	24192
96.94	n/a	NonTarget	1	24235
97.116	n/a	Target	2	24279
97.292	n/a	NonTarget	1	24323
97.468	n/a	NonTarget	1	24367
97.64	n/a	NonTarget	1	24410
97.816	n/a	NonTarget	1	24454
97.992	n/a	NonTarget	1	24498
98.168	n/a	NonTarget	1	24542
98.34	n/a	NonTarget	1	24585
98.516	n/a	Target	2	24629
98.692	n/a	NonTarget	1	24673
98.868	n/a	NonTarget	1	24717
99.04	n/a	NonTarget	1	24760
99.216	n/a	NonTarget	1	24804
99.392	n/a	Target	2	24848
99.568	n/a	NonTarget	1	24892
99.74	n/a	NonTarget	1	24935
99.916	n/a	NonTarget	1	24979
100.092	n/a	NonTarget	1	25023
100.268	n/a	Target	2	25067
100.44	n/a	NonTarget	1	25110
100.616	n/a	NonTarget	1	25154
100.792	n/a	NonTarget	1	25198
100.968	n/a	NonTarget	1	25242
101.14	n/a	Target	2	25285
101.324	n/a	NonTarget	1	25331
101.492	n/a	NonTarget	1	25373
101.668	n/a	NonTarget	1	25417
101.84	n/a	Target	2	25460
102.016	n/a	NonTarget	1	25504
102.196	n/a	NonTarget	1	25549
102.368	n/a	NonTarget	1	25592
102.544	n/a	NonTarget	1	25636
102.716	n/a	NonTarget	1	25679
118.568	n/a	NonTarget	1	29642
118.74	n/a	NonTarget	1	29685
118.916	n/a	Target	2	29729
119.092	n/a	NonTarget	1	29773
119.264	n/a	NonTarget	1	29816
119.44	n/a	NonTarget	1	29860
119.616	n/a	NonTarget	1	29904
119.788	n/a	NonTarget	1	29947
119.964	n/a	NonTarget	1	29991
120.14	n/a	NonTarget	1	30035
120.316	n/a	NonTarget	1	30079
120.488	n/a	Target	2	30122
120.664	n/a	NonTarget	1	30166
120.84	n/a	NonTarget	1	30210
121.02	n/a	NonTarget	1	30255
121.188	n/a	NonTarget	1	30297
121.364	n/a	NonTarget	1	30341
121.54	n/a	Target	2	30385
121.716	n/a	NonTarget	1	30429
121.896	n/a	NonTarget	1	30474
122.064	n/a	NonTarget	1	30516
122.24	n/a	NonTarget	1	30560
122.416	n/a	NonTarget	1	30604
122.588	n/a	Target	2	30647
122.764	n/a	NonTarget	1	30691
122.94	n/a	NonTarget	1	30735
123.116	n/a	NonTarget	1	30779
123.288	n/a	NonTarget	1	30822
123.464	n/a	NonTarget	1	30866
123.64	n/a	Target	2	30910
123.816	n/a	NonTarget	1	30954
123.988	n/a	NonTarget	1	30997
124.164	n/a	NonTarget	1	31041
124.34	n/a	NonTarget	1	31085
124.516	n/a	NonTarget	1	31129
124.688	n/a	Target	2	31172
124.864	n/a	NonTarget	1	31216
125.04	n/a	NonTarget	1	31260
125.216	n/a	NonTarget	1	31304
125.392	n/a	NonTarget	1	31348
125.564	n/a	Target	2	31391
125.74	n/a	NonTarget	1	31435
125.916	n/a	NonTarget	1	31479
126.088	n/a	NonTarget	1	31522
126.276	n/a	NonTarget	1	31569
126.44	n/a	NonTarget	1	31610
126.616	n/a	Target	2	31654
126.788	n/a	NonTarget	1	31697
126.964	n/a	NonTarget	1	31741
127.14	n/a	NonTarget	1	31785
127.316	n/a	NonTarget	1	31829
127.488	n/a	NonTarget	1	31872
127.664	n/a	NonTarget	1	31916
127.84	n/a	Target	2	31960
128.012	n/a	NonTarget	1	32003
128.188	n/a	NonTarget	1	32047
128.364	n/a	Target	2	32091
128.54	n/a	NonTarget	1	32135
128.716	n/a	NonTarget	1	32179
128.888	n/a	NonTarget	1	32222
129.064	n/a	NonTarget	1	32266
129.24	n/a	Target	2	32310
129.416	n/a	NonTarget	1	32354
129.588	n/a	NonTarget	1	32397
129.764	n/a	NonTarget	1	32441
129.94	n/a	NonTarget	1	32485
130.116	n/a	NonTarget	1	32529
130.288	n/a	NonTarget	1	32572
130.464	n/a	NonTarget	1	32616
130.64	n/a	NonTarget	1	32660
130.816	n/a	Target	2	32704
130.988	n/a	NonTarget	1	32747
131.164	n/a	NonTarget	1	32791
131.34	n/a	Target	2	32835
131.516	n/a	NonTarget	1	32879
131.688	n/a	NonTarget	1	32922
131.864	n/a	NonTarget	1	32966
132.04	n/a	NonTarget	1	33010
132.216	n/a	NonTarget	1	33054
132.392	n/a	NonTarget	1	33098
132.564	n/a	NonTarget	1	33141
132.74	n/a	NonTarget	1	33185
132.916	n/a	Target	2	33229
133.088	n/a	NonTarget	1	33272
133.264	n/a	NonTarget	1	33316
133.44	n/a	NonTarget	1	33360
133.616	n/a	NonTarget	1	33404
133.788	n/a	NonTarget	1	33447
133.964	n/a	NonTarget	1	33491
134.152	n/a	Target	2	33538
154.904	n/a	NonTarget	1	38726
155.08	n/a	NonTarget	1	38770
155.256	n/a	NonTarget	1	38814
155.432	n/a	Target	2	38858
155.608	n/a	NonTarget	1	38902
155.78	n/a	NonTarget	1	38945
155.956	n/a	Target	2	38989
156.132	n/a	NonTarget	1	39033
156.304	n/a	NonTarget	1	39076
156.48	n/a	NonTarget	1	39120
156.656	n/a	NonTarget	1	39164
156.832	n/a	NonTarget	1	39208
157.004	n/a	NonTarget	1	39251
157.18	n/a	NonTarget	1	39295
157.356	n/a	NonTarget	1	39339
157.532	n/a	Target	2	39383
157.704	n/a	NonTarget	1	39426
157.88	n/a	NonTarget	1	39470
158.056	n/a	Target	2	39514
158.232	n/a	NonTarget	1	39558
158.412	n/a	NonTarget	1	39603
158.58	n/a	NonTarget	1	39645
158.76	n/a	NonTarget	1	39690
158.936	n/a	NonTarget	1	39734
159.104	n/a	NonTarget	1	39776
159.288	n/a	NonTarget	1	39822
159.456	n/a	NonTarget	1	39864
159.628	n/a	NonTarget	1	39907
159.804	n/a	Target	2	39951
159.98	n/a	NonTarget	1	39995
160.156	n/a	NonTarget	1	40039
160.332	n/a	NonTarget	1	40083
160.504	n/a	NonTarget	1	40126
160.68	n/a	NonTarget	1	40170
160.856	n/a	NonTarget	1	40214
161.032	n/a	Target	2	40258
161.204	n/a	NonTarget	1	40301
161.38	n/a	NonTarget	1	40345
161.556	n/a	NonTarget	1	40389
161.732	n/a	NonTarget	1	40433
161.904	n/a	NonTarget	1	40476
162.08	n/a	Target	2	40520
162.256	n/a	NonTarget	1	40564
162.428	n/a	NonTarget	1	40607
162.604	n/a	NonTarget	1	40651
162.78	n/a	NonTarget	1	40695
162.956	n/a	Target	2	40739
163.132	n/a	NonTarget	1	40783
163.304	n/a	NonTarget	1	40826
163.48	n/a	Target	2	40870
163.656	n/a	NonTarget	1	40914
163.832	n/a	NonTarget	1	40958
164.004	n/a	NonTarget	1	41001
164.18	n/a	NonTarget	1	41045
164.356	n/a	NonTarget	1	41089
164.532	n/a	Target	2	41133
164.704	n/a	NonTarget	1	41176
164.88	n/a	NonTarget	1	41220
165.056	n/a	NonTarget	1	41264
165.24	n/a	NonTarget	1	41310
165.404	n/a	NonTarget	1	41351
165.58	n/a	Target	2	41395
165.76	n/a	NonTarget	1	41440
165.932	n/a	NonTarget	1	41483
166.104	n/a	NonTarget	1	41526
166.28	n/a	NonTarget	1	41570
166.456	n/a	NonTarget	1	41614
166.632	n/a	NonTarget	1	41658
166.804	n/a	NonTarget	1	41701
166.98	n/a	NonTarget	1	41745
167.156	n/a	Target	2	41789
167.332	n/a	NonTarget	1	41833
167.508	n/a	NonTarget	1	41877
167.68	n/a	NonTarget	1	41920
167.868	n/a	Target	2	41967
168.032	n/a	NonTarget	1	42008
168.204	n/a	NonTarget	1	42051
168.38	n/a	NonTarget	1	42095
168.556	n/a	NonTarget	1	42139
168.732	n/a	Target	2	42183
168.904	n/a	NonTarget	1	42226
169.08	n/a	NonTarget	1	42270
169.256	n/a	NonTarget	1	42314
169.432	n/a	NonTarget	1	42358
169.604	n/a	NonTarget	1	42401
169.78	n/a	Target	2	42445
169.956	n/a	NonTarget	1	42489
170.132	n/a	NonTarget	1	42533
170.304	n/a	NonTarget	1	42576
170.48	n/a	NonTarget	1	42620
185.404	n/a	NonTarget	1	46351
185.58	n/a	NonTarget	1	46395
185.756	n/a	NonTarget	1	46439
185.932	n/a	NonTarget	1	46483
186.116	n/a	NonTarget	1	46529
186.28	n/a	Target	2	46570
186.456	n/a	NonTarget	1	46614
186.632	n/a	NonTarget	1	46658
186.804	n/a	Target	2	46701
186.98	n/a	NonTarget	1	46745
187.156	n/a	NonTarget	1	46789
187.328	n/a	NonTarget	1	46832
187.504	n/a	NonTarget	1	46876
187.68	n/a	Target	2	46920
187.856	n/a	NonTarget	1	46964
188.028	n/a	NonTarget	1	47007
188.204	n/a	NonTarget	1	47051
188.388	n/a	NonTarget	1	47097
188.556	n/a	NonTarget	1	47139
188.74	n/a	NonTarget	1	47185
188.904	n/a	NonTarget	1	47226
189.08	n/a	NonTarget	1	47270
189.256	n/a	NonTarget	1	47314
189.432	n/a	Target	2	47358
189.604	n/a	NonTarget	1	47401
189.78	n/a	NonTarget	1	47445
189.956	n/a	Target	2	47489
190.128	n/a	NonTarget	1	47532
190.304	n/a	NonTarget	1	47576
190.48	n/a	NonTarget	1	47620
190.66	n/a	NonTarget	1	47665
190.828	n/a	NonTarget	1	47707
191.004	n/a	NonTarget	1	47751
191.184	n/a	NonTarget	1	47796
191.356	n/a	Target	2	47839
191.528	n/a	NonTarget	1	47882
191.704	n/a	NonTarget	1	47926
191.88	n/a	NonTarget	1	47970
192.056	n/a	NonTarget	1	48014
192.228	n/a	Target	2	48057
192.404	n/a	NonTarget	1	48101
192.58	n/a	NonTarget	1	48145
192.756	n/a	NonTarget	1	48189
192.932	n/a	NonTarget	1	48233
193.104	n/a	Target	2	48276
193.28	n/a	NonTarget	1	48320
193.456	n/a	NonTarget	1	48364
193.628	n/a	NonTarget	1	48407
193.804	n/a	NonTarget	1	48451
193.98	n/a	NonTarget	1	48495
194.156	n/a	NonTarget	1	48539
194.328	n/a	Target	2	48582
194.504	n/a	NonTarget	1	48626
194.68	n/a	NonTarget	1	48670
194.856	n/a	NonTarget	1	48714
195.028	n/a	Target	2	48757
195.204	n/a	NonTarget	1	48801
195.388	n/a	NonTarget	1	48847
195.556	n/a	NonTarget	1	48889
195.728	n/a	NonTarget	1	48932
195.904	n/a	NonTarget	1	48976
196.08	n/a	Target	2	49020
196.252	n/a	NonTarget	1	49063
196.428	n/a	NonTarget	1	49107
196.604	n/a	NonTarget	1	49151
196.78	n/a	NonTarget	1	49195
196.956	n/a	Target	2	49239
197.128	n/a	NonTarget	1	49282
197.312	n/a	NonTarget	1	49328
197.48	n/a	NonTarget	1	49370
197.672	n/a	NonTarget	1	49418
197.828	n/a	NonTarget	1	49457
198.004	n/a	Target	2	49501
198.18	n/a	NonTarget	1	49545
198.356	n/a	NonTarget	1	49589
198.528	n/a	NonTarget	1	49632
198.704	n/a	NonTarget	1	49676
198.884	n/a	NonTarget	1	49721
199.06	n/a	NonTarget	1	49765
199.232	n/a	NonTarget	1	49808
199.404	n/a	NonTarget	1	49851
199.588	n/a	NonTarget	1	49897
199.756	n/a	Target	2	49939
199.928	n/a	NonTarget	1	49982
200.104	n/a	NonTarget	1	50026
200.28	n/a	NonTarget	1	50070
200.456	n/a	NonTarget	1	50114
200.628	n/a	NonTarget	1	50157
200.804	n/a	Target	2	50201
200.98	n/a	NonTarget	1	50245
221.636	n/a	NonTarget	1	55409
221.812	n/a	NonTarget	1	55453
221.988	n/a	NonTarget	1	55497
222.16	n/a	NonTarget	1	55540
222.336	n/a	NonTarget	1	55584
222.512	n/a	Target	2	55628
222.692	n/a	NonTarget	1	55673
222.86	n/a	NonTarget	1	55715
223.04	n/a	NonTarget	1	55760
223.212	n/a	NonTarget	1	55803
223.388	n/a	Target	2	55847
223.56	n/a	NonTarget	1	55890
223.736	n/a	NonTarget	1	55934
223.912	n/a	NonTarget	1	55978
224.088	n/a	NonTarget	1	56022
224.264	n/a	NonTarget	1	56066
224.436	n/a	Target	2	56109
224.612	n/a	NonTarget	1	56153
224.788	n/a	NonTarget	1	56197
224.96	n/a	NonTarget	1	56240
225.136	n/a	NonTarget	1	56284
225.316	n/a	NonTarget	1	56329
225.488	n/a	NonTarget	1	56372
225.66	n/a	Target	2	56415
225.836	n/a	NonTarget	1	56459
226.012	n/a	NonTarget	1	56503
226.2	n/a	Target	2	56550
226.364	n/a	NonTarget	1	56591
226.548	n/a	NonTarget	1	56637
226.716	n/a	NonTarget	1	56679
226.888	n/a	NonTarget	1	56722
227.06	n/a	Target	2	56765
227.236	n/a	NonTarget	1	56809
227.412	n/a	NonTarget	1	56853
227.588	n/a	NonTarget	1	56897
227.768	n/a	NonTarget	1	56942
227.936	n/a	NonTarget	1	56984
228.112	n/a	NonTarget	1	57028
228.288	n/a	NonTarget	1	57072
228.46	n/a	NonTarget	1	57115
228.636	n/a	Target	2	57159
228.812	n/a	NonTarget	1	57203
228.984	n/a	NonTarget	1	57246
229.16	n/a	Target	2	57290
229.336	n/a	NonTarget	1	57334
229.512	n/a	NonTarget	1	57378
229.688	n/a	NonTarget	1	57422
229.86	n/a	NonTarget	1	57465
230.036	n/a	NonTarget	1	57509
230.216	n/a	NonTarget	1	57554
230.388	n/a	NonTarget	1	57597
230.572	n/a	NonTarget	1	57643
230.736	n/a	Target	2	57684
230.912	n/a	NonTarget	1	57728
231.092	n/a	NonTarget	1	57773
231.264	n/a	NonTarget	1	57816
231.44	n/a	NonTarget	1	57860
231.612	n/a	NonTarget	1	57903
231.788	n/a	NonTarget	1	57947
231.96	n/a	Target	2	57990
232.136	n/a	NonTarget	1	58034
232.312	n/a	NonTarget	1	58078
232.488	n/a	NonTarget	1	58122
232.66	n/a	NonTarget	1	58165
232.84	n/a	NonTarget	1	58210
233.012	n/a	Target	2	58253
233.2	n/a	NonTarget	1	58300
233.36	n/a	NonTarget	1	58340
233.536	n/a	NonTarget	1	58384
233.712	n/a	NonTarget	1	58428
233.888	n/a	Target	2	58472
234.064	n/a	NonTarget	1	58516
234.236	n/a	NonTarget	1	58559
234.416	n/a	NonTarget	1	58604
234.588	n/a	NonTarget	1	58647
234.76	n/a	NonTarget	1	58690
234.936	n/a	NonTarget	1	58734
235.112	n/a	Target	2	58778
235.288	n/a	NonTarget	1	58822
235.464	n/a	NonTarget	1	58866
235.636	n/a	NonTarget	1	58909
235.812	n/a	NonTarget	1	58953
235.988	n/a	NonTarget	1	58997
236.164	n/a	Target	2	59041
236.336	n/a	NonTarget	1	59084
236.512	n/a	NonTarget	1	59128
236.688	n/a	NonTarget	1	59172
236.86	n/a	Target	2	59215
237.036	n/a	NonTarget	1	59259
237.212	n/a	NonTarget	1	59303
252.276	n/a	NonTarget	1	63069
252.456	n/a	NonTarget	1	63114
252.628	n/a	NonTarget	1	63157
252.8	n/a	NonTarget	1	63200
252.984	n/a	Target	2	63246
253.152	n/a	NonTarget	1	63288
253.328	n/a	NonTarget	1	63332
253.508	n/a	NonTarget	1	63377
253.676	n/a	Target	2	63419
253.856	n/a	NonTarget	1	63464
254.028	n/a	NonTarget	1	63507
254.2	n/a	NonTarget	1	63550
254.376	n/a	NonTarget	1	63594
254.552	n/a	NonTarget	1	63638
254.732	n/a	NonTarget	1	63683
254.904	n/a	Target	2	63726
255.076	n/a	NonTarget	1	63769
255.264	n/a	NonTarget	1	63816
255.428	n/a	Target	2	63857
255.612	n/a	NonTarget	1	63903
255.776	n/a	NonTarget	1	63944
255.952	n/a	NonTarget	1	63988
256.136	n/a	NonTarget	1	64034
256.3	n/a	NonTarget	1	64075
256.476	n/a	NonTarget	1	64119
256.66	n/a	NonTarget	1	64165
256.844	n/a	NonTarget	1	64211
257.004	n/a	NonTarget	1	64251
257.176	n/a	Target	2	64294
257.352	n/a	NonTarget	1	64338
257.528	n/a	NonTarget	1	64382
257.708	n/a	NonTarget	1	64427
257.876	n/a	Target	2	64469
258.052	n/a	NonTarget	1	64513
258.228	n/a	NonTarget	1	64557
258.4	n/a	NonTarget	1	64600
258.58	n/a	NonTarget	1	64645
258.752	n/a	NonTarget	1	64688
258.928	n/a	NonTarget	1	64732
259.104	n/a	NonTarget	1	64776
259.276	n/a	NonTarget	1	64819
259.452	n/a	Target	2	64863
259.628	n/a	NonTarget	1	64907
259.8	n/a	NonTarget	1	64950
259.976	n/a	NonTarget	1	64994
260.156	n/a	Target	2	65039
260.34	n/a	NonTarget	1	65085
260.5	n/a	NonTarget	1	65125
260.68	n/a	NonTarget	1	65170
260.852	n/a	NonTarget	1	65213
261.028	n/a	NonTarget	1	65257
261.2	n/a	Target	2	65300
261.376	n/a	NonTarget	1	65344
261.552	n/a	NonTarget	1	65388
261.728	n/a	NonTarget	1	65432
261.904	n/a	NonTarget	1	65476
262.076	n/a	NonTarget	1	65519
262.26	n/a	NonTarget	1	65565
262.428	n/a	Target	2	65607
262.6	n/a	NonTarget	1	65650
262.776	n/a	NonTarget	1	65694
262.952	n/a	NonTarget	1	65738
263.124	n/a	NonTarget	1	65781
263.3	n/a	NonTarget	1	65825
263.476	n/a	Target	2	65869
263.664	n/a	NonTarget	1	65916
263.828	n/a	NonTarget	1	65957
264.0	n/a	NonTarget	1	66000
264.176	n/a	NonTarget	1	66044
264.352	n/a	Target	2	66088
264.528	n/a	NonTarget	1	66132
264.7	n/a	NonTarget	1	66175
264.876	n/a	NonTarget	1	66219
265.052	n/a	NonTarget	1	66263
265.228	n/a	Target	2	66307
265.4	n/a	NonTarget	1	66350
265.58	n/a	NonTarget	1	66395
265.752	n/a	NonTarget	1	66438
265.928	n/a	NonTarget	1	66482
266.108	n/a	NonTarget	1	66527
266.276	n/a	Target	2	66569
266.452	n/a	NonTarget	1	66613
266.628	n/a	NonTarget	1	66657
266.8	n/a	NonTarget	1	66700
266.976	n/a	NonTarget	1	66744
267.152	n/a	NonTarget	1	66788
267.328	n/a	NonTarget	1	66832
267.504	n/a	Target	2	66876
267.684	n/a	NonTarget	1	66921
267.852	n/a	NonTarget	1	66963
288.508	n/a	NonTarget	1	72127
288.684	n/a	Target	2	72171
288.86	n/a	NonTarget	1	72215
289.032	n/a	NonTarget	1	72258
289.208	n/a	NonTarget	1	72302
289.384	n/a	NonTarget	1	72346
289.56	n/a	Target	2	72390
289.74	n/a	NonTarget	1	72435
289.908	n/a	NonTarget	1	72477
290.084	n/a	NonTarget	1	72521
290.26	n/a	NonTarget	1	72565
290.432	n/a	NonTarget	1	72608
290.608	n/a	Target	2	72652
290.784	n/a	NonTarget	1	72696
290.96	n/a	NonTarget	1	72740
291.132	n/a	NonTarget	1	72783
291.308	n/a	NonTarget	1	72827
291.484	n/a	NonTarget	1	72871
291.66	n/a	NonTarget	1	72915
291.832	n/a	Target	2	72958
292.008	n/a	NonTarget	1	73002
292.184	n/a	NonTarget	1	73046
292.36	n/a	NonTarget	1	73090
292.536	n/a	NonTarget	1	73134
292.708	n/a	NonTarget	1	73177
292.884	n/a	NonTarget	1	73221
293.06	n/a	NonTarget	1	73265
293.232	n/a	NonTarget	1	73308
293.416	n/a	Target	2	73354
293.584	n/a	NonTarget	1	73396
293.776	n/a	NonTarget	1	73444
293.932	n/a	NonTarget	1	73483
294.108	n/a	NonTarget	1	73527
294.284	n/a	Target	2	73571
294.46	n/a	NonTarget	1	73615
294.636	n/a	NonTarget	1	73659
294.808	n/a	NonTarget	1	73702
294.984	n/a	Target	2	73746
295.16	n/a	NonTarget	1	73790
295.332	n/a	NonTarget	1	73833
295.512	n/a	NonTarget	1	73878
295.684	n/a	NonTarget	1	73921
295.86	n/a	NonTarget	1	73965
296.032	n/a	NonTarget	1	74008
296.208	n/a	NonTarget	1	74052
296.388	n/a	NonTarget	1	74097
296.56	n/a	Target	2	74140
296.748	n/a	NonTarget	1	74187
296.908	n/a	NonTarget	1	74227
297.084	n/a	NonTarget	1	74271
297.26	n/a	Target	2	74315
297.432	n/a	NonTarget	1	74358
297.608	n/a	NonTarget	1	74402
297.784	n/a	NonTarget	1	74446
297.96	n/a	Target	2	74490
298.136	n/a	NonTarget	1	74534
298.308	n/a	NonTarget	1	74577
298.484	n/a	NonTarget	1	74621
298.66	n/a	NonTarget	1	74665
298.832	n/a	NonTarget	1	74708
299.008	n/a	Target	2	74752
299.184	n/a	NonTarget	1	74796
299.356	n/a	NonTarget	1	74839
299.532	n/a	NonTarget	1	74883
299.712	n/a	NonTarget	1	74928
299.9	n/a	NonTarget	1	74975
300.076	n/a	Target	2	75019
300.232	n/a	NonTarget	1	75058
300.416	n/a	NonTarget	1	75104
300.584	n/a	NonTarget	1	75146
300.76	n/a	NonTarget	1	75190
300.944	n/a	NonTarget	1	75236
301.116	n/a	NonTarget	1	75279
301.284	n/a	NonTarget	1	75321
301.46	n/a	NonTarget	1	75365
301.632	n/a	NonTarget	1	75408
301.808	n/a	NonTarget	1	75452
301.984	n/a	Target	2	75496
302.16	n/a	NonTarget	1	75540
302.332	n/a	NonTarget	1	75583
302.512	n/a	Target	2	75628
302.684	n/a	NonTarget	1	75671
302.86	n/a	NonTarget	1	75715
303.032	n/a	NonTarget	1	75758
303.212	n/a	NonTarget	1	75803
303.384	n/a	NonTarget	1	75846
303.56	n/a	NonTarget	1	75890
303.732	n/a	Target	2	75933
303.908	n/a	NonTarget	1	75977
304.084	n/a	NonTarget	1	76021
322.336	n/a	NonTarget	1	80584
322.516	n/a	NonTarget	1	80629
322.688	n/a	Target	2	80672
322.86	n/a	NonTarget	1	80715
323.036	n/a	NonTarget	1	80759
323.212	n/a	NonTarget	1	80803
323.388	n/a	NonTarget	1	80847
323.56	n/a	NonTarget	1	80890
323.736	n/a	NonTarget	1	80934
323.912	n/a	Target	2	80978
324.088	n/a	NonTarget	1	81022
324.26	n/a	NonTarget	1	81065
324.44	n/a	Target	2	81110
324.612	n/a	NonTarget	1	81153
324.788	n/a	NonTarget	1	81197
324.976	n/a	NonTarget	1	81244
325.136	n/a	NonTarget	1	81284
325.312	n/a	NonTarget	1	81328
325.488	n/a	NonTarget	1	81372
325.66	n/a	NonTarget	1	81415
325.836	n/a	Target	2	81459
326.012	n/a	NonTarget	1	81503
326.188	n/a	NonTarget	1	81547
326.36	n/a	NonTarget	1	81590
326.536	n/a	NonTarget	1	81634
326.716	n/a	Target	2	81679
326.888	n/a	NonTarget	1	81722
327.06	n/a	NonTarget	1	81765
327.236	n/a	NonTarget	1	81809
327.412	n/a	NonTarget	1	81853
327.588	n/a	NonTarget	1	81897
327.76	n/a	NonTarget	1	81940
327.94	n/a	NonTarget	1	81985
328.112	n/a	Target	2	82028
328.288	n/a	NonTarget	1	82072
328.46	n/a	NonTarget	1	82115
328.636	n/a	Target	2	82159
328.812	n/a	NonTarget	1	82203
328.988	n/a	NonTarget	1	82247
329.164	n/a	NonTarget	1	82291
329.336	n/a	NonTarget	1	82334
329.512	n/a	NonTarget	1	82378
329.688	n/a	NonTarget	1	82422
329.86	n/a	NonTarget	1	82465
330.036	n/a	NonTarget	1	82509
330.212	n/a	Target	2	82553
330.392	n/a	NonTarget	1	82598
330.56	n/a	NonTarget	1	82640
330.744	n/a	Target	2	82686
330.912	n/a	NonTarget	1	82728
331.092	n/a	NonTarget	1	82773
331.264	n/a	NonTarget	1	82816
331.436	n/a	NonTarget	1	82859
331.612	n/a	NonTarget	1	82903
331.784	n/a	NonTarget	1	82946
331.96	n/a	NonTarget	1	82990
332.136	n/a	NonTarget	1	83034
332.308	n/a	NonTarget	1	83077
332.488	n/a	Target	2	83122
332.66	n/a	NonTarget	1	83165
332.836	n/a	NonTarget	1	83209
333.012	n/a	NonTarget	1	83253
333.188	n/a	NonTarget	1	83297
333.36	n/a	NonTarget	1	83340
333.536	n/a	NonTarget	1	83384
333.712	n/a	Target	2	83428
333.888	n/a	NonTarget	1	83472
334.068	n/a	NonTarget	1	83517
334.236	n/a	NonTarget	1	83559
334.412	n/a	NonTarget	1	83603
334.592	n/a	NonTarget	1	83648
334.76	n/a	Target	2	83690
334.948	n/a	NonTarget	1	83737
335.112	n/a	NonTarget	1	83778
335.296	n/a	NonTarget	1	83824
335.464	n/a	NonTarget	1	83866
335.636	n/a	Target	2	83909
335.812	n/a	NonTarget	1	83953
335.988	n/a	NonTarget	1	83997
336.16	n/a	Target	2	84040
336.352	n/a	NonTarget	1	84088
336.512	n/a	NonTarget	1	84128
336.688	n/a	NonTarget	1	84172
336.868	n/a	NonTarget	1	84217
337.036	n/a	NonTarget	1	84259
337.216	n/a	Target	2	84304
337.384	n/a	NonTarget	1	84346
337.56	n/a	NonTarget	1	84390
337.744	n/a	NonTarget	1	84436
337.912	n/a	NonTarget	1	84478
363.476	n/a	NonTarget	1	90869
363.652	n/a	NonTarget	1	90913
363.832	n/a	Target	2	90958
364.004	n/a	NonTarget	1	91001
364.176	n/a	NonTarget	1	91044
364.352	n/a	NonTarget	1	91088
364.544	n/a	NonTarget	1	91136
364.704	n/a	Target	2	91176
364.876	n/a	NonTarget	1	91219
365.052	n/a	NonTarget	1	91263
365.228	n/a	NonTarget	1	91307
365.404	n/a	NonTarget	1	91351
365.576	n/a	NonTarget	1	91394
365.752	n/a	Target	2	91438
365.928	n/a	NonTarget	1	91482
366.104	n/a	NonTarget	1	91526
366.276	n/a	NonTarget	1	91569
366.452	n/a	NonTarget	1	91613
366.628	n/a	NonTarget	1	91657
366.8	n/a	NonTarget	1	91700
366.976	n/a	NonTarget	1	91744
367.152	n/a	NonTarget	1	91788
367.328	n/a	NonTarget	1	91832
367.504	n/a	Target	2	91876
367.68	n/a	NonTarget	1	91920
367.852	n/a	NonTarget	1	91963
368.028	n/a	NonTarget	1	92007
368.204	n/a	NonTarget	1	92051
368.376	n/a	NonTarget	1	92094
368.552	n/a	Target	2	92138
368.728	n/a	NonTarget	1	92182
368.904	n/a	NonTarget	1	92226
369.08	n/a	NonTarget	1	92270
369.252	n/a	NonTarget	1	92313
369.44	n/a	Target	2	92360
369.604	n/a	NonTarget	1	92401
369.776	n/a	NonTarget	1	92444
369.952	n/a	NonTarget	1	92488
370.132	n/a	NonTarget	1	92533
370.3	n/a	Target	2	92575
370.476	n/a	NonTarget	1	92619
370.652	n/a	NonTarget	1	92663
370.828	n/a	NonTarget	1	92707
371.016	n/a	NonTarget	1	92754
371.176	n/a	NonTarget	1	92794
371.352	n/a	NonTarget	1	92838
371.532	n/a	NonTarget	1	92883
371.704	n/a	Target	2	92926
371.876	n/a	NonTarget	1	92969
372.052	n/a	NonTarget	1	93013
372.228	n/a	Target	2	93057
372.404	n/a	NonTarget	1	93101
372.576	n/a	NonTarget	1	93144
372.752	n/a	NonTarget	1	93188
372.928	n/a	NonTarget	1	93232
373.104	n/a	Target	2	93276
373.288	n/a	NonTarget	1	93322
373.452	n/a	NonTarget	1	93363
373.628	n/a	NonTarget	1	93407
373.804	n/a	NonTarget	1	93451
373.976	n/a	NonTarget	1	93494
374.152	n/a	Target	2	93538
374.328	n/a	NonTarget	1	93582
374.5	n/a	NonTarget	1	93625
374.676	n/a	NonTarget	1	93669
374.852	n/a	NonTarget	1	93713
375.032	n/a	NonTarget	1	93758
375.204	n/a	NonTarget	1	93801
375.376	n/a	NonTarget	1	93844
375.552	n/a	NonTarget	1	93888
375.728	n/a	Target	2	93932
375.904	n/a	NonTarget	1	93976
376.076	n/a	NonTarget	1	94019
376.252	n/a	NonTarget	1	94063
376.428	n/a	NonTarget	1	94107
376.6	n/a	NonTarget	1	94150
376.776	n/a	Target	2	94194
376.952	n/a	NonTarget	1	94238
377.128	n/a	NonTarget	1	94282
377.304	n/a	NonTarget	1	94326
377.476	n/a	NonTarget	1	94369
377.652	n/a	NonTarget	1	94413
377.828	n/a	Target	2	94457
378.004	n/a	NonTarget	1	94501
378.176	n/a	NonTarget	1	94544
378.352	n/a	NonTarget	1	94588
378.528	n/a	NonTarget	1	94632
378.7	n/a	Target	2	94675
378.876	n/a	NonTarget	1	94719
379.052	n/a	NonTarget	1	94763
393.84	n/a	NonTarget	1	98460
394.012	n/a	NonTarget	1	98503
394.188	n/a	Target	2	98547
394.364	n/a	NonTarget	1	98591
394.54	n/a	NonTarget	1	98635
394.712	n/a	NonTarget	1	98678
394.888	n/a	NonTarget	1	98722
395.064	n/a	Target	2	98766
395.24	n/a	NonTarget	1	98810
395.412	n/a	NonTarget	1	98853
395.588	n/a	NonTarget	1	98897
395.764	n/a	NonTarget	1	98941
395.94	n/a	NonTarget	1	98985
396.116	n/a	NonTarget	1	99029
396.292	n/a	NonTarget	1	99073
396.464	n/a	NonTarget	1	99116
396.636	n/a	NonTarget	1	99159
396.812	n/a	Target	2	99203
396.988	n/a	NonTarget	1	99247
397.172	n/a	NonTarget	1	99293
397.34	n/a	NonTarget	1	99335
397.512	n/a	NonTarget	1	99378
397.692	n/a	Target	2	99423
397.864	n/a	NonTarget	1	99466
398.04	n/a	NonTarget	1	99510
398.212	n/a	NonTarget	1	99553
398.388	n/a	NonTarget	1	99597
398.564	n/a	Target	2	99641
398.736	n/a	NonTarget	1	99684
398.912	n/a	NonTarget	1	99728
399.088	n/a	NonTarget	1	99772
399.264	n/a	NonTarget	1	99816
399.44	n/a	NonTarget	1	99860
399.612	n/a	Target	2	99903
399.788	n/a	NonTarget	1	99947
399.98	n/a	NonTarget	1	99995
400.14	n/a	NonTarget	1	100035
400.312	n/a	NonTarget	1	100078
400.488	n/a	Target	2	100122
400.664	n/a	NonTarget	1	100166
400.84	n/a	NonTarget	1	100210
401.012	n/a	NonTarget	1	100253
401.188	n/a	NonTarget	1	100297
401.364	n/a	NonTarget	1	100341
401.54	n/a	NonTarget	1	100385
401.712	n/a	Target	2	100428
401.888	n/a	NonTarget	1	100472
402.064	n/a	NonTarget	1	100516
402.24	n/a	NonTarget	1	100560
402.412	n/a	NonTarget	1	100603
402.592	n/a	Target	2	100648
402.764	n/a	NonTarget	1	100691
402.94	n/a	NonTarget	1	100735
403.12	n/a	NonTarget	1	100780
403.288	n/a	Target	2	100822
403.476	n/a	NonTarget	1	100869
403.64	n/a	NonTarget	1	100910
403.816	n/a	NonTarget	1	100954
403.988	n/a	NonTarget	1	100997
404.164	n/a	NonTarget	1	101041
404.336	n/a	NonTarget	1	101084
404.512	n/a	Target	2	101128
404.688	n/a	NonTarget	1	101172
404.864	n/a	NonTarget	1	101216
405.04	n/a	NonTarget	1	101260
405.212	n/a	NonTarget	1	101303
405.388	n/a	NonTarget	1	101347
405.568	n/a	NonTarget	1	101392
405.74	n/a	Target	2	101435
405.912	n/a	NonTarget	1	101478
406.088	n/a	NonTarget	1	101522
406.264	n/a	NonTarget	1	101566
406.436	n/a	NonTarget	1	101609
406.612	n/a	NonTarget	1	101653
406.788	n/a	NonTarget	1	101697
406.964	n/a	NonTarget	1	101741
407.14	n/a	NonTarget	1	101785
407.312	n/a	Target	2	101828
407.488	n/a	NonTarget	1	101872
407.664	n/a	NonTarget	1	101916
407.84	n/a	NonTarget	1	101960
408.012	n/a	NonTarget	1	102003
408.188	n/a	Target	2	102047
408.36	n/a	NonTarget	1	102090
408.536	n/a	NonTarget	1	102134
408.716	n/a	NonTarget	1	102179
408.888	n/a	NonTarget	1	102222
409.08	n/a	NonTarget	1	102270
409.24	n/a	NonTarget	1	102310
409.412	n/a	Target	2	102353
430.088	n/a	NonTarget	1	107522
430.26	n/a	NonTarget	1	107565
430.436	n/a	NonTarget	1	107609
430.612	n/a	NonTarget	1	107653
430.788	n/a	NonTarget	1	107697
430.96	n/a	Target	2	107740
431.136	n/a	NonTarget	1	107784
431.312	n/a	NonTarget	1	107828
431.488	n/a	Target	2	107872
431.664	n/a	NonTarget	1	107916
431.836	n/a	NonTarget	1	107959
432.012	n/a	NonTarget	1	108003
432.188	n/a	NonTarget	1	108047
432.36	n/a	Target	2	108090
432.536	n/a	NonTarget	1	108134
432.712	n/a	NonTarget	1	108178
432.888	n/a	NonTarget	1	108222
433.064	n/a	NonTarget	1	108266
433.256	n/a	NonTarget	1	108314
433.412	n/a	NonTarget	1	108353
433.584	n/a	Target	2	108396
433.76	n/a	NonTarget	1	108440
433.936	n/a	NonTarget	1	108484
434.112	n/a	NonTarget	1	108528
434.288	n/a	NonTarget	1	108572
434.46	n/a	Target	2	108615
434.636	n/a	NonTarget	1	108659
434.812	n/a	NonTarget	1	108703
435.0	n/a	NonTarget	1	108750
435.168	n/a	NonTarget	1	108792
435.336	n/a	NonTarget	1	108834
435.512	n/a	NonTarget	1	108878
435.684	n/a	NonTarget	1	108921
435.86	n/a	NonTarget	1	108965
436.036	n/a	NonTarget	1	109009
436.212	n/a	Target	2	109053
436.396	n/a	NonTarget	1	109099
436.56	n/a	NonTarget	1	109140
436.736	n/a	NonTarget	1	109184
436.912	n/a	NonTarget	1	109228
437.088	n/a	NonTarget	1	109272
437.268	n/a	Target	2	109317
437.436	n/a	NonTarget	1	109359
437.612	n/a	NonTarget	1	109403
437.784	n/a	Target	2	109446
437.964	n/a	NonTarget	1	109491
438.136	n/a	NonTarget	1	109534
438.312	n/a	NonTarget	1	109578
438.488	n/a	NonTarget	1	109622
438.664	n/a	Target	2	109666
438.836	n/a	NonTarget	1	109709
439.012	n/a	NonTarget	1	109753
439.188	n/a	NonTarget	1	109797
439.368	n/a	NonTarget	1	109842
439.536	n/a	Target	2	109884
439.712	n/a	NonTarget	1	109928
439.888	n/a	NonTarget	1	109972
440.06	n/a	NonTarget	1	110015
440.236	n/a	NonTarget	1	110059
440.412	n/a	NonTarget	1	110103
440.584	n/a	NonTarget	1	110146
440.76	n/a	NonTarget	1	110190
440.94	n/a	NonTarget	1	110235
441.112	n/a	NonTarget	1	110278
441.292	n/a	Target	2	110323
441.464	n/a	NonTarget	1	110366
441.648	n/a	NonTarget	1	110412
441.812	n/a	NonTarget	1	110453
441.988	n/a	NonTarget	1	110497
442.16	n/a	NonTarget	1	110540
442.336	n/a	NonTarget	1	110584
442.512	n/a	Target	2	110628
442.684	n/a	NonTarget	1	110671
442.86	n/a	NonTarget	1	110715
443.036	n/a	NonTarget	1	110759
443.212	n/a	NonTarget	1	110803
443.388	n/a	Target	2	110847
443.564	n/a	NonTarget	1	110891
443.736	n/a	NonTarget	1	110934
443.916	n/a	NonTarget	1	110979
444.088	n/a	NonTarget	1	111022
444.26	n/a	Target	2	111065
444.436	n/a	NonTarget	1	111109
444.612	n/a	NonTarget	1	111153
444.784	n/a	NonTarget	1	111196
444.96	n/a	Target	2	111240
445.136	n/a	NonTarget	1	111284
445.312	n/a	NonTarget	1	111328
445.488	n/a	NonTarget	1	111372
445.66	n/a	NonTarget	1	111415
460.552	n/a	NonTarget	1	115138
460.728	n/a	NonTarget	1	115182
460.904	n/a	Target	2	115226
461.08	n/a	NonTarget	1	115270
461.252	n/a	NonTarget	1	115313
461.428	n/a	NonTarget	1	115357
461.604	n/a	Target	2	115401
461.788	n/a	NonTarget	1	115447
461.952	n/a	NonTarget	1	115488
462.128	n/a	NonTarget	1	115532
462.304	n/a	NonTarget	1	115576
462.48	n/a	NonTarget	1	115620
462.656	n/a	Target	2	115664
462.828	n/a	NonTarget	1	115707
463.004	n/a	NonTarget	1	115751
463.18	n/a	NonTarget	1	115795
463.356	n/a	NonTarget	1	115839
463.528	n/a	NonTarget	1	115882
463.704	n/a	NonTarget	1	115926
463.88	n/a	NonTarget	1	115970
464.052	n/a	NonTarget	1	116013
464.228	n/a	NonTarget	1	116057
464.404	n/a	Target	2	116101
464.58	n/a	NonTarget	1	116145
464.752	n/a	NonTarget	1	116188
464.928	n/a	NonTarget	1	116232
465.104	n/a	NonTarget	1	116276
465.276	n/a	Target	2	116319
465.452	n/a	NonTarget	1	116363
465.628	n/a	NonTarget	1	116407
465.804	n/a	NonTarget	1	116451
465.98	n/a	NonTarget	1	116495
466.152	n/a	NonTarget	1	116538
466.328	n/a	Target	2	116582
466.508	n/a	NonTarget	1	116627
466.68	n/a	NonTarget	1	116670
466.852	n/a	Target	2	116713
467.028	n/a	NonTarget	1	116757
467.204	n/a	NonTarget	1	116801
467.376	n/a	NonTarget	1	116844
467.552	n/a	NonTarget	1	116888
467.728	n/a	NonTarget	1	116932
467.904	n/a	Target	2	116976
468.08	n/a	NonTarget	1	117020
468.26	n/a	NonTarget	1	117065
468.432	n/a	NonTarget	1	117108
468.604	n/a	NonTarget	1	117151
468.78	n/a	NonTarget	1	117195
468.952	n/a	Target	2	117238
469.128	n/a	NonTarget	1	117282
469.304	n/a	NonTarget	1	117326
469.476	n/a	NonTarget	1	117369
469.652	n/a	NonTarget	1	117413
469.828	n/a	NonTarget	1	117457
470.004	n/a	Target	2	117501
470.18	n/a	NonTarget	1	117545
470.352	n/a	NonTarget	1	117588
470.528	n/a	NonTarget	1	117632
470.704	n/a	NonTarget	1	117676
470.884	n/a	NonTarget	1	117721
471.052	n/a	Target	2	117763
471.228	n/a	NonTarget	1	117807
471.4	n/a	NonTarget	1	117850
471.576	n/a	NonTarget	1	117894
471.752	n/a	NonTarget	1	117938
471.928	n/a	NonTarget	1	117982
472.104	n/a	NonTarget	1	118026
472.28	n/a	NonTarget	1	118070
472.452	n/a	NonTarget	1	118113
472.628	n/a	Target	2	118157
472.804	n/a	NonTarget	1	118201
472.98	n/a	NonTarget	1	118245
473.152	n/a	NonTarget	1	118288
473.328	n/a	NonTarget	1	118332
473.5	n/a	NonTarget	1	118375
473.676	n/a	Target	2	118419
473.852	n/a	NonTarget	1	118463
474.028	n/a	NonTarget	1	118507
474.204	n/a	Target	2	118551
474.38	n/a	NonTarget	1	118595
474.556	n/a	NonTarget	1	118639
474.736	n/a	NonTarget	1	118684
474.912	n/a	NonTarget	1	118728
475.08	n/a	NonTarget	1	118770
475.252	n/a	NonTarget	1	118813
475.428	n/a	NonTarget	1	118857
475.604	n/a	Target	2	118901
475.776	n/a	NonTarget	1	118944
475.952	n/a	NonTarget	1	118988
476.128	n/a	NonTarget	1	119032
496.804	n/a	NonTarget	1	124201
496.98	n/a	NonTarget	1	124245
497.156	n/a	NonTarget	1	124289
497.332	n/a	NonTarget	1	124333
497.508	n/a	Target	2	124377
497.68	n/a	NonTarget	1	124420
497.856	n/a	NonTarget	1	124464
498.032	n/a	Target	2	124508
498.204	n/a	NonTarget	1	124551
498.38	n/a	NonTarget	1	124595
498.556	n/a	NonTarget	1	124639
498.732	n/a	NonTarget	1	124683
498.904	n/a	NonTarget	1	124726
499.08	n/a	NonTarget	1	124770
499.256	n/a	NonTarget	1	124814
499.436	n/a	NonTarget	1	124859
499.604	n/a	Target	2	124901
499.78	n/a	NonTarget	1	124945
499.956	n/a	NonTarget	1	124989
500.132	n/a	NonTarget	1	125033
500.304	n/a	NonTarget	1	125076
500.48	n/a	Target	2	125120
500.656	n/a	NonTarget	1	125164
500.832	n/a	NonTarget	1	125208
501.004	n/a	NonTarget	1	125251
501.18	n/a	NonTarget	1	125295
501.356	n/a	NonTarget	1	125339
501.528	n/a	NonTarget	1	125382
501.704	n/a	Target	2	125426
501.88	n/a	NonTarget	1	125470
502.056	n/a	NonTarget	1	125514
502.232	n/a	NonTarget	1	125558
502.412	n/a	NonTarget	1	125603
502.58	n/a	NonTarget	1	125645
502.756	n/a	Target	2	125689
502.928	n/a	NonTarget	1	125732
503.104	n/a	NonTarget	1	125776
503.28	n/a	Target	2	125820
503.456	n/a	NonTarget	1	125864
503.628	n/a	NonTarget	1	125907
503.804	n/a	NonTarget	1	125951
503.98	n/a	NonTarget	1	125995
504.156	n/a	Target	2	126039
504.328	n/a	NonTarget	1	126082
504.504	n/a	NonTarget	1	126126
504.68	n/a	NonTarget	1	126170
504.856	n/a	NonTarget	1	126214
505.028	n/a	NonTarget	1	126257
505.204	n/a	Target	2	126301
505.38	n/a	NonTarget	1	126345
505.556	n/a	NonTarget	1	126389
505.732	n/a	NonTarget	1	126433
505.904	n/a	NonTarget	1	126476
506.08	n/a	NonTarget	1	126520
506.256	n/a	NonTarget	1	126564
506.432	n/a	Target	2	126608
506.612	n/a	NonTarget	1	126653
506.78	n/a	NonTarget	1	126695
506.956	n/a	NonTarget	1	126739
507.132	n/a	NonTarget	1	126783
507.304	n/a	NonTarget	1	126826
507.48	n/a	NonTarget	1	126870
507.656	n/a	NonTarget	1	126914
507.836	n/a	Target	2	126959
508.012	n/a	NonTarget	1	127003
508.18	n/a	NonTarget	1	127045
508.36	n/a	NonTarget	1	127090
508.536	n/a	NonTarget	1	127134
508.704	n/a	NonTarget	1	127176
508.88	n/a	NonTarget	1	127220
509.056	n/a	NonTarget	1	127264
509.232	n/a	Target	2	127308
509.404	n/a	NonTarget	1	127351
509.58	n/a	NonTarget	1	127395
509.756	n/a	NonTarget	1	127439
509.928	n/a	NonTarget	1	127482
510.104	n/a	Target	2	127526
510.28	n/a	NonTarget	1	127570
510.456	n/a	NonTarget	1	127614
510.636	n/a	NonTarget	1	127659
510.812	n/a	NonTarget	1	127703
510.98	n/a	NonTarget	1	127745
511.156	n/a	NonTarget	1	127789
511.328	n/a	Target	2	127832
511.504	n/a	NonTarget	1	127876
511.68	n/a	NonTarget	1	127920
511.856	n/a	NonTarget	1	127964
512.032	n/a	NonTarget	1	128008
512.204	n/a	Target	2	128051
512.38	n/a	NonTarget	1	128095
527.228	n/a	NonTarget	1	131807
527.404	n/a	NonTarget	1	131851
527.58	n/a	NonTarget	1	131895
527.764	n/a	Target	2	131941
527.928	n/a	NonTarget	1	131982
528.104	n/a	NonTarget	1	132026
528.28	n/a	NonTarget	1	132070
528.456	n/a	NonTarget	1	132114
528.628	n/a	NonTarget	1	132157
528.804	n/a	Target	2	132201
528.98	n/a	NonTarget	1	132245
529.156	n/a	NonTarget	1	132289
529.328	n/a	NonTarget	1	132332
529.504	n/a	NonTarget	1	132376
529.68	n/a	NonTarget	1	132420
529.856	n/a	NonTarget	1	132464
530.028	n/a	Target	2	132507
530.204	n/a	NonTarget	1	132551
530.38	n/a	NonTarget	1	132595
530.552	n/a	NonTarget	1	132638
530.728	n/a	NonTarget	1	132682
530.904	n/a	Target	2	132726
531.08	n/a	NonTarget	1	132770
531.256	n/a	NonTarget	1	132814
531.428	n/a	NonTarget	1	132857
531.612	n/a	NonTarget	1	132903
531.78	n/a	NonTarget	1	132945
531.956	n/a	Target	2	132989
532.128	n/a	NonTarget	1	133032
532.304	n/a	NonTarget	1	133076
532.476	n/a	NonTarget	1	133119
532.652	n/a	NonTarget	1	133163
532.828	n/a	Target	2	133207
533.004	n/a	NonTarget	1	133251
533.18	n/a	NonTarget	1	133295
533.356	n/a	NonTarget	1	133339
533.528	n/a	NonTarget	1	133382
533.704	n/a	Target	2	133426
533.88	n/a	NonTarget	1	133470
534.056	n/a	NonTarget	1	133514
534.228	n/a	NonTarget	1	133557
534.404	n/a	NonTarget	1	133601
534.576	n/a	NonTarget	1	133644
534.752	n/a	Target	2	133688
534.928	n/a	NonTarget	1	133732
535.104	n/a	NonTarget	1	133776
535.284	n/a	NonTarget	1	133821
535.456	n/a	NonTarget	1	133864
535.628	n/a	NonTarget	1	133907
535.804	n/a	NonTarget	1	133951
535.98	n/a	NonTarget	1	133995
536.16	n/a	NonTarget	1	134040
536.328	n/a	NonTarget	1	134082
536.504	n/a	Target	2	134126
536.68	n/a	NonTarget	1	134170
536.856	n/a	NonTarget	1	134214
537.036	n/a	NonTarget	1	134259
537.204	n/a	NonTarget	1	134301
537.38	n/a	NonTarget	1	134345
537.552	n/a	Target	2	134388
537.728	n/a	NonTarget	1	134432
537.904	n/a	NonTarget	1	134476
538.084	n/a	NonTarget	1	134521
538.256	n/a	NonTarget	1	134564
538.428	n/a	Target	2	134607
538.604	n/a	NonTarget	1	134651
538.78	n/a	NonTarget	1	134695
538.956	n/a	NonTarget	1	134739
539.132	n/a	NonTarget	1	134783
539.304	n/a	Target	2	134826
539.476	n/a	NonTarget	1	134869
539.652	n/a	NonTarget	1	134913
539.828	n/a	NonTarget	1	134957
540.004	n/a	NonTarget	1	135001
540.176	n/a	NonTarget	1	135044
540.352	n/a	NonTarget	1	135088
540.528	n/a	NonTarget	1	135132
540.704	n/a	Target	2	135176
540.876	n/a	NonTarget	1	135219
541.052	n/a	NonTarget	1	135263
541.228	n/a	Target	2	135307
541.404	n/a	NonTarget	1	135351
541.576	n/a	NonTarget	1	135394
541.752	n/a	NonTarget	1	135438
541.928	n/a	NonTarget	1	135482
542.104	n/a	Target	2	135526
542.276	n/a	NonTarget	1	135569
542.452	n/a	NonTarget	1	135613
542.628	n/a	NonTarget	1	135657
542.804	n/a	NonTarget	1	135701
563.428	n/a	NonTarget	1	140857
563.604	n/a	NonTarget	1	140901
563.776	n/a	Target	2	140944
563.952	n/a	NonTarget	1	140988
564.128	n/a	NonTarget	1	141032
564.3	n/a	NonTarget	1	141075
564.476	n/a	NonTarget	1	141119
564.652	n/a	NonTarget	1	141163
564.828	n/a	NonTarget	1	141207
565.004	n/a	NonTarget	1	141251
565.176	n/a	NonTarget	1	141294
565.352	n/a	Target	2	141338
565.528	n/a	NonTarget	1	141382
565.7	n/a	NonTarget	1	141425
565.876	n/a	NonTarget	1	141469
566.052	n/a	NonTarget	1	141513
566.228	n/a	NonTarget	1	141557
566.4	n/a	Target	2	141600
566.576	n/a	NonTarget	1	141644
566.752	n/a	NonTarget	1	141688
566.928	n/a	NonTarget	1	141732
567.1	n/a	NonTarget	1	141775
567.276	n/a	NonTarget	1	141819
567.452	n/a	Target	2	141863
567.628	n/a	NonTarget	1	141907
567.812	n/a	NonTarget	1	141953
567.976	n/a	NonTarget	1	141994
568.152	n/a	NonTarget	1	142038
568.324	n/a	NonTarget	1	142081
568.5	n/a	Target	2	142125
568.68	n/a	NonTarget	1	142170
568.852	n/a	NonTarget	1	142213
569.024	n/a	NonTarget	1	142256
569.204	n/a	NonTarget	1	142301
569.376	n/a	Target	2	142344
569.552	n/a	NonTarget	1	142388
569.728	n/a	NonTarget	1	142432
569.9	n/a	NonTarget	1	142475
570.076	n/a	NonTarget	1	142519
570.252	n/a	NonTarget	1	142563
570.428	n/a	NonTarget	1	142607
570.6	n/a	Target	2	142650
570.776	n/a	NonTarget	1	142694
570.952	n/a	NonTarget	1	142738
571.128	n/a	Target	2	142782
571.3	n/a	NonTarget	1	142825
571.48	n/a	NonTarget	1	142870
571.652	n/a	NonTarget	1	142913
571.828	n/a	NonTarget	1	142957
572.008	n/a	Target	2	143002
572.176	n/a	NonTarget	1	143044
572.348	n/a	NonTarget	1	143087
572.524	n/a	NonTarget	1	143131
572.7	n/a	NonTarget	1	143175
572.876	n/a	NonTarget	1	143219
573.052	n/a	NonTarget	1	143263
573.236	n/a	NonTarget	1	143309
573.4	n/a	NonTarget	1	143350
573.576	n/a	NonTarget	1	143394
573.752	n/a	Target	2	143438
573.928	n/a	NonTarget	1	143482
574.108	n/a	NonTarget	1	143527
574.276	n/a	NonTarget	1	143569
574.448	n/a	NonTarget	1	143612
574.624	n/a	NonTarget	1	143656
574.8	n/a	Target	2	143700
574.976	n/a	NonTarget	1	143744
575.152	n/a	NonTarget	1	143788
575.328	n/a	NonTarget	1	143832
575.5	n/a	NonTarget	1	143875
575.676	n/a	NonTarget	1	143919
575.852	n/a	Target	2	143963
576.028	n/a	NonTarget	1	144007
576.208	n/a	NonTarget	1	144052
576.376	n/a	NonTarget	1	144094
576.552	n/a	NonTarget	1	144138
576.724	n/a	NonTarget	1	144181
576.9	n/a	Target	2	144225
577.08	n/a	NonTarget	1	144270
577.252	n/a	NonTarget	1	144313
577.428	n/a	NonTarget	1	144357
577.6	n/a	NonTarget	1	144400
577.78	n/a	Target	2	144445
577.952	n/a	NonTarget	1	144488
578.128	n/a	NonTarget	1	144532
578.3	n/a	NonTarget	1	144575
578.476	n/a	NonTarget	1	144619
578.648	n/a	Target	2	144662
578.828	n/a	NonTarget	1	144707
579.0	n/a	NonTarget	1	144750
594.908	n/a	NonTarget	1	148727
595.084	n/a	Target	2	148771
595.26	n/a	NonTarget	1	148815
595.436	n/a	NonTarget	1	148859
595.608	n/a	NonTarget	1	148902
595.784	n/a	NonTarget	1	148946
595.96	n/a	NonTarget	1	148990
596.136	n/a	NonTarget	1	149034
596.312	n/a	Target	2	149078
596.484	n/a	NonTarget	1	149121
596.664	n/a	NonTarget	1	149166
596.836	n/a	NonTarget	1	149209
597.008	n/a	NonTarget	1	149252
597.188	n/a	NonTarget	1	149297
597.36	n/a	NonTarget	1	149340
597.536	n/a	NonTarget	1	149384
597.708	n/a	NonTarget	1	149427
597.884	n/a	Target	2	149471
598.06	n/a	NonTarget	1	149515
598.232	n/a	NonTarget	1	149558
598.408	n/a	NonTarget	1	149602
598.584	n/a	NonTarget	1	149646
598.76	n/a	Target	2	149690
598.936	n/a	NonTarget	1	149734
599.108	n/a	NonTarget	1	149777
599.284	n/a	NonTarget	1	149821
599.46	n/a	NonTarget	1	149865
599.64	n/a	NonTarget	1	149910
599.808	n/a	NonTarget	1	149952
599.984	n/a	Target	2	149996
600.164	n/a	NonTarget	1	150041
600.332	n/a	NonTarget	1	150083
600.508	n/a	NonTarget	1	150127
600.684	n/a	NonTarget	1	150171
600.86	n/a	Target	2	150215
601.04	n/a	NonTarget	1	150260
601.208	n/a	NonTarget	1	150302
601.384	n/a	Target	2	150346
601.564	n/a	NonTarget	1	150391
601.736	n/a	NonTarget	1	150434
601.924	n/a	NonTarget	1	150481
602.084	n/a	NonTarget	1	150521
602.26	n/a	NonTarget	1	150565
602.432	n/a	NonTarget	1	150608
602.608	n/a	NonTarget	1	150652
602.784	n/a	Target	2	150696
602.96	n/a	NonTarget	1	150740
603.136	n/a	NonTarget	1	150784
603.312	n/a	NonTarget	1	150828
603.492	n/a	Target	2	150873
603.66	n/a	NonTarget	1	150915
603.836	n/a	NonTarget	1	150959
604.012	n/a	NonTarget	1	151003
604.184	n/a	NonTarget	1	151046
604.356	n/a	Target	2	151089
604.532	n/a	NonTarget	1	151133
604.708	n/a	NonTarget	1	151177
604.884	n/a	NonTarget	1	151221
605.06	n/a	NonTarget	1	151265
605.236	n/a	NonTarget	1	151309
605.408	n/a	NonTarget	1	151352
605.584	n/a	NonTarget	1	151396
605.76	n/a	Target	2	151440
605.936	n/a	NonTarget	1	151484
606.108	n/a	NonTarget	1	151527
606.284	n/a	NonTarget	1	151571
606.456	n/a	Target	2	151614
606.632	n/a	NonTarget	1	151658
606.808	n/a	NonTarget	1	151702
606.984	n/a	NonTarget	1	151746
607.16	n/a	NonTarget	1	151790
607.336	n/a	NonTarget	1	151834
607.508	n/a	Target	2	151877
607.692	n/a	NonTarget	1	151923
607.86	n/a	NonTarget	1	151965
608.052	n/a	NonTarget	1	152013
608.208	n/a	NonTarget	1	152052
608.384	n/a	NonTarget	1	152096
608.556	n/a	NonTarget	1	152139
608.732	n/a	NonTarget	1	152183
608.92	n/a	Target	2	152230
609.084	n/a	NonTarget	1	152271
609.26	n/a	NonTarget	1	152315
609.44	n/a	NonTarget	1	152360
609.608	n/a	NonTarget	1	152402
609.792	n/a	NonTarget	1	152448
609.96	n/a	NonTarget	1	152490
610.136	n/a	NonTarget	1	152534
610.312	n/a	Target	2	152578
610.484	n/a	NonTarget	1	152621
636.076	n/a	NonTarget	1	159019
636.252	n/a	NonTarget	1	159063
636.428	n/a	NonTarget	1	159107
636.6	n/a	NonTarget	1	159150
636.776	n/a	Target	2	159194
636.956	n/a	NonTarget	1	159239
637.128	n/a	NonTarget	1	159282
637.3	n/a	NonTarget	1	159325
637.476	n/a	NonTarget	1	159369
637.656	n/a	NonTarget	1	159414
637.828	n/a	NonTarget	1	159457
638.004	n/a	Target	2	159501
638.176	n/a	NonTarget	1	159544
638.352	n/a	NonTarget	1	159588
638.528	n/a	NonTarget	1	159632
638.7	n/a	NonTarget	1	159675
638.876	n/a	NonTarget	1	159719
639.052	n/a	Target	2	159763
639.228	n/a	NonTarget	1	159807
639.4	n/a	NonTarget	1	159850
639.576	n/a	NonTarget	1	159894
639.752	n/a	NonTarget	1	159938
639.928	n/a	NonTarget	1	159982
640.1	n/a	Target	2	160025
640.28	n/a	NonTarget	1	160070
640.452	n/a	NonTarget	1	160113
640.632	n/a	Target	2	160158
640.8	n/a	NonTarget	1	160200
640.976	n/a	NonTarget	1	160244
641.152	n/a	NonTarget	1	160288
641.328	n/a	NonTarget	1	160332
641.5	n/a	Target	2	160375
641.676	n/a	NonTarget	1	160419
641.852	n/a	NonTarget	1	160463
642.028	n/a	NonTarget	1	160507
642.204	n/a	NonTarget	1	160551
642.376	n/a	NonTarget	1	160594
642.552	n/a	NonTarget	1	160638
642.728	n/a	Target	2	160682
642.9	n/a	NonTarget	1	160725
643.076	n/a	NonTarget	1	160769
643.252	n/a	NonTarget	1	160813
643.428	n/a	Target	2	160857
643.6	n/a	NonTarget	1	160900
643.776	n/a	NonTarget	1	160944
643.952	n/a	NonTarget	1	160988
644.128	n/a	NonTarget	1	161032
644.3	n/a	NonTarget	1	161075
644.476	n/a	NonTarget	1	161119
644.652	n/a	NonTarget	1	161163
644.832	n/a	Target	2	161208
645.016	n/a	NonTarget	1	161254
645.176	n/a	NonTarget	1	161294
645.352	n/a	NonTarget	1	161338
645.528	n/a	NonTarget	1	161382
645.7	n/a	Target	2	161425
645.876	n/a	NonTarget	1	161469
646.052	n/a	NonTarget	1	161513
646.228	n/a	NonTarget	1	161557
646.404	n/a	NonTarget	1	161601
646.576	n/a	Target	2	161644
646.752	n/a	NonTarget	1	161688
646.928	n/a	NonTarget	1	161732
647.1	n/a	NonTarget	1	161775
647.276	n/a	NonTarget	1	161819
647.452	n/a	NonTarget	1	161863
647.628	n/a	Target	2	161907
647.804	n/a	NonTarget	1	161951
647.976	n/a	NonTarget	1	161994
648.152	n/a	NonTarget	1	162038
648.328	n/a	NonTarget	1	162082
648.5	n/a	NonTarget	1	162125
648.676	n/a	NonTarget	1	162169
648.852	n/a	NonTarget	1	162213
649.028	n/a	Target	2	162257
649.2	n/a	NonTarget	1	162300
649.376	n/a	NonTarget	1	162344
649.552	n/a	NonTarget	1	162388
649.728	n/a	Target	2	162432
649.9	n/a	NonTarget	1	162475
650.092	n/a	NonTarget	1	162523
650.252	n/a	NonTarget	1	162563
650.428	n/a	NonTarget	1	162607
650.6	n/a	NonTarget	1	162650
650.776	n/a	NonTarget	1	162694
650.952	n/a	NonTarget	1	162738
651.128	n/a	NonTarget	1	162782
651.3	n/a	Target	2	162825
651.48	n/a	NonTarget	1	162870
651.652	n/a	NonTarget	1	162913
667.476	n/a	NonTarget	1	166869
667.652	n/a	NonTarget	1	166913
667.828	n/a	NonTarget	1	166957
668.0	n/a	NonTarget	1	167000
668.176	n/a	NonTarget	1	167044
668.352	n/a	Target	2	167088
668.524	n/a	NonTarget	1	167131
668.7	n/a	NonTarget	1	167175
668.88	n/a	Target	2	167220
669.052	n/a	NonTarget	1	167263
669.228	n/a	NonTarget	1	167307
669.404	n/a	NonTarget	1	167351
669.576	n/a	Target	2	167394
669.752	n/a	NonTarget	1	167438
669.928	n/a	NonTarget	1	167482
670.1	n/a	NonTarget	1	167525
670.276	n/a	NonTarget	1	167569
670.452	n/a	NonTarget	1	167613
670.628	n/a	NonTarget	1	167657
670.8	n/a	NonTarget	1	167700
670.976	n/a	Target	2	167744
671.152	n/a	NonTarget	1	167788
671.328	n/a	NonTarget	1	167832
671.512	n/a	NonTarget	1	167878
671.676	n/a	Target	2	167919
671.852	n/a	NonTarget	1	167963
672.028	n/a	NonTarget	1	168007
672.216	n/a	NonTarget	1	168054
672.376	n/a	NonTarget	1	168094
672.552	n/a	NonTarget	1	168138
672.728	n/a	NonTarget	1	168182
672.9	n/a	NonTarget	1	168225
673.076	n/a	NonTarget	1	168269
673.256	n/a	NonTarget	1	168314
673.428	n/a	Target	2	168357
673.604	n/a	NonTarget	1	168401
673.776	n/a	NonTarget	1	168444
673.952	n/a	NonTarget	1	168488
674.128	n/a	NonTarget	1	168532
674.3	n/a	Target	2	168575
674.476	n/a	NonTarget	1	168619
674.652	n/a	NonTarget	1	168663
674.828	n/a	Target	2	168707
675.0	n/a	NonTarget	1	168750
675.176	n/a	NonTarget	1	168794
675.352	n/a	NonTarget	1	168838
675.528	n/a	NonTarget	1	168882
675.7	n/a	NonTarget	1	168925
675.884	n/a	NonTarget	1	168971
676.064	n/a	NonTarget	1	169016
676.228	n/a	NonTarget	1	169057
676.4	n/a	Target	2	169100
676.576	n/a	NonTarget	1	169144
676.752	n/a	NonTarget	1	169188
676.936	n/a	Target	2	169234
677.1	n/a	NonTarget	1	169275
677.276	n/a	NonTarget	1	169319
677.452	n/a	NonTarget	1	169363
677.628	n/a	NonTarget	1	169407
677.8	n/a	NonTarget	1	169450
677.976	n/a	NonTarget	1	169494
678.168	n/a	NonTarget	1	169542
678.328	n/a	Target	2	169582
678.5	n/a	NonTarget	1	169625
678.676	n/a	NonTarget	1	169669
678.852	n/a	NonTarget	1	169713
679.028	n/a	NonTarget	1	169757
679.2	n/a	Target	2	169800
679.376	n/a	NonTarget	1	169844
679.552	n/a	NonTarget	1	169888
679.728	n/a	NonTarget	1	169932
679.904	n/a	NonTarget	1	169976
680.076	n/a	NonTarget	1	170019
680.252	n/a	NonTarget	1	170063
680.428	n/a	NonTarget	1	170107
680.6	n/a	Target	2	170150
680.776	n/a	NonTarget	1	170194
680.952	n/a	NonTarget	1	170238
681.128	n/a	Target	2	170282
681.3	n/a	NonTarget	1	170325
681.48	n/a	NonTarget	1	170370
681.652	n/a	NonTarget	1	170413
681.828	n/a	NonTarget	1	170457
682.004	n/a	NonTarget	1	170501
682.176	n/a	NonTarget	1	170544
682.352	n/a	NonTarget	1	170588
682.528	n/a	NonTarget	1	170632
682.7	n/a	Target	2	170675
682.876	n/a	NonTarget	1	170719
683.056	n/a	NonTarget	1	170764
704.02	n/a	NonTarget	1	176005
704.196	n/a	NonTarget	1	176049
704.368	n/a	NonTarget	1	176092
704.548	n/a	NonTarget	1	176137
704.72	n/a	NonTarget	1	176180
704.896	n/a	Target	2	176224
705.068	n/a	NonTarget	1	176267
705.244	n/a	NonTarget	1	176311
705.42	n/a	NonTarget	1	176355
705.592	n/a	NonTarget	1	176398
705.768	n/a	NonTarget	1	176442
705.944	n/a	Target	2	176486
706.124	n/a	NonTarget	1	176531
706.296	n/a	NonTarget	1	176574
706.476	n/a	NonTarget	1	176619
706.644	n/a	Target	2	176661
706.82	n/a	NonTarget	1	176705
707.0	n/a	NonTarget	1	176750
707.168	n/a	NonTarget	1	176792
707.344	n/a	NonTarget	1	176836
707.52	n/a	NonTarget	1	176880
707.692	n/a	Target	2	176923
707.868	n/a	NonTarget	1	176967
708.048	n/a	NonTarget	1	177012
708.236	n/a	NonTarget	1	177059
708.4	n/a	NonTarget	1	177100
708.58	n/a	Target	2	177145
708.744	n/a	NonTarget	1	177186
708.92	n/a	NonTarget	1	177230
709.092	n/a	NonTarget	1	177273
709.268	n/a	NonTarget	1	177317
709.444	n/a	NonTarget	1	177361
709.62	n/a	NonTarget	1	177405
709.792	n/a	NonTarget	1	177448
709.968	n/a	Target	2	177492
710.144	n/a	NonTarget	1	177536
710.32	n/a	NonTarget	1	177580
710.492	n/a	NonTarget	1	177623
710.68	n/a	NonTarget	1	177670
710.844	n/a	Target	2	177711
711.02	n/a	NonTarget	1	177755
711.192	n/a	NonTarget	1	177798
711.368	n/a	Target	2	177842
711.544	n/a	NonTarget	1	177886
711.72	n/a	NonTarget	1	177930
711.892	n/a	NonTarget	1	177973
712.068	n/a	NonTarget	1	178017
712.244	n/a	NonTarget	1	178061
712.42	n/a	NonTarget	1	178105
712.596	n/a	NonTarget	1	178149
712.768	n/a	NonTarget	1	178192
712.944	n/a	NonTarget	1	178236
713.12	n/a	NonTarget	1	178280
713.292	n/a	Target	2	178323
713.468	n/a	NonTarget	1	178367
713.644	n/a	NonTarget	1	178411
713.82	n/a	NonTarget	1	178455
713.992	n/a	NonTarget	1	178498
714.168	n/a	Target	2	178542
714.344	n/a	NonTarget	1	178586
714.52	n/a	NonTarget	1	178630
714.692	n/a	NonTarget	1	178673
714.868	n/a	NonTarget	1	178717
715.044	n/a	NonTarget	1	178761
715.22	n/a	Target	2	178805
715.396	n/a	NonTarget	1	178849
715.572	n/a	NonTarget	1	178893
715.744	n/a	NonTarget	1	178936
715.932	n/a	NonTarget	1	178983
716.092	n/a	NonTarget	1	179023
716.268	n/a	NonTarget	1	179067
716.444	n/a	Target	2	179111
716.62	n/a	NonTarget	1	179155
716.792	n/a	NonTarget	1	179198
716.968	n/a	NonTarget	1	179242
717.144	n/a	NonTarget	1	179286
717.32	n/a	NonTarget	1	179330
717.492	n/a	Target	2	179373
717.668	n/a	NonTarget	1	179417
717.844	n/a	NonTarget	1	179461
718.02	n/a	NonTarget	1	179505
718.192	n/a	NonTarget	1	179548
718.368	n/a	NonTarget	1	179592
718.548	n/a	Target	2	179637
718.72	n/a	NonTarget	1	179680
718.892	n/a	NonTarget	1	179723
719.068	n/a	Target	2	179767
719.244	n/a	NonTarget	1	179811
719.42	n/a	NonTarget	1	179855
719.592	n/a	NonTarget	1	179898
734.42	n/a	NonTarget	1	183605
734.6	n/a	NonTarget	1	183650
734.768	n/a	Target	2	183692
734.944	n/a	NonTarget	1	183736
735.12	n/a	NonTarget	1	183780
735.296	n/a	NonTarget	1	183824
735.476	n/a	NonTarget	1	183869
735.644	n/a	Target	2	183911
735.82	n/a	NonTarget	1	183955
735.996	n/a	NonTarget	1	183999
736.168	n/a	NonTarget	1	184042
736.352	n/a	NonTarget	1	184088
736.52	n/a	NonTarget	1	184130
736.696	n/a	Target	2	184174
736.876	n/a	NonTarget	1	184219
737.044	n/a	NonTarget	1	184261
737.22	n/a	NonTarget	1	184305
737.396	n/a	NonTarget	1	184349
737.568	n/a	NonTarget	1	184392
737.744	n/a	NonTarget	1	184436
737.936	n/a	NonTarget	1	184484
738.096	n/a	Target	2	184524
738.268	n/a	NonTarget	1	184567
738.448	n/a	NonTarget	1	184612
738.62	n/a	Target	2	184655
738.796	n/a	NonTarget	1	184699
738.972	n/a	NonTarget	1	184743
739.144	n/a	NonTarget	1	184786
739.328	n/a	NonTarget	1	184832
739.496	n/a	NonTarget	1	184874
739.68	n/a	NonTarget	1	184920
739.844	n/a	Target	2	184961
740.02	n/a	NonTarget	1	185005
740.196	n/a	NonTarget	1	185049
740.368	n/a	NonTarget	1	185092
740.544	n/a	NonTarget	1	185136
740.724	n/a	NonTarget	1	185181
740.896	n/a	NonTarget	1	185224
741.068	n/a	NonTarget	1	185267
741.248	n/a	NonTarget	1	185312
741.42	n/a	Target	2	185355
741.608	n/a	NonTarget	1	185402
741.768	n/a	NonTarget	1	185442
741.944	n/a	NonTarget	1	185486
742.12	n/a	NonTarget	1	185530
742.296	n/a	Target	2	185574
742.468	n/a	NonTarget	1	185617
742.644	n/a	NonTarget	1	185661
742.82	n/a	NonTarget	1	185705
743.0	n/a	NonTarget	1	185750
743.172	n/a	NonTarget	1	185793
743.344	n/a	Target	2	185836
743.52	n/a	NonTarget	1	185880
743.696	n/a	NonTarget	1	185924
743.868	n/a	NonTarget	1	185967
744.044	n/a	NonTarget	1	186011
744.228	n/a	Target	2	186057
744.4	n/a	NonTarget	1	186100
744.572	n/a	NonTarget	1	186143
744.744	n/a	NonTarget	1	186186
744.924	n/a	NonTarget	1	186231
745.096	n/a	Target	2	186274
745.268	n/a	NonTarget	1	186317
745.444	n/a	NonTarget	1	186361
745.62	n/a	NonTarget	1	186405
745.796	n/a	NonTarget	1	186449
745.968	n/a	Target	2	186492
746.144	n/a	NonTarget	1	186536
746.32	n/a	NonTarget	1	186580
746.496	n/a	NonTarget	1	186624
746.688	n/a	NonTarget	1	186672
746.844	n/a	NonTarget	1	186711
747.02	n/a	NonTarget	1	186755
747.204	n/a	NonTarget	1	186801
747.368	n/a	Target	2	186842
747.548	n/a	NonTarget	1	186887
747.72	n/a	NonTarget	1	186930
747.896	n/a	NonTarget	1	186974
748.072	n/a	NonTarget	1	187018
748.244	n/a	Target	2	187061
748.42	n/a	NonTarget	1	187105
748.596	n/a	NonTarget	1	187149
748.768	n/a	NonTarget	1	187192
748.944	n/a	NonTarget	1	187236
749.12	n/a	NonTarget	1	187280
749.296	n/a	Target	2	187324
749.468	n/a	NonTarget	1	187367
749.644	n/a	NonTarget	1	187411
749.824	n/a	NonTarget	1	187456
749.996	n/a	NonTarget	1	187499
770.66	n/a	NonTarget	1	192665
770.848	n/a	NonTarget	1	192712
771.008	n/a	NonTarget	1	192752
771.184	n/a	NonTarget	1	192796
771.36	n/a	NonTarget	1	192840
771.532	n/a	Target	2	192883
771.708	n/a	NonTarget	1	192927
771.884	n/a	NonTarget	1	192971
772.06	n/a	Target	2	193015
772.236	n/a	NonTarget	1	193059
772.408	n/a	NonTarget	1	193102
772.588	n/a	NonTarget	1	193147
772.76	n/a	NonTarget	1	193190
772.936	n/a	NonTarget	1	193234
773.108	n/a	NonTarget	1	193277
773.284	n/a	NonTarget	1	193321
773.464	n/a	NonTarget	1	193366
773.636	n/a	Target	2	193409
773.816	n/a	NonTarget	1	193454
773.984	n/a	NonTarget	1	193496
774.16	n/a	NonTarget	1	193540
774.332	n/a	NonTarget	1	193583
774.508	n/a	Target	2	193627
774.684	n/a	NonTarget	1	193671
774.86	n/a	NonTarget	1	193715
775.032	n/a	Target	2	193758
775.208	n/a	NonTarget	1	193802
775.384	n/a	NonTarget	1	193846
775.56	n/a	NonTarget	1	193890
775.732	n/a	NonTarget	1	193933
775.908	n/a	NonTarget	1	193977
776.084	n/a	Target	2	194021
776.26	n/a	NonTarget	1	194065
776.436	n/a	NonTarget	1	194109
776.616	n/a	NonTarget	1	194154
776.784	n/a	NonTarget	1	194196
776.96	n/a	Target	2	194240
777.14	n/a	NonTarget	1	194285
777.308	n/a	NonTarget	1	194327
777.484	n/a	NonTarget	1	194371
777.66	n/a	NonTarget	1	194415
777.832	n/a	NonTarget	1	194458
778.008	n/a	NonTarget	1	194502
778.184	n/a	NonTarget	1	194546
778.36	n/a	Target	2	194590
778.536	n/a	NonTarget	1	194634
778.716	n/a	NonTarget	1	194679
778.884	n/a	NonTarget	1	194721
779.06	n/a	NonTarget	1	194765
779.232	n/a	Target	2	194808
779.408	n/a	NonTarget	1	194852
779.584	n/a	NonTarget	1	194896
779.76	n/a	NonTarget	1	194940
779.932	n/a	NonTarget	1	194983
780.108	n/a	NonTarget	1	195027
780.284	n/a	NonTarget	1	195071
780.46	n/a	NonTarget	1	195115
780.632	n/a	NonTarget	1	195158
780.808	n/a	Target	2	195202
780.984	n/a	NonTarget	1	195246
781.16	n/a	NonTarget	1	195290
781.332	n/a	NonTarget	1	195333
781.508	n/a	NonTarget	1	195377
781.684	n/a	Target	2	195421
781.86	n/a	NonTarget	1	195465
782.032	n/a	NonTarget	1	195508
782.208	n/a	NonTarget	1	195552
782.384	n/a	NonTarget	1	195596
782.56	n/a	NonTarget	1	195640
782.74	n/a	Target	2	195685
782.908	n/a	NonTarget	1	195727
783.084	n/a	NonTarget	1	195771
783.264	n/a	NonTarget	1	195816
783.432	n/a	NonTarget	1	195858
783.608	n/a	NonTarget	1	195902
783.784	n/a	NonTarget	1	195946
783.96	n/a	NonTarget	1	195990
784.132	n/a	Target	2	196033
784.308	n/a	NonTarget	1	196077
784.484	n/a	NonTarget	1	196121
784.664	n/a	NonTarget	1	196166
784.836	n/a	NonTarget	1	196209
785.008	n/a	NonTarget	1	196252
785.184	n/a	Target	2	196296
785.36	n/a	NonTarget	1	196340
785.532	n/a	NonTarget	1	196383
785.712	n/a	NonTarget	1	196428
785.884	n/a	NonTarget	1	196471
786.064	n/a	NonTarget	1	196516
786.232	n/a	Target	2	196558
801.276	n/a	NonTarget	1	200319
801.452	n/a	NonTarget	1	200363
801.628	n/a	Target	2	200407
801.804	n/a	NonTarget	1	200451
801.98	n/a	NonTarget	1	200495
802.156	n/a	NonTarget	1	200539
802.336	n/a	NonTarget	1	200584
802.504	n/a	Target	2	200626
802.68	n/a	NonTarget	1	200670
802.852	n/a	NonTarget	1	200713
803.032	n/a	NonTarget	1	200758
803.208	n/a	NonTarget	1	200802
803.38	n/a	NonTarget	1	200845
803.552	n/a	NonTarget	1	200888
803.728	n/a	NonTarget	1	200932
803.904	n/a	NonTarget	1	200976
804.084	n/a	NonTarget	1	201021
804.252	n/a	Target	2	201063
804.428	n/a	NonTarget	1	201107
804.604	n/a	NonTarget	1	201151
804.78	n/a	Target	2	201195
804.952	n/a	NonTarget	1	201238
805.128	n/a	NonTarget	1	201282
805.304	n/a	NonTarget	1	201326
805.48	n/a	NonTarget	1	201370
805.664	n/a	Target	2	201416
805.828	n/a	NonTarget	1	201457
806.004	n/a	NonTarget	1	201501
806.18	n/a	NonTarget	1	201545
806.352	n/a	NonTarget	1	201588
806.528	n/a	Target	2	201632
806.704	n/a	NonTarget	1	201676
806.88	n/a	NonTarget	1	201720
807.052	n/a	NonTarget	1	201763
807.228	n/a	NonTarget	1	201807
807.404	n/a	NonTarget	1	201851
807.584	n/a	NonTarget	1	201896
807.752	n/a	NonTarget	1	201938
807.928	n/a	NonTarget	1	201982
808.104	n/a	Target	2	202026
808.28	n/a	NonTarget	1	202070
808.452	n/a	NonTarget	1	202113
808.628	n/a	NonTarget	1	202157
808.804	n/a	NonTarget	1	202201
808.98	n/a	NonTarget	1	202245
809.16	n/a	Target	2	202290
809.328	n/a	NonTarget	1	202332
809.504	n/a	NonTarget	1	202376
809.68	n/a	NonTarget	1	202420
809.852	n/a	NonTarget	1	202463
810.028	n/a	NonTarget	1	202507
810.204	n/a	Target	2	202551
810.38	n/a	NonTarget	1	202595
810.552	n/a	NonTarget	1	202638
810.728	n/a	NonTarget	1	202682
810.904	n/a	NonTarget	1	202726
811.08	n/a	NonTarget	1	202770
811.252	n/a	NonTarget	1	202813
811.428	n/a	Target	2	202857
811.604	n/a	NonTarget	1	202901
811.78	n/a	NonTarget	1	202945
811.952	n/a	NonTarget	1	202988
812.132	n/a	NonTarget	1	203033
812.304	n/a	NonTarget	1	203076
812.484	n/a	NonTarget	1	203121
812.652	n/a	Target	2	203163
812.828	n/a	NonTarget	1	203207
813.004	n/a	NonTarget	1	203251
813.18	n/a	NonTarget	1	203295
813.352	n/a	NonTarget	1	203338
813.528	n/a	Target	2	203382
813.704	n/a	NonTarget	1	203426
813.88	n/a	NonTarget	1	203470
814.052	n/a	NonTarget	1	203513
814.232	n/a	NonTarget	1	203558
814.404	n/a	Target	2	203601
814.58	n/a	NonTarget	1	203645
814.752	n/a	NonTarget	1	203688
814.928	n/a	Target	2	203732
815.104	n/a	NonTarget	1	203776
815.28	n/a	NonTarget	1	203820
815.452	n/a	NonTarget	1	203863
815.628	n/a	NonTarget	1	203907
815.804	n/a	NonTarget	1	203951
815.98	n/a	NonTarget	1	203995
816.16	n/a	NonTarget	1	204040
816.328	n/a	NonTarget	1	204082
816.504	n/a	Target	2	204126
816.684	n/a	NonTarget	1	204171
816.852	n/a	NonTarget	1	204213
842.264	n/a	NonTarget	1	210566
842.44	n/a	NonTarget	1	210610
842.616	n/a	Target	2	210654
842.792	n/a	NonTarget	1	210698
842.964	n/a	NonTarget	1	210741
843.14	n/a	NonTarget	1	210785
843.316	n/a	NonTarget	1	210829
843.492	n/a	NonTarget	1	210873
843.664	n/a	NonTarget	1	210916
843.844	n/a	Target	2	210961
844.016	n/a	NonTarget	1	211004
844.192	n/a	NonTarget	1	211048
844.368	n/a	NonTarget	1	211092
844.54	n/a	Target	2	211135
844.724	n/a	NonTarget	1	211181
844.892	n/a	NonTarget	1	211223
845.064	n/a	NonTarget	1	211266
845.24	n/a	NonTarget	1	211310
845.416	n/a	NonTarget	1	211354
845.592	n/a	NonTarget	1	211398
845.764	n/a	NonTarget	1	211441
845.94	n/a	Target	2	211485
846.124	n/a	NonTarget	1	211531
846.292	n/a	NonTarget	1	211573
846.464	n/a	NonTarget	1	211616
846.64	n/a	NonTarget	1	211660
846.816	n/a	Target	2	211704
846.992	n/a	NonTarget	1	211748
847.168	n/a	NonTarget	1	211792
847.356	n/a	NonTarget	1	211839
847.516	n/a	Target	2	211879
847.692	n/a	NonTarget	1	211923
847.864	n/a	NonTarget	1	211966
848.04	n/a	NonTarget	1	212010
848.216	n/a	NonTarget	1	212054
848.392	n/a	NonTarget	1	212098
848.572	n/a	NonTarget	1	212143
848.74	n/a	Target	2	212185
848.916	n/a	NonTarget	1	212229
849.092	n/a	NonTarget	1	212273
849.264	n/a	NonTarget	1	212316
849.44	n/a	NonTarget	1	212360
849.616	n/a	Target	2	212404
849.792	n/a	NonTarget	1	212448
849.964	n/a	NonTarget	1	212491
850.14	n/a	NonTarget	1	212535
850.316	n/a	NonTarget	1	212579
850.492	n/a	NonTarget	1	212623
850.664	n/a	NonTarget	1	212666
850.84	n/a	NonTarget	1	212710
851.016	n/a	NonTarget	1	212754
851.192	n/a	NonTarget	1	212798
851.376	n/a	Target	2	212844
851.54	n/a	NonTarget	1	212885
851.716	n/a	NonTarget	1	212929
851.896	n/a	Target	2	212974
852.064	n/a	NonTarget	1	213016
852.24	n/a	NonTarget	1	213060
852.416	n/a	NonTarget	1	213104
852.592	n/a	NonTarget	1	213148
852.776	n/a	NonTarget	1	213194
852.94	n/a	NonTarget	1	213235
853.12	n/a	NonTarget	1	213280
853.292	n/a	NonTarget	1	213323
853.464	n/a	Target	2	213366
853.644	n/a	NonTarget	1	213411
853.816	n/a	NonTarget	1	213454
853.992	n/a	NonTarget	1	213498
854.172	n/a	NonTarget	1	213543
854.34	n/a	NonTarget	1	213585
854.524	n/a	Target	2	213631
854.692	n/a	NonTarget	1	213673
854.864	n/a	NonTarget	1	213716
855.04	n/a	NonTarget	1	213760
855.216	n/a	NonTarget	1	213804
855.392	n/a	Target	2	213848
855.572	n/a	NonTarget	1	213893
855.74	n/a	NonTarget	1	213935
855.916	n/a	NonTarget	1	213979
856.092	n/a	NonTarget	1	214023
856.264	n/a	NonTarget	1	214066
856.44	n/a	NonTarget	1	214110
856.616	n/a	Target	2	214154
856.808	n/a	NonTarget	1	214202
856.964	n/a	NonTarget	1	214241
857.14	n/a	NonTarget	1	214285
857.32	n/a	NonTarget	1	214330
857.492	n/a	NonTarget	1	214373
857.664	n/a	Target	2	214416
857.84	n/a	NonTarget	1	214460
873.636	n/a	Target	2	218409
873.808	n/a	NonTarget	1	218452
873.984	n/a	NonTarget	1	218496
874.16	n/a	NonTarget	1	218540
874.332	n/a	NonTarget	1	218583
874.508	n/a	NonTarget	1	218627
874.688	n/a	Target	2	218672
874.86	n/a	NonTarget	1	218715
875.036	n/a	NonTarget	1	218759
875.212	n/a	NonTarget	1	218803
875.384	n/a	NonTarget	1	218846
875.56	n/a	NonTarget	1	218890
875.736	n/a	Target	2	218934
875.908	n/a	NonTarget	1	218977
876.084	n/a	NonTarget	1	219021
876.26	n/a	NonTarget	1	219065
876.44	n/a	NonTarget	1	219110
876.612	n/a	NonTarget	1	219153
876.784	n/a	Target	2	219196
876.964	n/a	NonTarget	1	219241
877.136	n/a	NonTarget	1	219284
877.308	n/a	NonTarget	1	219327
877.484	n/a	NonTarget	1	219371
877.66	n/a	NonTarget	1	219415
877.84	n/a	Target	2	219460
878.008	n/a	NonTarget	1	219502
878.184	n/a	NonTarget	1	219546
878.36	n/a	NonTarget	1	219590
878.536	n/a	NonTarget	1	219634
878.708	n/a	NonTarget	1	219677
878.884	n/a	NonTarget	1	219721
879.06	n/a	Target	2	219765
879.236	n/a	NonTarget	1	219809
879.408	n/a	NonTarget	1	219852
879.584	n/a	NonTarget	1	219896
879.764	n/a	NonTarget	1	219941
879.936	n/a	Target	2	219984
880.108	n/a	NonTarget	1	220027
880.284	n/a	NonTarget	1	220071
880.46	n/a	NonTarget	1	220115
880.636	n/a	NonTarget	1	220159
880.812	n/a	NonTarget	1	220203
880.984	n/a	NonTarget	1	220246
881.16	n/a	Target	2	220290
881.336	n/a	NonTarget	1	220334
881.508	n/a	NonTarget	1	220377
881.684	n/a	NonTarget	1	220421
881.86	n/a	NonTarget	1	220465
882.036	n/a	Target	2	220509
882.208	n/a	NonTarget	1	220552
882.384	n/a	NonTarget	1	220596
882.56	n/a	NonTarget	1	220640
882.736	n/a	NonTarget	1	220684
882.908	n/a	NonTarget	1	220727
883.084	n/a	NonTarget	1	220771
883.26	n/a	NonTarget	1	220815
883.44	n/a	NonTarget	1	220860
883.608	n/a	Target	2	220902
883.784	n/a	NonTarget	1	220946
883.964	n/a	NonTarget	1	220991
884.136	n/a	NonTarget	1	221034
884.308	n/a	NonTarget	1	221077
884.484	n/a	Target	2	221121
884.66	n/a	NonTarget	1	221165
884.836	n/a	NonTarget	1	221209
885.012	n/a	NonTarget	1	221253
885.184	n/a	Target	2	221296
885.36	n/a	NonTarget	1	221340
885.536	n/a	NonTarget	1	221384
885.708	n/a	NonTarget	1	221427
885.892	n/a	NonTarget	1	221473
886.06	n/a	NonTarget	1	221515
886.236	n/a	Target	2	221559
886.408	n/a	NonTarget	1	221602
886.584	n/a	NonTarget	1	221646
886.772	n/a	NonTarget	1	221693
886.936	n/a	NonTarget	1	221734
887.112	n/a	NonTarget	1	221778
887.292	n/a	NonTarget	1	221823
887.46	n/a	NonTarget	1	221865
887.648	n/a	Target	2	221912
887.808	n/a	NonTarget	1	221952
887.984	n/a	NonTarget	1	221996
888.16	n/a	NonTarget	1	222040
888.336	n/a	NonTarget	1	222084
888.512	n/a	NonTarget	1	222128
888.684	n/a	NonTarget	1	222171
888.86	n/a	Target	2	222215
889.036	n/a	NonTarget	1	222259
889.208	n/a	NonTarget	1	222302
910.184	n/a	Target	2	227546
910.36	n/a	NonTarget	1	227590
910.532	n/a	NonTarget	1	227633
910.708	n/a	NonTarget	1	227677
910.884	n/a	NonTarget	1	227721
911.056	n/a	NonTarget	1	227764
911.232	n/a	NonTarget	1	227808
911.408	n/a	NonTarget	1	227852
911.584	n/a	NonTarget	1	227896
911.756	n/a	Target	2	227939
911.932	n/a	NonTarget	1	227983
912.108	n/a	NonTarget	1	228027
912.284	n/a	NonTarget	1	228071
912.456	n/a	NonTarget	1	228114
912.632	n/a	NonTarget	1	228158
912.808	n/a	Target	2	228202
912.984	n/a	NonTarget	1	228246
913.156	n/a	NonTarget	1	228289
913.332	n/a	NonTarget	1	228333
913.508	n/a	NonTarget	1	228377
913.684	n/a	NonTarget	1	228421
913.856	n/a	NonTarget	1	228464
914.044	n/a	Target	2	228511
914.208	n/a	NonTarget	1	228552
914.384	n/a	NonTarget	1	228596
914.568	n/a	NonTarget	1	228642
914.744	n/a	NonTarget	1	228686
914.908	n/a	Target	2	228727
915.084	n/a	NonTarget	1	228771
915.256	n/a	NonTarget	1	228814
915.432	n/a	NonTarget	1	228858
915.616	n/a	NonTarget	1	228904
915.784	n/a	NonTarget	1	228946
915.956	n/a	NonTarget	1	228989
916.132	n/a	Target	2	229033
916.308	n/a	NonTarget	1	229077
916.484	n/a	NonTarget	1	229121
916.656	n/a	NonTarget	1	229164
916.832	n/a	NonTarget	1	229208
917.008	n/a	Target	2	229252
917.184	n/a	NonTarget	1	229296
917.36	n/a	NonTarget	1	229340
917.532	n/a	Target	2	229383
917.708	n/a	NonTarget	1	229427
917.884	n/a	NonTarget	1	229471
918.056	n/a	NonTarget	1	229514
918.232	n/a	NonTarget	1	229558
918.408	n/a	NonTarget	1	229602
918.584	n/a	NonTarget	1	229646
918.772	n/a	NonTarget	1	229693
918.932	n/a	NonTarget	1	229733
919.108	n/a	NonTarget	1	229777
919.284	n/a	Target	2	229821
919.456	n/a	NonTarget	1	229864
919.632	n/a	NonTarget	1	229908
919.808	n/a	NonTarget	1	229952
919.984	n/a	Target	2	229996
920.156	n/a	NonTarget	1	230039
920.332	n/a	NonTarget	1	230083
920.508	n/a	NonTarget	1	230127
920.684	n/a	Target	2	230171
920.856	n/a	NonTarget	1	230214
921.04	n/a	NonTarget	1	230260
921.208	n/a	NonTarget	1	230302
921.384	n/a	NonTarget	1	230346
921.556	n/a	NonTarget	1	230389
921.732	n/a	Target	2	230433
921.908	n/a	NonTarget	1	230477
922.084	n/a	NonTarget	1	230521
922.256	n/a	NonTarget	1	230564
922.432	n/a	NonTarget	1	230608
922.612	n/a	NonTarget	1	230653
922.784	n/a	Target	2	230696
922.956	n/a	NonTarget	1	230739
923.132	n/a	NonTarget	1	230783
923.308	n/a	NonTarget	1	230827
923.492	n/a	NonTarget	1	230873
923.656	n/a	NonTarget	1	230914
923.832	n/a	NonTarget	1	230958
924.012	n/a	NonTarget	1	231003
924.184	n/a	Target	2	231046
924.364	n/a	NonTarget	1	231091
924.532	n/a	NonTarget	1	231133
924.708	n/a	NonTarget	1	231177
924.884	n/a	NonTarget	1	231221
925.056	n/a	NonTarget	1	231264
925.232	n/a	NonTarget	1	231308
925.404	n/a	Target	2	231351
925.588	n/a	NonTarget	1	231397
925.764	n/a	NonTarget	1	231441
940.636	n/a	NonTarget	1	235159
940.816	n/a	Target	2	235204
940.992	n/a	NonTarget	1	235248
941.164	n/a	NonTarget	1	235291
941.336	n/a	NonTarget	1	235334
941.512	n/a	NonTarget	1	235378
941.688	n/a	Target	2	235422
941.86	n/a	NonTarget	1	235465
942.036	n/a	NonTarget	1	235509
942.212	n/a	NonTarget	1	235553
942.388	n/a	NonTarget	1	235597
942.564	n/a	NonTarget	1	235641
942.736	n/a	NonTarget	1	235684
942.912	n/a	Target	2	235728
943.092	n/a	NonTarget	1	235773
943.26	n/a	NonTarget	1	235815
943.44	n/a	NonTarget	1	235860
943.612	n/a	NonTarget	1	235903
943.788	n/a	NonTarget	1	235947
943.964	n/a	Target	2	235991
944.136	n/a	NonTarget	1	236034
944.312	n/a	NonTarget	1	236078
944.488	n/a	NonTarget	1	236122
944.664	n/a	NonTarget	1	236166
944.836	n/a	NonTarget	1	236209
945.012	n/a	NonTarget	1	236253
945.188	n/a	NonTarget	1	236297
945.364	n/a	NonTarget	1	236341
945.536	n/a	NonTarget	1	236384
945.712	n/a	Target	2	236428
945.888	n/a	NonTarget	1	236472
946.064	n/a	NonTarget	1	236516
946.236	n/a	Target	2	236559
946.412	n/a	NonTarget	1	236603
946.588	n/a	NonTarget	1	236647
946.764	n/a	NonTarget	1	236691
946.936	n/a	NonTarget	1	236734
947.112	n/a	NonTarget	1	236778
947.288	n/a	NonTarget	1	236822
947.464	n/a	NonTarget	1	236866
947.636	n/a	NonTarget	1	236909
947.812	n/a	Target	2	236953
947.988	n/a	NonTarget	1	236997
948.164	n/a	NonTarget	1	237041
948.344	n/a	Target	2	237086
948.512	n/a	NonTarget	1	237128
948.696	n/a	NonTarget	1	237174
948.86	n/a	NonTarget	1	237215
949.036	n/a	NonTarget	1	237259
949.212	n/a	Target	2	237303
949.388	n/a	NonTarget	1	237347
949.56	n/a	NonTarget	1	237390
949.736	n/a	NonTarget	1	237434
949.912	n/a	NonTarget	1	237478
950.088	n/a	NonTarget	1	237522
950.26	n/a	NonTarget	1	237565
950.444	n/a	NonTarget	1	237611
950.612	n/a	NonTarget	1	237653
950.788	n/a	NonTarget	1	237697
950.96	n/a	Target	2	237740
951.136	n/a	NonTarget	1	237784
951.312	n/a	NonTarget	1	237828
951.488	n/a	NonTarget	1	237872
951.664	n/a	NonTarget	1	237916
951.836	n/a	Target	2	237959
952.016	n/a	NonTarget	1	238004
952.192	n/a	NonTarget	1	238048
952.36	n/a	NonTarget	1	238090
952.536	n/a	NonTarget	1	238134
952.712	n/a	NonTarget	1	238178
952.888	n/a	NonTarget	1	238222
953.064	n/a	Target	2	238266
953.236	n/a	NonTarget	1	238309
953.412	n/a	NonTarget	1	238353
953.588	n/a	NonTarget	1	238397
953.764	n/a	Target	2	238441
953.936	n/a	NonTarget	1	238484
954.112	n/a	NonTarget	1	238528
954.288	n/a	NonTarget	1	238572
954.46	n/a	Target	2	238615
954.636	n/a	NonTarget	1	238659
954.812	n/a	NonTarget	1	238703
954.988	n/a	NonTarget	1	238747
955.16	n/a	NonTarget	1	238790
955.336	n/a	NonTarget	1	238834
955.516	n/a	NonTarget	1	238879
955.688	n/a	Target	2	238922
955.864	n/a	NonTarget	1	238966
956.036	n/a	NonTarget	1	239009
956.212	n/a	NonTarget	1	239053
976.908	n/a	NonTarget	1	244227
977.084	n/a	Target	2	244271
977.26	n/a	NonTarget	1	244315
977.432	n/a	NonTarget	1	244358
977.608	n/a	NonTarget	1	244402
977.784	n/a	NonTarget	1	244446
977.964	n/a	Target	2	244491
978.132	n/a	NonTarget	1	244533
978.32	n/a	NonTarget	1	244580
978.484	n/a	NonTarget	1	244621
978.66	n/a	NonTarget	1	244665
978.832	n/a	NonTarget	1	244708
979.008	n/a	NonTarget	1	244752
979.184	n/a	Target	2	244796
979.36	n/a	NonTarget	1	244840
979.536	n/a	NonTarget	1	244884
979.708	n/a	NonTarget	1	244927
979.884	n/a	NonTarget	1	244971
980.06	n/a	Target	2	245015
980.232	n/a	NonTarget	1	245058
980.408	n/a	NonTarget	1	245102
980.584	n/a	NonTarget	1	245146
980.76	n/a	NonTarget	1	245190
980.932	n/a	NonTarget	1	245233
981.108	n/a	NonTarget	1	245277
981.284	n/a	NonTarget	1	245321
981.46	n/a	NonTarget	1	245365
981.64	n/a	Target	2	245410
981.808	n/a	NonTarget	1	245452
981.984	n/a	NonTarget	1	245496
982.16	n/a	NonTarget	1	245540
982.332	n/a	NonTarget	1	245583
982.516	n/a	Target	2	245629
982.684	n/a	NonTarget	1	245671
982.86	n/a	NonTarget	1	245715
983.032	n/a	NonTarget	1	245758
983.208	n/a	Target	2	245802
983.384	n/a	NonTarget	1	245846
983.56	n/a	NonTarget	1	245890
983.732	n/a	NonTarget	1	245933
983.908	n/a	NonTarget	1	245977
984.084	n/a	NonTarget	1	246021
984.26	n/a	Target	2	246065
984.432	n/a	NonTarget	1	246108
984.608	n/a	NonTarget	1	246152
984.784	n/a	NonTarget	1	246196
984.96	n/a	NonTarget	1	246240
985.132	n/a	NonTarget	1	246283
985.308	n/a	NonTarget	1	246327
985.484	n/a	NonTarget	1	246371
985.664	n/a	Target	2	246416
985.836	n/a	NonTarget	1	246459
986.008	n/a	NonTarget	1	246502
986.184	n/a	NonTarget	1	246546
986.36	n/a	NonTarget	1	246590
986.532	n/a	NonTarget	1	246633
986.708	n/a	NonTarget	1	246677
986.884	n/a	Target	2	246721
987.06	n/a	NonTarget	1	246765
987.232	n/a	NonTarget	1	246808
987.408	n/a	NonTarget	1	246852
987.584	n/a	Target	2	246896
987.764	n/a	NonTarget	1	246941
987.932	n/a	NonTarget	1	246983
988.108	n/a	NonTarget	1	247027
988.288	n/a	NonTarget	1	247072
988.46	n/a	NonTarget	1	247115
988.632	n/a	NonTarget	1	247158
988.808	n/a	Target	2	247202
988.984	n/a	NonTarget	1	247246
989.16	n/a	NonTarget	1	247290
989.332	n/a	NonTarget	1	247333
989.508	n/a	NonTarget	1	247377
989.684	n/a	NonTarget	1	247421
989.86	n/a	Target	2	247465
990.032	n/a	NonTarget	1	247508
990.208	n/a	NonTarget	1	247552
990.384	n/a	NonTarget	1	247596
990.56	n/a	NonTarget	1	247640
990.732	n/a	NonTarget	1	247683
990.908	n/a	NonTarget	1	247727
991.088	n/a	Target	2	247772
991.26	n/a	NonTarget	1	247815
991.444	n/a	NonTarget	1	247861
991.608	n/a	NonTarget	1	247902
991.788	n/a	NonTarget	1	247947
991.96	n/a	NonTarget	1	247990
992.136	n/a	NonTarget	1	248034
992.308	n/a	Target	2	248077
992.484	n/a	NonTarget	1	248121
1007.268	n/a	Target	2	251817
1007.444	n/a	NonTarget	1	251861
1007.616	n/a	NonTarget	1	251904
1007.792	n/a	NonTarget	1	251948
1007.968	n/a	NonTarget	1	251992
1008.144	n/a	NonTarget	1	252036
1008.316	n/a	NonTarget	1	252079
1008.492	n/a	Target	2	252123
1008.664	n/a	NonTarget	1	252166
1008.844	n/a	NonTarget	1	252211
1009.016	n/a	NonTarget	1	252254
1009.192	n/a	NonTarget	1	252298
1009.368	n/a	NonTarget	1	252342
1009.54	n/a	NonTarget	1	252385
1009.72	n/a	NonTarget	1	252430
1009.892	n/a	Target	2	252473
1010.068	n/a	NonTarget	1	252517
1010.248	n/a	NonTarget	1	252562
1010.416	n/a	Target	2	252604
1010.592	n/a	NonTarget	1	252648
1010.768	n/a	NonTarget	1	252692
1010.944	n/a	NonTarget	1	252736
1011.124	n/a	NonTarget	1	252781
1011.292	n/a	NonTarget	1	252823
1011.468	n/a	Target	2	252867
1011.64	n/a	NonTarget	1	252910
1011.816	n/a	NonTarget	1	252954
1011.992	n/a	NonTarget	1	252998
1012.168	n/a	NonTarget	1	253042
1012.344	n/a	NonTarget	1	253086
1012.516	n/a	NonTarget	1	253129
1012.692	n/a	Target	2	253173
1012.868	n/a	NonTarget	1	253217
1013.04	n/a	NonTarget	1	253260
1013.216	n/a	NonTarget	1	253304
1013.4	n/a	NonTarget	1	253350
1013.568	n/a	NonTarget	1	253392
1013.748	n/a	NonTarget	1	253437
1013.916	n/a	NonTarget	1	253479
1014.092	n/a	NonTarget	1	253523
1014.268	n/a	Target	2	253567
1014.444	n/a	NonTarget	1	253611
1014.616	n/a	NonTarget	1	253654
1014.792	n/a	NonTarget	1	253698
1014.972	n/a	Target	2	253743
1015.144	n/a	NonTarget	1	253786
1015.316	n/a	NonTarget	1	253829
1015.492	n/a	NonTarget	1	253873
1015.668	n/a	Target	2	253917
1015.84	n/a	NonTarget	1	253960
1016.016	n/a	NonTarget	1	254004
1016.196	n/a	NonTarget	1	254049
1016.368	n/a	NonTarget	1	254092
1016.54	n/a	NonTarget	1	254135
1016.72	n/a	NonTarget	1	254180
1016.892	n/a	Target	2	254223
1017.068	n/a	NonTarget	1	254267
1017.24	n/a	NonTarget	1	254310
1017.416	n/a	NonTarget	1	254354
1017.592	n/a	NonTarget	1	254398
1017.776	n/a	NonTarget	1	254444
1017.94	n/a	NonTarget	1	254485
1018.116	n/a	NonTarget	1	254529
1018.292	n/a	Target	2	254573
1018.468	n/a	NonTarget	1	254617
1018.644	n/a	NonTarget	1	254661
1018.816	n/a	NonTarget	1	254704
1018.996	n/a	NonTarget	1	254749
1019.168	n/a	Target	2	254792
1019.34	n/a	NonTarget	1	254835
1019.528	n/a	NonTarget	1	254882
1019.692	n/a	NonTarget	1	254923
1019.868	n/a	NonTarget	1	254967
1020.04	n/a	NonTarget	1	255010
1020.216	n/a	NonTarget	1	255054
1020.392	n/a	NonTarget	1	255098
1020.568	n/a	Target	2	255142
1020.74	n/a	NonTarget	1	255185
1020.916	n/a	NonTarget	1	255229
1021.1	n/a	NonTarget	1	255275
1021.268	n/a	NonTarget	1	255317
1021.444	n/a	Target	2	255361
1021.616	n/a	NonTarget	1	255404
1021.792	n/a	NonTarget	1	255448
1021.968	n/a	Target	2	255492
1022.14	n/a	NonTarget	1	255535
1022.316	n/a	NonTarget	1	255579
1022.492	n/a	NonTarget	1	255623
1022.668	n/a	NonTarget	1	255667
1022.844	n/a	NonTarget	1	255711
1043.832	n/a	Target	2	260958
1044.008	n/a	NonTarget	1	261002
1044.184	n/a	NonTarget	1	261046
1044.36	n/a	NonTarget	1	261090
1044.532	n/a	NonTarget	1	261133
1044.708	n/a	NonTarget	1	261177
1044.884	n/a	Target	2	261221
1045.06	n/a	NonTarget	1	261265
1045.232	n/a	NonTarget	1	261308
1045.408	n/a	NonTarget	1	261352
1045.584	n/a	NonTarget	1	261396
1045.772	n/a	NonTarget	1	261443
1045.932	n/a	Target	2	261483
1046.108	n/a	NonTarget	1	261527
1046.284	n/a	NonTarget	1	261571
1046.46	n/a	NonTarget	1	261615
1046.632	n/a	NonTarget	1	261658
1046.808	n/a	NonTarget	1	261702
1046.984	n/a	Target	2	261746
1047.16	n/a	NonTarget	1	261790
1047.332	n/a	NonTarget	1	261833
1047.508	n/a	NonTarget	1	261877
1047.688	n/a	NonTarget	1	261922
1047.86	n/a	NonTarget	1	261965
1048.032	n/a	NonTarget	1	262008
1048.208	n/a	NonTarget	1	262052
1048.384	n/a	Target	2	262096
1048.568	n/a	NonTarget	1	262142
1048.732	n/a	NonTarget	1	262183
1048.908	n/a	NonTarget	1	262227
1049.084	n/a	Target	2	262271
1049.26	n/a	NonTarget	1	262315
1049.444	n/a	NonTarget	1	262361
1049.608	n/a	NonTarget	1	262402
1049.784	n/a	NonTarget	1	262446
1049.96	n/a	NonTarget	1	262490
1050.132	n/a	Target	2	262533
1050.308	n/a	NonTarget	1	262577
1050.484	n/a	NonTarget	1	262621
1050.66	n/a	NonTarget	1	262665
1050.832	n/a	NonTarget	1	262708
1051.008	n/a	NonTarget	1	262752
1051.184	n/a	Target	2	262796
1051.36	n/a	NonTarget	1	262840
1051.532	n/a	NonTarget	1	262883
1051.708	n/a	NonTarget	1	262927
1051.884	n/a	NonTarget	1	262971
1052.06	n/a	NonTarget	1	263015
1052.232	n/a	Target	2	263058
1052.412	n/a	NonTarget	1	263103
1052.584	n/a	NonTarget	1	263146
1052.772	n/a	NonTarget	1	263193
1052.932	n/a	NonTarget	1	263233
1053.108	n/a	NonTarget	1	263277
1053.284	n/a	Target	2	263321
1053.46	n/a	NonTarget	1	263365
1053.632	n/a	NonTarget	1	263408
1053.808	n/a	NonTarget	1	263452
1053.984	n/a	NonTarget	1	263496
1054.16	n/a	NonTarget	1	263540
1054.332	n/a	NonTarget	1	263583
1054.508	n/a	Target	2	263627
1054.684	n/a	NonTarget	1	263671
1054.86	n/a	NonTarget	1	263715
1055.032	n/a	NonTarget	1	263758
1055.212	n/a	NonTarget	1	263803
1055.384	n/a	Target	2	263846
1055.56	n/a	NonTarget	1	263890
1055.732	n/a	NonTarget	1	263933
1055.908	n/a	NonTarget	1	263977
1056.084	n/a	NonTarget	1	264021
1056.26	n/a	NonTarget	1	264065
1056.432	n/a	NonTarget	1	264108
1056.608	n/a	Target	2	264152
1056.784	n/a	NonTarget	1	264196
1056.956	n/a	NonTarget	1	264239
1057.132	n/a	NonTarget	1	264283
1057.308	n/a	NonTarget	1	264327
1057.484	n/a	Target	2	264371
1057.66	n/a	NonTarget	1	264415
1057.832	n/a	NonTarget	1	264458
1058.012	n/a	NonTarget	1	264503
1058.188	n/a	NonTarget	1	264547
1058.356	n/a	NonTarget	1	264589
1058.536	n/a	NonTarget	1	264634
1058.708	n/a	NonTarget	1	264677
1058.884	n/a	NonTarget	1	264721
1059.056	n/a	Target	2	264764
1059.232	n/a	NonTarget	1	264808
1059.408	n/a	NonTarget	1	264852
1075.112	n/a	NonTarget	1	268778
1075.284	n/a	NonTarget	1	268821
1075.46	n/a	NonTarget	1	268865
1075.632	n/a	NonTarget	1	268908
1075.812	n/a	Target	2	268953
1075.984	n/a	NonTarget	1	268996
1076.16	n/a	NonTarget	1	269040
1076.336	n/a	NonTarget	1	269084
1076.512	n/a	Target	2	269128
1076.684	n/a	NonTarget	1	269171
1076.86	n/a	NonTarget	1	269215
1077.036	n/a	NonTarget	1	269259
1077.212	n/a	NonTarget	1	269303
1077.384	n/a	NonTarget	1	269346
1077.568	n/a	NonTarget	1	269392
1077.736	n/a	NonTarget	1	269434
1077.916	n/a	NonTarget	1	269479
1078.088	n/a	Target	2	269522
1078.26	n/a	NonTarget	1	269565
1078.436	n/a	NonTarget	1	269609
1078.612	n/a	NonTarget	1	269653
1078.784	n/a	NonTarget	1	269696
1078.96	n/a	Target	2	269740
1079.14	n/a	NonTarget	1	269785
1079.316	n/a	NonTarget	1	269829
1079.484	n/a	NonTarget	1	269871
1079.66	n/a	NonTarget	1	269915
1079.836	n/a	NonTarget	1	269959
1080.012	n/a	NonTarget	1	270003
1080.184	n/a	Target	2	270046
1080.36	n/a	NonTarget	1	270090
1080.536	n/a	NonTarget	1	270134
1080.712	n/a	NonTarget	1	270178
1080.884	n/a	NonTarget	1	270221
1081.06	n/a	NonTarget	1	270265
1081.24	n/a	Target	2	270310
1081.412	n/a	NonTarget	1	270353
1081.584	n/a	NonTarget	1	270396
1081.764	n/a	NonTarget	1	270441
1081.936	n/a	NonTarget	1	270484
1082.112	n/a	Target	2	270528
1082.284	n/a	NonTarget	1	270571
1082.46	n/a	NonTarget	1	270615
1082.644	n/a	NonTarget	1	270661
1082.812	n/a	NonTarget	1	270703
1082.984	n/a	NonTarget	1	270746
1083.164	n/a	Target	2	270791
1083.336	n/a	NonTarget	1	270834
1083.512	n/a	NonTarget	1	270878
1083.692	n/a	Target	2	270923
1083.86	n/a	NonTarget	1	270965
1084.036	n/a	NonTarget	1	271009
1084.212	n/a	NonTarget	1	271053
1084.384	n/a	NonTarget	1	271096
1084.56	n/a	NonTarget	1	271140
1084.736	n/a	NonTarget	1	271184
1084.912	n/a	Target	2	271228
1085.084	n/a	NonTarget	1	271271
1085.26	n/a	NonTarget	1	271315
1085.436	n/a	NonTarget	1	271359
1085.612	n/a	NonTarget	1	271403
1085.784	n/a	NonTarget	1	271446
1085.96	n/a	NonTarget	1	271490
1086.136	n/a	NonTarget	1	271534
1086.312	n/a	NonTarget	1	271578
1086.484	n/a	Target	2	271621
1086.66	n/a	NonTarget	1	271665
1086.836	n/a	NonTarget	1	271709
1087.008	n/a	Target	2	271752
1087.184	n/a	NonTarget	1	271796
1087.36	n/a	NonTarget	1	271840
1087.536	n/a	NonTarget	1	271884
1087.712	n/a	NonTarget	1	271928
1087.888	n/a	NonTarget	1	271972
1088.06	n/a	NonTarget	1	272015
1088.236	n/a	NonTarget	1	272059
1088.412	n/a	NonTarget	1	272103
1088.584	n/a	Target	2	272146
1088.76	n/a	NonTarget	1	272190
1088.936	n/a	NonTarget	1	272234
1089.128	n/a	NonTarget	1	272282
1089.288	n/a	NonTarget	1	272322
1089.46	n/a	NonTarget	1	272365
1089.636	n/a	Target	2	272409
1089.808	n/a	NonTarget	1	272452
1089.984	n/a	NonTarget	1	272496
1090.16	n/a	NonTarget	1	272540
1090.336	n/a	Target	2	272584
1090.512	n/a	NonTarget	1	272628
1090.688	n/a	NonTarget	1	272672
1111.412	n/a	NonTarget	1	277853
1111.588	n/a	NonTarget	1	277897
1111.764	n/a	NonTarget	1	277941
1111.936	n/a	Target	2	277984
1112.112	n/a	NonTarget	1	278028
1112.288	n/a	NonTarget	1	278072
1112.46	n/a	NonTarget	1	278115
1112.636	n/a	NonTarget	1	278159
1112.812	n/a	Target	2	278203
1112.988	n/a	NonTarget	1	278247
1113.16	n/a	NonTarget	1	278290
1113.336	n/a	NonTarget	1	278334
1113.512	n/a	NonTarget	1	278378
1113.684	n/a	NonTarget	1	278421
1113.86	n/a	NonTarget	1	278465
1114.036	n/a	NonTarget	1	278509
1114.224	n/a	NonTarget	1	278556
1114.388	n/a	Target	2	278597
1114.56	n/a	NonTarget	1	278640
1114.736	n/a	NonTarget	1	278684
1114.912	n/a	NonTarget	1	278728
1115.092	n/a	NonTarget	1	278773
1115.26	n/a	Target	2	278815
1115.436	n/a	NonTarget	1	278859
1115.612	n/a	NonTarget	1	278903
1115.788	n/a	NonTarget	1	278947
1115.972	n/a	NonTarget	1	278993
1116.136	n/a	NonTarget	1	279034
1116.316	n/a	NonTarget	1	279079
1116.488	n/a	Target	2	279122
1116.66	n/a	NonTarget	1	279165
1116.836	n/a	NonTarget	1	279209
1117.012	n/a	NonTarget	1	279253
1117.188	n/a	NonTarget	1	279297
1117.364	n/a	Target	2	279341
1117.536	n/a	NonTarget	1	279384
1117.724	n/a	NonTarget	1	279431
1117.892	n/a	NonTarget	1	279473
1118.06	n/a	NonTarget	1	279515
1118.244	n/a	NonTarget	1	279561
1118.412	n/a	NonTarget	1	279603
1118.588	n/a	Target	2	279647
1118.76	n/a	NonTarget	1	279690
1118.936	n/a	NonTarget	1	279734
1119.112	n/a	NonTarget	1	279778
1119.288	n/a	Target	2	279822
1119.46	n/a	NonTarget	1	279865
1119.636	n/a	NonTarget	1	279909
1119.812	n/a	NonTarget	1	279953
1119.988	n/a	NonTarget	1	279997
1120.16	n/a	NonTarget	1	280040
1120.336	n/a	NonTarget	1	280084
1120.512	n/a	NonTarget	1	280128
1120.688	n/a	Target	2	280172
1120.872	n/a	NonTarget	1	280218
1121.036	n/a	NonTarget	1	280259
1121.212	n/a	Target	2	280303
1121.388	n/a	NonTarget	1	280347
1121.56	n/a	NonTarget	1	280390
1121.736	n/a	NonTarget	1	280434
1121.912	n/a	NonTarget	1	280478
1122.088	n/a	NonTarget	1	280522
1122.26	n/a	NonTarget	1	280565
1122.436	n/a	NonTarget	1	280609
1122.612	n/a	NonTarget	1	280653
1122.788	n/a	Target	2	280697
1122.96	n/a	NonTarget	1	280740
1123.136	n/a	NonTarget	1	280784
1123.312	n/a	NonTarget	1	280828
1123.488	n/a	Target	2	280872
1123.66	n/a	NonTarget	1	280915
1123.836	n/a	NonTarget	1	280959
1124.012	n/a	NonTarget	1	281003
1124.188	n/a	NonTarget	1	281047
1124.36	n/a	NonTarget	1	281090
1124.536	n/a	NonTarget	1	281134
1124.712	n/a	NonTarget	1	281178
1124.888	n/a	Target	2	281222
1125.06	n/a	NonTarget	1	281265
1125.244	n/a	NonTarget	1	281311
1125.428	n/a	NonTarget	1	281357
1125.588	n/a	NonTarget	1	281397
1125.76	n/a	NonTarget	1	281440
1125.936	n/a	Target	2	281484
1126.112	n/a	NonTarget	1	281528
1126.288	n/a	NonTarget	1	281572
1126.46	n/a	NonTarget	1	281615
1126.636	n/a	Target	2	281659
1126.812	n/a	NonTarget	1	281703
1126.988	n/a	NonTarget	1	281747
1142.724	n/a	NonTarget	1	285681
1142.9	n/a	NonTarget	1	285725
1143.072	n/a	Target	2	285768
1143.248	n/a	NonTarget	1	285812
1143.424	n/a	NonTarget	1	285856
1143.6	n/a	NonTarget	1	285900
1143.776	n/a	NonTarget	1	285944
1143.956	n/a	NonTarget	1	285989
1144.124	n/a	NonTarget	1	286031
1144.304	n/a	Target	2	286076
1144.472	n/a	NonTarget	1	286118
1144.648	n/a	NonTarget	1	286162
1144.824	n/a	NonTarget	1	286206
1145.0	n/a	NonTarget	1	286250
1145.172	n/a	NonTarget	1	286293
1145.348	n/a	NonTarget	1	286337
1145.524	n/a	Target	2	286381
1145.708	n/a	NonTarget	1	286427
1145.872	n/a	NonTarget	1	286468
1146.048	n/a	NonTarget	1	286512
1146.224	n/a	NonTarget	1	286556
1146.4	n/a	Target	2	286600
1146.576	n/a	NonTarget	1	286644
1146.748	n/a	NonTarget	1	286687
1146.924	n/a	NonTarget	1	286731
1147.1	n/a	NonTarget	1	286775
1147.276	n/a	NonTarget	1	286819
1147.448	n/a	NonTarget	1	286862
1147.624	n/a	NonTarget	1	286906
1147.8	n/a	Target	2	286950
1147.972	n/a	NonTarget	1	286993
1148.148	n/a	NonTarget	1	287037
1148.324	n/a	NonTarget	1	287081
1148.5	n/a	Target	2	287125
1148.672	n/a	NonTarget	1	287168
1148.848	n/a	NonTarget	1	287212
1149.024	n/a	NonTarget	1	287256
1149.2	n/a	NonTarget	1	287300
1149.372	n/a	NonTarget	1	287343
1149.548	n/a	Target	2	287387
1149.724	n/a	NonTarget	1	287431
1149.9	n/a	NonTarget	1	287475
1150.072	n/a	NonTarget	1	287518
1150.248	n/a	NonTarget	1	287562
1150.424	n/a	NonTarget	1	287606
1150.6	n/a	NonTarget	1	287650
1150.772	n/a	Target	2	287693
1150.948	n/a	NonTarget	1	287737
1151.124	n/a	NonTarget	1	287781
1151.3	n/a	NonTarget	1	287825
1151.472	n/a	Target	2	287868
1151.652	n/a	NonTarget	1	287913
1151.824	n/a	NonTarget	1	287956
1152.0	n/a	NonTarget	1	288000
1152.172	n/a	Target	2	288043
1152.348	n/a	NonTarget	1	288087
1152.532	n/a	NonTarget	1	288133
1152.7	n/a	NonTarget	1	288175
1152.872	n/a	NonTarget	1	288218
1153.056	n/a	NonTarget	1	288264
1153.224	n/a	Target	2	288306
1153.404	n/a	NonTarget	1	288351
1153.572	n/a	NonTarget	1	288393
1153.748	n/a	NonTarget	1	288437
1153.924	n/a	NonTarget	1	288481
1154.1	n/a	NonTarget	1	288525
1154.272	n/a	NonTarget	1	288568
1154.448	n/a	NonTarget	1	288612
1154.624	n/a	NonTarget	1	288656
1154.8	n/a	NonTarget	1	288700
1154.972	n/a	Target	2	288743
1155.148	n/a	NonTarget	1	288787
1155.324	n/a	NonTarget	1	288831
1155.5	n/a	NonTarget	1	288875
1155.684	n/a	Target	2	288921
1155.848	n/a	NonTarget	1	288962
1156.024	n/a	NonTarget	1	289006
1156.204	n/a	NonTarget	1	289051
1156.372	n/a	Target	2	289093
1156.548	n/a	NonTarget	1	289137
1156.724	n/a	NonTarget	1	289181
1156.9	n/a	NonTarget	1	289225
1157.076	n/a	NonTarget	1	289269
1157.248	n/a	NonTarget	1	289312
1157.424	n/a	Target	2	289356
1157.6	n/a	NonTarget	1	289400
1157.772	n/a	NonTarget	1	289443
1157.952	n/a	NonTarget	1	289488
1158.124	n/a	NonTarget	1	289531
1158.3	n/a	NonTarget	1	289575
1179.284	n/a	NonTarget	1	294821
1179.46	n/a	NonTarget	1	294865
1179.632	n/a	NonTarget	1	294908
1179.808	n/a	NonTarget	1	294952
1179.984	n/a	Target	2	294996
1180.16	n/a	NonTarget	1	295040
1180.336	n/a	NonTarget	1	295084
1180.508	n/a	NonTarget	1	295127
1180.684	n/a	NonTarget	1	295171
1180.86	n/a	NonTarget	1	295215
1181.036	n/a	NonTarget	1	295259
1181.208	n/a	Target	2	295302
1181.384	n/a	NonTarget	1	295346
1181.56	n/a	NonTarget	1	295390
1181.736	n/a	NonTarget	1	295434
1181.908	n/a	NonTarget	1	295477
1182.084	n/a	NonTarget	1	295521
1182.26	n/a	Target	2	295565
1182.432	n/a	NonTarget	1	295608
1182.608	n/a	NonTarget	1	295652
1182.784	n/a	Target	2	295696
1182.96	n/a	NonTarget	1	295740
1183.132	n/a	NonTarget	1	295783
1183.308	n/a	NonTarget	1	295827
1183.484	n/a	NonTarget	1	295871
1183.66	n/a	Target	2	295915
1183.852	n/a	NonTarget	1	295963
1184.016	n/a	NonTarget	1	296004
1184.184	n/a	NonTarget	1	296046
1184.368	n/a	NonTarget	1	296092
1184.536	n/a	NonTarget	1	296134
1184.708	n/a	Target	2	296177
1184.888	n/a	NonTarget	1	296222
1185.06	n/a	NonTarget	1	296265
1185.236	n/a	NonTarget	1	296309
1185.408	n/a	NonTarget	1	296352
1185.584	n/a	Target	2	296396
1185.76	n/a	NonTarget	1	296440
1185.932	n/a	NonTarget	1	296483
1186.108	n/a	NonTarget	1	296527
1186.284	n/a	NonTarget	1	296571
1186.46	n/a	NonTarget	1	296615
1186.648	n/a	NonTarget	1	296662
1186.808	n/a	NonTarget	1	296702
1186.984	n/a	NonTarget	1	296746
1187.164	n/a	NonTarget	1	296791
1187.336	n/a	Target	2	296834
1187.512	n/a	NonTarget	1	296878
1187.684	n/a	NonTarget	1	296921
1187.86	n/a	Target	2	296965
1188.036	n/a	NonTarget	1	297009
1188.224	n/a	NonTarget	1	297056
1188.384	n/a	NonTarget	1	297096
1188.56	n/a	NonTarget	1	297140
1188.732	n/a	NonTarget	1	297183
1188.908	n/a	NonTarget	1	297227
1189.084	n/a	NonTarget	1	297271
1189.26	n/a	NonTarget	1	297315
1189.432	n/a	Target	2	297358
1189.608	n/a	NonTarget	1	297402
1189.784	n/a	NonTarget	1	297446
1189.968	n/a	NonTarget	1	297492
1190.136	n/a	NonTarget	1	297534
1190.308	n/a	Target	2	297577
1190.488	n/a	NonTarget	1	297622
1190.66	n/a	NonTarget	1	297665
1190.832	n/a	NonTarget	1	297708
1191.008	n/a	NonTarget	1	297752
1191.184	n/a	Target	2	297796
1191.36	n/a	NonTarget	1	297840
1191.532	n/a	NonTarget	1	297883
1191.708	n/a	NonTarget	1	297927
1191.884	n/a	NonTarget	1	297971
1192.06	n/a	NonTarget	1	298015
1192.24	n/a	NonTarget	1	298060
1192.408	n/a	NonTarget	1	298102
1192.584	n/a	NonTarget	1	298146
1192.768	n/a	Target	2	298192
1192.932	n/a	NonTarget	1	298233
1193.108	n/a	NonTarget	1	298277
1193.284	n/a	NonTarget	1	298321
1193.46	n/a	NonTarget	1	298365
1193.636	n/a	Target	2	298409
1193.808	n/a	NonTarget	1	298452
1193.984	n/a	NonTarget	1	298496
1194.16	n/a	NonTarget	1	298540
1194.332	n/a	NonTarget	1	298583
1194.512	n/a	NonTarget	1	298628
1194.684	n/a	NonTarget	1	298671
1194.86	n/a	Target	2	298715
1209.66	n/a	Target	2	302415
1209.836	n/a	NonTarget	1	302459
1210.012	n/a	NonTarget	1	302503
1210.184	n/a	NonTarget	1	302546
1210.36	n/a	NonTarget	1	302590
1210.536	n/a	NonTarget	1	302634
1210.708	n/a	NonTarget	1	302677
1210.884	n/a	Target	2	302721
1211.06	n/a	NonTarget	1	302765
1211.236	n/a	NonTarget	1	302809
1211.408	n/a	NonTarget	1	302852
1211.584	n/a	NonTarget	1	302896
1211.76	n/a	Target	2	302940
1211.932	n/a	NonTarget	1	302983
1212.108	n/a	NonTarget	1	303027
1212.292	n/a	NonTarget	1	303073
1212.46	n/a	NonTarget	1	303115
1212.636	n/a	NonTarget	1	303159
1212.816	n/a	NonTarget	1	303204
1212.984	n/a	NonTarget	1	303246
1213.16	n/a	NonTarget	1	303290
1213.336	n/a	NonTarget	1	303334
1213.508	n/a	Target	2	303377
1213.688	n/a	NonTarget	1	303422
1213.86	n/a	NonTarget	1	303465
1214.04	n/a	Target	2	303510
1214.208	n/a	NonTarget	1	303552
1214.384	n/a	NonTarget	1	303596
1214.56	n/a	NonTarget	1	303640
1214.736	n/a	NonTarget	1	303684
1214.908	n/a	NonTarget	1	303727
1215.084	n/a	NonTarget	1	303771
1215.26	n/a	NonTarget	1	303815
1215.436	n/a	NonTarget	1	303859
1215.612	n/a	Target	2	303903
1215.784	n/a	NonTarget	1	303946
1215.96	n/a	NonTarget	1	303990
1216.136	n/a	NonTarget	1	304034
1216.308	n/a	NonTarget	1	304077
1216.484	n/a	NonTarget	1	304121
1216.66	n/a	Target	2	304165
1216.836	n/a	NonTarget	1	304209
1217.008	n/a	NonTarget	1	304252
1217.188	n/a	NonTarget	1	304297
1217.36	n/a	NonTarget	1	304340
1217.536	n/a	Target	2	304384
1217.712	n/a	NonTarget	1	304428
1217.884	n/a	NonTarget	1	304471
1218.06	n/a	NonTarget	1	304515
1218.236	n/a	NonTarget	1	304559
1218.408	n/a	NonTarget	1	304602
1218.584	n/a	NonTarget	1	304646
1218.76	n/a	Target	2	304690
1218.936	n/a	NonTarget	1	304734
1219.108	n/a	NonTarget	1	304777
1219.288	n/a	NonTarget	1	304822
1219.46	n/a	NonTarget	1	304865
1219.636	n/a	NonTarget	1	304909
1219.812	n/a	Target	2	304953
1219.992	n/a	NonTarget	1	304998
1220.16	n/a	NonTarget	1	305040
1220.336	n/a	NonTarget	1	305084
1220.516	n/a	NonTarget	1	305129
1220.684	n/a	Target	2	305171
1220.86	n/a	NonTarget	1	305215
1221.036	n/a	NonTarget	1	305259
1221.208	n/a	NonTarget	1	305302
1221.388	n/a	NonTarget	1	305347
1221.56	n/a	Target	2	305390
1221.744	n/a	NonTarget	1	305436
1221.908	n/a	NonTarget	1	305477
1222.084	n/a	NonTarget	1	305521
1222.26	n/a	NonTarget	1	305565
1222.436	n/a	NonTarget	1	305609
1222.608	n/a	Target	2	305652
1222.784	n/a	NonTarget	1	305696
1222.96	n/a	NonTarget	1	305740
1223.14	n/a	NonTarget	1	305785
1223.312	n/a	NonTarget	1	305828
1223.484	n/a	NonTarget	1	305871
1223.66	n/a	NonTarget	1	305915
1223.836	n/a	NonTarget	1	305959
1224.012	n/a	Target	2	306003
1224.192	n/a	NonTarget	1	306048
1224.36	n/a	NonTarget	1	306090
1224.544	n/a	NonTarget	1	306136
1224.708	n/a	NonTarget	1	306177
1224.884	n/a	Target	2	306221
1225.064	n/a	NonTarget	1	306266
1225.236	n/a	NonTarget	1	306309
1250.564	n/a	NonTarget	1	312641
1250.74	n/a	NonTarget	1	312685
1250.912	n/a	NonTarget	1	312728
1251.092	n/a	Target	2	312773
1251.264	n/a	NonTarget	1	312816
1251.436	n/a	NonTarget	1	312859
1251.612	n/a	NonTarget	1	312903
1251.788	n/a	NonTarget	1	312947
1251.964	n/a	Target	2	312991
1252.136	n/a	NonTarget	1	313034
1252.312	n/a	NonTarget	1	313078
1252.488	n/a	NonTarget	1	313122
1252.664	n/a	NonTarget	1	313166
1252.852	n/a	Target	2	313213
1253.012	n/a	NonTarget	1	313253
1253.188	n/a	NonTarget	1	313297
1253.364	n/a	NonTarget	1	313341
1253.536	n/a	NonTarget	1	313384
1253.712	n/a	Target	2	313428
1253.888	n/a	NonTarget	1	313472
1254.064	n/a	NonTarget	1	313516
1254.236	n/a	NonTarget	1	313559
1254.412	n/a	NonTarget	1	313603
1254.588	n/a	NonTarget	1	313647
1254.764	n/a	NonTarget	1	313691
1254.936	n/a	NonTarget	1	313734
1255.112	n/a	NonTarget	1	313778
1255.296	n/a	Target	2	313824
1255.464	n/a	NonTarget	1	313866
1255.636	n/a	NonTarget	1	313909
1255.816	n/a	NonTarget	1	313954
1255.988	n/a	NonTarget	1	313997
1256.164	n/a	NonTarget	1	314041
1256.34	n/a	NonTarget	1	314085
1256.512	n/a	NonTarget	1	314128
1256.692	n/a	Target	2	314173
1256.864	n/a	NonTarget	1	314216
1257.04	n/a	NonTarget	1	314260
1257.212	n/a	NonTarget	1	314303
1257.388	n/a	NonTarget	1	314347
1257.564	n/a	Target	2	314391
1257.736	n/a	NonTarget	1	314434
1257.92	n/a	NonTarget	1	314480
1258.088	n/a	NonTarget	1	314522
1258.264	n/a	NonTarget	1	314566
1258.436	n/a	NonTarget	1	314609
1258.616	n/a	Target	2	314654
1258.788	n/a	NonTarget	1	314697
1258.964	n/a	NonTarget	1	314741
1259.136	n/a	NonTarget	1	314784
1259.312	n/a	NonTarget	1	314828
1259.488	n/a	NonTarget	1	314872
1259.664	n/a	NonTarget	1	314916
1259.836	n/a	Target	2	314959
1260.012	n/a	NonTarget	1	315003
1260.188	n/a	NonTarget	1	315047
1260.36	n/a	NonTarget	1	315090
1260.536	n/a	NonTarget	1	315134
1260.712	n/a	Target	2	315178
1260.888	n/a	NonTarget	1	315222
1261.06	n/a	NonTarget	1	315265
1261.236	n/a	NonTarget	1	315309
1261.412	n/a	NonTarget	1	315353
1261.588	n/a	Target	2	315397
1261.764	n/a	NonTarget	1	315441
1261.936	n/a	NonTarget	1	315484
1262.112	n/a	Target	2	315528
1262.288	n/a	NonTarget	1	315572
1262.464	n/a	NonTarget	1	315616
1262.636	n/a	NonTarget	1	315659
1262.812	n/a	NonTarget	1	315703
1262.988	n/a	NonTarget	1	315747
1263.164	n/a	NonTarget	1	315791
1263.336	n/a	Target	2	315834
1263.512	n/a	NonTarget	1	315878
1263.688	n/a	NonTarget	1	315922
1263.864	n/a	NonTarget	1	315966
1264.036	n/a	NonTarget	1	316009
1264.212	n/a	NonTarget	1	316053
1264.388	n/a	Target	2	316097
1264.564	n/a	NonTarget	1	316141
1264.74	n/a	NonTarget	1	316185
1264.912	n/a	NonTarget	1	316228
1265.088	n/a	NonTarget	1	316272
1265.264	n/a	NonTarget	1	316316
1265.44	n/a	NonTarget	1	316360
1265.612	n/a	NonTarget	1	316403
1265.788	n/a	NonTarget	1	316447
1265.964	n/a	NonTarget	1	316491
1266.136	n/a	Target	2	316534
1281.956	n/a	Target	2	320489
1282.132	n/a	NonTarget	1	320533
1282.304	n/a	NonTarget	1	320576
1282.48	n/a	NonTarget	1	320620
1282.656	n/a	NonTarget	1	320664
1282.828	n/a	NonTarget	1	320707
1283.004	n/a	NonTarget	1	320751
1283.18	n/a	NonTarget	1	320795
1283.356	n/a	NonTarget	1	320839
1283.532	n/a	Target	2	320883
1283.704	n/a	NonTarget	1	320926
1283.88	n/a	NonTarget	1	320970
1284.056	n/a	Target	2	321014
1284.232	n/a	NonTarget	1	321058
1284.404	n/a	NonTarget	1	321101
1284.58	n/a	NonTarget	1	321145
1284.756	n/a	NonTarget	1	321189
1284.932	n/a	NonTarget	1	321233
1285.104	n/a	NonTarget	1	321276
1285.28	n/a	NonTarget	1	321320
1285.456	n/a	Target	2	321364
1285.632	n/a	NonTarget	1	321408
1285.824	n/a	NonTarget	1	321456
1285.98	n/a	NonTarget	1	321495
1286.156	n/a	NonTarget	1	321539
1286.332	n/a	NonTarget	1	321583
1286.504	n/a	Target	2	321626
1286.68	n/a	NonTarget	1	321670
1286.856	n/a	NonTarget	1	321714
1287.036	n/a	NonTarget	1	321759
1287.204	n/a	NonTarget	1	321801
1287.38	n/a	NonTarget	1	321845
1287.556	n/a	Target	2	321889
1287.732	n/a	NonTarget	1	321933
1287.908	n/a	NonTarget	1	321977
1288.08	n/a	NonTarget	1	322020
1288.256	n/a	Target	2	322064
1288.432	n/a	NonTarget	1	322108
1288.604	n/a	NonTarget	1	322151
1288.78	n/a	NonTarget	1	322195
1288.956	n/a	NonTarget	1	322239
1289.132	n/a	NonTarget	1	322283
1289.304	n/a	NonTarget	1	322326
1289.48	n/a	NonTarget	1	322370
1289.656	n/a	NonTarget	1	322414
1289.832	n/a	Target	2	322458
1290.004	n/a	NonTarget	1	322501
1290.18	n/a	NonTarget	1	322545
1290.356	n/a	NonTarget	1	322589
1290.532	n/a	NonTarget	1	322633
1290.704	n/a	Target	2	322676
1290.88	n/a	NonTarget	1	322720
1291.056	n/a	NonTarget	1	322764
1291.232	n/a	NonTarget	1	322808
1291.404	n/a	NonTarget	1	322851
1291.58	n/a	NonTarget	1	322895
1291.756	n/a	NonTarget	1	322939
1291.932	n/a	NonTarget	1	322983
1292.104	n/a	NonTarget	1	323026
1292.28	n/a	Target	2	323070
1292.46	n/a	NonTarget	1	323115
1292.632	n/a	NonTarget	1	323158
1292.816	n/a	NonTarget	1	323204
1292.984	n/a	NonTarget	1	323246
1293.156	n/a	NonTarget	1	323289
1293.332	n/a	Target	2	323333
1293.504	n/a	NonTarget	1	323376
1293.68	n/a	NonTarget	1	323420
1293.856	n/a	Target	2	323464
1294.032	n/a	NonTarget	1	323508
1294.204	n/a	NonTarget	1	323551
1294.384	n/a	NonTarget	1	323596
1294.556	n/a	NonTarget	1	323639
1294.732	n/a	Target	2	323683
1294.904	n/a	NonTarget	1	323726
1295.08	n/a	NonTarget	1	323770
1295.256	n/a	NonTarget	1	323814
1295.428	n/a	NonTarget	1	323857
1295.604	n/a	Target	2	323901
1295.784	n/a	NonTarget	1	323946
1295.956	n/a	NonTarget	1	323989
1296.14	n/a	NonTarget	1	324035
1296.304	n/a	NonTarget	1	324076
1296.48	n/a	NonTarget	1	324120
1296.656	n/a	NonTarget	1	324164
1296.832	n/a	NonTarget	1	324208
1297.004	n/a	NonTarget	1	324251
1297.18	n/a	Target	2	324295
1297.356	n/a	NonTarget	1	324339
1297.532	n/a	NonTarget	1	324383
1318.504	n/a	NonTarget	1	329626
1318.68	n/a	NonTarget	1	329670
1318.856	n/a	NonTarget	1	329714
1319.028	n/a	NonTarget	1	329757
1319.204	n/a	Target	2	329801
1319.38	n/a	NonTarget	1	329845
1319.556	n/a	NonTarget	1	329889
1319.728	n/a	NonTarget	1	329932
1319.904	n/a	NonTarget	1	329976
1320.088	n/a	NonTarget	1	330022
1320.256	n/a	NonTarget	1	330064
1320.428	n/a	Target	2	330107
1320.604	n/a	NonTarget	1	330151
1320.78	n/a	NonTarget	1	330195
1320.956	n/a	NonTarget	1	330239
1321.128	n/a	NonTarget	1	330282
1321.304	n/a	NonTarget	1	330326
1321.488	n/a	Target	2	330372
1321.656	n/a	NonTarget	1	330414
1321.828	n/a	NonTarget	1	330457
1322.004	n/a	NonTarget	1	330501
1322.18	n/a	Target	2	330545
1322.356	n/a	NonTarget	1	330589
1322.528	n/a	NonTarget	1	330632
1322.704	n/a	NonTarget	1	330676
1322.88	n/a	NonTarget	1	330720
1323.056	n/a	Target	2	330764
1323.236	n/a	NonTarget	1	330809
1323.404	n/a	NonTarget	1	330851
1323.584	n/a	NonTarget	1	330896
1323.756	n/a	NonTarget	1	330939
1323.928	n/a	NonTarget	1	330982
1324.108	n/a	Target	2	331027
1324.28	n/a	NonTarget	1	331070
1324.456	n/a	NonTarget	1	331114
1324.628	n/a	NonTarget	1	331157
1324.804	n/a	Target	2	331201
1324.98	n/a	NonTarget	1	331245
1325.156	n/a	NonTarget	1	331289
1325.328	n/a	NonTarget	1	331332
1325.504	n/a	NonTarget	1	331376
1325.68	n/a	NonTarget	1	331420
1325.856	n/a	NonTarget	1	331464
1326.028	n/a	NonTarget	1	331507
1326.204	n/a	Target	2	331551
1326.38	n/a	NonTarget	1	331595
1326.556	n/a	NonTarget	1	331639
1326.728	n/a	NonTarget	1	331682
1326.904	n/a	NonTarget	1	331726
1327.08	n/a	NonTarget	1	331770
1327.256	n/a	NonTarget	1	331814
1327.428	n/a	Target	2	331857
1327.616	n/a	NonTarget	1	331904
1327.78	n/a	NonTarget	1	331945
1327.956	n/a	NonTarget	1	331989
1328.14	n/a	NonTarget	1	332035
1328.304	n/a	NonTarget	1	332076
1328.48	n/a	NonTarget	1	332120
1328.66	n/a	NonTarget	1	332165
1328.832	n/a	Target	2	332208
1329.004	n/a	NonTarget	1	332251
1329.18	n/a	NonTarget	1	332295
1329.352	n/a	NonTarget	1	332338
1329.528	n/a	NonTarget	1	332382
1329.704	n/a	NonTarget	1	332426
1329.88	n/a	Target	2	332470
1330.056	n/a	NonTarget	1	332514
1330.228	n/a	NonTarget	1	332557
1330.404	n/a	NonTarget	1	332601
1330.58	n/a	NonTarget	1	332645
1330.752	n/a	Target	2	332688
1330.928	n/a	NonTarget	1	332732
1331.108	n/a	NonTarget	1	332777
1331.28	n/a	NonTarget	1	332820
1331.456	n/a	NonTarget	1	332864
1331.628	n/a	Target	2	332907
1331.804	n/a	NonTarget	1	332951
1331.98	n/a	NonTarget	1	332995
1332.152	n/a	NonTarget	1	333038
1332.328	n/a	NonTarget	1	333082
1332.504	n/a	NonTarget	1	333126
1332.676	n/a	NonTarget	1	333169
1332.852	n/a	NonTarget	1	333213
1333.028	n/a	Target	2	333257
1333.208	n/a	NonTarget	1	333302
1333.38	n/a	NonTarget	1	333345
1333.552	n/a	NonTarget	1	333388
1333.728	n/a	NonTarget	1	333432
1333.904	n/a	NonTarget	1	333476
1334.08	n/a	Target	2	333520
1349.816	n/a	Target	2	337454
1349.992	n/a	NonTarget	1	337498
1350.164	n/a	NonTarget	1	337541
1350.34	n/a	NonTarget	1	337585
1350.516	n/a	NonTarget	1	337629
1350.688	n/a	NonTarget	1	337672
1350.864	n/a	Target	2	337716
1351.04	n/a	NonTarget	1	337760
1351.22	n/a	NonTarget	1	337805
1351.388	n/a	NonTarget	1	337847
1351.564	n/a	NonTarget	1	337891
1351.74	n/a	NonTarget	1	337935
1351.916	n/a	NonTarget	1	337979
1352.088	n/a	NonTarget	1	338022
1352.264	n/a	Target	2	338066
1352.444	n/a	NonTarget	1	338111
1352.616	n/a	NonTarget	1	338154
1352.788	n/a	NonTarget	1	338197
1352.972	n/a	NonTarget	1	338243
1353.14	n/a	Target	2	338285
1353.316	n/a	NonTarget	1	338329
1353.488	n/a	NonTarget	1	338372
1353.664	n/a	NonTarget	1	338416
1353.84	n/a	NonTarget	1	338460
1354.016	n/a	NonTarget	1	338504
1354.188	n/a	NonTarget	1	338547
1354.364	n/a	NonTarget	1	338591
1354.54	n/a	NonTarget	1	338635
1354.716	n/a	NonTarget	1	338679
1354.888	n/a	Target	2	338722
1355.064	n/a	NonTarget	1	338766
1355.24	n/a	NonTarget	1	338810
1355.416	n/a	Target	2	338854
1355.588	n/a	NonTarget	1	338897
1355.764	n/a	NonTarget	1	338941
1355.94	n/a	NonTarget	1	338985
1356.116	n/a	NonTarget	1	339029
1356.3	n/a	Target	2	339075
1356.464	n/a	NonTarget	1	339116
1356.644	n/a	NonTarget	1	339161
1356.816	n/a	NonTarget	1	339204
1356.988	n/a	NonTarget	1	339247
1357.164	n/a	Target	2	339291
1357.34	n/a	NonTarget	1	339335
1357.516	n/a	NonTarget	1	339379
1357.688	n/a	NonTarget	1	339422
1357.864	n/a	NonTarget	1	339466
1358.04	n/a	NonTarget	1	339510
1358.216	n/a	NonTarget	1	339554
1358.388	n/a	NonTarget	1	339597
1358.564	n/a	NonTarget	1	339641
1358.74	n/a	NonTarget	1	339685
1358.916	n/a	Target	2	339729
1359.088	n/a	NonTarget	1	339772
1359.264	n/a	NonTarget	1	339816
1359.44	n/a	NonTarget	1	339860
1359.616	n/a	NonTarget	1	339904
1359.788	n/a	NonTarget	1	339947
1359.976	n/a	Target	2	339994
1360.14	n/a	NonTarget	1	340035
1360.312	n/a	NonTarget	1	340078
1360.488	n/a	NonTarget	1	340122
1360.664	n/a	NonTarget	1	340166
1360.84	n/a	Target	2	340210
1361.016	n/a	NonTarget	1	340254
1361.188	n/a	NonTarget	1	340297
1361.364	n/a	Target	2	340341
1361.54	n/a	NonTarget	1	340385
1361.716	n/a	NonTarget	1	340429
1361.888	n/a	NonTarget	1	340472
1362.076	n/a	NonTarget	1	340519
1362.24	n/a	NonTarget	1	340560
1362.416	n/a	NonTarget	1	340604
1362.596	n/a	NonTarget	1	340649
1362.764	n/a	Target	2	340691
1362.94	n/a	NonTarget	1	340735
1363.116	n/a	NonTarget	1	340779
1363.288	n/a	NonTarget	1	340822
1363.464	n/a	Target	2	340866
1363.64	n/a	NonTarget	1	340910
1363.816	n/a	NonTarget	1	340954
1363.988	n/a	NonTarget	1	340997
1364.164	n/a	NonTarget	1	341041
1364.34	n/a	NonTarget	1	341085
1364.528	n/a	Target	2	341132
1364.696	n/a	NonTarget	1	341174
1364.864	n/a	NonTarget	1	341216
1365.04	n/a	NonTarget	1	341260
1365.216	n/a	NonTarget	1	341304
1365.388	n/a	NonTarget	1	341347
1386.112	n/a	Target	2	346528
1386.288	n/a	NonTarget	1	346572
1386.464	n/a	NonTarget	1	346616
1386.64	n/a	NonTarget	1	346660
1386.812	n/a	NonTarget	1	346703
1386.988	n/a	NonTarget	1	346747
1387.164	n/a	NonTarget	1	346791
1387.34	n/a	NonTarget	1	346835
1387.52	n/a	Target	2	346880
1387.688	n/a	NonTarget	1	346922
1387.864	n/a	NonTarget	1	346966
1388.04	n/a	NonTarget	1	347010
1388.212	n/a	Target	2	347053
1388.388	n/a	NonTarget	1	347097
1388.564	n/a	NonTarget	1	347141
1388.74	n/a	NonTarget	1	347185
1388.916	n/a	NonTarget	1	347229
1389.088	n/a	NonTarget	1	347272
1389.264	n/a	Target	2	347316
1389.44	n/a	NonTarget	1	347360
1389.612	n/a	NonTarget	1	347403
1389.788	n/a	NonTarget	1	347447
1389.964	n/a	NonTarget	1	347491
1390.14	n/a	NonTarget	1	347535
1390.316	n/a	Target	2	347579
1390.488	n/a	NonTarget	1	347622
1390.664	n/a	NonTarget	1	347666
1390.844	n/a	NonTarget	1	347711
1391.016	n/a	NonTarget	1	347754
1391.188	n/a	NonTarget	1	347797
1391.372	n/a	NonTarget	1	347843
1391.54	n/a	NonTarget	1	347885
1391.712	n/a	NonTarget	1	347928
1391.888	n/a	Target	2	347972
1392.064	n/a	NonTarget	1	348016
1392.24	n/a	NonTarget	1	348060
1392.416	n/a	NonTarget	1	348104
1392.596	n/a	NonTarget	1	348149
1392.768	n/a	NonTarget	1	348192
1392.94	n/a	NonTarget	1	348235
1393.112	n/a	Target	2	348278
1393.288	n/a	NonTarget	1	348322
1393.464	n/a	NonTarget	1	348366
1393.64	n/a	NonTarget	1	348410
1393.816	n/a	NonTarget	1	348454
1393.988	n/a	Target	2	348497
1394.164	n/a	NonTarget	1	348541
1394.34	n/a	NonTarget	1	348585
1394.516	n/a	NonTarget	1	348629
1394.688	n/a	NonTarget	1	348672
1394.864	n/a	NonTarget	1	348716
1395.044	n/a	Target	2	348761
1395.212	n/a	NonTarget	1	348803
1395.404	n/a	NonTarget	1	348851
1395.564	n/a	Target	2	348891
1395.74	n/a	NonTarget	1	348935
1395.916	n/a	NonTarget	1	348979
1396.088	n/a	NonTarget	1	349022
1396.264	n/a	NonTarget	1	349066
1396.44	n/a	NonTarget	1	349110
1396.612	n/a	NonTarget	1	349153
1396.788	n/a	NonTarget	1	349197
1396.964	n/a	NonTarget	1	349241
1397.14	n/a	Target	2	349285
1397.316	n/a	NonTarget	1	349329
1397.504	n/a	NonTarget	1	349376
1397.676	n/a	Target	2	349419
1397.84	n/a	NonTarget	1	349460
1398.016	n/a	NonTarget	1	349504
1398.188	n/a	NonTarget	1	349547
1398.364	n/a	NonTarget	1	349591
1398.54	n/a	NonTarget	1	349635
1398.712	n/a	NonTarget	1	349678
1398.888	n/a	NonTarget	1	349722
1399.064	n/a	NonTarget	1	349766
1399.244	n/a	Target	2	349811
1399.412	n/a	NonTarget	1	349853
1399.588	n/a	NonTarget	1	349897
1399.764	n/a	Target	2	349941
1399.936	n/a	NonTarget	1	349984
1400.112	n/a	NonTarget	1	350028
1400.288	n/a	NonTarget	1	350072
1400.464	n/a	NonTarget	1	350116
1400.64	n/a	NonTarget	1	350160
1400.812	n/a	NonTarget	1	350203
1400.988	n/a	NonTarget	1	350247
1401.164	n/a	NonTarget	1	350291
1401.34	n/a	NonTarget	1	350335
1401.516	n/a	Target	2	350379
1401.692	n/a	NonTarget	1	350423
1416.596	n/a	NonTarget	1	354149
1416.772	n/a	NonTarget	1	354193
1416.948	n/a	Target	2	354237
1417.136	n/a	NonTarget	1	354284
1417.296	n/a	NonTarget	1	354324
1417.472	n/a	NonTarget	1	354368
1417.656	n/a	Target	2	354414
1417.824	n/a	NonTarget	1	354456
1417.996	n/a	NonTarget	1	354499
1418.176	n/a	NonTarget	1	354544
1418.348	n/a	NonTarget	1	354587
1418.524	n/a	NonTarget	1	354631
1418.696	n/a	NonTarget	1	354674
1418.872	n/a	NonTarget	1	354718
1419.048	n/a	Target	2	354762
1419.224	n/a	NonTarget	1	354806
1419.404	n/a	NonTarget	1	354851
1419.572	n/a	NonTarget	1	354893
1419.756	n/a	NonTarget	1	354939
1419.924	n/a	NonTarget	1	354981
1420.096	n/a	NonTarget	1	355024
1420.272	n/a	Target	2	355068
1420.448	n/a	NonTarget	1	355112
1420.628	n/a	NonTarget	1	355157
1420.796	n/a	NonTarget	1	355199
1420.972	n/a	NonTarget	1	355243
1421.148	n/a	NonTarget	1	355287
1421.324	n/a	NonTarget	1	355331
1421.496	n/a	NonTarget	1	355374
1421.672	n/a	Target	2	355418
1421.848	n/a	NonTarget	1	355462
1422.024	n/a	NonTarget	1	355506
1422.2	n/a	NonTarget	1	355550
1422.372	n/a	NonTarget	1	355593
1422.556	n/a	NonTarget	1	355639
1422.724	n/a	Target	2	355681
1422.896	n/a	NonTarget	1	355724
1423.08	n/a	NonTarget	1	355770
1423.248	n/a	NonTarget	1	355812
1423.424	n/a	NonTarget	1	355856
1423.596	n/a	Target	2	355899
1423.772	n/a	NonTarget	1	355943
1423.948	n/a	NonTarget	1	355987
1424.124	n/a	NonTarget	1	356031
1424.296	n/a	NonTarget	1	356074
1424.472	n/a	Target	2	356118
1424.648	n/a	NonTarget	1	356162
1424.824	n/a	NonTarget	1	356206
1425.012	n/a	NonTarget	1	356253
1425.172	n/a	NonTarget	1	356293
1425.348	n/a	NonTarget	1	356337
1425.528	n/a	NonTarget	1	356382
1425.696	n/a	NonTarget	1	356424
1425.872	n/a	Target	2	356468
1426.048	n/a	NonTarget	1	356512
1426.22	n/a	NonTarget	1	356555
1426.408	n/a	NonTarget	1	356602
1426.572	n/a	NonTarget	1	356643
1426.748	n/a	NonTarget	1	356687
1426.924	n/a	Target	2	356731
1427.096	n/a	NonTarget	1	356774
1427.272	n/a	NonTarget	1	356818
1427.448	n/a	Target	2	356862
1427.62	n/a	NonTarget	1	356905
1427.796	n/a	NonTarget	1	356949
1427.976	n/a	NonTarget	1	356994
1428.148	n/a	NonTarget	1	357037
1428.324	n/a	NonTarget	1	357081
1428.496	n/a	Target	2	357124
1428.672	n/a	NonTarget	1	357168
1428.848	n/a	NonTarget	1	357212
1429.024	n/a	NonTarget	1	357256
1429.196	n/a	NonTarget	1	357299
1429.372	n/a	Target	2	357343
1429.548	n/a	NonTarget	1	357387
1429.72	n/a	NonTarget	1	357430
1429.896	n/a	NonTarget	1	357474
1430.072	n/a	NonTarget	1	357518
1430.248	n/a	Target	2	357562
1430.424	n/a	NonTarget	1	357606
1430.596	n/a	NonTarget	1	357649
1430.772	n/a	NonTarget	1	357693
1430.948	n/a	NonTarget	1	357737
1431.12	n/a	NonTarget	1	357780
1431.296	n/a	NonTarget	1	357824
1431.476	n/a	NonTarget	1	357869
1431.652	n/a	Target	2	357913
1431.824	n/a	NonTarget	1	357956
1431.996	n/a	NonTarget	1	357999
1432.172	n/a	NonTarget	1	358043
1452.816	n/a	NonTarget	1	363204
1452.984	n/a	NonTarget	1	363246
1453.16	n/a	NonTarget	1	363290
1453.336	n/a	Target	2	363334
1453.512	n/a	NonTarget	1	363378
1453.704	n/a	NonTarget	1	363426
1453.868	n/a	Target	2	363467
1454.036	n/a	NonTarget	1	363509
1454.212	n/a	NonTarget	1	363553
1454.392	n/a	NonTarget	1	363598
1454.56	n/a	NonTarget	1	363640
1454.736	n/a	NonTarget	1	363684
1454.912	n/a	NonTarget	1	363728
1455.088	n/a	Target	2	363772
1455.26	n/a	NonTarget	1	363815
1455.436	n/a	NonTarget	1	363859
1455.612	n/a	NonTarget	1	363903
1455.788	n/a	NonTarget	1	363947
1455.968	n/a	NonTarget	1	363992
1456.136	n/a	Target	2	364034
1456.312	n/a	NonTarget	1	364078
1456.484	n/a	NonTarget	1	364121
1456.66	n/a	NonTarget	1	364165
1456.84	n/a	NonTarget	1	364210
1457.012	n/a	NonTarget	1	364253
1457.188	n/a	NonTarget	1	364297
1457.36	n/a	NonTarget	1	364340
1457.536	n/a	NonTarget	1	364384
1457.712	n/a	NonTarget	1	364428
1457.884	n/a	Target	2	364471
1458.06	n/a	NonTarget	1	364515
1458.236	n/a	NonTarget	1	364559
1458.412	n/a	Target	2	364603
1458.584	n/a	NonTarget	1	364646
1458.764	n/a	NonTarget	1	364691
1458.936	n/a	NonTarget	1	364734
1459.112	n/a	NonTarget	1	364778
1459.284	n/a	NonTarget	1	364821
1459.46	n/a	NonTarget	1	364865
1459.636	n/a	NonTarget	1	364909
1459.812	n/a	Target	2	364953
1459.996	n/a	NonTarget	1	364999
1460.164	n/a	NonTarget	1	365041
1460.336	n/a	NonTarget	1	365084
1460.512	n/a	NonTarget	1	365128
1460.688	n/a	Target	2	365172
1460.86	n/a	NonTarget	1	365215
1461.036	n/a	NonTarget	1	365259
1461.22	n/a	NonTarget	1	365305
1461.384	n/a	NonTarget	1	365346
1461.56	n/a	NonTarget	1	365390
1461.736	n/a	Target	2	365434
1461.912	n/a	NonTarget	1	365478
1462.088	n/a	NonTarget	1	365522
1462.26	n/a	NonTarget	1	365565
1462.436	n/a	Target	2	365609
1462.612	n/a	NonTarget	1	365653
1462.784	n/a	NonTarget	1	365696
1462.968	n/a	NonTarget	1	365742
1463.136	n/a	NonTarget	1	365784
1463.324	n/a	NonTarget	1	365831
1463.484	n/a	Target	2	365871
1463.66	n/a	NonTarget	1	365915
1463.836	n/a	NonTarget	1	365959
1464.012	n/a	NonTarget	1	366003
1464.188	n/a	NonTarget	1	366047
1464.36	n/a	NonTarget	1	366090
1464.536	n/a	NonTarget	1	366134
1464.712	n/a	NonTarget	1	366178
1464.884	n/a	Target	2	366221
1465.068	n/a	NonTarget	1	366267
1465.236	n/a	NonTarget	1	366309
1465.416	n/a	NonTarget	1	366354
1465.584	n/a	NonTarget	1	366396
1465.76	n/a	Target	2	366440
1465.936	n/a	NonTarget	1	366484
1466.112	n/a	NonTarget	1	366528
1466.284	n/a	NonTarget	1	366571
1466.46	n/a	NonTarget	1	366615
1466.636	n/a	NonTarget	1	366659
1466.812	n/a	NonTarget	1	366703
1466.984	n/a	Target	2	366746
1467.164	n/a	NonTarget	1	366791
1467.336	n/a	NonTarget	1	366834
1467.524	n/a	NonTarget	1	366881
1467.688	n/a	Target	2	366922
1467.86	n/a	NonTarget	1	366965
1468.036	n/a	NonTarget	1	367009
1468.216	n/a	NonTarget	1	367054
1468.384	n/a	NonTarget	1	367096
1484.092	n/a	NonTarget	1	371023
1484.264	n/a	Target	2	371066
1484.44	n/a	NonTarget	1	371110
1484.616	n/a	NonTarget	1	371154
1484.792	n/a	NonTarget	1	371198
1484.968	n/a	NonTarget	1	371242
1485.14	n/a	NonTarget	1	371285
1485.32	n/a	Target	2	371330
1485.492	n/a	NonTarget	1	371373
1485.664	n/a	NonTarget	1	371416
1485.84	n/a	NonTarget	1	371460
1486.016	n/a	NonTarget	1	371504
1486.192	n/a	Target	2	371548
1486.368	n/a	NonTarget	1	371592
1486.54	n/a	NonTarget	1	371635
1486.72	n/a	NonTarget	1	371680
1486.892	n/a	NonTarget	1	371723
1487.064	n/a	NonTarget	1	371766
1487.24	n/a	NonTarget	1	371810
1487.416	n/a	Target	2	371854
1487.592	n/a	NonTarget	1	371898
1487.764	n/a	NonTarget	1	371941
1487.94	n/a	NonTarget	1	371985
1488.116	n/a	NonTarget	1	372029
1488.292	n/a	NonTarget	1	372073
1488.472	n/a	NonTarget	1	372118
1488.64	n/a	NonTarget	1	372160
1488.816	n/a	NonTarget	1	372204
1488.996	n/a	Target	2	372249
1489.164	n/a	NonTarget	1	372291
1489.34	n/a	NonTarget	1	372335
1489.516	n/a	Target	2	372379
1489.692	n/a	NonTarget	1	372423
1489.864	n/a	NonTarget	1	372466
1490.048	n/a	NonTarget	1	372512
1490.22	n/a	NonTarget	1	372555
1490.392	n/a	NonTarget	1	372598
1490.564	n/a	NonTarget	1	372641
1490.74	n/a	NonTarget	1	372685
1490.916	n/a	Target	2	372729
1491.092	n/a	NonTarget	1	372773
1491.264	n/a	NonTarget	1	372816
1491.444	n/a	NonTarget	1	372861
1491.616	n/a	Target	2	372904
1491.792	n/a	NonTarget	1	372948
1491.968	n/a	NonTarget	1	372992
1492.14	n/a	NonTarget	1	373035
1492.32	n/a	NonTarget	1	373080
1492.492	n/a	NonTarget	1	373123
1492.672	n/a	Target	2	373168
1492.844	n/a	NonTarget	1	373211
1493.016	n/a	NonTarget	1	373254
1493.192	n/a	NonTarget	1	373298
1493.364	n/a	NonTarget	1	373341
1493.54	n/a	Target	2	373385
1493.716	n/a	NonTarget	1	373429
1493.892	n/a	NonTarget	1	373473
1494.064	n/a	NonTarget	1	373516
1494.24	n/a	NonTarget	1	373560
1494.416	n/a	NonTarget	1	373604
1494.596	n/a	Target	2	373649
1494.764	n/a	NonTarget	1	373691
1494.94	n/a	NonTarget	1	373735
1495.116	n/a	NonTarget	1	373779
1495.292	n/a	NonTarget	1	373823
1495.464	n/a	NonTarget	1	373866
1495.64	n/a	NonTarget	1	373910
1495.816	n/a	NonTarget	1	373954
1495.992	n/a	Target	2	373998
1496.164	n/a	NonTarget	1	374041
1496.34	n/a	NonTarget	1	374085
1496.524	n/a	NonTarget	1	374131
1496.692	n/a	Target	2	374173
1496.864	n/a	NonTarget	1	374216
1497.04	n/a	NonTarget	1	374260
1497.216	n/a	NonTarget	1	374304
1497.392	n/a	NonTarget	1	374348
1497.564	n/a	NonTarget	1	374391
1497.74	n/a	Target	2	374435
1497.916	n/a	NonTarget	1	374479
1498.092	n/a	NonTarget	1	374523
1498.268	n/a	NonTarget	1	374567
1498.44	n/a	NonTarget	1	374610
1498.616	n/a	NonTarget	1	374654
1498.792	n/a	NonTarget	1	374698
1498.964	n/a	NonTarget	1	374741
1499.14	n/a	Target	2	374785
1499.328	n/a	NonTarget	1	374832
1499.492	n/a	NonTarget	1	374873
1499.664	n/a	NonTarget	1	374916
1520.64	n/a	NonTarget	1	380160
1520.816	n/a	NonTarget	1	380204
1520.992	n/a	NonTarget	1	380248
1521.164	n/a	Target	2	380291
1521.34	n/a	NonTarget	1	380335
1521.52	n/a	NonTarget	1	380380
1521.692	n/a	NonTarget	1	380423
1521.864	n/a	NonTarget	1	380466
1522.04	n/a	Target	2	380510
1522.216	n/a	NonTarget	1	380554
1522.404	n/a	NonTarget	1	380601
1522.572	n/a	NonTarget	1	380643
1522.74	n/a	NonTarget	1	380685
1522.924	n/a	Target	2	380731
1523.092	n/a	NonTarget	1	380773
1523.264	n/a	NonTarget	1	380816
1523.448	n/a	NonTarget	1	380862
1523.616	n/a	NonTarget	1	380904
1523.792	n/a	Target	2	380948
1523.964	n/a	NonTarget	1	380991
1524.14	n/a	NonTarget	1	381035
1524.32	n/a	NonTarget	1	381080
1524.492	n/a	NonTarget	1	381123
1524.664	n/a	NonTarget	1	381166
1524.84	n/a	NonTarget	1	381210
1525.016	n/a	NonTarget	1	381254
1525.192	n/a	NonTarget	1	381298
1525.364	n/a	Target	2	381341
1525.54	n/a	NonTarget	1	381385
1525.716	n/a	NonTarget	1	381429
1525.892	n/a	NonTarget	1	381473
1526.064	n/a	NonTarget	1	381516
1526.24	n/a	NonTarget	1	381560
1526.416	n/a	NonTarget	1	381604
1526.592	n/a	NonTarget	1	381648
1526.764	n/a	Target	2	381691
1526.94	n/a	NonTarget	1	381735
1527.116	n/a	NonTarget	1	381779
1527.292	n/a	NonTarget	1	381823
1527.464	n/a	NonTarget	1	381866
1527.656	n/a	Target	2	381914
1527.816	n/a	NonTarget	1	381954
1527.992	n/a	NonTarget	1	381998
1528.172	n/a	NonTarget	1	382043
1528.34	n/a	NonTarget	1	382085
1528.516	n/a	NonTarget	1	382129
1528.692	n/a	Target	2	382173
1528.864	n/a	NonTarget	1	382216
1529.04	n/a	NonTarget	1	382260
1529.216	n/a	NonTarget	1	382304
1529.392	n/a	NonTarget	1	382348
1529.564	n/a	NonTarget	1	382391
1529.76	n/a	NonTarget	1	382440
1529.916	n/a	Target	2	382479
1530.092	n/a	NonTarget	1	382523
1530.264	n/a	NonTarget	1	382566
1530.44	n/a	NonTarget	1	382610
1530.616	n/a	NonTarget	1	382654
1530.792	n/a	Target	2	382698
1530.964	n/a	NonTarget	1	382741
1531.14	n/a	NonTarget	1	382785
1531.316	n/a	NonTarget	1	382829
1531.492	n/a	NonTarget	1	382873
1531.664	n/a	Target	2	382916
1531.84	n/a	NonTarget	1	382960
1532.016	n/a	NonTarget	1	383004
1532.192	n/a	Target	2	383048
1532.372	n/a	NonTarget	1	383093
1532.54	n/a	NonTarget	1	383135
1532.716	n/a	NonTarget	1	383179
1532.892	n/a	NonTarget	1	383223
1533.064	n/a	NonTarget	1	383266
1533.24	n/a	NonTarget	1	383310
1533.416	n/a	Target	2	383354
1533.588	n/a	NonTarget	1	383397
1533.768	n/a	NonTarget	1	383442
1533.94	n/a	NonTarget	1	383485
1534.116	n/a	NonTarget	1	383529
1534.292	n/a	NonTarget	1	383573
1534.464	n/a	Target	2	383616
1534.644	n/a	NonTarget	1	383661
1534.816	n/a	NonTarget	1	383704
1534.992	n/a	NonTarget	1	383748
1535.164	n/a	NonTarget	1	383791
1535.34	n/a	NonTarget	1	383835
1535.516	n/a	NonTarget	1	383879
1535.692	n/a	NonTarget	1	383923
1535.864	n/a	NonTarget	1	383966
1536.04	n/a	NonTarget	1	384010
1536.216	n/a	Target	2	384054
1552.04	n/a	NonTarget	1	388010
1552.216	n/a	NonTarget	1	388054
1552.388	n/a	NonTarget	1	388097
1552.564	n/a	NonTarget	1	388141
1552.74	n/a	Target	2	388185
1552.916	n/a	NonTarget	1	388229
1553.088	n/a	NonTarget	1	388272
1553.276	n/a	Target	2	388319
1553.44	n/a	NonTarget	1	388360
1553.612	n/a	NonTarget	1	388403
1553.788	n/a	NonTarget	1	388447
1553.964	n/a	NonTarget	1	388491
1554.14	n/a	NonTarget	1	388535
1554.312	n/a	NonTarget	1	388578
1554.488	n/a	NonTarget	1	388622
1554.664	n/a	NonTarget	1	388666
1554.84	n/a	NonTarget	1	388710
1555.012	n/a	Target	2	388753
1555.188	n/a	NonTarget	1	388797
1555.364	n/a	NonTarget	1	388841
1555.54	n/a	NonTarget	1	388885
1555.712	n/a	NonTarget	1	388928
1555.888	n/a	NonTarget	1	388972
1556.064	n/a	Target	2	389016
1556.24	n/a	NonTarget	1	389060
1556.412	n/a	NonTarget	1	389103
1556.588	n/a	NonTarget	1	389147
1556.764	n/a	NonTarget	1	389191
1556.94	n/a	Target	2	389235
1557.112	n/a	NonTarget	1	389278
1557.288	n/a	NonTarget	1	389322
1557.464	n/a	NonTarget	1	389366
1557.64	n/a	NonTarget	1	389410
1557.812	n/a	NonTarget	1	389453
1557.988	n/a	Target	2	389497
1558.164	n/a	NonTarget	1	389541
1558.34	n/a	NonTarget	1	389585
1558.512	n/a	NonTarget	1	389628
1558.688	n/a	NonTarget	1	389672
1558.864	n/a	NonTarget	1	389716
1559.04	n/a	NonTarget	1	389760
1559.212	n/a	Target	2	389803
1559.388	n/a	NonTarget	1	389847
1559.564	n/a	NonTarget	1	389891
1559.74	n/a	NonTarget	1	389935
1559.912	n/a	NonTarget	1	389978
1560.088	n/a	NonTarget	1	390022
1560.264	n/a	Target	2	390066
1560.44	n/a	NonTarget	1	390110
1560.612	n/a	NonTarget	1	390153
1560.788	n/a	NonTarget	1	390197
1560.964	n/a	NonTarget	1	390241
1561.144	n/a	NonTarget	1	390286
1561.312	n/a	Target	2	390328
1561.488	n/a	NonTarget	1	390372
1561.664	n/a	NonTarget	1	390416
1561.84	n/a	NonTarget	1	390460
1562.012	n/a	Target	2	390503
1562.188	n/a	NonTarget	1	390547
1562.364	n/a	NonTarget	1	390591
1562.54	n/a	NonTarget	1	390635
1562.712	n/a	NonTarget	1	390678
1562.888	n/a	Target	2	390722
1563.064	n/a	NonTarget	1	390766
1563.24	n/a	NonTarget	1	390810
1563.412	n/a	NonTarget	1	390853
1563.588	n/a	NonTarget	1	390897
1563.764	n/a	NonTarget	1	390941
1563.94	n/a	NonTarget	1	390985
1564.112	n/a	NonTarget	1	391028
1564.288	n/a	NonTarget	1	391072
1564.464	n/a	Target	2	391116
1564.64	n/a	NonTarget	1	391160
1564.812	n/a	NonTarget	1	391203
1564.988	n/a	NonTarget	1	391247
1565.168	n/a	NonTarget	1	391292
1565.34	n/a	Target	2	391335
1565.512	n/a	NonTarget	1	391378
1565.688	n/a	NonTarget	1	391422
1565.864	n/a	NonTarget	1	391466
1566.04	n/a	NonTarget	1	391510
1566.212	n/a	NonTarget	1	391553
1566.388	n/a	Target	2	391597
1566.564	n/a	NonTarget	1	391641
1566.74	n/a	NonTarget	1	391685
1566.912	n/a	Target	2	391728
1567.088	n/a	NonTarget	1	391772
1567.264	n/a	NonTarget	1	391816
1567.44	n/a	NonTarget	1	391860
1567.612	n/a	NonTarget	1	391903
1588.56	n/a	NonTarget	1	397140
1588.736	n/a	Target	2	397184
1588.912	n/a	NonTarget	1	397228
1589.088	n/a	NonTarget	1	397272
1589.26	n/a	NonTarget	1	397315
1589.436	n/a	NonTarget	1	397359
1589.616	n/a	NonTarget	1	397404
1589.792	n/a	NonTarget	1	397448
1589.96	n/a	NonTarget	1	397490
1590.14	n/a	Target	2	397535
1590.312	n/a	NonTarget	1	397578
1590.496	n/a	NonTarget	1	397624
1590.66	n/a	NonTarget	1	397665
1590.836	n/a	Target	2	397709
1591.012	n/a	NonTarget	1	397753
1591.184	n/a	NonTarget	1	397796
1591.36	n/a	NonTarget	1	397840
1591.536	n/a	NonTarget	1	397884
1591.712	n/a	NonTarget	1	397928
1591.888	n/a	Target	2	397972
1592.06	n/a	NonTarget	1	398015
1592.236	n/a	NonTarget	1	398059
1592.412	n/a	NonTarget	1	398103
1592.584	n/a	NonTarget	1	398146
1592.764	n/a	Target	2	398191
1592.936	n/a	NonTarget	1	398234
1593.12	n/a	NonTarget	1	398280
1593.284	n/a	NonTarget	1	398321
1593.46	n/a	NonTarget	1	398365
1593.636	n/a	NonTarget	1	398409
1593.828	n/a	Target	2	398457
1593.984	n/a	NonTarget	1	398496
1594.16	n/a	NonTarget	1	398540
1594.336	n/a	NonTarget	1	398584
1594.516	n/a	NonTarget	1	398629
1594.684	n/a	NonTarget	1	398671
1594.86	n/a	NonTarget	1	398715
1595.036	n/a	NonTarget	1	398759
1595.212	n/a	Target	2	398803
1595.384	n/a	NonTarget	1	398846
1595.572	n/a	NonTarget	1	398893
1595.736	n/a	NonTarget	1	398934
1595.912	n/a	Target	2	398978
1596.088	n/a	NonTarget	1	399022
1596.26	n/a	NonTarget	1	399065
1596.44	n/a	NonTarget	1	399110
1596.612	n/a	NonTarget	1	399153
1596.784	n/a	NonTarget	1	399196
1596.972	n/a	Target	2	399243
1597.136	n/a	NonTarget	1	399284
1597.312	n/a	NonTarget	1	399328
1597.484	n/a	NonTarget	1	399371
1597.66	n/a	NonTarget	1	399415
1597.836	n/a	NonTarget	1	399459
1598.012	n/a	NonTarget	1	399503
1598.184	n/a	NonTarget	1	399546
1598.372	n/a	Target	2	399593
1598.536	n/a	NonTarget	1	399634
1598.712	n/a	NonTarget	1	399678
1598.884	n/a	NonTarget	1	399721
1599.06	n/a	NonTarget	1	399765
1599.236	n/a	Target	2	399809
1599.412	n/a	NonTarget	1	399853
1599.584	n/a	NonTarget	1	399896
1599.76	n/a	NonTarget	1	399940
1599.936	n/a	NonTarget	1	399984
1600.112	n/a	NonTarget	1	400028
1600.284	n/a	Target	2	400071
1600.46	n/a	NonTarget	1	400115
1600.636	n/a	NonTarget	1	400159
1600.808	n/a	NonTarget	1	400202
1600.984	n/a	NonTarget	1	400246
1601.16	n/a	Target	2	400290
1601.336	n/a	NonTarget	1	400334
1601.512	n/a	NonTarget	1	400378
1601.688	n/a	NonTarget	1	400422
1601.86	n/a	NonTarget	1	400465
1602.036	n/a	NonTarget	1	400509
1602.212	n/a	NonTarget	1	400553
1602.384	n/a	NonTarget	1	400596
1602.56	n/a	Target	2	400640
1602.736	n/a	NonTarget	1	400684
1602.912	n/a	NonTarget	1	400728
1603.084	n/a	NonTarget	1	400771
1603.26	n/a	NonTarget	1	400815
1603.44	n/a	NonTarget	1	400860
1603.612	n/a	Target	2	400903
1603.784	n/a	NonTarget	1	400946
1603.964	n/a	NonTarget	1	400991
1604.136	n/a	NonTarget	1	401034
1619.964	n/a	NonTarget	1	404991
1620.136	n/a	NonTarget	1	405034
1620.312	n/a	NonTarget	1	405078
1620.488	n/a	NonTarget	1	405122
1620.664	n/a	Target	2	405166
1620.836	n/a	NonTarget	1	405209
1621.012	n/a	NonTarget	1	405253
1621.188	n/a	NonTarget	1	405297
1621.36	n/a	NonTarget	1	405340
1621.536	n/a	NonTarget	1	405384
1621.712	n/a	NonTarget	1	405428
1621.888	n/a	Target	2	405472
1622.064	n/a	NonTarget	1	405516
1622.236	n/a	NonTarget	1	405559
1622.412	n/a	NonTarget	1	405603
1622.592	n/a	Target	2	405648
1622.764	n/a	NonTarget	1	405691
1622.936	n/a	NonTarget	1	405734
1623.112	n/a	NonTarget	1	405778
1623.292	n/a	NonTarget	1	405823
1623.464	n/a	NonTarget	1	405866
1623.636	n/a	Target	2	405909
1623.812	n/a	NonTarget	1	405953
1623.988	n/a	NonTarget	1	405997
1624.164	n/a	Target	2	406041
1624.336	n/a	NonTarget	1	406084
1624.512	n/a	NonTarget	1	406128
1624.692	n/a	NonTarget	1	406173
1624.864	n/a	NonTarget	1	406216
1625.036	n/a	NonTarget	1	406259
1625.212	n/a	NonTarget	1	406303
1625.388	n/a	NonTarget	1	406347
1625.564	n/a	NonTarget	1	406391
1625.736	n/a	NonTarget	1	406434
1625.912	n/a	NonTarget	1	406478
1626.088	n/a	Target	2	406522
1626.264	n/a	NonTarget	1	406566
1626.436	n/a	NonTarget	1	406609
1626.612	n/a	NonTarget	1	406653
1626.788	n/a	Target	2	406697
1626.964	n/a	NonTarget	1	406741
1627.136	n/a	NonTarget	1	406784
1627.312	n/a	NonTarget	1	406828
1627.488	n/a	NonTarget	1	406872
1627.676	n/a	NonTarget	1	406919
1627.84	n/a	Target	2	406960
1628.012	n/a	NonTarget	1	407003
1628.188	n/a	NonTarget	1	407047
1628.364	n/a	NonTarget	1	407091
1628.536	n/a	NonTarget	1	407134
1628.712	n/a	Target	2	407178
1628.888	n/a	NonTarget	1	407222
1629.064	n/a	NonTarget	1	407266
1629.236	n/a	NonTarget	1	407309
1629.42	n/a	NonTarget	1	407355
1629.588	n/a	Target	2	407397
1629.768	n/a	NonTarget	1	407442
1629.936	n/a	NonTarget	1	407484
1630.112	n/a	NonTarget	1	407528
1630.288	n/a	NonTarget	1	407572
1630.464	n/a	NonTarget	1	407616
1630.636	n/a	Target	2	407659
1630.812	n/a	NonTarget	1	407703
1630.988	n/a	NonTarget	1	407747
1631.164	n/a	NonTarget	1	407791
1631.336	n/a	NonTarget	1	407834
1631.512	n/a	NonTarget	1	407878
1631.688	n/a	NonTarget	1	407922
1631.864	n/a	NonTarget	1	407966
1632.036	n/a	NonTarget	1	408009
1632.212	n/a	NonTarget	1	408053
1632.388	n/a	Target	2	408097
1632.56	n/a	NonTarget	1	408140
1632.736	n/a	NonTarget	1	408184
1632.912	n/a	NonTarget	1	408228
1633.088	n/a	NonTarget	1	408272
1633.264	n/a	Target	2	408316
1633.436	n/a	NonTarget	1	408359
1633.612	n/a	NonTarget	1	408403
1633.784	n/a	NonTarget	1	408446
1633.96	n/a	NonTarget	1	408490
1634.136	n/a	NonTarget	1	408534
1634.312	n/a	Target	2	408578
1634.488	n/a	NonTarget	1	408622
1634.672	n/a	NonTarget	1	408668
1634.836	n/a	NonTarget	1	408709
1635.012	n/a	NonTarget	1	408753
1635.2	n/a	Target	2	408800
1635.36	n/a	NonTarget	1	408840
1635.536	n/a	NonTarget	1	408884
1656.492	n/a	NonTarget	1	414123
1656.668	n/a	NonTarget	1	414167
1656.844	n/a	NonTarget	1	414211
1657.02	n/a	NonTarget	1	414255
1657.2	n/a	NonTarget	1	414300
1657.368	n/a	Target	2	414342
1657.544	n/a	NonTarget	1	414386
1657.72	n/a	NonTarget	1	414430
1657.892	n/a	NonTarget	1	414473
1658.068	n/a	NonTarget	1	414517
1658.248	n/a	Target	2	414562
1658.42	n/a	NonTarget	1	414605
1658.592	n/a	NonTarget	1	414648
1658.768	n/a	Target	2	414692
1658.944	n/a	NonTarget	1	414736
1659.12	n/a	NonTarget	1	414780
1659.292	n/a	NonTarget	1	414823
1659.468	n/a	NonTarget	1	414867
1659.644	n/a	NonTarget	1	414911
1659.82	n/a	NonTarget	1	414955
1659.996	n/a	NonTarget	1	414999
1660.172	n/a	NonTarget	1	415043
1660.344	n/a	Target	2	415086
1660.524	n/a	NonTarget	1	415131
1660.692	n/a	NonTarget	1	415173
1660.868	n/a	NonTarget	1	415217
1661.044	n/a	Target	2	415261
1661.22	n/a	NonTarget	1	415305
1661.392	n/a	NonTarget	1	415348
1661.568	n/a	NonTarget	1	415392
1661.744	n/a	NonTarget	1	415436
1661.92	n/a	Target	2	415480
1662.092	n/a	NonTarget	1	415523
1662.268	n/a	NonTarget	1	415567
1662.444	n/a	NonTarget	1	415611
1662.62	n/a	NonTarget	1	415655
1662.792	n/a	NonTarget	1	415698
1662.968	n/a	Target	2	415742
1663.144	n/a	NonTarget	1	415786
1663.32	n/a	NonTarget	1	415830
1663.492	n/a	NonTarget	1	415873
1663.668	n/a	NonTarget	1	415917
1663.844	n/a	Target	2	415961
1664.02	n/a	NonTarget	1	416005
1664.196	n/a	NonTarget	1	416049
1664.368	n/a	NonTarget	1	416092
1664.544	n/a	NonTarget	1	416136
1664.72	n/a	NonTarget	1	416180
1664.892	n/a	NonTarget	1	416223
1665.068	n/a	Target	2	416267
1665.244	n/a	NonTarget	1	416311
1665.42	n/a	NonTarget	1	416355
1665.592	n/a	NonTarget	1	416398
1665.768	n/a	NonTarget	1	416442
1665.944	n/a	NonTarget	1	416486
1666.128	n/a	NonTarget	1	416532
1666.292	n/a	NonTarget	1	416573
1666.468	n/a	NonTarget	1	416617
1666.64	n/a	Target	2	416660
1666.816	n/a	NonTarget	1	416704
1666.992	n/a	NonTarget	1	416748
1667.168	n/a	Target	2	416792
1667.344	n/a	NonTarget	1	416836
1667.52	n/a	NonTarget	1	416880
1667.692	n/a	NonTarget	1	416923
1667.876	n/a	NonTarget	1	416969
1668.044	n/a	NonTarget	1	417011
1668.22	n/a	NonTarget	1	417055
1668.392	n/a	NonTarget	1	417098
1668.568	n/a	Target	2	417142
1668.744	n/a	NonTarget	1	417186
1668.92	n/a	NonTarget	1	417230
1669.092	n/a	NonTarget	1	417273
1669.268	n/a	Target	2	417317
1669.448	n/a	NonTarget	1	417362
1669.62	n/a	NonTarget	1	417405
1669.792	n/a	NonTarget	1	417448
1669.968	n/a	NonTarget	1	417492
1670.144	n/a	NonTarget	1	417536
1670.32	n/a	Target	2	417580
1670.492	n/a	NonTarget	1	417623
1670.668	n/a	NonTarget	1	417667
1670.844	n/a	NonTarget	1	417711
1671.02	n/a	NonTarget	1	417755
1671.192	n/a	Target	2	417798
1671.368	n/a	NonTarget	1	417842
1671.552	n/a	NonTarget	1	417888
1671.72	n/a	NonTarget	1	417930
1671.9	n/a	NonTarget	1	417975
1672.068	n/a	NonTarget	1	418017
1687.844	n/a	Target	2	421961
1688.02	n/a	NonTarget	1	422005
1688.192	n/a	NonTarget	1	422048
1688.368	n/a	NonTarget	1	422092
1688.544	n/a	NonTarget	1	422136
1688.72	n/a	NonTarget	1	422180
1688.892	n/a	NonTarget	1	422223
1689.068	n/a	NonTarget	1	422267
1689.244	n/a	Target	2	422311
1689.424	n/a	NonTarget	1	422356
1689.592	n/a	NonTarget	1	422398
1689.768	n/a	NonTarget	1	422442
1689.944	n/a	Target	2	422486
1690.12	n/a	NonTarget	1	422530
1690.292	n/a	NonTarget	1	422573
1690.468	n/a	NonTarget	1	422617
1690.644	n/a	NonTarget	1	422661
1690.824	n/a	NonTarget	1	422706
1690.992	n/a	Target	2	422748
1691.184	n/a	NonTarget	1	422796
1691.344	n/a	NonTarget	1	422836
1691.52	n/a	NonTarget	1	422880
1691.712	n/a	NonTarget	1	422928
1691.872	n/a	NonTarget	1	422968
1692.044	n/a	NonTarget	1	423011
1692.228	n/a	NonTarget	1	423057
1692.392	n/a	Target	2	423098
1692.568	n/a	NonTarget	1	423142
1692.744	n/a	NonTarget	1	423186
1692.92	n/a	NonTarget	1	423230
1693.1	n/a	NonTarget	1	423275
1693.268	n/a	Target	2	423317
1693.444	n/a	NonTarget	1	423361
1693.62	n/a	NonTarget	1	423405
1693.792	n/a	NonTarget	1	423448
1693.972	n/a	NonTarget	1	423493
1694.144	n/a	NonTarget	1	423536
1694.32	n/a	Target	2	423580
1694.492	n/a	NonTarget	1	423623
1694.668	n/a	NonTarget	1	423667
1694.844	n/a	NonTarget	1	423711
1695.02	n/a	NonTarget	1	423755
1695.192	n/a	Target	2	423798
1695.368	n/a	NonTarget	1	423842
1695.552	n/a	NonTarget	1	423888
1695.72	n/a	NonTarget	1	423930
1695.892	n/a	NonTarget	1	423973
1696.068	n/a	NonTarget	1	424017
1696.244	n/a	NonTarget	1	424061
1696.42	n/a	NonTarget	1	424105
1696.592	n/a	Target	2	424148
1696.768	n/a	NonTarget	1	424192
1696.948	n/a	NonTarget	1	424237
1697.12	n/a	NonTarget	1	424280
1697.292	n/a	NonTarget	1	424323
1697.468	n/a	NonTarget	1	424367
1697.644	n/a	Target	2	424411
1697.824	n/a	NonTarget	1	424456
1697.992	n/a	NonTarget	1	424498
1698.168	n/a	NonTarget	1	424542
1698.344	n/a	NonTarget	1	424586
1698.52	n/a	NonTarget	1	424630
1698.692	n/a	NonTarget	1	424673
1698.868	n/a	NonTarget	1	424717
1699.044	n/a	Target	2	424761
1699.22	n/a	NonTarget	1	424805
1699.392	n/a	NonTarget	1	424848
1699.568	n/a	NonTarget	1	424892
1699.744	n/a	NonTarget	1	424936
1699.916	n/a	NonTarget	1	424979
1700.092	n/a	NonTarget	1	425023
1700.268	n/a	Target	2	425067
1700.444	n/a	NonTarget	1	425111
1700.62	n/a	NonTarget	1	425155
1700.792	n/a	NonTarget	1	425198
1700.968	n/a	Target	2	425242
1701.144	n/a	NonTarget	1	425286
1701.32	n/a	NonTarget	1	425330
1701.492	n/a	NonTarget	1	425373
1701.668	n/a	NonTarget	1	425417
1701.844	n/a	NonTarget	1	425461
1702.02	n/a	Target	2	425505
1702.192	n/a	NonTarget	1	425548
1702.368	n/a	NonTarget	1	425592
1702.544	n/a	Target	2	425636
1702.716	n/a	NonTarget	1	425679
1702.892	n/a	NonTarget	1	425723
1703.068	n/a	NonTarget	1	425767
1703.244	n/a	NonTarget	1	425811
1703.42	n/a	NonTarget	1	425855
1724.2	n/a	NonTarget	1	431050
1724.372	n/a	NonTarget	1	431093
1724.548	n/a	NonTarget	1	431137
1724.724	n/a	NonTarget	1	431181
1724.9	n/a	NonTarget	1	431225
1725.072	n/a	Target	2	431268
1725.248	n/a	NonTarget	1	431312
1725.424	n/a	NonTarget	1	431356
1725.6	n/a	NonTarget	1	431400
1725.772	n/a	Target	2	431443
1725.948	n/a	NonTarget	1	431487
1726.124	n/a	NonTarget	1	431531
1726.304	n/a	NonTarget	1	431576
1726.472	n/a	NonTarget	1	431618
1726.656	n/a	NonTarget	1	431664
1726.824	n/a	Target	2	431706
1727.0	n/a	NonTarget	1	431750
1727.172	n/a	NonTarget	1	431793
1727.348	n/a	NonTarget	1	431837
1727.524	n/a	NonTarget	1	431881
1727.7	n/a	Target	2	431925
1727.872	n/a	NonTarget	1	431968
1728.048	n/a	NonTarget	1	432012
1728.224	n/a	NonTarget	1	432056
1728.4	n/a	NonTarget	1	432100
1728.576	n/a	Target	2	432144
1728.748	n/a	NonTarget	1	432187
1728.924	n/a	NonTarget	1	432231
1729.1	n/a	NonTarget	1	432275
1729.272	n/a	NonTarget	1	432318
1729.456	n/a	NonTarget	1	432364
1729.624	n/a	Target	2	432406
1729.8	n/a	NonTarget	1	432450
1729.972	n/a	NonTarget	1	432493
1730.148	n/a	NonTarget	1	432537
1730.328	n/a	NonTarget	1	432582
1730.5	n/a	NonTarget	1	432625
1730.672	n/a	NonTarget	1	432668
1730.848	n/a	NonTarget	1	432712
1731.024	n/a	NonTarget	1	432756
1731.2	n/a	NonTarget	1	432800
1731.372	n/a	Target	2	432843
1731.548	n/a	NonTarget	1	432887
1731.724	n/a	NonTarget	1	432931
1731.9	n/a	NonTarget	1	432975
1732.072	n/a	NonTarget	1	433018
1732.248	n/a	Target	2	433062
1732.424	n/a	NonTarget	1	433106
1732.596	n/a	NonTarget	1	433149
1732.772	n/a	NonTarget	1	433193
1732.948	n/a	NonTarget	1	433237
1733.124	n/a	NonTarget	1	433281
1733.3	n/a	Target	2	433325
1733.472	n/a	NonTarget	1	433368
1733.652	n/a	NonTarget	1	433413
1733.824	n/a	NonTarget	1	433456
1734.0	n/a	NonTarget	1	433500
1734.176	n/a	Target	2	433544
1734.348	n/a	NonTarget	1	433587
1734.524	n/a	NonTarget	1	433631
1734.7	n/a	NonTarget	1	433675
1734.872	n/a	NonTarget	1	433718
1735.048	n/a	NonTarget	1	433762
1735.224	n/a	NonTarget	1	433806
1735.4	n/a	NonTarget	1	433850
1735.572	n/a	Target	2	433893
1735.748	n/a	NonTarget	1	433937
1735.924	n/a	NonTarget	1	433981
1736.1	n/a	NonTarget	1	434025
1736.276	n/a	NonTarget	1	434069
1736.448	n/a	Target	2	434112
1736.624	n/a	NonTarget	1	434156
1736.8	n/a	NonTarget	1	434200
1736.972	n/a	Target	2	434243
1737.152	n/a	NonTarget	1	434288
1737.324	n/a	NonTarget	1	434331
1737.5	n/a	NonTarget	1	434375
1737.672	n/a	NonTarget	1	434418
1737.848	n/a	NonTarget	1	434462
1738.024	n/a	NonTarget	1	434506
1738.2	n/a	NonTarget	1	434550
1738.376	n/a	NonTarget	1	434594
1738.548	n/a	Target	2	434637
1738.728	n/a	NonTarget	1	434682
1738.9	n/a	NonTarget	1	434725
1739.072	n/a	NonTarget	1	434768
1739.248	n/a	Target	2	434812
1739.424	n/a	NonTarget	1	434856
1739.6	n/a	NonTarget	1	434900
1739.772	n/a	NonTarget	1	434943
1758.096	n/a	NonTarget	1	439524
1758.272	n/a	NonTarget	1	439568
1758.452	n/a	NonTarget	1	439613
1758.62	n/a	NonTarget	1	439655
1758.796	n/a	NonTarget	1	439699
1758.976	n/a	Target	2	439744
1759.148	n/a	NonTarget	1	439787
1759.328	n/a	NonTarget	1	439832
1759.496	n/a	Target	2	439874
1759.672	n/a	NonTarget	1	439918
1759.848	n/a	NonTarget	1	439962
1760.024	n/a	NonTarget	1	440006
1760.196	n/a	NonTarget	1	440049
1760.372	n/a	Target	2	440093
1760.548	n/a	NonTarget	1	440137
1760.72	n/a	NonTarget	1	440180
1760.896	n/a	NonTarget	1	440224
1761.072	n/a	NonTarget	1	440268
1761.248	n/a	Target	2	440312
1761.42	n/a	NonTarget	1	440355
1761.596	n/a	NonTarget	1	440399
1761.772	n/a	NonTarget	1	440443
1761.948	n/a	NonTarget	1	440487
1762.12	n/a	NonTarget	1	440530
1762.304	n/a	NonTarget	1	440576
1762.472	n/a	NonTarget	1	440618
1762.652	n/a	NonTarget	1	440663
1762.82	n/a	Target	2	440705
1762.996	n/a	NonTarget	1	440749
1763.172	n/a	NonTarget	1	440793
1763.348	n/a	Target	2	440837
1763.52	n/a	NonTarget	1	440880
1763.696	n/a	NonTarget	1	440924
1763.872	n/a	NonTarget	1	440968
1764.048	n/a	NonTarget	1	441012
1764.22	n/a	NonTarget	1	441055
1764.396	n/a	NonTarget	1	441099
1764.572	n/a	NonTarget	1	441143
1764.748	n/a	Target	2	441187
1764.92	n/a	NonTarget	1	441230
1765.096	n/a	NonTarget	1	441274
1765.272	n/a	NonTarget	1	441318
1765.452	n/a	Target	2	441363
1765.62	n/a	NonTarget	1	441405
1765.796	n/a	NonTarget	1	441449
1765.976	n/a	NonTarget	1	441494
1766.148	n/a	NonTarget	1	441537
1766.332	n/a	NonTarget	1	441583
1766.496	n/a	NonTarget	1	441624
1766.672	n/a	NonTarget	1	441668
1766.848	n/a	NonTarget	1	441712
1767.02	n/a	NonTarget	1	441755
1767.196	n/a	Target	2	441799
1767.372	n/a	NonTarget	1	441843
1767.544	n/a	NonTarget	1	441886
1767.72	n/a	Target	2	441930
1767.9	n/a	NonTarget	1	441975
1768.072	n/a	NonTarget	1	442018
1768.248	n/a	NonTarget	1	442062
1768.42	n/a	NonTarget	1	442105
1768.596	n/a	NonTarget	1	442149
1768.772	n/a	NonTarget	1	442193
1768.948	n/a	NonTarget	1	442237
1769.12	n/a	Target	2	442280
1769.3	n/a	NonTarget	1	442325
1769.472	n/a	NonTarget	1	442368
1769.664	n/a	NonTarget	1	442416
1769.82	n/a	Target	2	442455
1769.996	n/a	NonTarget	1	442499
1770.172	n/a	NonTarget	1	442543
1770.348	n/a	NonTarget	1	442587
1770.52	n/a	NonTarget	1	442630
1770.696	n/a	NonTarget	1	442674
1770.872	n/a	NonTarget	1	442718
1771.048	n/a	NonTarget	1	442762
1771.232	n/a	Target	2	442808
1771.396	n/a	NonTarget	1	442849
1771.572	n/a	NonTarget	1	442893
1771.744	n/a	NonTarget	1	442936
1771.92	n/a	NonTarget	1	442980
1772.1	n/a	NonTarget	1	443025
1772.272	n/a	NonTarget	1	443068
1772.448	n/a	Target	2	443112
1772.624	n/a	NonTarget	1	443156
1772.796	n/a	NonTarget	1	443199
1772.972	n/a	NonTarget	1	443243
1773.148	n/a	NonTarget	1	443287
1773.32	n/a	NonTarget	1	443330
1773.5	n/a	Target	2	443375
1773.672	n/a	NonTarget	1	443418
1795.476	n/a	NonTarget	1	448869
1795.652	n/a	Target	2	448913
1795.828	n/a	NonTarget	1	448957
1796.004	n/a	NonTarget	1	449001
1796.176	n/a	NonTarget	1	449044
1796.368	n/a	NonTarget	1	449092
1796.528	n/a	NonTarget	1	449132
1796.704	n/a	Target	2	449176
1796.884	n/a	NonTarget	1	449221
1797.052	n/a	NonTarget	1	449263
1797.228	n/a	NonTarget	1	449307
1797.404	n/a	NonTarget	1	449351
1797.576	n/a	Target	2	449394
1797.752	n/a	NonTarget	1	449438
1797.928	n/a	NonTarget	1	449482
1798.104	n/a	NonTarget	1	449526
1798.288	n/a	NonTarget	1	449572
1798.456	n/a	NonTarget	1	449614
1798.628	n/a	NonTarget	1	449657
1798.804	n/a	NonTarget	1	449701
1798.976	n/a	Target	2	449744
1799.152	n/a	NonTarget	1	449788
1799.328	n/a	NonTarget	1	449832
1799.504	n/a	NonTarget	1	449876
1799.688	n/a	NonTarget	1	449922
1799.852	n/a	NonTarget	1	449963
1800.028	n/a	Target	2	450007
1800.204	n/a	NonTarget	1	450051
1800.376	n/a	NonTarget	1	450094
1800.552	n/a	NonTarget	1	450138
1800.728	n/a	NonTarget	1	450182
1800.904	n/a	NonTarget	1	450226
1801.076	n/a	NonTarget	1	450269
1801.252	n/a	NonTarget	1	450313
1801.428	n/a	Target	2	450357
1801.6	n/a	NonTarget	1	450400
1801.776	n/a	NonTarget	1	450444
1801.952	n/a	NonTarget	1	450488
1802.128	n/a	NonTarget	1	450532
1802.304	n/a	NonTarget	1	450576
1802.476	n/a	NonTarget	1	450619
1802.652	n/a	Target	2	450663
1802.828	n/a	NonTarget	1	450707
1803.004	n/a	NonTarget	1	450751
1803.188	n/a	NonTarget	1	450797
1803.352	n/a	Target	2	450838
1803.528	n/a	NonTarget	1	450882
1803.704	n/a	NonTarget	1	450926
1803.876	n/a	NonTarget	1	450969
1804.052	n/a	NonTarget	1	451013
1804.228	n/a	NonTarget	1	451057
1804.404	n/a	Target	2	451101
1804.584	n/a	NonTarget	1	451146
1804.752	n/a	NonTarget	1	451188
1804.944	n/a	Target	2	451236
1805.104	n/a	NonTarget	1	451276
1805.276	n/a	NonTarget	1	451319
1805.452	n/a	NonTarget	1	451363
1805.628	n/a	NonTarget	1	451407
1805.804	n/a	NonTarget	1	451451
1805.976	n/a	NonTarget	1	451494
1806.152	n/a	NonTarget	1	451538
1806.328	n/a	NonTarget	1	451582
1806.504	n/a	NonTarget	1	451626
1806.676	n/a	NonTarget	1	451669
1806.852	n/a	Target	2	451713
1807.032	n/a	NonTarget	1	451758
1807.204	n/a	NonTarget	1	451801
1807.376	n/a	NonTarget	1	451844
1807.552	n/a	Target	2	451888
1807.728	n/a	NonTarget	1	451932
1807.904	n/a	NonTarget	1	451976
1808.076	n/a	NonTarget	1	452019
1808.252	n/a	NonTarget	1	452063
1808.428	n/a	NonTarget	1	452107
1808.604	n/a	Target	2	452151
1808.776	n/a	NonTarget	1	452194
1808.952	n/a	NonTarget	1	452238
1809.128	n/a	NonTarget	1	452282
1809.304	n/a	NonTarget	1	452326
1809.476	n/a	Target	2	452369
1809.652	n/a	NonTarget	1	452413
1809.832	n/a	NonTarget	1	452458
1810.004	n/a	NonTarget	1	452501
1810.188	n/a	NonTarget	1	452547
1810.352	n/a	Target	2	452588
1810.528	n/a	NonTarget	1	452632
1810.704	n/a	NonTarget	1	452676
1810.876	n/a	NonTarget	1	452719
1811.052	n/a	NonTarget	1	452763
1829.384	n/a	Target	2	457346
1829.556	n/a	NonTarget	1	457389
1829.732	n/a	NonTarget	1	457433
1829.908	n/a	NonTarget	1	457477
1830.084	n/a	NonTarget	1	457521
1830.256	n/a	NonTarget	1	457564
1830.432	n/a	NonTarget	1	457608
1830.612	n/a	NonTarget	1	457653
1830.784	n/a	NonTarget	1	457696
1830.964	n/a	Target	2	457741
1831.132	n/a	NonTarget	1	457783
1831.308	n/a	NonTarget	1	457827
1831.484	n/a	Target	2	457871
1831.656	n/a	NonTarget	1	457914
1831.832	n/a	NonTarget	1	457958
1832.008	n/a	NonTarget	1	458002
1832.184	n/a	NonTarget	1	458046
1832.356	n/a	NonTarget	1	458089
1832.532	n/a	NonTarget	1	458133
1832.716	n/a	NonTarget	1	458179
1832.888	n/a	Target	2	458222
1833.056	n/a	NonTarget	1	458264
1833.232	n/a	NonTarget	1	458308
1833.408	n/a	NonTarget	1	458352
1833.584	n/a	NonTarget	1	458396
1833.756	n/a	NonTarget	1	458439
1833.932	n/a	Target	2	458483
1834.108	n/a	NonTarget	1	458527
1834.288	n/a	NonTarget	1	458572
1834.456	n/a	NonTarget	1	458614
1834.632	n/a	NonTarget	1	458658
1834.808	n/a	NonTarget	1	458702
1834.984	n/a	Target	2	458746
1835.156	n/a	NonTarget	1	458789
1835.332	n/a	NonTarget	1	458833
1835.508	n/a	NonTarget	1	458877
1835.68	n/a	Target	2	458920
1835.856	n/a	NonTarget	1	458964
1836.044	n/a	NonTarget	1	459011
1836.208	n/a	NonTarget	1	459052
1836.384	n/a	NonTarget	1	459096
1836.556	n/a	NonTarget	1	459139
1836.732	n/a	NonTarget	1	459183
1836.92	n/a	NonTarget	1	459230
1837.084	n/a	NonTarget	1	459271
1837.256	n/a	Target	2	459314
1837.432	n/a	NonTarget	1	459358
1837.608	n/a	NonTarget	1	459402
1837.788	n/a	NonTarget	1	459447
1837.956	n/a	NonTarget	1	459489
1838.136	n/a	Target	2	459534
1838.308	n/a	NonTarget	1	459577
1838.484	n/a	NonTarget	1	459621
1838.66	n/a	NonTarget	1	459665
1838.832	n/a	NonTarget	1	459708
1839.016	n/a	NonTarget	1	459754
1839.184	n/a	NonTarget	1	459796
1839.356	n/a	NonTarget	1	459839
1839.532	n/a	NonTarget	1	459883
1839.708	n/a	Target	2	459927
1839.884	n/a	NonTarget	1	459971
1840.056	n/a	NonTarget	1	460014
1840.232	n/a	NonTarget	1	460058
1840.408	n/a	NonTarget	1	460102
1840.584	n/a	NonTarget	1	460146
1840.756	n/a	Target	2	460189
1840.932	n/a	NonTarget	1	460233
1841.108	n/a	NonTarget	1	460277
1841.284	n/a	Target	2	460321
1841.456	n/a	NonTarget	1	460364
1841.632	n/a	NonTarget	1	460408
1841.808	n/a	NonTarget	1	460452
1841.984	n/a	NonTarget	1	460496
1842.156	n/a	Target	2	460539
1842.332	n/a	NonTarget	1	460583
1842.508	n/a	NonTarget	1	460627
1842.684	n/a	NonTarget	1	460671
1842.856	n/a	NonTarget	1	460714
1843.044	n/a	Target	2	460761
1843.208	n/a	NonTarget	1	460802
1843.384	n/a	NonTarget	1	460846
1843.564	n/a	NonTarget	1	460891
1843.732	n/a	NonTarget	1	460933
1843.908	n/a	NonTarget	1	460977
1844.084	n/a	NonTarget	1	461021
1844.256	n/a	NonTarget	1	461064
1844.432	n/a	NonTarget	1	461108
1844.608	n/a	Target	2	461152
1844.784	n/a	NonTarget	1	461196
1844.96	n/a	NonTarget	1	461240
1866.74	n/a	NonTarget	1	466685
1866.916	n/a	NonTarget	1	466729
1867.092	n/a	Target	2	466773
1867.264	n/a	NonTarget	1	466816
1867.44	n/a	NonTarget	1	466860
1867.616	n/a	NonTarget	1	466904
1867.792	n/a	NonTarget	1	466948
1867.972	n/a	Target	2	466993
1868.14	n/a	NonTarget	1	467035
1868.316	n/a	NonTarget	1	467079
1868.492	n/a	NonTarget	1	467123
1868.664	n/a	NonTarget	1	467166
1868.84	n/a	NonTarget	1	467210
1869.016	n/a	NonTarget	1	467254
1869.192	n/a	Target	2	467298
1869.364	n/a	NonTarget	1	467341
1869.54	n/a	NonTarget	1	467385
1869.72	n/a	NonTarget	1	467430
1869.892	n/a	NonTarget	1	467473
1870.064	n/a	NonTarget	1	467516
1870.24	n/a	NonTarget	1	467560
1870.416	n/a	NonTarget	1	467604
1870.588	n/a	NonTarget	1	467647
1870.764	n/a	Target	2	467691
1870.94	n/a	NonTarget	1	467735
1871.124	n/a	NonTarget	1	467781
1871.292	n/a	NonTarget	1	467823
1871.464	n/a	NonTarget	1	467866
1871.644	n/a	NonTarget	1	467911
1871.816	n/a	Target	2	467954
1871.992	n/a	NonTarget	1	467998
1872.164	n/a	NonTarget	1	468041
1872.34	n/a	NonTarget	1	468085
1872.516	n/a	NonTarget	1	468129
1872.692	n/a	Target	2	468173
1872.864	n/a	NonTarget	1	468216
1873.04	n/a	NonTarget	1	468260
1873.216	n/a	NonTarget	1	468304
1873.392	n/a	NonTarget	1	468348
1873.568	n/a	NonTarget	1	468392
1873.74	n/a	NonTarget	1	468435
1873.916	n/a	Target	2	468479
1874.092	n/a	NonTarget	1	468523
1874.264	n/a	NonTarget	1	468566
1874.452	n/a	NonTarget	1	468613
1874.616	n/a	NonTarget	1	468654
1874.792	n/a	Target	2	468698
1874.968	n/a	NonTarget	1	468742
1875.14	n/a	NonTarget	1	468785
1875.316	n/a	NonTarget	1	468829
1875.492	n/a	NonTarget	1	468873
1875.664	n/a	NonTarget	1	468916
1875.844	n/a	NonTarget	1	468961
1876.016	n/a	Target	2	469004
1876.188	n/a	NonTarget	1	469047
1876.364	n/a	NonTarget	1	469091
1876.54	n/a	NonTarget	1	469135
1876.716	n/a	Target	2	469179
1876.892	n/a	NonTarget	1	469223
1877.064	n/a	NonTarget	1	469266
1877.24	n/a	NonTarget	1	469310
1877.416	n/a	NonTarget	1	469354
1877.592	n/a	NonTarget	1	469398
1877.764	n/a	Target	2	469441
1877.94	n/a	NonTarget	1	469485
1878.128	n/a	NonTarget	1	469532
1878.292	n/a	NonTarget	1	469573
1878.464	n/a	NonTarget	1	469616
1878.64	n/a	Target	2	469660
1878.816	n/a	NonTarget	1	469704
1878.992	n/a	NonTarget	1	469748
1879.164	n/a	NonTarget	1	469791
1879.34	n/a	NonTarget	1	469835
1879.516	n/a	Target	2	469879
1879.692	n/a	NonTarget	1	469923
1879.864	n/a	NonTarget	1	469966
1880.04	n/a	NonTarget	1	470010
1880.216	n/a	NonTarget	1	470054
1880.392	n/a	Target	2	470098
1880.564	n/a	NonTarget	1	470141
1880.74	n/a	NonTarget	1	470185
1880.916	n/a	NonTarget	1	470229
1881.092	n/a	NonTarget	1	470273
1881.264	n/a	NonTarget	1	470316
1881.44	n/a	NonTarget	1	470360
1881.616	n/a	NonTarget	1	470404
1881.792	n/a	NonTarget	1	470448
1881.964	n/a	Target	2	470491
1882.14	n/a	NonTarget	1	470535
1882.316	n/a	NonTarget	1	470579
1897.144	n/a	NonTarget	1	474286
1897.32	n/a	NonTarget	1	474330
1897.496	n/a	NonTarget	1	474374
1897.668	n/a	NonTarget	1	474417
1897.844	n/a	Target	2	474461
1898.02	n/a	NonTarget	1	474505
1898.196	n/a	NonTarget	1	474549
1898.372	n/a	NonTarget	1	474593
1898.544	n/a	NonTarget	1	474636
1898.72	n/a	NonTarget	1	474680
1898.896	n/a	NonTarget	1	474724
1899.068	n/a	Target	2	474767
1899.248	n/a	NonTarget	1	474812
1899.42	n/a	NonTarget	1	474855
1899.596	n/a	NonTarget	1	474899
1899.768	n/a	Target	2	474942
1899.944	n/a	NonTarget	1	474986
1900.124	n/a	NonTarget	1	475031
1900.296	n/a	NonTarget	1	475074
1900.468	n/a	NonTarget	1	475117
1900.644	n/a	NonTarget	1	475161
1900.82	n/a	Target	2	475205
1900.996	n/a	NonTarget	1	475249
1901.172	n/a	NonTarget	1	475293
1901.344	n/a	Target	2	475336
1901.524	n/a	NonTarget	1	475381
1901.696	n/a	NonTarget	1	475424
1901.868	n/a	NonTarget	1	475467
1902.044	n/a	NonTarget	1	475511
1902.22	n/a	NonTarget	1	475555
1902.396	n/a	NonTarget	1	475599
1902.568	n/a	NonTarget	1	475642
1902.744	n/a	NonTarget	1	475686
1902.92	n/a	NonTarget	1	475730
1903.096	n/a	NonTarget	1	475774
1903.268	n/a	Target	2	475817
1903.46	n/a	NonTarget	1	475865
1903.616	n/a	NonTarget	1	475904
1903.792	n/a	NonTarget	1	475948
1903.968	n/a	Target	2	475992
1904.144	n/a	NonTarget	1	476036
1904.324	n/a	NonTarget	1	476081
1904.496	n/a	NonTarget	1	476124
1904.668	n/a	NonTarget	1	476167
1904.848	n/a	NonTarget	1	476212
1905.02	n/a	Target	2	476255
1905.196	n/a	NonTarget	1	476299
1905.368	n/a	NonTarget	1	476342
1905.544	n/a	NonTarget	1	476386
1905.72	n/a	NonTarget	1	476430
1905.896	n/a	Target	2	476474
1906.068	n/a	NonTarget	1	476517
1906.244	n/a	NonTarget	1	476561
1906.42	n/a	NonTarget	1	476605
1906.596	n/a	NonTarget	1	476649
1906.772	n/a	Target	2	476693
1906.944	n/a	NonTarget	1	476736
1907.12	n/a	NonTarget	1	476780
1907.296	n/a	NonTarget	1	476824
1907.468	n/a	NonTarget	1	476867
1907.644	n/a	NonTarget	1	476911
1907.82	n/a	Target	2	476955
1907.996	n/a	NonTarget	1	476999
1908.168	n/a	NonTarget	1	477042
1908.344	n/a	NonTarget	1	477086
1908.52	n/a	NonTarget	1	477130
1908.696	n/a	NonTarget	1	477174
1908.868	n/a	NonTarget	1	477217
1909.044	n/a	NonTarget	1	477261
1909.22	n/a	NonTarget	1	477305
1909.396	n/a	NonTarget	1	477349
1909.592	n/a	Target	2	477398
1909.748	n/a	NonTarget	1	477437
1909.92	n/a	NonTarget	1	477480
1910.096	n/a	NonTarget	1	477524
1910.268	n/a	NonTarget	1	477567
1910.444	n/a	Target	2	477611
1910.62	n/a	NonTarget	1	477655
1910.796	n/a	NonTarget	1	477699
1910.968	n/a	NonTarget	1	477742
1911.144	n/a	NonTarget	1	477786
1911.32	n/a	NonTarget	1	477830
1911.492	n/a	Target	2	477873
1911.668	n/a	NonTarget	1	477917
1911.844	n/a	NonTarget	1	477961
1912.02	n/a	NonTarget	1	478005
1912.196	n/a	NonTarget	1	478049
1912.368	n/a	Target	2	478092
1912.544	n/a	NonTarget	1	478136
1912.72	n/a	NonTarget	1	478180
1933.676	n/a	NonTarget	1	483419
1933.852	n/a	Target	2	483463
1934.028	n/a	NonTarget	1	483507
1934.2	n/a	NonTarget	1	483550
1934.376	n/a	NonTarget	1	483594
1934.552	n/a	NonTarget	1	483638
1934.744	n/a	NonTarget	1	483686
1934.9	n/a	NonTarget	1	483725
1935.076	n/a	NonTarget	1	483769
1935.252	n/a	Target	2	483813
1935.436	n/a	NonTarget	1	483859
1935.6	n/a	NonTarget	1	483900
1935.78	n/a	NonTarget	1	483945
1935.952	n/a	NonTarget	1	483988
1936.128	n/a	Target	2	484032
1936.304	n/a	NonTarget	1	484076
1936.476	n/a	NonTarget	1	484119
1936.652	n/a	NonTarget	1	484163
1936.828	n/a	NonTarget	1	484207
1937.0	n/a	NonTarget	1	484250
1937.176	n/a	NonTarget	1	484294
1937.352	n/a	Target	2	484338
1937.528	n/a	NonTarget	1	484382
1937.7	n/a	NonTarget	1	484425
1937.876	n/a	NonTarget	1	484469
1938.068	n/a	Target	2	484517
1938.236	n/a	NonTarget	1	484559
1938.404	n/a	NonTarget	1	484601
1938.576	n/a	NonTarget	1	484644
1938.756	n/a	NonTarget	1	484689
1938.928	n/a	Target	2	484732
1939.1	n/a	NonTarget	1	484775
1939.276	n/a	NonTarget	1	484819
1939.452	n/a	NonTarget	1	484863
1939.628	n/a	NonTarget	1	484907
1939.8	n/a	NonTarget	1	484950
1939.976	n/a	Target	2	484994
1940.152	n/a	NonTarget	1	485038
1940.328	n/a	NonTarget	1	485082
1940.504	n/a	NonTarget	1	485126
1940.676	n/a	NonTarget	1	485169
1940.86	n/a	NonTarget	1	485215
1941.028	n/a	NonTarget	1	485257
1941.2	n/a	NonTarget	1	485300
1941.376	n/a	Target	2	485344
1941.552	n/a	NonTarget	1	485388
1941.728	n/a	NonTarget	1	485432
1941.9	n/a	NonTarget	1	485475
1942.076	n/a	NonTarget	1	485519
1942.252	n/a	NonTarget	1	485563
1942.436	n/a	Target	2	485609
1942.604	n/a	NonTarget	1	485651
1942.776	n/a	NonTarget	1	485694
1942.952	n/a	NonTarget	1	485738
1943.128	n/a	NonTarget	1	485782
1943.3	n/a	NonTarget	1	485825
1943.476	n/a	NonTarget	1	485869
1943.652	n/a	NonTarget	1	485913
1943.828	n/a	NonTarget	1	485957
1944.0	n/a	Target	2	486000
1944.176	n/a	NonTarget	1	486044
1944.352	n/a	NonTarget	1	486088
1944.528	n/a	Target	2	486132
1944.7	n/a	NonTarget	1	486175
1944.876	n/a	NonTarget	1	486219
1945.052	n/a	NonTarget	1	486263
1945.228	n/a	NonTarget	1	486307
1945.4	n/a	Target	2	486350
1945.576	n/a	NonTarget	1	486394
1945.752	n/a	NonTarget	1	486438
1945.928	n/a	NonTarget	1	486482
1946.1	n/a	NonTarget	1	486525
1946.276	n/a	NonTarget	1	486569
1946.452	n/a	NonTarget	1	486613
1946.628	n/a	Target	2	486657
1946.8	n/a	NonTarget	1	486700
1946.976	n/a	NonTarget	1	486744
1947.152	n/a	NonTarget	1	486788
1947.328	n/a	NonTarget	1	486832
1947.5	n/a	NonTarget	1	486875
1947.676	n/a	NonTarget	1	486919
1947.856	n/a	NonTarget	1	486964
1948.028	n/a	NonTarget	1	487007
1948.204	n/a	Target	2	487051
1948.376	n/a	NonTarget	1	487094
1948.552	n/a	NonTarget	1	487138
1948.728	n/a	NonTarget	1	487182
1948.9	n/a	NonTarget	1	487225
1949.076	n/a	NonTarget	1	487269
1949.252	n/a	Target	2	487313
1965.16	n/a	NonTarget	1	491290
1965.34	n/a	Target	2	491335
1965.508	n/a	NonTarget	1	491377
1965.684	n/a	NonTarget	1	491421
1965.86	n/a	NonTarget	1	491465
1966.032	n/a	NonTarget	1	491508
1966.208	n/a	NonTarget	1	491552
1966.384	n/a	NonTarget	1	491596
1966.56	n/a	NonTarget	1	491640
1966.74	n/a	Target	2	491685
1966.908	n/a	NonTarget	1	491727
1967.088	n/a	NonTarget	1	491772
1967.268	n/a	NonTarget	1	491817
1967.44	n/a	Target	2	491860
1967.608	n/a	NonTarget	1	491902
1967.788	n/a	NonTarget	1	491947
1967.96	n/a	NonTarget	1	491990
1968.132	n/a	NonTarget	1	492033
1968.308	n/a	NonTarget	1	492077
1968.484	n/a	Target	2	492121
1968.66	n/a	NonTarget	1	492165
1968.832	n/a	NonTarget	1	492208
1969.008	n/a	NonTarget	1	492252
1969.184	n/a	NonTarget	1	492296
1969.36	n/a	NonTarget	1	492340
1969.532	n/a	Target	2	492383
1969.708	n/a	NonTarget	1	492427
1969.884	n/a	NonTarget	1	492471
1970.06	n/a	NonTarget	1	492515
1970.232	n/a	NonTarget	1	492558
1970.408	n/a	Target	2	492602
1970.584	n/a	NonTarget	1	492646
1970.76	n/a	NonTarget	1	492690
1970.936	n/a	NonTarget	1	492734
1971.108	n/a	NonTarget	1	492777
1971.292	n/a	NonTarget	1	492823
1971.456	n/a	Target	2	492864
1971.632	n/a	NonTarget	1	492908
1971.808	n/a	NonTarget	1	492952
1971.984	n/a	NonTarget	1	492996
1972.16	n/a	NonTarget	1	493040
1972.332	n/a	NonTarget	1	493083
1972.508	n/a	NonTarget	1	493127
1972.68	n/a	NonTarget	1	493170
1972.856	n/a	NonTarget	1	493214
1973.036	n/a	NonTarget	1	493259
1973.208	n/a	Target	2	493302
1973.384	n/a	NonTarget	1	493346
1973.564	n/a	NonTarget	1	493391
1973.732	n/a	NonTarget	1	493433
1973.908	n/a	NonTarget	1	493477
1974.084	n/a	Target	2	493521
1974.256	n/a	NonTarget	1	493564
1974.432	n/a	NonTarget	1	493608
1974.608	n/a	Target	2	493652
1974.784	n/a	NonTarget	1	493696
1974.96	n/a	NonTarget	1	493740
1975.132	n/a	NonTarget	1	493783
1975.308	n/a	NonTarget	1	493827
1975.488	n/a	NonTarget	1	493872
1975.656	n/a	NonTarget	1	493914
1975.832	n/a	Target	2	493958
1976.008	n/a	NonTarget	1	494002
1976.184	n/a	NonTarget	1	494046
1976.36	n/a	NonTarget	1	494090
1976.532	n/a	NonTarget	1	494133
1976.708	n/a	NonTarget	1	494177
1976.884	n/a	Target	2	494221
1977.06	n/a	NonTarget	1	494265
1977.24	n/a	NonTarget	1	494310
1977.408	n/a	NonTarget	1	494352
1977.584	n/a	NonTarget	1	494396
1977.76	n/a	Target	2	494440
1977.932	n/a	NonTarget	1	494483
1978.112	n/a	NonTarget	1	494528
1978.292	n/a	NonTarget	1	494573
1978.456	n/a	NonTarget	1	494614
1978.632	n/a	NonTarget	1	494658
1978.808	n/a	NonTarget	1	494702
1978.984	n/a	NonTarget	1	494746
1979.156	n/a	Target	2	494789
1979.336	n/a	NonTarget	1	494834
1979.508	n/a	NonTarget	1	494877
1979.684	n/a	NonTarget	1	494921
1979.86	n/a	NonTarget	1	494965
1980.032	n/a	Target	2	495008
1980.208	n/a	NonTarget	1	495052
1980.384	n/a	NonTarget	1	495096
1980.56	n/a	NonTarget	1	495140
1980.732	n/a	NonTarget	1	495183
2006.22	n/a	Target	2	501555
2006.392	n/a	NonTarget	1	501598
2006.568	n/a	NonTarget	1	501642
2006.744	n/a	NonTarget	1	501686
2006.92	n/a	NonTarget	1	501730
2007.092	n/a	NonTarget	1	501773
2007.268	n/a	NonTarget	1	501817
2007.448	n/a	Target	2	501862
2007.62	n/a	NonTarget	1	501905
2007.796	n/a	NonTarget	1	501949
2007.968	n/a	NonTarget	1	501992
2008.144	n/a	NonTarget	1	502036
2008.32	n/a	NonTarget	1	502080
2008.492	n/a	NonTarget	1	502123
2008.668	n/a	Target	2	502167
2008.844	n/a	NonTarget	1	502211
2009.02	n/a	NonTarget	1	502255
2009.192	n/a	NonTarget	1	502298
2009.38	n/a	NonTarget	1	502345
2009.544	n/a	NonTarget	1	502386
2009.72	n/a	Target	2	502430
2009.896	n/a	NonTarget	1	502474
2010.068	n/a	NonTarget	1	502517
2010.244	n/a	NonTarget	1	502561
2010.42	n/a	Target	2	502605
2010.596	n/a	NonTarget	1	502649
2010.768	n/a	NonTarget	1	502692
2010.944	n/a	NonTarget	1	502736
2011.12	n/a	NonTarget	1	502780
2011.296	n/a	NonTarget	1	502824
2011.468	n/a	NonTarget	1	502867
2011.644	n/a	NonTarget	1	502911
2011.82	n/a	NonTarget	1	502955
2011.996	n/a	NonTarget	1	502999
2012.168	n/a	Target	2	503042
2012.344	n/a	NonTarget	1	503086
2012.52	n/a	NonTarget	1	503130
2012.692	n/a	NonTarget	1	503173
2012.868	n/a	NonTarget	1	503217
2013.044	n/a	Target	2	503261
2013.22	n/a	NonTarget	1	503305
2013.392	n/a	NonTarget	1	503348
2013.568	n/a	Target	2	503392
2013.744	n/a	NonTarget	1	503436
2013.92	n/a	NonTarget	1	503480
2014.096	n/a	NonTarget	1	503524
2014.268	n/a	NonTarget	1	503567
2014.444	n/a	NonTarget	1	503611
2014.624	n/a	NonTarget	1	503656
2014.796	n/a	NonTarget	1	503699
2014.968	n/a	NonTarget	1	503742
2015.144	n/a	NonTarget	1	503786
2015.32	n/a	NonTarget	1	503830
2015.492	n/a	Target	2	503873
2015.668	n/a	NonTarget	1	503917
2015.844	n/a	NonTarget	1	503961
2016.02	n/a	NonTarget	1	504005
2016.192	n/a	NonTarget	1	504048
2016.368	n/a	Target	2	504092
2016.544	n/a	NonTarget	1	504136
2016.72	n/a	NonTarget	1	504180
2016.892	n/a	Target	2	504223
2017.068	n/a	NonTarget	1	504267
2017.244	n/a	NonTarget	1	504311
2017.42	n/a	NonTarget	1	504355
2017.592	n/a	NonTarget	1	504398
2017.768	n/a	Target	2	504442
2017.944	n/a	NonTarget	1	504486
2018.12	n/a	NonTarget	1	504530
2018.296	n/a	NonTarget	1	504574
2018.468	n/a	NonTarget	1	504617
2018.644	n/a	NonTarget	1	504661
2018.82	n/a	NonTarget	1	504705
2018.992	n/a	NonTarget	1	504748
2019.168	n/a	NonTarget	1	504792
2019.344	n/a	Target	2	504836
2019.52	n/a	NonTarget	1	504880
2019.704	n/a	NonTarget	1	504926
2019.876	n/a	Target	2	504969
2020.044	n/a	NonTarget	1	505011
2020.228	n/a	NonTarget	1	505057
2020.392	n/a	NonTarget	1	505098
2020.568	n/a	NonTarget	1	505142
2020.748	n/a	NonTarget	1	505187
2020.92	n/a	NonTarget	1	505230
2021.092	n/a	NonTarget	1	505273
2021.268	n/a	NonTarget	1	505317
2021.444	n/a	Target	2	505361
2021.62	n/a	NonTarget	1	505405
2021.796	n/a	NonTarget	1	505449
2036.58	n/a	NonTarget	1	509145
2036.756	n/a	Target	2	509189
2036.932	n/a	NonTarget	1	509233
2037.104	n/a	NonTarget	1	509276
2037.28	n/a	NonTarget	1	509320
2037.456	n/a	NonTarget	1	509364
2037.632	n/a	NonTarget	1	509408
2037.804	n/a	NonTarget	1	509451
2037.98	n/a	NonTarget	1	509495
2038.156	n/a	NonTarget	1	509539
2038.332	n/a	Target	2	509583
2038.504	n/a	NonTarget	1	509626
2038.68	n/a	NonTarget	1	509670
2038.856	n/a	NonTarget	1	509714
2039.028	n/a	Target	2	509757
2039.204	n/a	NonTarget	1	509801
2039.384	n/a	NonTarget	1	509846
2039.556	n/a	NonTarget	1	509889
2039.732	n/a	NonTarget	1	509933
2039.916	n/a	Target	2	509979
2040.08	n/a	NonTarget	1	510020
2040.256	n/a	NonTarget	1	510064
2040.432	n/a	NonTarget	1	510108
2040.608	n/a	NonTarget	1	510152
2040.78	n/a	NonTarget	1	510195
2040.956	n/a	Target	2	510239
2041.132	n/a	NonTarget	1	510283
2041.304	n/a	NonTarget	1	510326
2041.48	n/a	NonTarget	1	510370
2041.656	n/a	NonTarget	1	510414
2041.832	n/a	NonTarget	1	510458
2042.004	n/a	NonTarget	1	510501
2042.18	n/a	NonTarget	1	510545
2042.356	n/a	NonTarget	1	510589
2042.532	n/a	NonTarget	1	510633
2042.708	n/a	Target	2	510677
2042.88	n/a	NonTarget	1	510720
2043.06	n/a	NonTarget	1	510765
2043.232	n/a	NonTarget	1	510808
2043.404	n/a	NonTarget	1	510851
2043.58	n/a	NonTarget	1	510895
2043.756	n/a	Target	2	510939
2043.932	n/a	NonTarget	1	510983
2044.108	n/a	NonTarget	1	511027
2044.28	n/a	NonTarget	1	511070
2044.46	n/a	NonTarget	1	511115
2044.632	n/a	Target	2	511158
2044.812	n/a	NonTarget	1	511203
2044.984	n/a	NonTarget	1	511246
2045.156	n/a	Target	2	511289
2045.336	n/a	NonTarget	1	511334
2045.504	n/a	NonTarget	1	511376
2045.684	n/a	NonTarget	1	511421
2045.86	n/a	NonTarget	1	511465
2046.036	n/a	NonTarget	1	511509
2046.22	n/a	NonTarget	1	511555
2046.38	n/a	Target	2	511595
2046.556	n/a	NonTarget	1	511639
2046.732	n/a	NonTarget	1	511683
2046.912	n/a	NonTarget	1	511728
2047.08	n/a	NonTarget	1	511770
2047.256	n/a	Target	2	511814
2047.432	n/a	NonTarget	1	511858
2047.604	n/a	NonTarget	1	511901
2047.78	n/a	NonTarget	1	511945
2047.956	n/a	NonTarget	1	511989
2048.132	n/a	NonTarget	1	512033
2048.308	n/a	NonTarget	1	512077
2048.48	n/a	NonTarget	1	512120
2048.656	n/a	NonTarget	1	512164
2048.832	n/a	NonTarget	1	512208
2049.004	n/a	Target	2	512251
2049.184	n/a	NonTarget	1	512296
2049.356	n/a	NonTarget	1	512339
2049.532	n/a	NonTarget	1	512383
2049.704	n/a	NonTarget	1	512426
2049.88	n/a	Target	2	512470
2050.056	n/a	NonTarget	1	512514
2050.232	n/a	NonTarget	1	512558
2050.404	n/a	NonTarget	1	512601
2050.58	n/a	NonTarget	1	512645
2050.756	n/a	NonTarget	1	512689
2050.932	n/a	Target	2	512733
2051.104	n/a	NonTarget	1	512776
2051.28	n/a	NonTarget	1	512820
2051.456	n/a	NonTarget	1	512864
2051.632	n/a	NonTarget	1	512908
2051.804	n/a	NonTarget	1	512951
2051.98	n/a	Target	2	512995
2052.156	n/a	NonTarget	1	513039
2072.764	n/a	Target	2	518191
2072.936	n/a	NonTarget	1	518234
2073.112	n/a	NonTarget	1	518278
2073.288	n/a	NonTarget	1	518322
2073.464	n/a	NonTarget	1	518366
2073.636	n/a	NonTarget	1	518409
2073.812	n/a	Target	2	518453
2073.988	n/a	NonTarget	1	518497
2074.164	n/a	NonTarget	1	518541
2074.336	n/a	NonTarget	1	518584
2074.512	n/a	NonTarget	1	518628
2074.692	n/a	NonTarget	1	518673
2074.864	n/a	NonTarget	1	518716
2075.044	n/a	NonTarget	1	518761
2075.216	n/a	Target	2	518804
2075.388	n/a	NonTarget	1	518847
2075.58	n/a	NonTarget	1	518895
2075.736	n/a	NonTarget	1	518934
2075.912	n/a	NonTarget	1	518978
2076.088	n/a	NonTarget	1	519022
2076.264	n/a	NonTarget	1	519066
2076.436	n/a	Target	2	519109
2076.612	n/a	NonTarget	1	519153
2076.788	n/a	NonTarget	1	519197
2076.964	n/a	NonTarget	1	519241
2077.14	n/a	NonTarget	1	519285
2077.312	n/a	NonTarget	1	519328
2077.488	n/a	NonTarget	1	519372
2077.664	n/a	Target	2	519416
2077.844	n/a	NonTarget	1	519461
2078.012	n/a	NonTarget	1	519503
2078.192	n/a	NonTarget	1	519548
2078.364	n/a	NonTarget	1	519591
2078.536	n/a	NonTarget	1	519634
2078.712	n/a	Target	2	519678
2078.888	n/a	NonTarget	1	519722
2079.064	n/a	NonTarget	1	519766
2079.236	n/a	NonTarget	1	519809
2079.412	n/a	NonTarget	1	519853
2079.588	n/a	NonTarget	1	519897
2079.764	n/a	NonTarget	1	519941
2079.936	n/a	Target	2	519984
2080.112	n/a	NonTarget	1	520028
2080.288	n/a	NonTarget	1	520072
2080.464	n/a	Target	2	520116
2080.636	n/a	NonTarget	1	520159
2080.812	n/a	NonTarget	1	520203
2080.988	n/a	NonTarget	1	520247
2081.164	n/a	NonTarget	1	520291
2081.336	n/a	NonTarget	1	520334
2081.512	n/a	NonTarget	1	520378
2081.688	n/a	Target	2	520422
2081.864	n/a	NonTarget	1	520466
2082.036	n/a	NonTarget	1	520509
2082.212	n/a	NonTarget	1	520553
2082.388	n/a	Target	2	520597
2082.56	n/a	NonTarget	1	520640
2082.736	n/a	NonTarget	1	520684
2082.916	n/a	NonTarget	1	520729
2083.088	n/a	NonTarget	1	520772
2083.264	n/a	NonTarget	1	520816
2083.436	n/a	Target	2	520859
2083.612	n/a	NonTarget	1	520903
2083.788	n/a	NonTarget	1	520947
2083.964	n/a	NonTarget	1	520991
2084.14	n/a	NonTarget	1	521035
2084.312	n/a	Target	2	521078
2084.488	n/a	NonTarget	1	521122
2084.664	n/a	NonTarget	1	521166
2084.836	n/a	NonTarget	1	521209
2085.012	n/a	NonTarget	1	521253
2085.188	n/a	NonTarget	1	521297
2085.364	n/a	NonTarget	1	521341
2085.536	n/a	NonTarget	1	521384
2085.712	n/a	NonTarget	1	521428
2085.892	n/a	NonTarget	1	521473
2086.064	n/a	Target	2	521516
2086.236	n/a	NonTarget	1	521559
2086.412	n/a	NonTarget	1	521603
2086.588	n/a	NonTarget	1	521647
2086.764	n/a	NonTarget	1	521691
2086.936	n/a	NonTarget	1	521734
2087.112	n/a	NonTarget	1	521778
2087.288	n/a	Target	2	521822
2087.468	n/a	NonTarget	1	521867
2087.636	n/a	NonTarget	1	521909
2087.812	n/a	NonTarget	1	521953
2087.988	n/a	NonTarget	1	521997
2088.16	n/a	Target	2	522040
2088.336	n/a	NonTarget	1	522084
2103.144	n/a	Target	2	525786
2103.32	n/a	NonTarget	1	525830
2103.496	n/a	NonTarget	1	525874
2103.668	n/a	NonTarget	1	525917
2103.844	n/a	NonTarget	1	525961
2104.02	n/a	NonTarget	1	526005
2104.2	n/a	NonTarget	1	526050
2104.368	n/a	NonTarget	1	526092
2104.544	n/a	NonTarget	1	526136
2104.72	n/a	NonTarget	1	526180
2104.892	n/a	Target	2	526223
2105.068	n/a	NonTarget	1	526267
2105.244	n/a	NonTarget	1	526311
2105.42	n/a	NonTarget	1	526355
2105.596	n/a	Target	2	526399
2105.768	n/a	NonTarget	1	526442
2105.944	n/a	NonTarget	1	526486
2106.12	n/a	NonTarget	1	526530
2106.292	n/a	Target	2	526573
2106.468	n/a	NonTarget	1	526617
2106.644	n/a	NonTarget	1	526661
2106.824	n/a	NonTarget	1	526706
2106.996	n/a	NonTarget	1	526749
2107.168	n/a	NonTarget	1	526792
2107.344	n/a	Target	2	526836
2107.52	n/a	NonTarget	1	526880
2107.696	n/a	NonTarget	1	526924
2107.868	n/a	NonTarget	1	526967
2108.044	n/a	NonTarget	1	527011
2108.22	n/a	NonTarget	1	527055
2108.396	n/a	NonTarget	1	527099
2108.568	n/a	NonTarget	1	527142
2108.744	n/a	NonTarget	1	527186
2108.924	n/a	Target	2	527231
2109.096	n/a	NonTarget	1	527274
2109.268	n/a	NonTarget	1	527317
2109.444	n/a	NonTarget	1	527361
2109.62	n/a	NonTarget	1	527405
2109.796	n/a	NonTarget	1	527449
2109.968	n/a	NonTarget	1	527492
2110.144	n/a	Target	2	527536
2110.324	n/a	NonTarget	1	527581
2110.496	n/a	NonTarget	1	527624
2110.668	n/a	Target	2	527667
2110.844	n/a	NonTarget	1	527711
2111.02	n/a	NonTarget	1	527755
2111.196	n/a	NonTarget	1	527799
2111.368	n/a	NonTarget	1	527842
2111.544	n/a	NonTarget	1	527886
2111.72	n/a	Target	2	527930
2111.896	n/a	NonTarget	1	527974
2112.076	n/a	NonTarget	1	528019
2112.248	n/a	NonTarget	1	528062
2112.42	n/a	NonTarget	1	528105
2112.6	n/a	Target	2	528150
2112.768	n/a	NonTarget	1	528192
2112.944	n/a	NonTarget	1	528236
2113.12	n/a	NonTarget	1	528280
2113.296	n/a	NonTarget	1	528324
2113.468	n/a	NonTarget	1	528367
2113.644	n/a	NonTarget	1	528411
2113.82	n/a	NonTarget	1	528455
2113.996	n/a	NonTarget	1	528499
2114.168	n/a	NonTarget	1	528542
2114.344	n/a	NonTarget	1	528586
2114.52	n/a	Target	2	528630
2114.696	n/a	NonTarget	1	528674
2114.868	n/a	NonTarget	1	528717
2115.044	n/a	NonTarget	1	528761
2115.22	n/a	Target	2	528805
2115.396	n/a	NonTarget	1	528849
2115.568	n/a	NonTarget	1	528892
2115.744	n/a	Target	2	528936
2115.932	n/a	NonTarget	1	528983
2116.096	n/a	NonTarget	1	529024
2116.268	n/a	NonTarget	1	529067
2116.444	n/a	NonTarget	1	529111
2116.62	n/a	NonTarget	1	529155
2116.796	n/a	NonTarget	1	529199
2116.968	n/a	NonTarget	1	529242
2117.144	n/a	NonTarget	1	529286
2117.32	n/a	Target	2	529330
2117.496	n/a	NonTarget	1	529374
2117.668	n/a	NonTarget	1	529417
2117.852	n/a	NonTarget	1	529463
2118.02	n/a	NonTarget	1	529505
2118.192	n/a	NonTarget	1	529548
2118.376	n/a	Target	2	529594
2118.544	n/a	NonTarget	1	529636
2118.72	n/a	NonTarget	1	529680
2139.672	n/a	NonTarget	1	534918
2139.844	n/a	NonTarget	1	534961
2140.02	n/a	NonTarget	1	535005
2140.196	n/a	Target	2	535049
2140.372	n/a	NonTarget	1	535093
2140.544	n/a	NonTarget	1	535136
2140.72	n/a	NonTarget	1	535180
2140.904	n/a	NonTarget	1	535226
2141.076	n/a	Target	2	535269
2141.244	n/a	NonTarget	1	535311
2141.42	n/a	NonTarget	1	535355
2141.596	n/a	NonTarget	1	535399
2141.772	n/a	NonTarget	1	535443
2141.948	n/a	NonTarget	1	535487
2142.12	n/a	Target	2	535530
2142.296	n/a	NonTarget	1	535574
2142.472	n/a	NonTarget	1	535618
2142.644	n/a	NonTarget	1	535661
2142.82	n/a	NonTarget	1	535705
2142.996	n/a	NonTarget	1	535749
2143.18	n/a	NonTarget	1	535795
2143.348	n/a	NonTarget	1	535837
2143.52	n/a	NonTarget	1	535880
2143.704	n/a	Target	2	535926
2143.876	n/a	NonTarget	1	535969
2144.044	n/a	NonTarget	1	536011
2144.224	n/a	NonTarget	1	536056
2144.396	n/a	NonTarget	1	536099
2144.572	n/a	Target	2	536143
2144.744	n/a	NonTarget	1	536186
2144.92	n/a	NonTarget	1	536230
2145.096	n/a	NonTarget	1	536274
2145.272	n/a	NonTarget	1	536318
2145.448	n/a	Target	2	536362
2145.62	n/a	NonTarget	1	536405
2145.796	n/a	NonTarget	1	536449
2145.972	n/a	NonTarget	1	536493
2146.144	n/a	NonTarget	1	536536
2146.32	n/a	NonTarget	1	536580
2146.496	n/a	Target	2	536624
2146.672	n/a	NonTarget	1	536668
2146.844	n/a	NonTarget	1	536711
2147.02	n/a	NonTarget	1	536755
2147.196	n/a	NonTarget	1	536799
2147.372	n/a	Target	2	536843
2147.548	n/a	NonTarget	1	536887
2147.72	n/a	NonTarget	1	536930
2147.896	n/a	NonTarget	1	536974
2148.076	n/a	NonTarget	1	537019
2148.244	n/a	NonTarget	1	537061
2148.42	n/a	Target	2	537105
2148.596	n/a	NonTarget	1	537149
2148.772	n/a	NonTarget	1	537193
2148.944	n/a	NonTarget	1	537236
2149.12	n/a	NonTarget	1	537280
2149.296	n/a	NonTarget	1	537324
2149.472	n/a	Target	2	537368
2149.644	n/a	NonTarget	1	537411
2149.832	n/a	NonTarget	1	537458
2149.996	n/a	NonTarget	1	537499
2150.172	n/a	Target	2	537543
2150.344	n/a	NonTarget	1	537586
2150.52	n/a	NonTarget	1	537630
2150.696	n/a	NonTarget	1	537674
2150.872	n/a	NonTarget	1	537718
2151.044	n/a	NonTarget	1	537761
2151.22	n/a	Target	2	537805
2151.396	n/a	NonTarget	1	537849
2151.572	n/a	NonTarget	1	537893
2151.744	n/a	NonTarget	1	537936
2151.92	n/a	NonTarget	1	537980
2152.096	n/a	NonTarget	1	538024
2152.272	n/a	NonTarget	1	538068
2152.444	n/a	NonTarget	1	538111
2152.62	n/a	Target	2	538155
2152.796	n/a	NonTarget	1	538199
2152.972	n/a	NonTarget	1	538243
2153.144	n/a	NonTarget	1	538286
2153.328	n/a	NonTarget	1	538332
2153.5	n/a	NonTarget	1	538375
2153.68	n/a	NonTarget	1	538420
2153.844	n/a	Target	2	538461
2154.02	n/a	NonTarget	1	538505
2154.196	n/a	NonTarget	1	538549
2154.372	n/a	NonTarget	1	538593
2154.552	n/a	NonTarget	1	538638
2154.72	n/a	NonTarget	1	538680
2154.896	n/a	NonTarget	1	538724
2155.072	n/a	Target	2	538768
2155.244	n/a	NonTarget	1	538811
2170.964	n/a	NonTarget	1	542741
2171.136	n/a	NonTarget	1	542784
2171.312	n/a	NonTarget	1	542828
2171.488	n/a	Target	2	542872
2171.672	n/a	NonTarget	1	542918
2171.836	n/a	NonTarget	1	542959
2172.012	n/a	NonTarget	1	543003
2172.188	n/a	NonTarget	1	543047
2172.36	n/a	Target	2	543090
2172.544	n/a	NonTarget	1	543136
2172.716	n/a	NonTarget	1	543179
2172.888	n/a	NonTarget	1	543222
2173.06	n/a	NonTarget	1	543265
2173.236	n/a	Target	2	543309
2173.412	n/a	NonTarget	1	543353
2173.584	n/a	NonTarget	1	543396
2173.76	n/a	NonTarget	1	543440
2173.936	n/a	NonTarget	1	543484
2174.112	n/a	Target	2	543528
2174.288	n/a	NonTarget	1	543572
2174.464	n/a	NonTarget	1	543616
2174.636	n/a	NonTarget	1	543659
2174.812	n/a	NonTarget	1	543703
2174.988	n/a	NonTarget	1	543747
2175.16	n/a	Target	2	543790
2175.336	n/a	NonTarget	1	543834
2175.512	n/a	NonTarget	1	543878
2175.688	n/a	NonTarget	1	543922
2175.868	n/a	NonTarget	1	543967
2176.036	n/a	NonTarget	1	544009
2176.212	n/a	Target	2	544053
2176.388	n/a	NonTarget	1	544097
2176.56	n/a	NonTarget	1	544140
2176.736	n/a	NonTarget	1	544184
2176.912	n/a	NonTarget	1	544228
2177.088	n/a	NonTarget	1	544272
2177.26	n/a	NonTarget	1	544315
2177.436	n/a	Target	2	544359
2177.612	n/a	NonTarget	1	544403
2177.788	n/a	NonTarget	1	544447
2177.96	n/a	NonTarget	1	544490
2178.136	n/a	NonTarget	1	544534
2178.312	n/a	NonTarget	1	544578
2178.488	n/a	NonTarget	1	544622
2178.66	n/a	Target	2	544665
2178.836	n/a	NonTarget	1	544709
2179.012	n/a	NonTarget	1	544753
2179.196	n/a	NonTarget	1	544799
2179.36	n/a	NonTarget	1	544840
2179.536	n/a	NonTarget	1	544884
2179.712	n/a	Target	2	544928
2179.888	n/a	NonTarget	1	544972
2180.06	n/a	NonTarget	1	545015
2180.236	n/a	NonTarget	1	545059
2180.412	n/a	Target	2	545103
2180.588	n/a	NonTarget	1	545147
2180.76	n/a	NonTarget	1	545190
2180.936	n/a	NonTarget	1	545234
2181.112	n/a	NonTarget	1	545278
2181.288	n/a	NonTarget	1	545322
2181.46	n/a	NonTarget	1	545365
2181.636	n/a	NonTarget	1	545409
2181.812	n/a	NonTarget	1	545453
2181.988	n/a	NonTarget	1	545497
2182.164	n/a	Target	2	545541
2182.34	n/a	NonTarget	1	545585
2182.512	n/a	NonTarget	1	545628
2182.688	n/a	NonTarget	1	545672
2182.86	n/a	NonTarget	1	545715
2183.036	n/a	Target	2	545759
2183.212	n/a	NonTarget	1	545803
2183.388	n/a	NonTarget	1	545847
2183.56	n/a	Target	2	545890
2183.736	n/a	NonTarget	1	545934
2183.912	n/a	NonTarget	1	545978
2184.088	n/a	NonTarget	1	546022
2184.26	n/a	NonTarget	1	546065
2184.436	n/a	NonTarget	1	546109
2184.612	n/a	NonTarget	1	546153
2184.788	n/a	NonTarget	1	546197
2184.96	n/a	NonTarget	1	546240
2185.136	n/a	NonTarget	1	546284
2185.312	n/a	NonTarget	1	546328
2185.488	n/a	Target	2	546372
2185.668	n/a	NonTarget	1	546417
2185.836	n/a	NonTarget	1	546459
2186.012	n/a	NonTarget	1	546503
2186.188	n/a	NonTarget	1	546547
2186.368	n/a	Target	2	546592
2186.54	n/a	NonTarget	1	546635
2207.496	n/a	Target	2	551874
2207.672	n/a	NonTarget	1	551918
2207.844	n/a	NonTarget	1	551961
2208.024	n/a	NonTarget	1	552006
2208.196	n/a	NonTarget	1	552049
2208.372	n/a	NonTarget	1	552093
2208.544	n/a	NonTarget	1	552136
2208.72	n/a	NonTarget	1	552180
2208.896	n/a	Target	2	552224
2209.072	n/a	NonTarget	1	552268
2209.244	n/a	NonTarget	1	552311
2209.428	n/a	NonTarget	1	552357
2209.596	n/a	NonTarget	1	552399
2209.772	n/a	NonTarget	1	552443
2209.948	n/a	NonTarget	1	552487
2210.12	n/a	NonTarget	1	552530
2210.296	n/a	NonTarget	1	552574
2210.468	n/a	Target	2	552617
2210.644	n/a	NonTarget	1	552661
2210.82	n/a	NonTarget	1	552705
2210.996	n/a	NonTarget	1	552749
2211.172	n/a	Target	2	552793
2211.344	n/a	NonTarget	1	552836
2211.52	n/a	NonTarget	1	552880
2211.696	n/a	NonTarget	1	552924
2211.876	n/a	NonTarget	1	552969
2212.044	n/a	NonTarget	1	553011
2212.22	n/a	NonTarget	1	553055
2212.396	n/a	Target	2	553099
2212.572	n/a	NonTarget	1	553143
2212.748	n/a	NonTarget	1	553187
2212.92	n/a	NonTarget	1	553230
2213.096	n/a	NonTarget	1	553274
2213.272	n/a	Target	2	553318
2213.444	n/a	NonTarget	1	553361
2213.62	n/a	NonTarget	1	553405
2213.796	n/a	NonTarget	1	553449
2213.972	n/a	Target	2	553493
2214.144	n/a	NonTarget	1	553536
2214.32	n/a	NonTarget	1	553580
2214.496	n/a	NonTarget	1	553624
2214.672	n/a	NonTarget	1	553668
2214.844	n/a	NonTarget	1	553711
2215.02	n/a	NonTarget	1	553755
2215.196	n/a	NonTarget	1	553799
2215.372	n/a	NonTarget	1	553843
2215.544	n/a	Target	2	553886
2215.72	n/a	NonTarget	1	553930
2215.896	n/a	NonTarget	1	553974
2216.072	n/a	NonTarget	1	554018
2216.244	n/a	NonTarget	1	554061
2216.42	n/a	NonTarget	1	554105
2216.596	n/a	NonTarget	1	554149
2216.772	n/a	Target	2	554193
2216.948	n/a	NonTarget	1	554237
2217.12	n/a	NonTarget	1	554280
2217.296	n/a	NonTarget	1	554324
2217.472	n/a	NonTarget	1	554368
2217.644	n/a	NonTarget	1	554411
2217.824	n/a	Target	2	554456
2217.996	n/a	NonTarget	1	554499
2218.172	n/a	NonTarget	1	554543
2218.344	n/a	NonTarget	1	554586
2218.52	n/a	Target	2	554630
2218.696	n/a	NonTarget	1	554674
2218.872	n/a	NonTarget	1	554718
2219.044	n/a	NonTarget	1	554761
2219.22	n/a	NonTarget	1	554805
2219.396	n/a	Target	2	554849
2219.572	n/a	NonTarget	1	554893
2219.748	n/a	NonTarget	1	554937
2219.92	n/a	NonTarget	1	554980
2220.096	n/a	NonTarget	1	555024
2220.272	n/a	NonTarget	1	555068
2220.444	n/a	Target	2	555111
2220.628	n/a	NonTarget	1	555157
2220.796	n/a	NonTarget	1	555199
2220.972	n/a	NonTarget	1	555243
2221.144	n/a	NonTarget	1	555286
2221.32	n/a	NonTarget	1	555330
2221.496	n/a	NonTarget	1	555374
2221.672	n/a	NonTarget	1	555418
2221.844	n/a	NonTarget	1	555461
2222.02	n/a	Target	2	555505
2222.196	n/a	NonTarget	1	555549
2222.376	n/a	NonTarget	1	555594
2222.544	n/a	NonTarget	1	555636
2222.72	n/a	NonTarget	1	555680
2222.9	n/a	Target	2	555725
2223.072	n/a	NonTarget	1	555768
2238.744	n/a	NonTarget	1	559686
2238.92	n/a	NonTarget	1	559730
2239.092	n/a	NonTarget	1	559773
2239.268	n/a	NonTarget	1	559817
2239.444	n/a	NonTarget	1	559861
2239.62	n/a	Target	2	559905
2239.792	n/a	NonTarget	1	559948
2239.968	n/a	NonTarget	1	559992
2240.144	n/a	Target	2	560036
2240.328	n/a	NonTarget	1	560082
2240.492	n/a	NonTarget	1	560123
2240.668	n/a	NonTarget	1	560167
2240.844	n/a	NonTarget	1	560211
2241.02	n/a	NonTarget	1	560255
2241.192	n/a	NonTarget	1	560298
2241.372	n/a	Target	2	560343
2241.544	n/a	NonTarget	1	560386
2241.724	n/a	NonTarget	1	560431
2241.892	n/a	NonTarget	1	560473
2242.068	n/a	NonTarget	1	560517
2242.244	n/a	NonTarget	1	560561
2242.42	n/a	Target	2	560605
2242.592	n/a	NonTarget	1	560648
2242.768	n/a	NonTarget	1	560692
2242.952	n/a	NonTarget	1	560738
2243.116	n/a	NonTarget	1	560779
2243.292	n/a	NonTarget	1	560823
2243.468	n/a	Target	2	560867
2243.644	n/a	NonTarget	1	560911
2243.82	n/a	NonTarget	1	560955
2243.992	n/a	NonTarget	1	560998
2244.168	n/a	Target	2	561042
2244.344	n/a	NonTarget	1	561086
2244.52	n/a	NonTarget	1	561130
2244.692	n/a	NonTarget	1	561173
2244.868	n/a	NonTarget	1	561217
2245.044	n/a	NonTarget	1	561261
2245.22	n/a	NonTarget	1	561305
2245.392	n/a	Target	2	561348
2245.568	n/a	NonTarget	1	561392
2245.744	n/a	NonTarget	1	561436
2245.92	n/a	NonTarget	1	561480
2246.092	n/a	NonTarget	1	561523
2246.268	n/a	NonTarget	1	561567
2246.444	n/a	NonTarget	1	561611
2246.62	n/a	NonTarget	1	561655
2246.796	n/a	NonTarget	1	561699
2246.968	n/a	Target	2	561742
2247.144	n/a	NonTarget	1	561786
2247.32	n/a	NonTarget	1	561830
2247.492	n/a	NonTarget	1	561873
2247.672	n/a	NonTarget	1	561918
2247.844	n/a	NonTarget	1	561961
2248.02	n/a	Target	2	562005
2248.192	n/a	NonTarget	1	562048
2248.368	n/a	NonTarget	1	562092
2248.544	n/a	NonTarget	1	562136
2248.72	n/a	NonTarget	1	562180
2248.892	n/a	NonTarget	1	562223
2249.068	n/a	Target	2	562267
2249.244	n/a	NonTarget	1	562311
2249.424	n/a	NonTarget	1	562356
2249.592	n/a	NonTarget	1	562398
2249.768	n/a	Target	2	562442
2249.948	n/a	NonTarget	1	562487
2250.12	n/a	NonTarget	1	562530
2250.292	n/a	NonTarget	1	562573
2250.468	n/a	NonTarget	1	562617
2250.644	n/a	Target	2	562661
2250.82	n/a	NonTarget	1	562705
2250.992	n/a	NonTarget	1	562748
2251.168	n/a	NonTarget	1	562792
2251.344	n/a	NonTarget	1	562836
2251.52	n/a	Target	2	562880
2251.692	n/a	NonTarget	1	562923
2251.868	n/a	NonTarget	1	562967
2252.044	n/a	NonTarget	1	563011
2252.22	n/a	NonTarget	1	563055
2252.392	n/a	Target	2	563098
2252.568	n/a	NonTarget	1	563142
2252.744	n/a	NonTarget	1	563186
2252.92	n/a	NonTarget	1	563230
2253.096	n/a	NonTarget	1	563274
2253.268	n/a	NonTarget	1	563317
2253.444	n/a	Target	2	563361
2253.62	n/a	NonTarget	1	563405
2253.792	n/a	NonTarget	1	563448
2253.968	n/a	NonTarget	1	563492
2254.144	n/a	NonTarget	1	563536
2254.32	n/a	NonTarget	1	563580
2275.036	n/a	NonTarget	1	568759
2275.212	n/a	NonTarget	1	568803
2275.388	n/a	NonTarget	1	568847
2275.56	n/a	Target	2	568890
2275.736	n/a	NonTarget	1	568934
2275.912	n/a	NonTarget	1	568978
2276.088	n/a	NonTarget	1	569022
2276.26	n/a	NonTarget	1	569065
2276.436	n/a	NonTarget	1	569109
2276.612	n/a	NonTarget	1	569153
2276.788	n/a	Target	2	569197
2276.96	n/a	NonTarget	1	569240
2277.136	n/a	NonTarget	1	569284
2277.312	n/a	Target	2	569328
2277.488	n/a	NonTarget	1	569372
2277.664	n/a	NonTarget	1	569416
2277.836	n/a	NonTarget	1	569459
2278.02	n/a	NonTarget	1	569505
2278.184	n/a	NonTarget	1	569546
2278.36	n/a	NonTarget	1	569590
2278.54	n/a	NonTarget	1	569635
2278.712	n/a	Target	2	569678
2278.888	n/a	NonTarget	1	569722
2279.068	n/a	NonTarget	1	569767
2279.236	n/a	NonTarget	1	569809
2279.416	n/a	Target	2	569854
2279.588	n/a	NonTarget	1	569897
2279.76	n/a	NonTarget	1	569940
2279.94	n/a	NonTarget	1	569985
2280.112	n/a	NonTarget	1	570028
2280.288	n/a	NonTarget	1	570072
2280.46	n/a	Target	2	570115
2280.636	n/a	NonTarget	1	570159
2280.812	n/a	NonTarget	1	570203
2280.988	n/a	NonTarget	1	570247
2281.16	n/a	NonTarget	1	570290
2281.336	n/a	NonTarget	1	570334
2281.512	n/a	NonTarget	1	570378
2281.688	n/a	Target	2	570422
2281.86	n/a	NonTarget	1	570465
2282.036	n/a	NonTarget	1	570509
2282.212	n/a	NonTarget	1	570553
2282.388	n/a	NonTarget	1	570597
2282.56	n/a	Target	2	570640
2282.736	n/a	NonTarget	1	570684
2282.912	n/a	NonTarget	1	570728
2283.088	n/a	NonTarget	1	570772
2283.26	n/a	NonTarget	1	570815
2283.436	n/a	NonTarget	1	570859
2283.612	n/a	NonTarget	1	570903
2283.788	n/a	NonTarget	1	570947
2283.96	n/a	NonTarget	1	570990
2284.136	n/a	Target	2	571034
2284.312	n/a	NonTarget	1	571078
2284.488	n/a	NonTarget	1	571122
2284.66	n/a	Target	2	571165
2284.836	n/a	NonTarget	1	571209
2285.012	n/a	NonTarget	1	571253
2285.188	n/a	NonTarget	1	571297
2285.36	n/a	NonTarget	1	571340
2285.536	n/a	NonTarget	1	571384
2285.712	n/a	NonTarget	1	571428
2285.888	n/a	NonTarget	1	571472
2286.068	n/a	NonTarget	1	571517
2286.236	n/a	NonTarget	1	571559
2286.412	n/a	Target	2	571603
2286.588	n/a	NonTarget	1	571647
2286.76	n/a	NonTarget	1	571690
2286.936	n/a	NonTarget	1	571734
2287.112	n/a	NonTarget	1	571778
2287.288	n/a	NonTarget	1	571822
2287.46	n/a	Target	2	571865
2287.636	n/a	NonTarget	1	571909
2287.812	n/a	NonTarget	1	571953
2287.988	n/a	Target	2	571997
2288.168	n/a	NonTarget	1	572042
2288.336	n/a	NonTarget	1	572084
2288.512	n/a	NonTarget	1	572128
2288.692	n/a	NonTarget	1	572173
2288.86	n/a	NonTarget	1	572215
2289.036	n/a	NonTarget	1	572259
2289.212	n/a	NonTarget	1	572303
2289.388	n/a	NonTarget	1	572347
2289.56	n/a	Target	2	572390
2289.736	n/a	NonTarget	1	572434
2289.912	n/a	NonTarget	1	572478
2290.088	n/a	Target	2	572522
2290.264	n/a	NonTarget	1	572566
2290.436	n/a	NonTarget	1	572609
2290.612	n/a	NonTarget	1	572653
2306.52	n/a	NonTarget	1	576630
2306.696	n/a	NonTarget	1	576674
2306.868	n/a	NonTarget	1	576717
2307.044	n/a	NonTarget	1	576761
2307.22	n/a	Target	2	576805
2307.396	n/a	NonTarget	1	576849
2307.568	n/a	NonTarget	1	576892
2307.748	n/a	NonTarget	1	576937
2307.92	n/a	Target	2	576980
2308.096	n/a	NonTarget	1	577024
2308.268	n/a	NonTarget	1	577067
2308.444	n/a	NonTarget	1	577111
2308.62	n/a	NonTarget	1	577155
2308.792	n/a	NonTarget	1	577198
2308.968	n/a	NonTarget	1	577242
2309.144	n/a	NonTarget	1	577286
2309.32	n/a	NonTarget	1	577330
2309.492	n/a	Target	2	577373
2309.668	n/a	NonTarget	1	577417
2309.844	n/a	NonTarget	1	577461
2310.028	n/a	NonTarget	1	577507
2310.196	n/a	NonTarget	1	577549
2310.368	n/a	Target	2	577592
2310.544	n/a	NonTarget	1	577636
2310.72	n/a	NonTarget	1	577680
2310.896	n/a	NonTarget	1	577724
2311.068	n/a	NonTarget	1	577767
2311.248	n/a	NonTarget	1	577812
2311.42	n/a	Target	2	577855
2311.592	n/a	NonTarget	1	577898
2311.768	n/a	NonTarget	1	577942
2311.944	n/a	NonTarget	1	577986
2312.12	n/a	Target	2	578030
2312.296	n/a	NonTarget	1	578074
2312.468	n/a	NonTarget	1	578117
2312.644	n/a	NonTarget	1	578161
2312.82	n/a	NonTarget	1	578205
2312.996	n/a	Target	2	578249
2313.168	n/a	NonTarget	1	578292
2313.344	n/a	NonTarget	1	578336
2313.52	n/a	NonTarget	1	578380
2313.7	n/a	NonTarget	1	578425
2313.868	n/a	NonTarget	1	578467
2314.044	n/a	Target	2	578511
2314.224	n/a	NonTarget	1	578556
2314.396	n/a	NonTarget	1	578599
2314.568	n/a	NonTarget	1	578642
2314.744	n/a	NonTarget	1	578686
2314.92	n/a	NonTarget	1	578730
2315.096	n/a	NonTarget	1	578774
2315.272	n/a	NonTarget	1	578818
2315.444	n/a	Target	2	578861
2315.62	n/a	NonTarget	1	578905
2315.796	n/a	NonTarget	1	578949
2315.968	n/a	NonTarget	1	578992
2316.148	n/a	NonTarget	1	579037
2316.32	n/a	NonTarget	1	579080
2316.496	n/a	NonTarget	1	579124
2316.668	n/a	NonTarget	1	579167
2316.844	n/a	Target	2	579211
2317.02	n/a	NonTarget	1	579255
2317.196	n/a	NonTarget	1	579299
2317.368	n/a	NonTarget	1	579342
2317.544	n/a	NonTarget	1	579386
2317.72	n/a	Target	2	579430
2317.896	n/a	NonTarget	1	579474
2318.068	n/a	NonTarget	1	579517
2318.256	n/a	Target	2	579564
2318.42	n/a	NonTarget	1	579605
2318.596	n/a	NonTarget	1	579649
2318.768	n/a	NonTarget	1	579692
2318.952	n/a	NonTarget	1	579738
2319.12	n/a	NonTarget	1	579780
2319.296	n/a	Target	2	579824
2319.468	n/a	NonTarget	1	579867
2319.644	n/a	NonTarget	1	579911
2319.82	n/a	NonTarget	1	579955
2319.996	n/a	NonTarget	1	579999
2320.168	n/a	NonTarget	1	580042
2320.344	n/a	Target	2	580086
2320.52	n/a	NonTarget	1	580130
2320.696	n/a	NonTarget	1	580174
2320.868	n/a	NonTarget	1	580217
2321.044	n/a	NonTarget	1	580261
2321.22	n/a	NonTarget	1	580305
2321.396	n/a	Target	2	580349
2321.572	n/a	NonTarget	1	580393
2321.744	n/a	NonTarget	1	580436
2321.92	n/a	NonTarget	1	580480
2322.096	n/a	NonTarget	1	580524
2342.792	n/a	NonTarget	1	585698
2342.968	n/a	Target	2	585742
2343.144	n/a	NonTarget	1	585786
2343.316	n/a	NonTarget	1	585829
2343.496	n/a	NonTarget	1	585874
2343.668	n/a	NonTarget	1	585917
2343.84	n/a	NonTarget	1	585960
2344.016	n/a	NonTarget	1	586004
2344.192	n/a	Target	2	586048
2344.368	n/a	NonTarget	1	586092
2344.54	n/a	NonTarget	1	586135
2344.716	n/a	NonTarget	1	586179
2344.892	n/a	NonTarget	1	586223
2345.068	n/a	NonTarget	1	586267
2345.24	n/a	NonTarget	1	586310
2345.416	n/a	NonTarget	1	586354
2345.592	n/a	NonTarget	1	586398
2345.768	n/a	Target	2	586442
2345.94	n/a	NonTarget	1	586485
2346.116	n/a	NonTarget	1	586529
2346.292	n/a	NonTarget	1	586573
2346.464	n/a	NonTarget	1	586616
2346.64	n/a	NonTarget	1	586660
2346.82	n/a	Target	2	586705
2346.992	n/a	NonTarget	1	586748
2347.168	n/a	NonTarget	1	586792
2347.344	n/a	NonTarget	1	586836
2347.516	n/a	NonTarget	1	586879
2347.692	n/a	NonTarget	1	586923
2347.868	n/a	Target	2	586967
2348.04	n/a	NonTarget	1	587010
2348.216	n/a	NonTarget	1	587054
2348.392	n/a	NonTarget	1	587098
2348.568	n/a	Target	2	587142
2348.74	n/a	NonTarget	1	587185
2348.92	n/a	NonTarget	1	587230
2349.096	n/a	NonTarget	1	587274
2349.268	n/a	NonTarget	1	587317
2349.44	n/a	Target	2	587360
2349.62	n/a	NonTarget	1	587405
2349.796	n/a	NonTarget	1	587449
2349.968	n/a	NonTarget	1	587492
2350.14	n/a	NonTarget	1	587535
2350.316	n/a	Target	2	587579
2350.496	n/a	NonTarget	1	587624
2350.668	n/a	NonTarget	1	587667
2350.84	n/a	NonTarget	1	587710
2351.016	n/a	NonTarget	1	587754
2351.192	n/a	Target	2	587798
2351.368	n/a	NonTarget	1	587842
2351.544	n/a	NonTarget	1	587886
2351.716	n/a	NonTarget	1	587929
2351.892	n/a	NonTarget	1	587973
2352.068	n/a	NonTarget	1	588017
2352.24	n/a	Target	2	588060
2352.416	n/a	NonTarget	1	588104
2352.592	n/a	NonTarget	1	588148
2352.768	n/a	NonTarget	1	588192
2352.944	n/a	NonTarget	1	588236
2353.116	n/a	NonTarget	1	588279
2353.292	n/a	Target	2	588323
2353.468	n/a	NonTarget	1	588367
2353.64	n/a	NonTarget	1	588410
2353.816	n/a	NonTarget	1	588454
2353.992	n/a	NonTarget	1	588498
2354.168	n/a	NonTarget	1	588542
2354.34	n/a	NonTarget	1	588585
2354.516	n/a	Target	2	588629
2354.692	n/a	NonTarget	1	588673
2354.868	n/a	NonTarget	1	588717
2355.04	n/a	NonTarget	1	588760
2355.216	n/a	NonTarget	1	588804
2355.392	n/a	NonTarget	1	588848
2355.568	n/a	NonTarget	1	588892
2355.74	n/a	Target	2	588935
2355.916	n/a	NonTarget	1	588979
2356.092	n/a	NonTarget	1	589023
2356.268	n/a	NonTarget	1	589067
2356.44	n/a	NonTarget	1	589110
2356.616	n/a	NonTarget	1	589154
2356.8	n/a	Target	2	589200
2356.968	n/a	NonTarget	1	589242
2357.14	n/a	NonTarget	1	589285
2357.316	n/a	NonTarget	1	589329
2357.492	n/a	Target	2	589373
2357.668	n/a	NonTarget	1	589417
2357.84	n/a	NonTarget	1	589460
2358.016	n/a	NonTarget	1	589504
2358.192	n/a	NonTarget	1	589548
2358.368	n/a	NonTarget	1	589592
2373.196	n/a	NonTarget	1	593299
2373.372	n/a	NonTarget	1	593343
2373.552	n/a	NonTarget	1	593388
2373.724	n/a	NonTarget	1	593431
2373.896	n/a	NonTarget	1	593474
2374.072	n/a	Target	2	593518
2374.248	n/a	NonTarget	1	593562
2374.42	n/a	NonTarget	1	593605
2374.6	n/a	NonTarget	1	593650
2374.772	n/a	NonTarget	1	593693
2374.948	n/a	NonTarget	1	593737
2375.124	n/a	Target	2	593781
2375.296	n/a	NonTarget	1	593824
2375.472	n/a	NonTarget	1	593868
2375.648	n/a	NonTarget	1	593912
2375.82	n/a	Target	2	593955
2375.996	n/a	NonTarget	1	593999
2376.172	n/a	NonTarget	1	594043
2376.348	n/a	NonTarget	1	594087
2376.52	n/a	Target	2	594130
2376.696	n/a	NonTarget	1	594174
2376.872	n/a	NonTarget	1	594218
2377.048	n/a	NonTarget	1	594262
2377.22	n/a	NonTarget	1	594305
2377.396	n/a	NonTarget	1	594349
2377.572	n/a	NonTarget	1	594393
2377.76	n/a	NonTarget	1	594440
2377.92	n/a	NonTarget	1	594480
2378.096	n/a	NonTarget	1	594524
2378.272	n/a	Target	2	594568
2378.448	n/a	NonTarget	1	594612
2378.62	n/a	NonTarget	1	594655
2378.796	n/a	Target	2	594699
2378.972	n/a	NonTarget	1	594743
2379.144	n/a	NonTarget	1	594786
2379.32	n/a	NonTarget	1	594830
2379.496	n/a	NonTarget	1	594874
2379.672	n/a	Target	2	594918
2379.848	n/a	NonTarget	1	594962
2380.02	n/a	NonTarget	1	595005
2380.2	n/a	NonTarget	1	595050
2380.372	n/a	NonTarget	1	595093
2380.552	n/a	NonTarget	1	595138
2380.724	n/a	NonTarget	1	595181
2380.896	n/a	NonTarget	1	595224
2381.072	n/a	NonTarget	1	595268
2381.248	n/a	Target	2	595312
2381.42	n/a	NonTarget	1	595355
2381.596	n/a	NonTarget	1	595399
2381.772	n/a	NonTarget	1	595443
2381.948	n/a	Target	2	595487
2382.12	n/a	NonTarget	1	595530
2382.3	n/a	NonTarget	1	595575
2382.472	n/a	NonTarget	1	595618
2382.648	n/a	NonTarget	1	595662
2382.828	n/a	NonTarget	1	595707
2382.996	n/a	NonTarget	1	595749
2383.172	n/a	NonTarget	1	595793
2383.348	n/a	NonTarget	1	595837
2383.52	n/a	Target	2	595880
2383.696	n/a	NonTarget	1	595924
2383.872	n/a	NonTarget	1	595968
2384.048	n/a	NonTarget	1	596012
2384.22	n/a	NonTarget	1	596055
2384.396	n/a	Target	2	596099
2384.572	n/a	NonTarget	1	596143
2384.748	n/a	NonTarget	1	596187
2384.92	n/a	NonTarget	1	596230
2385.096	n/a	Target	2	596274
2385.276	n/a	NonTarget	1	596319
2385.448	n/a	NonTarget	1	596362
2385.62	n/a	NonTarget	1	596405
2385.796	n/a	NonTarget	1	596449
2385.972	n/a	NonTarget	1	596493
2386.148	n/a	NonTarget	1	596537
2386.32	n/a	NonTarget	1	596580
2386.496	n/a	NonTarget	1	596624
2386.672	n/a	Target	2	596668
2386.848	n/a	NonTarget	1	596712
2387.02	n/a	NonTarget	1	596755
2387.196	n/a	NonTarget	1	596799
2387.372	n/a	NonTarget	1	596843
2387.548	n/a	Target	2	596887
2387.72	n/a	NonTarget	1	596930
2387.896	n/a	NonTarget	1	596974
2388.072	n/a	NonTarget	1	597018
2388.248	n/a	NonTarget	1	597062
2388.42	n/a	NonTarget	1	597105
2388.596	n/a	Target	2	597149
2388.772	n/a	NonTarget	1	597193
2409.488	n/a	NonTarget	1	602372
2409.66	n/a	NonTarget	1	602415
2409.84	n/a	NonTarget	1	602460
2410.012	n/a	NonTarget	1	602503
2410.192	n/a	Target	2	602548
2410.364	n/a	NonTarget	1	602591
2410.536	n/a	NonTarget	1	602634
2410.72	n/a	NonTarget	1	602680
2410.888	n/a	NonTarget	1	602722
2411.06	n/a	Target	2	602765
2411.236	n/a	NonTarget	1	602809
2411.412	n/a	NonTarget	1	602853
2411.588	n/a	NonTarget	1	602897
2411.764	n/a	NonTarget	1	602941
2411.936	n/a	NonTarget	1	602984
2412.112	n/a	Target	2	603028
2412.288	n/a	NonTarget	1	603072
2412.46	n/a	NonTarget	1	603115
2412.636	n/a	Target	2	603159
2412.812	n/a	NonTarget	1	603203
2412.988	n/a	NonTarget	1	603247
2413.16	n/a	NonTarget	1	603290
2413.336	n/a	NonTarget	1	603334
2413.512	n/a	NonTarget	1	603378
2413.684	n/a	Target	2	603421
2413.864	n/a	NonTarget	1	603466
2414.048	n/a	NonTarget	1	603512
2414.212	n/a	NonTarget	1	603553
2414.384	n/a	NonTarget	1	603596
2414.56	n/a	NonTarget	1	603640
2414.736	n/a	NonTarget	1	603684
2414.912	n/a	NonTarget	1	603728
2415.088	n/a	Target	2	603772
2415.26	n/a	NonTarget	1	603815
2415.44	n/a	NonTarget	1	603860
2415.612	n/a	NonTarget	1	603903
2415.788	n/a	NonTarget	1	603947
2415.96	n/a	NonTarget	1	603990
2416.136	n/a	NonTarget	1	604034
2416.312	n/a	NonTarget	1	604078
2416.488	n/a	Target	2	604122
2416.66	n/a	NonTarget	1	604165
2416.836	n/a	NonTarget	1	604209
2417.012	n/a	NonTarget	1	604253
2417.188	n/a	NonTarget	1	604297
2417.36	n/a	NonTarget	1	604340
2417.536	n/a	NonTarget	1	604384
2417.712	n/a	Target	2	604428
2417.892	n/a	NonTarget	1	604473
2418.064	n/a	NonTarget	1	604516
2418.236	n/a	NonTarget	1	604559
2418.412	n/a	NonTarget	1	604603
2418.588	n/a	NonTarget	1	604647
2418.764	n/a	Target	2	604691
2418.936	n/a	NonTarget	1	604734
2419.112	n/a	NonTarget	1	604778
2419.288	n/a	NonTarget	1	604822
2419.46	n/a	NonTarget	1	604865
2419.636	n/a	NonTarget	1	604909
2419.812	n/a	Target	2	604953
2420.0	n/a	NonTarget	1	605000
2420.168	n/a	NonTarget	1	605042
2420.336	n/a	NonTarget	1	605084
2420.512	n/a	NonTarget	1	605128
2420.688	n/a	NonTarget	1	605172
2420.864	n/a	Target	2	605216
2421.036	n/a	NonTarget	1	605259
2421.212	n/a	NonTarget	1	605303
2421.396	n/a	NonTarget	1	605349
2421.56	n/a	NonTarget	1	605390
2421.736	n/a	NonTarget	1	605434
2421.912	n/a	Target	2	605478
2422.088	n/a	NonTarget	1	605522
2422.26	n/a	NonTarget	1	605565
2422.436	n/a	NonTarget	1	605609
2422.612	n/a	Target	2	605653
2422.788	n/a	NonTarget	1	605697
2422.96	n/a	NonTarget	1	605740
2423.136	n/a	NonTarget	1	605784
2423.312	n/a	NonTarget	1	605828
2423.488	n/a	Target	2	605872
2423.66	n/a	NonTarget	1	605915
2423.836	n/a	NonTarget	1	605959
2424.012	n/a	NonTarget	1	606003
2424.188	n/a	NonTarget	1	606047
2424.36	n/a	Target	2	606090
2424.536	n/a	NonTarget	1	606134
2424.712	n/a	NonTarget	1	606178
2424.888	n/a	NonTarget	1	606222
2425.064	n/a	NonTarget	1	606266
2439.824	n/a	NonTarget	1	609956
2440.004	n/a	NonTarget	1	610001
2440.172	n/a	Target	2	610043
2440.348	n/a	NonTarget	1	610087
2440.524	n/a	NonTarget	1	610131
2440.696	n/a	NonTarget	1	610174
2440.872	n/a	NonTarget	1	610218
2441.048	n/a	Target	2	610262
2441.224	n/a	NonTarget	1	610306
2441.396	n/a	NonTarget	1	610349
2441.572	n/a	NonTarget	1	610393
2441.752	n/a	NonTarget	1	610438
2441.924	n/a	Target	2	610481
2442.1	n/a	NonTarget	1	610525
2442.272	n/a	NonTarget	1	610568
2442.448	n/a	NonTarget	1	610612
2442.624	n/a	NonTarget	1	610656
2442.8	n/a	NonTarget	1	610700
2442.972	n/a	NonTarget	1	610743
2443.148	n/a	NonTarget	1	610787
2443.324	n/a	Target	2	610831
2443.496	n/a	NonTarget	1	610874
2443.672	n/a	NonTarget	1	610918
2443.848	n/a	NonTarget	1	610962
2444.024	n/a	NonTarget	1	611006
2444.2	n/a	NonTarget	1	611050
2444.372	n/a	Target	2	611093
2444.548	n/a	NonTarget	1	611137
2444.72	n/a	NonTarget	1	611180
2444.9	n/a	NonTarget	1	611225
2445.072	n/a	NonTarget	1	611268
2445.248	n/a	NonTarget	1	611312
2445.424	n/a	NonTarget	1	611356
2445.6	n/a	NonTarget	1	611400
2445.772	n/a	NonTarget	1	611443
2445.948	n/a	Target	2	611487
2446.124	n/a	NonTarget	1	611531
2446.3	n/a	NonTarget	1	611575
2446.472	n/a	Target	2	611618
2446.648	n/a	NonTarget	1	611662
2446.824	n/a	NonTarget	1	611706
2446.996	n/a	NonTarget	1	611749
2447.176	n/a	NonTarget	1	611794
2447.348	n/a	NonTarget	1	611837
2447.524	n/a	NonTarget	1	611881
2447.704	n/a	Target	2	611926
2447.872	n/a	NonTarget	1	611968
2448.048	n/a	NonTarget	1	612012
2448.22	n/a	NonTarget	1	612055
2448.396	n/a	Target	2	612099
2448.572	n/a	NonTarget	1	612143
2448.756	n/a	NonTarget	1	612189
2448.924	n/a	NonTarget	1	612231
2449.1	n/a	NonTarget	1	612275
2449.272	n/a	NonTarget	1	612318
2449.448	n/a	NonTarget	1	612362
2449.624	n/a	NonTarget	1	612406
2449.8	n/a	Target	2	612450
2449.972	n/a	NonTarget	1	612493
2450.148	n/a	NonTarget	1	612537
2450.324	n/a	NonTarget	1	612581
2450.496	n/a	NonTarget	1	612624
2450.672	n/a	NonTarget	1	612668
2450.848	n/a	NonTarget	1	612712
2451.024	n/a	NonTarget	1	612756
2451.196	n/a	Target	2	612799
2451.372	n/a	NonTarget	1	612843
2451.548	n/a	NonTarget	1	612887
2451.724	n/a	NonTarget	1	612931
2451.896	n/a	NonTarget	1	612974
2452.072	n/a	NonTarget	1	613018
2452.248	n/a	Target	2	613062
2452.42	n/a	NonTarget	1	613105
2452.596	n/a	NonTarget	1	613149
2452.772	n/a	NonTarget	1	613193
2452.948	n/a	Target	2	613237
2453.128	n/a	NonTarget	1	613282
2453.3	n/a	NonTarget	1	613325
2453.472	n/a	NonTarget	1	613368
2453.652	n/a	Target	2	613413
2453.824	n/a	NonTarget	1	613456
2453.996	n/a	NonTarget	1	613499
2454.172	n/a	NonTarget	1	613543
2454.348	n/a	NonTarget	1	613587
2454.524	n/a	NonTarget	1	613631
2454.696	n/a	NonTarget	1	613674
2454.872	n/a	NonTarget	1	613718
2455.048	n/a	NonTarget	1	613762
2455.224	n/a	NonTarget	1	613806
2455.396	n/a	Target	2	613849
2480.744	n/a	NonTarget	1	620186
2480.92	n/a	NonTarget	1	620230
2481.096	n/a	NonTarget	1	620274
2481.268	n/a	NonTarget	1	620317
2481.444	n/a	Target	2	620361
2481.624	n/a	NonTarget	1	620406
2481.796	n/a	NonTarget	1	620449
2481.968	n/a	NonTarget	1	620492
2482.144	n/a	NonTarget	1	620536
2482.32	n/a	Target	2	620580
2482.496	n/a	NonTarget	1	620624
2482.668	n/a	NonTarget	1	620667
2482.852	n/a	NonTarget	1	620713
2483.02	n/a	NonTarget	1	620755
2483.196	n/a	NonTarget	1	620799
2483.38	n/a	Target	2	620845
2483.544	n/a	NonTarget	1	620886
2483.72	n/a	NonTarget	1	620930
2483.896	n/a	NonTarget	1	620974
2484.068	n/a	NonTarget	1	621017
2484.244	n/a	Target	2	621061
2484.42	n/a	NonTarget	1	621105
2484.596	n/a	NonTarget	1	621149
2484.768	n/a	NonTarget	1	621192
2484.944	n/a	NonTarget	1	621236
2485.12	n/a	NonTarget	1	621280
2485.304	n/a	NonTarget	1	621326
2485.468	n/a	Target	2	621367
2485.644	n/a	NonTarget	1	621411
2485.82	n/a	NonTarget	1	621455
2485.996	n/a	NonTarget	1	621499
2486.168	n/a	NonTarget	1	621542
2486.344	n/a	NonTarget	1	621586
2486.52	n/a	NonTarget	1	621630
2486.696	n/a	Target	2	621674
2486.868	n/a	NonTarget	1	621717
2487.056	n/a	NonTarget	1	621764
2487.224	n/a	NonTarget	1	621806
2487.396	n/a	Target	2	621849
2487.568	n/a	NonTarget	1	621892
2487.752	n/a	NonTarget	1	621938
2487.92	n/a	NonTarget	1	621980
2488.096	n/a	Target	2	622024
2488.268	n/a	NonTarget	1	622067
2488.444	n/a	NonTarget	1	622111
2488.62	n/a	NonTarget	1	622155
2488.796	n/a	NonTarget	1	622199
2488.968	n/a	NonTarget	1	622242
2489.144	n/a	NonTarget	1	622286
2489.32	n/a	Target	2	622330
2489.496	n/a	NonTarget	1	622374
2489.668	n/a	NonTarget	1	622417
2489.844	n/a	NonTarget	1	622461
2490.02	n/a	NonTarget	1	622505
2490.196	n/a	NonTarget	1	622549
2490.368	n/a	NonTarget	1	622592
2490.544	n/a	NonTarget	1	622636
2490.732	n/a	NonTarget	1	622683
2490.896	n/a	NonTarget	1	622724
2491.068	n/a	Target	2	622767
2491.248	n/a	NonTarget	1	622812
2491.42	n/a	NonTarget	1	622855
2491.596	n/a	Target	2	622899
2491.768	n/a	NonTarget	1	622942
2491.956	n/a	NonTarget	1	622989
2492.12	n/a	NonTarget	1	623030
2492.296	n/a	NonTarget	1	623074
2492.468	n/a	NonTarget	1	623117
2492.644	n/a	NonTarget	1	623161
2492.824	n/a	Target	2	623206
2492.996	n/a	NonTarget	1	623249
2493.168	n/a	NonTarget	1	623292
2493.344	n/a	NonTarget	1	623336
2493.52	n/a	NonTarget	1	623380
2493.704	n/a	Target	2	623426
2493.868	n/a	NonTarget	1	623467
2494.044	n/a	NonTarget	1	623511
2494.22	n/a	NonTarget	1	623555
2494.396	n/a	NonTarget	1	623599
2494.568	n/a	Target	2	623642
2494.744	n/a	NonTarget	1	623686
2494.92	n/a	NonTarget	1	623730
2495.096	n/a	NonTarget	1	623774
2495.268	n/a	NonTarget	1	623817
2495.444	n/a	NonTarget	1	623861
2495.62	n/a	Target	2	623905
2495.796	n/a	NonTarget	1	623949
2495.968	n/a	NonTarget	1	623992
2496.16	n/a	NonTarget	1	624040
2496.32	n/a	NonTarget	1	624080
2511.16	n/a	NonTarget	1	627790
2511.332	n/a	NonTarget	1	627833
2511.508	n/a	NonTarget	1	627877
2511.684	n/a	Target	2	627921
2511.86	n/a	NonTarget	1	627965
2512.032	n/a	NonTarget	1	628008
2512.208	n/a	NonTarget	1	628052
2512.384	n/a	NonTarget	1	628096
2512.56	n/a	NonTarget	1	628140
2512.732	n/a	NonTarget	1	628183
2512.908	n/a	Target	2	628227
2513.084	n/a	NonTarget	1	628271
2513.26	n/a	NonTarget	1	628315
2513.432	n/a	Target	2	628358
2513.608	n/a	NonTarget	1	628402
2513.784	n/a	NonTarget	1	628446
2513.96	n/a	NonTarget	1	628490
2514.132	n/a	NonTarget	1	628533
2514.308	n/a	NonTarget	1	628577
2514.484	n/a	NonTarget	1	628621
2514.656	n/a	Target	2	628664
2514.832	n/a	NonTarget	1	628708
2515.016	n/a	NonTarget	1	628754
2515.184	n/a	NonTarget	1	628796
2515.36	n/a	NonTarget	1	628840
2515.536	n/a	Target	2	628884
2515.708	n/a	NonTarget	1	628927
2515.884	n/a	NonTarget	1	628971
2516.06	n/a	NonTarget	1	629015
2516.232	n/a	NonTarget	1	629058
2516.408	n/a	NonTarget	1	629102
2516.584	n/a	NonTarget	1	629146
2516.76	n/a	NonTarget	1	629190
2516.936	n/a	Target	2	629234
2517.112	n/a	NonTarget	1	629278
2517.284	n/a	NonTarget	1	629321
2517.46	n/a	NonTarget	1	629365
2517.632	n/a	Target	2	629408
2517.808	n/a	NonTarget	1	629452
2517.984	n/a	NonTarget	1	629496
2518.16	n/a	NonTarget	1	629540
2518.332	n/a	NonTarget	1	629583
2518.508	n/a	NonTarget	1	629627
2518.684	n/a	Target	2	629671
2518.86	n/a	NonTarget	1	629715
2519.032	n/a	NonTarget	1	629758
2519.208	n/a	NonTarget	1	629802
2519.384	n/a	NonTarget	1	629846
2519.564	n/a	NonTarget	1	629891
2519.736	n/a	Target	2	629934
2519.908	n/a	NonTarget	1	629977
2520.084	n/a	NonTarget	1	630021
2520.26	n/a	NonTarget	1	630065
2520.432	n/a	NonTarget	1	630108
2520.608	n/a	NonTarget	1	630152
2520.784	n/a	NonTarget	1	630196
2520.96	n/a	Target	2	630240
2521.132	n/a	NonTarget	1	630283
2521.312	n/a	NonTarget	1	630328
2521.484	n/a	NonTarget	1	630371
2521.664	n/a	NonTarget	1	630416
2521.832	n/a	Target	2	630458
2522.008	n/a	NonTarget	1	630502
2522.184	n/a	NonTarget	1	630546
2522.36	n/a	NonTarget	1	630590
2522.536	n/a	NonTarget	1	630634
2522.708	n/a	NonTarget	1	630677
2522.884	n/a	NonTarget	1	630721
2523.06	n/a	Target	2	630765
2523.232	n/a	NonTarget	1	630808
2523.424	n/a	NonTarget	1	630856
2523.588	n/a	NonTarget	1	630897
2523.76	n/a	NonTarget	1	630940
2523.932	n/a	NonTarget	1	630983
2524.108	n/a	Target	2	631027
2524.284	n/a	NonTarget	1	631071
2524.464	n/a	NonTarget	1	631116
2524.632	n/a	NonTarget	1	631158
2524.808	n/a	NonTarget	1	631202
2524.984	n/a	NonTarget	1	631246
2525.16	n/a	NonTarget	1	631290
2525.332	n/a	Target	2	631333
2525.508	n/a	NonTarget	1	631377
2525.688	n/a	NonTarget	1	631422
2525.86	n/a	NonTarget	1	631465
2526.032	n/a	NonTarget	1	631508
2526.208	n/a	NonTarget	1	631552
2526.384	n/a	NonTarget	1	631596
2526.56	n/a	NonTarget	1	631640
2526.732	n/a	Target	2	631683
2547.656	n/a	NonTarget	1	636914
2547.832	n/a	NonTarget	1	636958
2548.008	n/a	Target	2	637002
2548.184	n/a	NonTarget	1	637046
2548.356	n/a	NonTarget	1	637089
2548.532	n/a	NonTarget	1	637133
2548.708	n/a	NonTarget	1	637177
2548.88	n/a	NonTarget	1	637220
2549.056	n/a	NonTarget	1	637264
2549.236	n/a	NonTarget	1	637309
2549.408	n/a	NonTarget	1	637352
2549.58	n/a	Target	2	637395
2549.756	n/a	NonTarget	1	637439
2549.932	n/a	NonTarget	1	637483
2550.112	n/a	NonTarget	1	637528
2550.28	n/a	NonTarget	1	637570
2550.456	n/a	NonTarget	1	637614
2550.632	n/a	Target	2	637658
2550.808	n/a	NonTarget	1	637702
2550.984	n/a	NonTarget	1	637746
2551.156	n/a	NonTarget	1	637789
2551.34	n/a	Target	2	637835
2551.508	n/a	NonTarget	1	637877
2551.68	n/a	NonTarget	1	637920
2551.856	n/a	Target	2	637964
2552.032	n/a	NonTarget	1	638008
2552.208	n/a	NonTarget	1	638052
2552.38	n/a	NonTarget	1	638095
2552.556	n/a	NonTarget	1	638139
2552.732	n/a	NonTarget	1	638183
2552.908	n/a	Target	2	638227
2553.08	n/a	NonTarget	1	638270
2553.256	n/a	NonTarget	1	638314
2553.432	n/a	NonTarget	1	638358
2553.608	n/a	NonTarget	1	638402
2553.78	n/a	NonTarget	1	638445
2553.956	n/a	Target	2	638489
2554.132	n/a	NonTarget	1	638533
2554.308	n/a	NonTarget	1	638577
2554.48	n/a	NonTarget	1	638620
2554.656	n/a	NonTarget	1	638664
2554.832	n/a	NonTarget	1	638708
2555.008	n/a	Target	2	638752
2555.184	n/a	NonTarget	1	638796
2555.356	n/a	NonTarget	1	638839
2555.532	n/a	NonTarget	1	638883
2555.708	n/a	NonTarget	1	638927
2555.88	n/a	NonTarget	1	638970
2556.056	n/a	NonTarget	1	639014
2556.236	n/a	NonTarget	1	639059
2556.408	n/a	NonTarget	1	639102
2556.588	n/a	Target	2	639147
2556.756	n/a	NonTarget	1	639189
2556.932	n/a	NonTarget	1	639233
2557.108	n/a	NonTarget	1	639277
2557.28	n/a	NonTarget	1	639320
2557.456	n/a	NonTarget	1	639364
2557.632	n/a	Target	2	639408
2557.808	n/a	NonTarget	1	639452
2557.984	n/a	NonTarget	1	639496
2558.156	n/a	NonTarget	1	639539
2558.332	n/a	NonTarget	1	639583
2558.508	n/a	NonTarget	1	639627
2558.684	n/a	NonTarget	1	639671
2558.856	n/a	Target	2	639714
2559.044	n/a	NonTarget	1	639761
2559.208	n/a	NonTarget	1	639802
2559.38	n/a	NonTarget	1	639845
2559.556	n/a	NonTarget	1	639889
2559.732	n/a	Target	2	639933
2559.908	n/a	NonTarget	1	639977
2560.08	n/a	NonTarget	1	640020
2560.256	n/a	NonTarget	1	640064
2560.432	n/a	NonTarget	1	640108
2560.608	n/a	NonTarget	1	640152
2560.78	n/a	Target	2	640195
2560.956	n/a	NonTarget	1	640239
2561.132	n/a	NonTarget	1	640283
2561.308	n/a	NonTarget	1	640327
2561.48	n/a	NonTarget	1	640370
2561.656	n/a	Target	2	640414
2561.832	n/a	NonTarget	1	640458
2562.008	n/a	NonTarget	1	640502
2562.188	n/a	NonTarget	1	640547
2562.356	n/a	NonTarget	1	640589
2562.532	n/a	NonTarget	1	640633
2562.708	n/a	NonTarget	1	640677
2562.88	n/a	Target	2	640720
2563.056	n/a	NonTarget	1	640764
2563.232	n/a	NonTarget	1	640808
2578.044	n/a	Target	2	644511
2578.22	n/a	NonTarget	1	644555
2578.392	n/a	NonTarget	1	644598
2578.568	n/a	NonTarget	1	644642
2578.744	n/a	NonTarget	1	644686
2578.916	n/a	NonTarget	1	644729
2579.092	n/a	NonTarget	1	644773
2579.268	n/a	NonTarget	1	644817
2579.444	n/a	NonTarget	1	644861
2579.62	n/a	NonTarget	1	644905
2579.792	n/a	NonTarget	1	644948
2579.968	n/a	Target	2	644992
2580.14	n/a	NonTarget	1	645035
2580.316	n/a	NonTarget	1	645079
2580.492	n/a	NonTarget	1	645123
2580.668	n/a	NonTarget	1	645167
2580.844	n/a	NonTarget	1	645211
2581.016	n/a	Target	2	645254
2581.192	n/a	NonTarget	1	645298
2581.368	n/a	NonTarget	1	645342
2581.548	n/a	Target	2	645387
2581.716	n/a	NonTarget	1	645429
2581.9	n/a	NonTarget	1	645475
2582.068	n/a	NonTarget	1	645517
2582.244	n/a	NonTarget	1	645561
2582.424	n/a	Target	2	645606
2582.592	n/a	NonTarget	1	645648
2582.768	n/a	NonTarget	1	645692
2582.944	n/a	NonTarget	1	645736
2583.116	n/a	NonTarget	1	645779
2583.292	n/a	NonTarget	1	645823
2583.468	n/a	Target	2	645867
2583.648	n/a	NonTarget	1	645912
2583.82	n/a	NonTarget	1	645955
2584.0	n/a	NonTarget	1	646000
2584.168	n/a	NonTarget	1	646042
2584.344	n/a	NonTarget	1	646086
2584.516	n/a	NonTarget	1	646129
2584.692	n/a	NonTarget	1	646173
2584.868	n/a	NonTarget	1	646217
2585.044	n/a	Target	2	646261
2585.22	n/a	NonTarget	1	646305
2585.392	n/a	NonTarget	1	646348
2585.568	n/a	NonTarget	1	646392
2585.744	n/a	NonTarget	1	646436
2585.916	n/a	NonTarget	1	646479
2586.104	n/a	Target	2	646526
2586.268	n/a	NonTarget	1	646567
2586.444	n/a	NonTarget	1	646611
2586.624	n/a	NonTarget	1	646656
2586.792	n/a	NonTarget	1	646698
2586.968	n/a	NonTarget	1	646742
2587.144	n/a	NonTarget	1	646786
2587.316	n/a	Target	2	646829
2587.492	n/a	NonTarget	1	646873
2587.668	n/a	NonTarget	1	646917
2587.844	n/a	NonTarget	1	646961
2588.016	n/a	NonTarget	1	647004
2588.192	n/a	NonTarget	1	647048
2588.368	n/a	Target	2	647092
2588.544	n/a	NonTarget	1	647136
2588.72	n/a	NonTarget	1	647180
2588.892	n/a	NonTarget	1	647223
2589.068	n/a	NonTarget	1	647267
2589.244	n/a	Target	2	647311
2589.42	n/a	NonTarget	1	647355
2589.592	n/a	NonTarget	1	647398
2589.768	n/a	Target	2	647442
2589.944	n/a	NonTarget	1	647486
2590.116	n/a	NonTarget	1	647529
2590.292	n/a	NonTarget	1	647573
2590.472	n/a	NonTarget	1	647618
2590.644	n/a	NonTarget	1	647661
2590.828	n/a	NonTarget	1	647707
2590.992	n/a	NonTarget	1	647748
2591.168	n/a	NonTarget	1	647792
2591.344	n/a	Target	2	647836
2591.516	n/a	NonTarget	1	647879
2591.692	n/a	NonTarget	1	647923
2591.872	n/a	NonTarget	1	647968
2592.044	n/a	NonTarget	1	648011
2592.216	n/a	Target	2	648054
2592.392	n/a	NonTarget	1	648098
2592.568	n/a	NonTarget	1	648142
2592.752	n/a	NonTarget	1	648188
2592.916	n/a	NonTarget	1	648229
2593.104	n/a	Target	2	648276
2593.268	n/a	NonTarget	1	648317
2593.444	n/a	NonTarget	1	648361
2593.616	n/a	NonTarget	1	648404
2614.236	n/a	NonTarget	1	653559
2614.412	n/a	NonTarget	1	653603
2614.584	n/a	NonTarget	1	653646
2614.76	n/a	NonTarget	1	653690
2614.936	n/a	Target	2	653734
2615.108	n/a	NonTarget	1	653777
2615.284	n/a	NonTarget	1	653821
2615.468	n/a	NonTarget	1	653867
2615.636	n/a	Target	2	653909
2615.812	n/a	NonTarget	1	653953
2615.984	n/a	NonTarget	1	653996
2616.16	n/a	NonTarget	1	654040
2616.336	n/a	Target	2	654084
2616.508	n/a	NonTarget	1	654127
2616.684	n/a	NonTarget	1	654171
2616.86	n/a	NonTarget	1	654215
2617.036	n/a	NonTarget	1	654259
2617.208	n/a	NonTarget	1	654302
2617.388	n/a	Target	2	654347
2617.56	n/a	NonTarget	1	654390
2617.744	n/a	NonTarget	1	654436
2617.912	n/a	NonTarget	1	654478
2618.084	n/a	NonTarget	1	654521
2618.26	n/a	NonTarget	1	654565
2618.436	n/a	Target	2	654609
2618.612	n/a	NonTarget	1	654653
2618.784	n/a	NonTarget	1	654696
2618.96	n/a	NonTarget	1	654740
2619.136	n/a	NonTarget	1	654784
2619.312	n/a	NonTarget	1	654828
2619.488	n/a	Target	2	654872
2619.66	n/a	NonTarget	1	654915
2619.836	n/a	NonTarget	1	654959
2620.012	n/a	NonTarget	1	655003
2620.184	n/a	NonTarget	1	655046
2620.36	n/a	NonTarget	1	655090
2620.536	n/a	NonTarget	1	655134
2620.712	n/a	NonTarget	1	655178
2620.884	n/a	NonTarget	1	655221
2621.064	n/a	NonTarget	1	655266
2621.236	n/a	Target	2	655309
2621.412	n/a	NonTarget	1	655353
2621.588	n/a	NonTarget	1	655397
2621.76	n/a	NonTarget	1	655440
2621.944	n/a	NonTarget	1	655486
2622.112	n/a	NonTarget	1	655528
2622.284	n/a	NonTarget	1	655571
2622.46	n/a	Target	2	655615
2622.636	n/a	NonTarget	1	655659
2622.812	n/a	NonTarget	1	655703
2622.984	n/a	Target	2	655746
2623.16	n/a	NonTarget	1	655790
2623.336	n/a	NonTarget	1	655834
2623.512	n/a	NonTarget	1	655878
2623.684	n/a	NonTarget	1	655921
2623.868	n/a	NonTarget	1	655967
2624.036	n/a	Target	2	656009
2624.216	n/a	NonTarget	1	656054
2624.388	n/a	NonTarget	1	656097
2624.56	n/a	NonTarget	1	656140
2624.736	n/a	Target	2	656184
2624.912	n/a	NonTarget	1	656228
2625.084	n/a	NonTarget	1	656271
2625.264	n/a	NonTarget	1	656316
2625.436	n/a	NonTarget	1	656359
2625.612	n/a	NonTarget	1	656403
2625.788	n/a	NonTarget	1	656447
2625.96	n/a	Target	2	656490
2626.136	n/a	NonTarget	1	656534
2626.312	n/a	NonTarget	1	656578
2626.484	n/a	NonTarget	1	656621
2626.66	n/a	NonTarget	1	656665
2626.836	n/a	NonTarget	1	656709
2627.012	n/a	Target	2	656753
2627.192	n/a	NonTarget	1	656798
2627.36	n/a	NonTarget	1	656840
2627.536	n/a	NonTarget	1	656884
2627.732	n/a	NonTarget	1	656933
2627.884	n/a	Target	2	656971
2628.06	n/a	NonTarget	1	657015
2628.236	n/a	NonTarget	1	657059
2628.412	n/a	NonTarget	1	657103
2628.588	n/a	NonTarget	1	657147
2628.76	n/a	NonTarget	1	657190
2628.94	n/a	NonTarget	1	657235
2629.112	n/a	NonTarget	1	657278
2629.284	n/a	Target	2	657321
2629.46	n/a	NonTarget	1	657365
2629.636	n/a	NonTarget	1	657409
2629.812	n/a	NonTarget	1	657453
2645.716	n/a	NonTarget	1	661429
2645.892	n/a	Target	2	661473
2646.072	n/a	NonTarget	1	661518
2646.24	n/a	NonTarget	1	661560
2646.416	n/a	NonTarget	1	661604
2646.596	n/a	NonTarget	1	661649
2646.764	n/a	NonTarget	1	661691
2646.94	n/a	Target	2	661735
2647.116	n/a	NonTarget	1	661779
2647.292	n/a	NonTarget	1	661823
2647.468	n/a	NonTarget	1	661867
2647.64	n/a	NonTarget	1	661910
2647.816	n/a	NonTarget	1	661954
2647.992	n/a	NonTarget	1	661998
2648.164	n/a	NonTarget	1	662041
2648.34	n/a	Target	2	662085
2648.516	n/a	NonTarget	1	662129
2648.696	n/a	NonTarget	1	662174
2648.864	n/a	Target	2	662216
2649.04	n/a	NonTarget	1	662260
2649.224	n/a	NonTarget	1	662306
2649.392	n/a	NonTarget	1	662348
2649.564	n/a	NonTarget	1	662391
2649.74	n/a	NonTarget	1	662435
2649.916	n/a	Target	2	662479
2650.088	n/a	NonTarget	1	662522
2650.264	n/a	NonTarget	1	662566
2650.448	n/a	NonTarget	1	662612
2650.616	n/a	NonTarget	1	662654
2650.792	n/a	NonTarget	1	662698
2650.968	n/a	NonTarget	1	662742
2651.14	n/a	Target	2	662785
2651.32	n/a	NonTarget	1	662830
2651.492	n/a	NonTarget	1	662873
2651.664	n/a	NonTarget	1	662916
2651.84	n/a	NonTarget	1	662960
2652.016	n/a	NonTarget	1	663004
2652.192	n/a	Target	2	663048
2652.364	n/a	NonTarget	1	663091
2652.54	n/a	NonTarget	1	663135
2652.716	n/a	NonTarget	1	663179
2652.896	n/a	NonTarget	1	663224
2653.072	n/a	Target	2	663268
2653.24	n/a	NonTarget	1	663310
2653.416	n/a	NonTarget	1	663354
2653.592	n/a	NonTarget	1	663398
2653.764	n/a	NonTarget	1	663441
2653.94	n/a	NonTarget	1	663485
2654.116	n/a	NonTarget	1	663529
2654.296	n/a	NonTarget	1	663574
2654.464	n/a	NonTarget	1	663616
2654.64	n/a	NonTarget	1	663660
2654.816	n/a	NonTarget	1	663704
2654.992	n/a	Target	2	663748
2655.168	n/a	NonTarget	1	663792
2655.34	n/a	NonTarget	1	663835
2655.532	n/a	NonTarget	1	663883
2655.692	n/a	NonTarget	1	663923
2655.872	n/a	Target	2	663968
2656.044	n/a	NonTarget	1	664011
2656.216	n/a	NonTarget	1	664054
2656.392	n/a	NonTarget	1	664098
2656.564	n/a	Target	2	664141
2656.74	n/a	NonTarget	1	664185
2656.92	n/a	NonTarget	1	664230
2657.092	n/a	NonTarget	1	664273
2657.264	n/a	Target	2	664316
2657.44	n/a	NonTarget	1	664360
2657.616	n/a	NonTarget	1	664404
2657.792	n/a	NonTarget	1	664448
2657.964	n/a	NonTarget	1	664491
2658.14	n/a	NonTarget	1	664535
2658.316	n/a	NonTarget	1	664579
2658.492	n/a	NonTarget	1	664623
2658.664	n/a	Target	2	664666
2658.844	n/a	NonTarget	1	664711
2659.016	n/a	NonTarget	1	664754
2659.192	n/a	NonTarget	1	664798
2659.364	n/a	NonTarget	1	664841
2659.548	n/a	NonTarget	1	664887
2659.716	n/a	NonTarget	1	664929
2659.892	n/a	NonTarget	1	664973
2660.064	n/a	NonTarget	1	665016
2660.24	n/a	Target	2	665060
2660.416	n/a	NonTarget	1	665104
2660.592	n/a	NonTarget	1	665148
2660.768	n/a	NonTarget	1	665192
2660.94	n/a	Target	2	665235
2661.116	n/a	NonTarget	1	665279
2661.292	n/a	NonTarget	1	665323
2682.248	n/a	NonTarget	1	670562
2682.42	n/a	NonTarget	1	670605
2682.596	n/a	NonTarget	1	670649
2682.772	n/a	NonTarget	1	670693
2682.948	n/a	Target	2	670737
2683.12	n/a	NonTarget	1	670780
2683.296	n/a	NonTarget	1	670824
2683.472	n/a	Target	2	670868
2683.648	n/a	NonTarget	1	670912
2683.82	n/a	NonTarget	1	670955
2683.996	n/a	NonTarget	1	670999
2684.172	n/a	NonTarget	1	671043
2684.348	n/a	Target	2	671087
2684.52	n/a	NonTarget	1	671130
2684.696	n/a	NonTarget	1	671174
2684.872	n/a	NonTarget	1	671218
2685.044	n/a	NonTarget	1	671261
2685.22	n/a	NonTarget	1	671305
2685.396	n/a	NonTarget	1	671349
2685.572	n/a	NonTarget	1	671393
2685.748	n/a	NonTarget	1	671437
2685.932	n/a	Target	2	671483
2686.096	n/a	NonTarget	1	671524
2686.272	n/a	NonTarget	1	671568
2686.448	n/a	NonTarget	1	671612
2686.62	n/a	NonTarget	1	671655
2686.796	n/a	NonTarget	1	671699
2686.972	n/a	Target	2	671743
2687.152	n/a	NonTarget	1	671788
2687.324	n/a	NonTarget	1	671831
2687.496	n/a	NonTarget	1	671874
2687.672	n/a	NonTarget	1	671918
2687.848	n/a	Target	2	671962
2688.02	n/a	NonTarget	1	672005
2688.196	n/a	NonTarget	1	672049
2688.372	n/a	NonTarget	1	672093
2688.548	n/a	NonTarget	1	672137
2688.72	n/a	NonTarget	1	672180
2688.896	n/a	NonTarget	1	672224
2689.072	n/a	Target	2	672268
2689.248	n/a	NonTarget	1	672312
2689.42	n/a	NonTarget	1	672355
2689.596	n/a	Target	2	672399
2689.772	n/a	NonTarget	1	672443
2689.948	n/a	NonTarget	1	672487
2690.12	n/a	NonTarget	1	672530
2690.296	n/a	NonTarget	1	672574
2690.472	n/a	NonTarget	1	672618
2690.652	n/a	NonTarget	1	672663
2690.82	n/a	NonTarget	1	672705
2690.996	n/a	NonTarget	1	672749
2691.172	n/a	NonTarget	1	672793
2691.348	n/a	NonTarget	1	672837
2691.532	n/a	Target	2	672883
2691.696	n/a	NonTarget	1	672924
2691.872	n/a	NonTarget	1	672968
2692.048	n/a	NonTarget	1	673012
2692.22	n/a	NonTarget	1	673055
2692.396	n/a	NonTarget	1	673099
2692.572	n/a	Target	2	673143
2692.748	n/a	NonTarget	1	673187
2692.92	n/a	NonTarget	1	673230
2693.096	n/a	NonTarget	1	673274
2693.272	n/a	NonTarget	1	673318
2693.448	n/a	Target	2	673362
2693.62	n/a	NonTarget	1	673405
2693.804	n/a	NonTarget	1	673451
2693.972	n/a	NonTarget	1	673493
2694.144	n/a	Target	2	673536
2694.324	n/a	NonTarget	1	673581
2694.496	n/a	NonTarget	1	673624
2694.676	n/a	NonTarget	1	673669
2694.848	n/a	Target	2	673712
2695.02	n/a	NonTarget	1	673755
2695.196	n/a	NonTarget	1	673799
2695.372	n/a	NonTarget	1	673843
2695.548	n/a	NonTarget	1	673887
2695.72	n/a	NonTarget	1	673930
2695.896	n/a	Target	2	673974
2696.072	n/a	NonTarget	1	674018
2696.248	n/a	NonTarget	1	674062
2696.42	n/a	NonTarget	1	674105
2696.596	n/a	NonTarget	1	674149
2696.776	n/a	NonTarget	1	674194
2696.948	n/a	Target	2	674237
2697.136	n/a	NonTarget	1	674284
2697.296	n/a	NonTarget	1	674324
2697.472	n/a	NonTarget	1	674368
2697.648	n/a	NonTarget	1	674412
2697.82	n/a	NonTarget	1	674455
2716.116	n/a	NonTarget	1	679029
2716.292	n/a	Target	2	679073
2716.468	n/a	NonTarget	1	679117
2716.64	n/a	NonTarget	1	679160
2716.816	n/a	NonTarget	1	679204
2717.0	n/a	NonTarget	1	679250
2717.168	n/a	NonTarget	1	679292
2717.34	n/a	NonTarget	1	679335
2717.516	n/a	Target	2	679379
2717.692	n/a	NonTarget	1	679423
2717.864	n/a	NonTarget	1	679466
2718.04	n/a	NonTarget	1	679510
2718.216	n/a	NonTarget	1	679554
2718.392	n/a	NonTarget	1	679598
2718.564	n/a	Target	2	679641
2718.74	n/a	NonTarget	1	679685
2718.924	n/a	NonTarget	1	679731
2719.092	n/a	NonTarget	1	679773
2719.268	n/a	NonTarget	1	679817
2719.44	n/a	NonTarget	1	679860
2719.616	n/a	NonTarget	1	679904
2719.796	n/a	Target	2	679949
2719.968	n/a	NonTarget	1	679992
2720.14	n/a	NonTarget	1	680035
2720.316	n/a	NonTarget	1	680079
2720.492	n/a	NonTarget	1	680123
2720.668	n/a	NonTarget	1	680167
2720.84	n/a	NonTarget	1	680210
2721.016	n/a	NonTarget	1	680254
2721.192	n/a	Target	2	680298
2721.368	n/a	NonTarget	1	680342
2721.544	n/a	NonTarget	1	680386
2721.716	n/a	NonTarget	1	680429
2721.892	n/a	NonTarget	1	680473
2722.068	n/a	Target	2	680517
2722.24	n/a	NonTarget	1	680560
2722.416	n/a	NonTarget	1	680604
2722.592	n/a	NonTarget	1	680648
2722.768	n/a	NonTarget	1	680692
2722.94	n/a	Target	2	680735
2723.116	n/a	NonTarget	1	680779
2723.292	n/a	NonTarget	1	680823
2723.468	n/a	NonTarget	1	680867
2723.64	n/a	NonTarget	1	680910
2723.816	n/a	NonTarget	1	680954
2723.992	n/a	Target	2	680998
2724.168	n/a	NonTarget	1	681042
2724.34	n/a	NonTarget	1	681085
2724.516	n/a	NonTarget	1	681129
2724.692	n/a	Target	2	681173
2724.868	n/a	NonTarget	1	681217
2725.044	n/a	NonTarget	1	681261
2725.216	n/a	NonTarget	1	681304
2725.392	n/a	NonTarget	1	681348
2725.572	n/a	NonTarget	1	681393
2725.744	n/a	NonTarget	1	681436
2725.916	n/a	NonTarget	1	681479
2726.096	n/a	Target	2	681524
2726.268	n/a	NonTarget	1	681567
2726.44	n/a	NonTarget	1	681610
2726.616	n/a	NonTarget	1	681654
2726.792	n/a	NonTarget	1	681698
2726.968	n/a	NonTarget	1	681742
2727.14	n/a	NonTarget	1	681785
2727.316	n/a	Target	2	681829
2727.492	n/a	NonTarget	1	681873
2727.676	n/a	NonTarget	1	681919
2727.84	n/a	NonTarget	1	681960
2728.016	n/a	NonTarget	1	682004
2728.196	n/a	NonTarget	1	682049
2728.372	n/a	Target	2	682093
2728.54	n/a	NonTarget	1	682135
2728.72	n/a	NonTarget	1	682180
2728.896	n/a	NonTarget	1	682224
2729.068	n/a	NonTarget	1	682267
2729.24	n/a	NonTarget	1	682310
2729.416	n/a	Target	2	682354
2729.592	n/a	NonTarget	1	682398
2729.768	n/a	NonTarget	1	682442
2729.952	n/a	Target	2	682488
2730.116	n/a	NonTarget	1	682529
2730.292	n/a	NonTarget	1	682573
2730.468	n/a	NonTarget	1	682617
2730.64	n/a	NonTarget	1	682660
2730.816	n/a	NonTarget	1	682704
2730.992	n/a	Target	2	682748
2731.168	n/a	NonTarget	1	682792
2731.34	n/a	NonTarget	1	682835
2731.532	n/a	NonTarget	1	682883
2731.692	n/a	NonTarget	1	682923
2752.664	n/a	NonTarget	1	688166
2752.84	n/a	Target	2	688210
2753.012	n/a	NonTarget	1	688253
2753.192	n/a	NonTarget	1	688298
2753.364	n/a	NonTarget	1	688341
2753.54	n/a	NonTarget	1	688385
2753.716	n/a	NonTarget	1	688429
2753.888	n/a	Target	2	688472
2754.064	n/a	NonTarget	1	688516
2754.24	n/a	NonTarget	1	688560
2754.416	n/a	NonTarget	1	688604
2754.588	n/a	NonTarget	1	688647
2754.764	n/a	Target	2	688691
2754.94	n/a	NonTarget	1	688735
2755.116	n/a	NonTarget	1	688779
2755.288	n/a	NonTarget	1	688822
2755.464	n/a	NonTarget	1	688866
2755.64	n/a	NonTarget	1	688910
2755.816	n/a	NonTarget	1	688954
2756.0	n/a	NonTarget	1	689000
2756.168	n/a	NonTarget	1	689042
2756.34	n/a	NonTarget	1	689085
2756.516	n/a	NonTarget	1	689129
2756.692	n/a	Target	2	689173
2756.864	n/a	NonTarget	1	689216
2757.04	n/a	NonTarget	1	689260
2757.216	n/a	NonTarget	1	689304
2757.396	n/a	NonTarget	1	689349
2757.564	n/a	Target	2	689391
2757.74	n/a	NonTarget	1	689435
2757.916	n/a	NonTarget	1	689479
2758.088	n/a	NonTarget	1	689522
2758.272	n/a	Target	2	689568
2758.44	n/a	NonTarget	1	689610
2758.616	n/a	NonTarget	1	689654
2758.788	n/a	NonTarget	1	689697
2758.964	n/a	Target	2	689741
2759.14	n/a	NonTarget	1	689785
2759.316	n/a	NonTarget	1	689829
2759.488	n/a	NonTarget	1	689872
2759.664	n/a	NonTarget	1	689916
2759.84	n/a	NonTarget	1	689960
2760.016	n/a	NonTarget	1	690004
2760.188	n/a	NonTarget	1	690047
2760.364	n/a	Target	2	690091
2760.54	n/a	NonTarget	1	690135
2760.716	n/a	NonTarget	1	690179
2760.896	n/a	NonTarget	1	690224
2761.064	n/a	NonTarget	1	690266
2761.24	n/a	NonTarget	1	690310
2761.416	n/a	NonTarget	1	690354
2761.592	n/a	NonTarget	1	690398
2761.764	n/a	NonTarget	1	690441
2761.94	n/a	Target	2	690485
2762.116	n/a	NonTarget	1	690529
2762.288	n/a	NonTarget	1	690572
2762.464	n/a	NonTarget	1	690616
2762.64	n/a	Target	2	690660
2762.816	n/a	NonTarget	1	690704
2762.988	n/a	NonTarget	1	690747
2763.164	n/a	NonTarget	1	690791
2763.34	n/a	NonTarget	1	690835
2763.516	n/a	NonTarget	1	690879
2763.696	n/a	NonTarget	1	690924
2763.864	n/a	Target	2	690966
2764.056	n/a	NonTarget	1	691014
2764.216	n/a	NonTarget	1	691054
2764.392	n/a	Target	2	691098
2764.568	n/a	NonTarget	1	691142
2764.74	n/a	NonTarget	1	691185
2764.916	n/a	NonTarget	1	691229
2765.088	n/a	NonTarget	1	691272
2765.264	n/a	Target	2	691316
2765.44	n/a	NonTarget	1	691360
2765.612	n/a	NonTarget	1	691403
2765.788	n/a	NonTarget	1	691447
2765.964	n/a	NonTarget	1	691491
2766.144	n/a	NonTarget	1	691536
2766.316	n/a	NonTarget	1	691579
2766.488	n/a	NonTarget	1	691622
2766.668	n/a	NonTarget	1	691667
2766.84	n/a	Target	2	691710
2767.028	n/a	NonTarget	1	691757
2767.188	n/a	NonTarget	1	691797
2767.364	n/a	NonTarget	1	691841
2767.54	n/a	NonTarget	1	691885
2767.716	n/a	NonTarget	1	691929
2767.892	n/a	Target	2	691973
2768.064	n/a	NonTarget	1	692016
2768.24	n/a	NonTarget	1	692060
2786.556	n/a	NonTarget	1	696639
2786.732	n/a	NonTarget	1	696683
2786.908	n/a	NonTarget	1	696727
2787.08	n/a	Target	2	696770
2787.256	n/a	NonTarget	1	696814
2787.432	n/a	NonTarget	1	696858
2787.608	n/a	NonTarget	1	696902
2787.78	n/a	NonTarget	1	696945
2787.956	n/a	NonTarget	1	696989
2788.132	n/a	NonTarget	1	697033
2788.308	n/a	Target	2	697077
2788.48	n/a	NonTarget	1	697120
2788.664	n/a	NonTarget	1	697166
2788.832	n/a	Target	2	697208
2789.008	n/a	NonTarget	1	697252
2789.18	n/a	NonTarget	1	697295
2789.356	n/a	NonTarget	1	697339
2789.532	n/a	NonTarget	1	697383
2789.708	n/a	NonTarget	1	697427
2789.884	n/a	NonTarget	1	697471
2790.056	n/a	Target	2	697514
2790.232	n/a	NonTarget	1	697558
2790.408	n/a	NonTarget	1	697602
2790.584	n/a	NonTarget	1	697646
2790.756	n/a	NonTarget	1	697689
2790.936	n/a	Target	2	697734
2791.108	n/a	NonTarget	1	697777
2791.28	n/a	NonTarget	1	697820
2791.456	n/a	NonTarget	1	697864
2791.632	n/a	NonTarget	1	697908
2791.808	n/a	NonTarget	1	697952
2791.98	n/a	NonTarget	1	697995
2792.156	n/a	NonTarget	1	698039
2792.332	n/a	Target	2	698083
2792.508	n/a	NonTarget	1	698127
2792.68	n/a	NonTarget	1	698170
2792.856	n/a	NonTarget	1	698214
2793.032	n/a	Target	2	698258
2793.208	n/a	NonTarget	1	698302
2793.392	n/a	NonTarget	1	698348
2793.556	n/a	NonTarget	1	698389
2793.732	n/a	NonTarget	1	698433
2793.912	n/a	NonTarget	1	698478
2794.08	n/a	Target	2	698520
2794.256	n/a	NonTarget	1	698564
2794.432	n/a	NonTarget	1	698608
2794.608	n/a	NonTarget	1	698652
2794.788	n/a	NonTarget	1	698697
2794.956	n/a	NonTarget	1	698739
2795.132	n/a	Target	2	698783
2795.308	n/a	NonTarget	1	698827
2795.48	n/a	NonTarget	1	698870
2795.66	n/a	NonTarget	1	698915
2795.832	n/a	NonTarget	1	698958
2796.008	n/a	NonTarget	1	699002
2796.18	n/a	NonTarget	1	699045
2796.356	n/a	Target	2	699089
2796.536	n/a	NonTarget	1	699134
2796.712	n/a	NonTarget	1	699178
2796.88	n/a	NonTarget	1	699220
2797.056	n/a	NonTarget	1	699264
2797.232	n/a	Target	2	699308
2797.408	n/a	NonTarget	1	699352
2797.58	n/a	NonTarget	1	699395
2797.756	n/a	NonTarget	1	699439
2797.932	n/a	NonTarget	1	699483
2798.108	n/a	NonTarget	1	699527
2798.284	n/a	NonTarget	1	699571
2798.456	n/a	Target	2	699614
2798.632	n/a	NonTarget	1	699658
2798.808	n/a	NonTarget	1	699702
2798.98	n/a	NonTarget	1	699745
2799.156	n/a	NonTarget	1	699789
2799.332	n/a	NonTarget	1	699833
2799.516	n/a	Target	2	699879
2799.68	n/a	NonTarget	1	699920
2799.856	n/a	NonTarget	1	699964
2800.036	n/a	NonTarget	1	700009
2800.208	n/a	NonTarget	1	700052
2800.384	n/a	NonTarget	1	700096
2800.556	n/a	NonTarget	1	700139
2800.732	n/a	Target	2	700183
2800.912	n/a	NonTarget	1	700228
2801.08	n/a	NonTarget	1	700270
2801.264	n/a	NonTarget	1	700316
2801.432	n/a	NonTarget	1	700358
2801.608	n/a	NonTarget	1	700402
2801.78	n/a	NonTarget	1	700445
2801.956	n/a	NonTarget	1	700489
2802.132	n/a	Target	2	700533
2823.12	n/a	Target	2	705780
2823.296	n/a	NonTarget	1	705824
2823.468	n/a	NonTarget	1	705867
2823.644	n/a	NonTarget	1	705911
2823.824	n/a	NonTarget	1	705956
2823.996	n/a	NonTarget	1	705999
2824.168	n/a	NonTarget	1	706042
2824.344	n/a	Target	2	706086
2824.52	n/a	NonTarget	1	706130
2824.7	n/a	NonTarget	1	706175
2824.868	n/a	NonTarget	1	706217
2825.044	n/a	NonTarget	1	706261
2825.22	n/a	NonTarget	1	706305
2825.396	n/a	Target	2	706349
2825.568	n/a	NonTarget	1	706392
2825.744	n/a	NonTarget	1	706436
2825.92	n/a	NonTarget	1	706480
2826.108	n/a	NonTarget	1	706527
2826.268	n/a	Target	2	706567
2826.444	n/a	NonTarget	1	706611
2826.62	n/a	NonTarget	1	706655
2826.796	n/a	NonTarget	1	706699
2826.968	n/a	NonTarget	1	706742
2827.152	n/a	NonTarget	1	706788
2827.32	n/a	NonTarget	1	706830
2827.496	n/a	NonTarget	1	706874
2827.668	n/a	Target	2	706917
2827.844	n/a	NonTarget	1	706961
2828.02	n/a	NonTarget	1	707005
2828.196	n/a	NonTarget	1	707049
2828.368	n/a	NonTarget	1	707092
2828.544	n/a	Target	2	707136
2828.72	n/a	NonTarget	1	707180
2828.896	n/a	NonTarget	1	707224
2829.068	n/a	NonTarget	1	707267
2829.244	n/a	NonTarget	1	707311
2829.42	n/a	NonTarget	1	707355
2829.596	n/a	Target	2	707399
2829.776	n/a	NonTarget	1	707444
2829.944	n/a	NonTarget	1	707486
2830.12	n/a	NonTarget	1	707530
2830.296	n/a	NonTarget	1	707574
2830.468	n/a	NonTarget	1	707617
2830.644	n/a	NonTarget	1	707661
2830.82	n/a	NonTarget	1	707705
2830.992	n/a	Target	2	707748
2831.168	n/a	NonTarget	1	707792
2831.348	n/a	NonTarget	1	707837
2831.52	n/a	Target	2	707880
2831.696	n/a	NonTarget	1	707924
2831.868	n/a	NonTarget	1	707967
2832.044	n/a	NonTarget	1	708011
2832.228	n/a	NonTarget	1	708057
2832.396	n/a	NonTarget	1	708099
2832.568	n/a	Target	2	708142
2832.744	n/a	NonTarget	1	708186
2832.92	n/a	NonTarget	1	708230
2833.104	n/a	NonTarget	1	708276
2833.268	n/a	NonTarget	1	708317
2833.444	n/a	NonTarget	1	708361
2833.62	n/a	NonTarget	1	708405
2833.792	n/a	Target	2	708448
2833.968	n/a	NonTarget	1	708492
2834.144	n/a	NonTarget	1	708536
2834.32	n/a	NonTarget	1	708580
2834.492	n/a	NonTarget	1	708623
2834.668	n/a	NonTarget	1	708667
2834.844	n/a	Target	2	708711
2835.024	n/a	NonTarget	1	708756
2835.196	n/a	NonTarget	1	708799
2835.376	n/a	NonTarget	1	708844
2835.544	n/a	NonTarget	1	708886
2835.716	n/a	Target	2	708929
2835.892	n/a	NonTarget	1	708973
2836.068	n/a	NonTarget	1	709017
2836.26	n/a	NonTarget	1	709065
2836.428	n/a	NonTarget	1	709107
2836.596	n/a	NonTarget	1	709149
2836.768	n/a	NonTarget	1	709192
2836.952	n/a	NonTarget	1	709238
2837.12	n/a	NonTarget	1	709280
2837.292	n/a	NonTarget	1	709323
2837.472	n/a	NonTarget	1	709368
2837.644	n/a	Target	2	709411
2837.82	n/a	NonTarget	1	709455
2837.992	n/a	NonTarget	1	709498
2838.168	n/a	NonTarget	1	709542
2838.352	n/a	NonTarget	1	709588
2838.52	n/a	Target	2	709630
2838.696	n/a	NonTarget	1	709674
2853.556	n/a	NonTarget	1	713389
2853.728	n/a	NonTarget	1	713432
2853.904	n/a	Target	2	713476
2854.08	n/a	NonTarget	1	713520
2854.256	n/a	NonTarget	1	713564
2854.428	n/a	NonTarget	1	713607
2854.604	n/a	Target	2	713651
2854.78	n/a	NonTarget	1	713695
2854.956	n/a	NonTarget	1	713739
2855.128	n/a	NonTarget	1	713782
2855.304	n/a	NonTarget	1	713826
2855.48	n/a	NonTarget	1	713870
2855.656	n/a	NonTarget	1	713914
2855.832	n/a	NonTarget	1	713958
2856.004	n/a	Target	2	714001
2856.184	n/a	NonTarget	1	714046
2856.356	n/a	NonTarget	1	714089
2856.528	n/a	NonTarget	1	714132
2856.704	n/a	NonTarget	1	714176
2856.88	n/a	NonTarget	1	714220
2857.064	n/a	NonTarget	1	714266
2857.232	n/a	NonTarget	1	714308
2857.404	n/a	NonTarget	1	714351
2857.588	n/a	Target	2	714397
2857.756	n/a	NonTarget	1	714439
2857.928	n/a	NonTarget	1	714482
2858.104	n/a	NonTarget	1	714526
2858.28	n/a	Target	2	714570
2858.456	n/a	NonTarget	1	714614
2858.632	n/a	NonTarget	1	714658
2858.804	n/a	NonTarget	1	714701
2858.98	n/a	NonTarget	1	714745
2859.156	n/a	NonTarget	1	714789
2859.328	n/a	NonTarget	1	714832
2859.504	n/a	Target	2	714876
2859.68	n/a	NonTarget	1	714920
2859.856	n/a	NonTarget	1	714964
2860.028	n/a	Target	2	715007
2860.204	n/a	NonTarget	1	715051
2860.38	n/a	NonTarget	1	715095
2860.556	n/a	NonTarget	1	715139
2860.728	n/a	NonTarget	1	715182
2860.904	n/a	Target	2	715226
2861.08	n/a	NonTarget	1	715270
2861.256	n/a	NonTarget	1	715314
2861.432	n/a	NonTarget	1	715358
2861.604	n/a	NonTarget	1	715401
2861.784	n/a	NonTarget	1	715446
2861.956	n/a	NonTarget	1	715489
2862.128	n/a	NonTarget	1	715532
2862.308	n/a	NonTarget	1	715577
2862.48	n/a	Target	2	715620
2862.656	n/a	NonTarget	1	715664
2862.828	n/a	NonTarget	1	715707
2863.004	n/a	NonTarget	1	715751
2863.18	n/a	NonTarget	1	715795
2863.356	n/a	NonTarget	1	715839
2863.532	n/a	Target	2	715883
2863.704	n/a	NonTarget	1	715926
2863.88	n/a	NonTarget	1	715970
2864.056	n/a	NonTarget	1	716014
2864.228	n/a	NonTarget	1	716057
2864.408	n/a	Target	2	716102
2864.58	n/a	NonTarget	1	716145
2864.756	n/a	NonTarget	1	716189
2864.932	n/a	NonTarget	1	716233
2865.104	n/a	NonTarget	1	716276
2865.28	n/a	NonTarget	1	716320
2865.456	n/a	NonTarget	1	716364
2865.628	n/a	Target	2	716407
2865.804	n/a	NonTarget	1	716451
2865.98	n/a	NonTarget	1	716495
2866.156	n/a	Target	2	716539
2866.328	n/a	NonTarget	1	716582
2866.504	n/a	NonTarget	1	716626
2866.68	n/a	NonTarget	1	716670
2866.856	n/a	NonTarget	1	716714
2867.028	n/a	NonTarget	1	716757
2867.204	n/a	NonTarget	1	716801
2867.38	n/a	NonTarget	1	716845
2867.568	n/a	NonTarget	1	716892
2867.728	n/a	NonTarget	1	716932
2867.904	n/a	NonTarget	1	716976
2868.084	n/a	Target	2	717021
2868.256	n/a	NonTarget	1	717064
2868.428	n/a	NonTarget	1	717107
2868.604	n/a	NonTarget	1	717151
2868.776	n/a	NonTarget	1	717194
2868.952	n/a	NonTarget	1	717238
2869.128	n/a	Target	2	717282
2890.024	n/a	NonTarget	1	722506
2890.2	n/a	NonTarget	1	722550
2890.376	n/a	NonTarget	1	722594
2890.552	n/a	NonTarget	1	722638
2890.724	n/a	Target	2	722681
2890.9	n/a	NonTarget	1	722725
2891.076	n/a	NonTarget	1	722769
2891.248	n/a	NonTarget	1	722812
2891.424	n/a	Target	2	722856
2891.6	n/a	NonTarget	1	722900
2891.776	n/a	NonTarget	1	722944
2891.948	n/a	NonTarget	1	722987
2892.124	n/a	Target	2	723031
2892.3	n/a	NonTarget	1	723075
2892.476	n/a	NonTarget	1	723119
2892.648	n/a	NonTarget	1	723162
2892.824	n/a	NonTarget	1	723206
2893.0	n/a	NonTarget	1	723250
2893.176	n/a	Target	2	723294
2893.352	n/a	NonTarget	1	723338
2893.528	n/a	NonTarget	1	723382
2893.7	n/a	NonTarget	1	723425
2893.876	n/a	NonTarget	1	723469
2894.048	n/a	NonTarget	1	723512
2894.232	n/a	Target	2	723558
2894.4	n/a	NonTarget	1	723600
2894.576	n/a	NonTarget	1	723644
2894.748	n/a	NonTarget	1	723687
2894.924	n/a	NonTarget	1	723731
2895.1	n/a	NonTarget	1	723775
2895.276	n/a	Target	2	723819
2895.448	n/a	NonTarget	1	723862
2895.624	n/a	NonTarget	1	723906
2895.8	n/a	NonTarget	1	723950
2895.988	n/a	NonTarget	1	723997
2896.148	n/a	NonTarget	1	724037
2896.324	n/a	NonTarget	1	724081
2896.5	n/a	NonTarget	1	724125
2896.676	n/a	NonTarget	1	724169
2896.852	n/a	NonTarget	1	724213
2897.024	n/a	Target	2	724256
2897.2	n/a	NonTarget	1	724300
2897.376	n/a	NonTarget	1	724344
2897.552	n/a	NonTarget	1	724388
2897.724	n/a	NonTarget	1	724431
2897.9	n/a	NonTarget	1	724475
2898.076	n/a	NonTarget	1	724519
2898.248	n/a	Target	2	724562
2898.424	n/a	NonTarget	1	724606
2898.6	n/a	NonTarget	1	724650
2898.776	n/a	Target	2	724694
2898.952	n/a	NonTarget	1	724738
2899.124	n/a	NonTarget	1	724781
2899.3	n/a	NonTarget	1	724825
2899.476	n/a	NonTarget	1	724869
2899.648	n/a	NonTarget	1	724912
2899.824	n/a	Target	2	724956
2900.0	n/a	NonTarget	1	725000
2900.18	n/a	NonTarget	1	725045
2900.352	n/a	NonTarget	1	725088
2900.54	n/a	Target	2	725135
2900.7	n/a	NonTarget	1	725175
2900.876	n/a	NonTarget	1	725219
2901.048	n/a	NonTarget	1	725262
2901.224	n/a	NonTarget	1	725306
2901.4	n/a	NonTarget	1	725350
2901.576	n/a	NonTarget	1	725394
2901.748	n/a	Target	2	725437
2901.924	n/a	NonTarget	1	725481
2902.1	n/a	NonTarget	1	725525
2902.276	n/a	NonTarget	1	725569
2902.448	n/a	NonTarget	1	725612
2902.624	n/a	NonTarget	1	725656
2902.8	n/a	Target	2	725700
2902.972	n/a	NonTarget	1	725743
2903.148	n/a	NonTarget	1	725787
2903.324	n/a	NonTarget	1	725831
2903.5	n/a	NonTarget	1	725875
2903.672	n/a	Target	2	725918
2903.848	n/a	NonTarget	1	725962
2904.024	n/a	NonTarget	1	726006
2904.2	n/a	NonTarget	1	726050
2904.376	n/a	NonTarget	1	726094
2904.548	n/a	NonTarget	1	726137
2904.724	n/a	NonTarget	1	726181
2904.9	n/a	NonTarget	1	726225
2905.076	n/a	Target	2	726269
2905.248	n/a	NonTarget	1	726312
2905.424	n/a	NonTarget	1	726356
2905.6	n/a	NonTarget	1	726400
2923.896	n/a	NonTarget	1	730974
2924.072	n/a	NonTarget	1	731018
2924.248	n/a	NonTarget	1	731062
2924.42	n/a	NonTarget	1	731105
2924.596	n/a	Target	2	731149
2924.776	n/a	NonTarget	1	731194
2924.944	n/a	NonTarget	1	731236
2925.12	n/a	NonTarget	1	731280
2925.296	n/a	NonTarget	1	731324
2925.472	n/a	NonTarget	1	731368
2925.648	n/a	Target	2	731412
2925.82	n/a	NonTarget	1	731455
2925.996	n/a	NonTarget	1	731499
2926.172	n/a	NonTarget	1	731543
2926.348	n/a	NonTarget	1	731587
2926.52	n/a	NonTarget	1	731630
2926.696	n/a	Target	2	731674
2926.872	n/a	NonTarget	1	731718
2927.044	n/a	NonTarget	1	731761
2927.22	n/a	Target	2	731805
2927.396	n/a	NonTarget	1	731849
2927.572	n/a	NonTarget	1	731893
2927.748	n/a	NonTarget	1	731937
2927.92	n/a	NonTarget	1	731980
2928.096	n/a	NonTarget	1	732024
2928.272	n/a	Target	2	732068
2928.444	n/a	NonTarget	1	732111
2928.62	n/a	NonTarget	1	732155
2928.8	n/a	NonTarget	1	732200
2928.972	n/a	NonTarget	1	732243
2929.16	n/a	Target	2	732290
2929.32	n/a	NonTarget	1	732330
2929.496	n/a	NonTarget	1	732374
2929.672	n/a	NonTarget	1	732418
2929.848	n/a	NonTarget	1	732462
2930.02	n/a	NonTarget	1	732505
2930.196	n/a	Target	2	732549
2930.372	n/a	NonTarget	1	732593
2930.544	n/a	NonTarget	1	732636
2930.72	n/a	NonTarget	1	732680
2930.904	n/a	NonTarget	1	732726
2931.072	n/a	NonTarget	1	732768
2931.248	n/a	NonTarget	1	732812
2931.428	n/a	Target	2	732857
2931.596	n/a	NonTarget	1	732899
2931.784	n/a	NonTarget	1	732946
2931.944	n/a	NonTarget	1	732986
2932.12	n/a	NonTarget	1	733030
2932.3	n/a	Target	2	733075
2932.472	n/a	NonTarget	1	733118
2932.648	n/a	NonTarget	1	733162
2932.82	n/a	NonTarget	1	733205
2932.996	n/a	NonTarget	1	733249
2933.172	n/a	NonTarget	1	733293
2933.348	n/a	NonTarget	1	733337
2933.52	n/a	Target	2	733380
2933.696	n/a	NonTarget	1	733424
2933.872	n/a	NonTarget	1	733468
2934.044	n/a	NonTarget	1	733511
2934.224	n/a	NonTarget	1	733556
2934.396	n/a	NonTarget	1	733599
2934.572	n/a	Target	2	733643
2934.756	n/a	NonTarget	1	733689
2934.92	n/a	NonTarget	1	733730
2935.096	n/a	NonTarget	1	733774
2935.272	n/a	NonTarget	1	733818
2935.444	n/a	NonTarget	1	733861
2935.62	n/a	NonTarget	1	733905
2935.796	n/a	NonTarget	1	733949
2935.968	n/a	NonTarget	1	733992
2936.144	n/a	Target	2	734036
2936.32	n/a	NonTarget	1	734080
2936.504	n/a	NonTarget	1	734126
2936.672	n/a	NonTarget	1	734168
2936.848	n/a	NonTarget	1	734212
2937.02	n/a	NonTarget	1	734255
2937.196	n/a	Target	2	734299
2937.372	n/a	NonTarget	1	734343
2937.544	n/a	NonTarget	1	734386
2937.72	n/a	NonTarget	1	734430
2937.896	n/a	NonTarget	1	734474
2938.072	n/a	Target	2	734518
2938.244	n/a	NonTarget	1	734561
2938.42	n/a	NonTarget	1	734605
2938.596	n/a	Target	2	734649
2938.772	n/a	NonTarget	1	734693
2938.944	n/a	NonTarget	1	734736
2939.12	n/a	NonTarget	1	734780
2939.3	n/a	NonTarget	1	734825
2939.472	n/a	NonTarget	1	734868
2961.272	n/a	NonTarget	1	740318
2961.448	n/a	NonTarget	1	740362
2961.62	n/a	Target	2	740405
2961.796	n/a	NonTarget	1	740449
2961.972	n/a	NonTarget	1	740493
2962.144	n/a	NonTarget	1	740536
2962.332	n/a	NonTarget	1	740583
2962.496	n/a	NonTarget	1	740624
2962.672	n/a	NonTarget	1	740668
2962.848	n/a	Target	2	740712
2963.02	n/a	NonTarget	1	740755
2963.2	n/a	NonTarget	1	740800
2963.372	n/a	NonTarget	1	740843
2963.544	n/a	NonTarget	1	740886
2963.724	n/a	Target	2	740931
2963.896	n/a	NonTarget	1	740974
2964.08	n/a	NonTarget	1	741020
2964.244	n/a	NonTarget	1	741061
2964.42	n/a	NonTarget	1	741105
2964.596	n/a	Target	2	741149
2964.776	n/a	NonTarget	1	741194
2964.944	n/a	NonTarget	1	741236
2965.12	n/a	NonTarget	1	741280
2965.296	n/a	NonTarget	1	741324
2965.472	n/a	NonTarget	1	741368
2965.648	n/a	Target	2	741412
2965.82	n/a	NonTarget	1	741455
2965.996	n/a	NonTarget	1	741499
2966.172	n/a	NonTarget	1	741543
2966.344	n/a	NonTarget	1	741586
2966.52	n/a	Target	2	741630
2966.696	n/a	NonTarget	1	741674
2966.872	n/a	NonTarget	1	741718
2967.044	n/a	NonTarget	1	741761
2967.22	n/a	NonTarget	1	741805
2967.396	n/a	NonTarget	1	741849
2967.572	n/a	Target	2	741893
2967.744	n/a	NonTarget	1	741936
2967.92	n/a	NonTarget	1	741980
2968.1	n/a	NonTarget	1	742025
2968.272	n/a	NonTarget	1	742068
2968.444	n/a	NonTarget	1	742111
2968.62	n/a	NonTarget	1	742155
2968.796	n/a	NonTarget	1	742199
2968.968	n/a	NonTarget	1	742242
2969.144	n/a	Target	2	742286
2969.32	n/a	NonTarget	1	742330
2969.496	n/a	NonTarget	1	742374
2969.672	n/a	Target	2	742418
2969.844	n/a	NonTarget	1	742461
2970.024	n/a	NonTarget	1	742506
2970.196	n/a	NonTarget	1	742549
2970.372	n/a	NonTarget	1	742593
2970.548	n/a	NonTarget	1	742637
2970.72	n/a	NonTarget	1	742680
2970.908	n/a	NonTarget	1	742727
2971.072	n/a	NonTarget	1	742768
2971.244	n/a	NonTarget	1	742811
2971.42	n/a	Target	2	742855
2971.596	n/a	NonTarget	1	742899
2971.776	n/a	NonTarget	1	742944
2971.948	n/a	Target	2	742987
2972.12	n/a	NonTarget	1	743030
2972.296	n/a	NonTarget	1	743074
2972.476	n/a	NonTarget	1	743119
2972.644	n/a	NonTarget	1	743161
2972.82	n/a	NonTarget	1	743205
2972.996	n/a	NonTarget	1	743249
2973.172	n/a	NonTarget	1	743293
2973.348	n/a	NonTarget	1	743337
2973.52	n/a	Target	2	743380
2973.7	n/a	NonTarget	1	743425
2973.872	n/a	NonTarget	1	743468
2974.052	n/a	NonTarget	1	743513
2974.224	n/a	NonTarget	1	743556
2974.396	n/a	NonTarget	1	743599
2974.572	n/a	Target	2	743643
2974.744	n/a	NonTarget	1	743686
2974.92	n/a	NonTarget	1	743730
2975.096	n/a	NonTarget	1	743774
2975.272	n/a	NonTarget	1	743818
2975.452	n/a	Target	2	743863
2975.62	n/a	NonTarget	1	743905
2975.796	n/a	NonTarget	1	743949
2975.972	n/a	NonTarget	1	743993
2976.144	n/a	NonTarget	1	744036
2976.32	n/a	NonTarget	1	744080
2976.496	n/a	NonTarget	1	744124
2976.668	n/a	Target	2	744167
2976.844	n/a	NonTarget	1	744211
2991.696	n/a	NonTarget	1	747924
2991.868	n/a	NonTarget	1	747967
2992.044	n/a	NonTarget	1	748011
2992.22	n/a	NonTarget	1	748055
2992.396	n/a	Target	2	748099
2992.576	n/a	NonTarget	1	748144
2992.744	n/a	NonTarget	1	748186
2992.92	n/a	Target	2	748230
2993.096	n/a	NonTarget	1	748274
2993.272	n/a	NonTarget	1	748318
2993.444	n/a	NonTarget	1	748361
2993.62	n/a	NonTarget	1	748405
2993.796	n/a	NonTarget	1	748449
2993.968	n/a	NonTarget	1	748492
2994.16	n/a	NonTarget	1	748540
2994.32	n/a	Target	2	748580
2994.496	n/a	NonTarget	1	748624
2994.672	n/a	NonTarget	1	748668
2994.844	n/a	NonTarget	1	748711
2995.02	n/a	NonTarget	1	748755
2995.196	n/a	NonTarget	1	748799
2995.368	n/a	NonTarget	1	748842
2995.544	n/a	Target	2	748886
2995.72	n/a	NonTarget	1	748930
2995.896	n/a	NonTarget	1	748974
2996.068	n/a	NonTarget	1	749017
2996.244	n/a	NonTarget	1	749061
2996.42	n/a	NonTarget	1	749105
2996.596	n/a	Target	2	749149
2996.768	n/a	NonTarget	1	749192
2996.944	n/a	NonTarget	1	749236
2997.12	n/a	NonTarget	1	749280
2997.296	n/a	NonTarget	1	749324
2997.468	n/a	NonTarget	1	749367
2997.644	n/a	NonTarget	1	749411
2997.82	n/a	Target	2	749455
2997.996	n/a	NonTarget	1	749499
2998.168	n/a	NonTarget	1	749542
2998.352	n/a	NonTarget	1	749588
2998.52	n/a	NonTarget	1	749630
2998.708	n/a	Target	2	749677
2998.872	n/a	NonTarget	1	749718
2999.044	n/a	NonTarget	1	749761
2999.22	n/a	NonTarget	1	749805
2999.396	n/a	NonTarget	1	749849
2999.572	n/a	NonTarget	1	749893
2999.748	n/a	Target	2	749937
2999.92	n/a	NonTarget	1	749980
3000.096	n/a	NonTarget	1	750024
3000.268	n/a	NonTarget	1	750067
3000.444	n/a	NonTarget	1	750111
3000.62	n/a	NonTarget	1	750155
3000.796	n/a	Target	2	750199
3000.972	n/a	NonTarget	1	750243
3001.144	n/a	NonTarget	1	750286
3001.32	n/a	NonTarget	1	750330
3001.5	n/a	NonTarget	1	750375
3001.668	n/a	NonTarget	1	750417
3001.844	n/a	Target	2	750461
3002.02	n/a	NonTarget	1	750505
3002.196	n/a	NonTarget	1	750549
3002.368	n/a	NonTarget	1	750592
3002.544	n/a	NonTarget	1	750636
3002.72	n/a	Target	2	750680
3002.896	n/a	NonTarget	1	750724
3003.068	n/a	NonTarget	1	750767
3003.244	n/a	NonTarget	1	750811
3003.42	n/a	NonTarget	1	750855
3003.6	n/a	NonTarget	1	750900
3003.768	n/a	Target	2	750942
3003.944	n/a	NonTarget	1	750986
3004.12	n/a	NonTarget	1	751030
3004.296	n/a	NonTarget	1	751074
3004.48	n/a	Target	2	751120
3004.652	n/a	NonTarget	1	751163
3004.82	n/a	NonTarget	1	751205
3004.996	n/a	NonTarget	1	751249
3005.168	n/a	NonTarget	1	751292
3005.344	n/a	NonTarget	1	751336
3005.52	n/a	NonTarget	1	751380
3005.696	n/a	NonTarget	1	751424
3005.868	n/a	NonTarget	1	751467
3006.044	n/a	Target	2	751511
3006.22	n/a	NonTarget	1	751555
3006.392	n/a	NonTarget	1	751598
3006.568	n/a	NonTarget	1	751642
3006.744	n/a	NonTarget	1	751686
3006.924	n/a	NonTarget	1	751731
3007.096	n/a	NonTarget	1	751774
3007.268	n/a	Target	2	751817
3027.98	n/a	NonTarget	1	756995
3028.148	n/a	NonTarget	1	757037
3028.32	n/a	NonTarget	1	757080
3028.496	n/a	NonTarget	1	757124
3028.672	n/a	NonTarget	1	757168
3028.848	n/a	Target	2	757212
3029.028	n/a	NonTarget	1	757257
3029.196	n/a	NonTarget	1	757299
3029.372	n/a	Target	2	757343
3029.548	n/a	NonTarget	1	757387
3029.72	n/a	NonTarget	1	757430
3029.896	n/a	NonTarget	1	757474
3030.072	n/a	NonTarget	1	757518
3030.248	n/a	NonTarget	1	757562
3030.42	n/a	Target	2	757605
3030.596	n/a	NonTarget	1	757649
3030.772	n/a	NonTarget	1	757693
3030.948	n/a	NonTarget	1	757737
3031.12	n/a	NonTarget	1	757780
3031.3	n/a	Target	2	757825
3031.472	n/a	NonTarget	1	757868
3031.648	n/a	NonTarget	1	757912
3031.82	n/a	NonTarget	1	757955
3031.996	n/a	NonTarget	1	757999
3032.172	n/a	Target	2	758043
3032.348	n/a	NonTarget	1	758087
3032.52	n/a	NonTarget	1	758130
3032.696	n/a	NonTarget	1	758174
3032.872	n/a	NonTarget	1	758218
3033.048	n/a	NonTarget	1	758262
3033.22	n/a	NonTarget	1	758305
3033.396	n/a	NonTarget	1	758349
3033.572	n/a	NonTarget	1	758393
3033.748	n/a	NonTarget	1	758437
3033.92	n/a	NonTarget	1	758480
3034.112	n/a	Target	2	758528
3034.272	n/a	NonTarget	1	758568
3034.444	n/a	NonTarget	1	758611
3034.628	n/a	NonTarget	1	758657
3034.796	n/a	Target	2	758699
3034.972	n/a	NonTarget	1	758743
3035.144	n/a	NonTarget	1	758786
3035.32	n/a	NonTarget	1	758830
3035.496	n/a	NonTarget	1	758874
3035.672	n/a	NonTarget	1	758918
3035.848	n/a	Target	2	758962
3036.024	n/a	NonTarget	1	759006
3036.196	n/a	NonTarget	1	759049
3036.372	n/a	NonTarget	1	759093
3036.548	n/a	NonTarget	1	759137
3036.72	n/a	NonTarget	1	759180
3036.896	n/a	NonTarget	1	759224
3037.072	n/a	Target	2	759268
3037.244	n/a	NonTarget	1	759311
3037.42	n/a	NonTarget	1	759355
3037.596	n/a	NonTarget	1	759399
3037.768	n/a	NonTarget	1	759442
3037.944	n/a	NonTarget	1	759486
3038.12	n/a	Target	2	759530
3038.3	n/a	NonTarget	1	759575
3038.472	n/a	NonTarget	1	759618
3038.644	n/a	NonTarget	1	759661
3038.82	n/a	NonTarget	1	759705
3038.996	n/a	Target	2	759749
3039.172	n/a	NonTarget	1	759793
3039.348	n/a	NonTarget	1	759837
3039.528	n/a	Target	2	759882
3039.696	n/a	NonTarget	1	759924
3039.88	n/a	NonTarget	1	759970
3040.048	n/a	NonTarget	1	760012
3040.236	n/a	NonTarget	1	760059
3040.396	n/a	NonTarget	1	760099
3040.572	n/a	NonTarget	1	760143
3040.748	n/a	Target	2	760187
3040.92	n/a	NonTarget	1	760230
3041.096	n/a	NonTarget	1	760274
3041.272	n/a	NonTarget	1	760318
3041.444	n/a	NonTarget	1	760361
3041.62	n/a	Target	2	760405
3041.796	n/a	NonTarget	1	760449
3041.972	n/a	NonTarget	1	760493
3042.148	n/a	NonTarget	1	760537
3042.32	n/a	NonTarget	1	760580
3042.5	n/a	NonTarget	1	760625
3042.672	n/a	NonTarget	1	760668
3042.848	n/a	NonTarget	1	760712
3043.02	n/a	Target	2	760755
3043.196	n/a	NonTarget	1	760799
3043.372	n/a	NonTarget	1	760843
3043.548	n/a	NonTarget	1	760887
3059.432	n/a	NonTarget	1	764858
3059.604	n/a	NonTarget	1	764901
3059.78	n/a	NonTarget	1	764945
3059.952	n/a	NonTarget	1	764988
3060.128	n/a	NonTarget	1	765032
3060.304	n/a	Target	2	765076
3060.488	n/a	NonTarget	1	765122
3060.652	n/a	NonTarget	1	765163
3060.828	n/a	Target	2	765207
3061.004	n/a	NonTarget	1	765251
3061.18	n/a	NonTarget	1	765295
3061.352	n/a	NonTarget	1	765338
3061.528	n/a	NonTarget	1	765382
3061.704	n/a	NonTarget	1	765426
3061.876	n/a	NonTarget	1	765469
3062.052	n/a	NonTarget	1	765513
3062.228	n/a	NonTarget	1	765557
3062.404	n/a	Target	2	765601
3062.576	n/a	NonTarget	1	765644
3062.756	n/a	NonTarget	1	765689
3062.928	n/a	NonTarget	1	765732
3063.104	n/a	NonTarget	1	765776
3063.284	n/a	Target	2	765821
3063.452	n/a	NonTarget	1	765863
3063.628	n/a	NonTarget	1	765907
3063.804	n/a	NonTarget	1	765951
3063.976	n/a	NonTarget	1	765994
3064.152	n/a	Target	2	766038
3064.332	n/a	NonTarget	1	766083
3064.504	n/a	NonTarget	1	766126
3064.676	n/a	NonTarget	1	766169
3064.852	n/a	NonTarget	1	766213
3065.028	n/a	NonTarget	1	766257
3065.204	n/a	NonTarget	1	766301
3065.38	n/a	NonTarget	1	766345
3065.552	n/a	Target	2	766388
3065.728	n/a	NonTarget	1	766432
3065.904	n/a	NonTarget	1	766476
3066.08	n/a	NonTarget	1	766520
3066.252	n/a	NonTarget	1	766563
3066.428	n/a	NonTarget	1	766607
3066.604	n/a	Target	2	766651
3066.776	n/a	NonTarget	1	766694
3066.952	n/a	NonTarget	1	766738
3067.128	n/a	NonTarget	1	766782
3067.304	n/a	Target	2	766826
3067.48	n/a	NonTarget	1	766870
3067.652	n/a	NonTarget	1	766913
3067.828	n/a	NonTarget	1	766957
3068.004	n/a	NonTarget	1	767001
3068.18	n/a	NonTarget	1	767045
3068.352	n/a	NonTarget	1	767088
3068.528	n/a	NonTarget	1	767132
3068.704	n/a	Target	2	767176
3068.88	n/a	NonTarget	1	767220
3069.052	n/a	NonTarget	1	767263
3069.228	n/a	NonTarget	1	767307
3069.4	n/a	NonTarget	1	767350
3069.58	n/a	NonTarget	1	767395
3069.768	n/a	Target	2	767442
3069.928	n/a	NonTarget	1	767482
3070.104	n/a	NonTarget	1	767526
3070.28	n/a	NonTarget	1	767570
3070.452	n/a	NonTarget	1	767613
3070.628	n/a	NonTarget	1	767657
3070.804	n/a	Target	2	767701
3070.98	n/a	NonTarget	1	767745
3071.152	n/a	NonTarget	1	767788
3071.328	n/a	NonTarget	1	767832
3071.504	n/a	NonTarget	1	767876
3071.68	n/a	NonTarget	1	767920
3071.852	n/a	Target	2	767963
3072.028	n/a	NonTarget	1	768007
3072.204	n/a	NonTarget	1	768051
3072.38	n/a	NonTarget	1	768095
3072.552	n/a	NonTarget	1	768138
3072.728	n/a	Target	2	768182
3072.904	n/a	NonTarget	1	768226
3073.08	n/a	NonTarget	1	768270
3073.252	n/a	NonTarget	1	768313
3073.428	n/a	NonTarget	1	768357
3073.604	n/a	NonTarget	1	768401
3073.78	n/a	NonTarget	1	768445
3073.952	n/a	Target	2	768488
3074.128	n/a	NonTarget	1	768532
3074.304	n/a	NonTarget	1	768576
3074.484	n/a	NonTarget	1	768621
3074.652	n/a	Target	2	768663
3074.828	n/a	NonTarget	1	768707
3075.004	n/a	NonTarget	1	768751
3095.892	n/a	Target	2	773973
3096.064	n/a	NonTarget	1	774016
3096.24	n/a	NonTarget	1	774060
3096.416	n/a	NonTarget	1	774104
3096.592	n/a	NonTarget	1	774148
3096.764	n/a	NonTarget	1	774191
3096.944	n/a	NonTarget	1	774236
3097.116	n/a	Target	2	774279
3097.296	n/a	NonTarget	1	774324
3097.468	n/a	NonTarget	1	774367
3097.64	n/a	NonTarget	1	774410
3097.828	n/a	NonTarget	1	774457
3097.992	n/a	NonTarget	1	774498
3098.168	n/a	Target	2	774542
3098.34	n/a	NonTarget	1	774585
3098.516	n/a	NonTarget	1	774629
3098.692	n/a	NonTarget	1	774673
3098.864	n/a	NonTarget	1	774716
3099.04	n/a	Target	2	774760
3099.22	n/a	NonTarget	1	774805
3099.392	n/a	NonTarget	1	774848
3099.564	n/a	NonTarget	1	774891
3099.74	n/a	NonTarget	1	774935
3099.916	n/a	NonTarget	1	774979
3100.092	n/a	NonTarget	1	775023
3100.264	n/a	NonTarget	1	775066
3100.44	n/a	Target	2	775110
3100.616	n/a	NonTarget	1	775154
3100.792	n/a	NonTarget	1	775198
3100.972	n/a	NonTarget	1	775243
3101.144	n/a	NonTarget	1	775286
3101.316	n/a	Target	2	775329
3101.492	n/a	NonTarget	1	775373
3101.664	n/a	NonTarget	1	775416
3101.84	n/a	NonTarget	1	775460
3102.016	n/a	NonTarget	1	775504
3102.192	n/a	NonTarget	1	775548
3102.364	n/a	Target	2	775591
3102.54	n/a	NonTarget	1	775635
3102.716	n/a	NonTarget	1	775679
3102.896	n/a	NonTarget	1	775724
3103.064	n/a	NonTarget	1	775766
3103.24	n/a	NonTarget	1	775810
3103.416	n/a	NonTarget	1	775854
3103.592	n/a	NonTarget	1	775898
3103.764	n/a	Target	2	775941
3103.94	n/a	NonTarget	1	775985
3104.116	n/a	NonTarget	1	776029
3104.292	n/a	Target	2	776073
3104.472	n/a	NonTarget	1	776118
3104.64	n/a	NonTarget	1	776160
3104.816	n/a	NonTarget	1	776204
3104.992	n/a	NonTarget	1	776248
3105.164	n/a	NonTarget	1	776291
3105.34	n/a	Target	2	776335
3105.516	n/a	NonTarget	1	776379
3105.692	n/a	NonTarget	1	776423
3105.864	n/a	NonTarget	1	776466
3106.04	n/a	NonTarget	1	776510
3106.216	n/a	NonTarget	1	776554
3106.396	n/a	NonTarget	1	776599
3106.564	n/a	Target	2	776641
3106.74	n/a	NonTarget	1	776685
3106.916	n/a	NonTarget	1	776729
3107.096	n/a	NonTarget	1	776774
3107.264	n/a	NonTarget	1	776816
3107.44	n/a	NonTarget	1	776860
3107.616	n/a	Target	2	776904
3107.796	n/a	NonTarget	1	776949
3107.964	n/a	NonTarget	1	776991
3108.14	n/a	NonTarget	1	777035
3108.316	n/a	NonTarget	1	777079
3108.492	n/a	Target	2	777123
3108.664	n/a	NonTarget	1	777166
3108.84	n/a	NonTarget	1	777210
3109.016	n/a	NonTarget	1	777254
3109.196	n/a	NonTarget	1	777299
3109.364	n/a	NonTarget	1	777341
3109.54	n/a	NonTarget	1	777385
3109.716	n/a	NonTarget	1	777429
3109.892	n/a	NonTarget	1	777473
3110.064	n/a	NonTarget	1	777516
3110.24	n/a	NonTarget	1	777560
3110.416	n/a	Target	2	777604
3110.592	n/a	NonTarget	1	777648
3110.768	n/a	NonTarget	1	777692
3110.94	n/a	NonTarget	1	777735
3111.116	n/a	NonTarget	1	777779
3111.292	n/a	Target	2	777823
3111.464	n/a	NonTarget	1	777866
3129.708	n/a	NonTarget	1	782427
3129.88	n/a	Target	2	782470
3130.056	n/a	NonTarget	1	782514
3130.232	n/a	NonTarget	1	782558
3130.408	n/a	NonTarget	1	782602
3130.584	n/a	NonTarget	1	782646
3130.756	n/a	NonTarget	1	782689
3130.932	n/a	NonTarget	1	782733
3131.108	n/a	NonTarget	1	782777
3131.28	n/a	NonTarget	1	782820
3131.456	n/a	Target	2	782864
3131.632	n/a	NonTarget	1	782908
3131.808	n/a	NonTarget	1	782952
3131.984	n/a	NonTarget	1	782996
3132.156	n/a	NonTarget	1	783039
3132.336	n/a	NonTarget	1	783084
3132.508	n/a	Target	2	783127
3132.688	n/a	NonTarget	1	783172
3132.86	n/a	NonTarget	1	783215
3133.032	n/a	NonTarget	1	783258
3133.208	n/a	NonTarget	1	783302
3133.38	n/a	Target	2	783345
3133.556	n/a	NonTarget	1	783389
3133.732	n/a	NonTarget	1	783433
3133.908	n/a	Target	2	783477
3134.084	n/a	NonTarget	1	783521
3134.256	n/a	NonTarget	1	783564
3134.44	n/a	NonTarget	1	783610
3134.608	n/a	NonTarget	1	783652
3134.784	n/a	NonTarget	1	783696
3134.956	n/a	NonTarget	1	783739
3135.132	n/a	NonTarget	1	783783
3135.308	n/a	NonTarget	1	783827
3135.48	n/a	NonTarget	1	783870
3135.656	n/a	NonTarget	1	783914
3135.832	n/a	Target	2	783958
3136.008	n/a	NonTarget	1	784002
3136.18	n/a	NonTarget	1	784045
3136.356	n/a	NonTarget	1	784089
3136.532	n/a	NonTarget	1	784133
3136.708	n/a	NonTarget	1	784177
3136.88	n/a	Target	2	784220
3137.06	n/a	NonTarget	1	784265
3137.232	n/a	NonTarget	1	784308
3137.404	n/a	NonTarget	1	784351
3137.58	n/a	NonTarget	1	784395
3137.756	n/a	NonTarget	1	784439
3137.932	n/a	Target	2	784483
3138.108	n/a	NonTarget	1	784527
3138.28	n/a	NonTarget	1	784570
3138.456	n/a	NonTarget	1	784614
3138.632	n/a	NonTarget	1	784658
3138.808	n/a	Target	2	784702
3138.98	n/a	NonTarget	1	784745
3139.156	n/a	NonTarget	1	784789
3139.332	n/a	NonTarget	1	784833
3139.508	n/a	NonTarget	1	784877
3139.68	n/a	NonTarget	1	784920
3139.856	n/a	Target	2	784964
3140.032	n/a	NonTarget	1	785008
3140.208	n/a	NonTarget	1	785052
3140.38	n/a	NonTarget	1	785095
3140.556	n/a	NonTarget	1	785139
3140.732	n/a	Target	2	785183
3140.908	n/a	NonTarget	1	785227
3141.08	n/a	NonTarget	1	785270
3141.256	n/a	NonTarget	1	785314
3141.44	n/a	NonTarget	1	785360
3141.608	n/a	NonTarget	1	785402
3141.78	n/a	NonTarget	1	785445
3141.956	n/a	Target	2	785489
3142.132	n/a	NonTarget	1	785533
3142.308	n/a	NonTarget	1	785577
3142.48	n/a	Target	2	785620
3142.656	n/a	NonTarget	1	785664
3142.832	n/a	NonTarget	1	785708
3143.008	n/a	NonTarget	1	785752
3143.184	n/a	NonTarget	1	785796
3143.356	n/a	NonTarget	1	785839
3143.532	n/a	NonTarget	1	785883
3143.708	n/a	Target	2	785927
3143.88	n/a	NonTarget	1	785970
3144.056	n/a	NonTarget	1	786014
3144.236	n/a	NonTarget	1	786059
3144.408	n/a	NonTarget	1	786102
3144.58	n/a	Target	2	786145
3144.756	n/a	NonTarget	1	786189
3144.932	n/a	NonTarget	1	786233
3145.108	n/a	NonTarget	1	786277
3145.28	n/a	NonTarget	1	786320
3163.704	n/a	NonTarget	1	790926
3163.876	n/a	NonTarget	1	790969
3164.052	n/a	NonTarget	1	791013
3164.228	n/a	NonTarget	1	791057
3164.408	n/a	Target	2	791102
3164.576	n/a	NonTarget	1	791144
3164.752	n/a	NonTarget	1	791188
3164.928	n/a	NonTarget	1	791232
3165.104	n/a	Target	2	791276
3165.276	n/a	NonTarget	1	791319
3165.452	n/a	NonTarget	1	791363
3165.628	n/a	NonTarget	1	791407
3165.804	n/a	Target	2	791451
3165.976	n/a	NonTarget	1	791494
3166.152	n/a	NonTarget	1	791538
3166.328	n/a	NonTarget	1	791582
3166.504	n/a	NonTarget	1	791626
3166.68	n/a	NonTarget	1	791670
3166.852	n/a	Target	2	791713
3167.028	n/a	NonTarget	1	791757
3167.204	n/a	NonTarget	1	791801
3167.376	n/a	NonTarget	1	791844
3167.556	n/a	NonTarget	1	791889
3167.728	n/a	NonTarget	1	791932
3167.904	n/a	Target	2	791976
3168.076	n/a	NonTarget	1	792019
3168.252	n/a	NonTarget	1	792063
3168.428	n/a	NonTarget	1	792107
3168.604	n/a	NonTarget	1	792151
3168.784	n/a	NonTarget	1	792196
3168.952	n/a	Target	2	792238
3169.128	n/a	NonTarget	1	792282
3169.304	n/a	NonTarget	1	792326
3169.476	n/a	NonTarget	1	792369
3169.652	n/a	NonTarget	1	792413
3169.828	n/a	NonTarget	1	792457
3170.004	n/a	NonTarget	1	792501
3170.176	n/a	NonTarget	1	792544
3170.352	n/a	NonTarget	1	792588
3170.528	n/a	NonTarget	1	792632
3170.704	n/a	Target	2	792676
3170.876	n/a	NonTarget	1	792719
3171.052	n/a	NonTarget	1	792763
3171.228	n/a	NonTarget	1	792807
3171.4	n/a	NonTarget	1	792850
3171.576	n/a	NonTarget	1	792894
3171.752	n/a	NonTarget	1	792938
3171.928	n/a	Target	2	792982
3172.108	n/a	NonTarget	1	793027
3172.276	n/a	NonTarget	1	793069
3172.452	n/a	Target	2	793113
3172.628	n/a	NonTarget	1	793157
3172.804	n/a	NonTarget	1	793201
3172.976	n/a	NonTarget	1	793244
3173.152	n/a	NonTarget	1	793288
3173.328	n/a	NonTarget	1	793332
3173.504	n/a	Target	2	793376
3173.676	n/a	NonTarget	1	793419
3173.852	n/a	NonTarget	1	793463
3174.028	n/a	NonTarget	1	793507
3174.212	n/a	Target	2	793553
3174.38	n/a	NonTarget	1	793595
3174.552	n/a	NonTarget	1	793638
3174.728	n/a	NonTarget	1	793682
3174.904	n/a	NonTarget	1	793726
3175.076	n/a	NonTarget	1	793769
3175.252	n/a	NonTarget	1	793813
3175.428	n/a	Target	2	793857
3175.604	n/a	NonTarget	1	793901
3175.776	n/a	NonTarget	1	793944
3175.952	n/a	NonTarget	1	793988
3176.128	n/a	NonTarget	1	794032
3176.308	n/a	NonTarget	1	794077
3176.48	n/a	Target	2	794120
3176.656	n/a	NonTarget	1	794164
3176.828	n/a	NonTarget	1	794207
3177.004	n/a	NonTarget	1	794251
3177.184	n/a	NonTarget	1	794296
3177.352	n/a	Target	2	794338
3177.528	n/a	NonTarget	1	794382
3177.704	n/a	NonTarget	1	794426
3177.876	n/a	NonTarget	1	794469
3178.052	n/a	NonTarget	1	794513
3178.228	n/a	NonTarget	1	794557
3178.404	n/a	NonTarget	1	794601
3178.576	n/a	NonTarget	1	794644
3178.764	n/a	Target	2	794691
3178.928	n/a	NonTarget	1	794732
3179.104	n/a	NonTarget	1	794776
3179.276	n/a	NonTarget	1	794819
3196.012	n/a	NonTarget	1	799003
3196.192	n/a	NonTarget	1	799048
3196.364	n/a	NonTarget	1	799091
3196.54	n/a	NonTarget	1	799135
3196.716	n/a	Target	2	799179
3196.888	n/a	NonTarget	1	799222
3197.064	n/a	NonTarget	1	799266
3197.24	n/a	NonTarget	1	799310
3197.412	n/a	NonTarget	1	799353
3197.588	n/a	NonTarget	1	799397
3197.764	n/a	Target	2	799441
3197.94	n/a	NonTarget	1	799485
3198.116	n/a	NonTarget	1	799529
3198.296	n/a	NonTarget	1	799574
3198.468	n/a	NonTarget	1	799617
3198.64	n/a	NonTarget	1	799660
3198.812	n/a	Target	2	799703
3198.988	n/a	NonTarget	1	799747
3199.164	n/a	NonTarget	1	799791
3199.34	n/a	Target	2	799835
3199.516	n/a	NonTarget	1	799879
3199.688	n/a	NonTarget	1	799922
3199.864	n/a	NonTarget	1	799966
3200.04	n/a	NonTarget	1	800010
3200.216	n/a	NonTarget	1	800054
3200.388	n/a	Target	2	800097
3200.564	n/a	NonTarget	1	800141
3200.744	n/a	NonTarget	1	800186
3200.912	n/a	NonTarget	1	800228
3201.092	n/a	NonTarget	1	800273
3201.264	n/a	Target	2	800316
3201.44	n/a	NonTarget	1	800360
3201.612	n/a	NonTarget	1	800403
3201.788	n/a	NonTarget	1	800447
3201.964	n/a	NonTarget	1	800491
3202.14	n/a	NonTarget	1	800535
3202.312	n/a	Target	2	800578
3202.488	n/a	NonTarget	1	800622
3202.664	n/a	NonTarget	1	800666
3202.84	n/a	NonTarget	1	800710
3203.016	n/a	NonTarget	1	800754
3203.188	n/a	NonTarget	1	800797
3203.368	n/a	NonTarget	1	800842
3203.54	n/a	Target	2	800885
3203.712	n/a	NonTarget	1	800928
3203.888	n/a	NonTarget	1	800972
3204.064	n/a	NonTarget	1	801016
3204.24	n/a	NonTarget	1	801060
3204.412	n/a	Target	2	801103
3204.596	n/a	NonTarget	1	801149
3204.764	n/a	NonTarget	1	801191
3204.94	n/a	NonTarget	1	801235
3205.112	n/a	NonTarget	1	801278
3205.288	n/a	NonTarget	1	801322
3205.464	n/a	NonTarget	1	801366
3205.64	n/a	Target	2	801410
3205.824	n/a	NonTarget	1	801456
3205.988	n/a	NonTarget	1	801497
3206.164	n/a	NonTarget	1	801541
3206.344	n/a	NonTarget	1	801586
3206.516	n/a	NonTarget	1	801629
3206.696	n/a	Target	2	801674
3206.864	n/a	NonTarget	1	801716
3207.04	n/a	NonTarget	1	801760
3207.212	n/a	NonTarget	1	801803
3207.388	n/a	NonTarget	1	801847
3207.564	n/a	NonTarget	1	801891
3207.74	n/a	NonTarget	1	801935
3207.912	n/a	NonTarget	1	801978
3208.088	n/a	NonTarget	1	802022
3208.264	n/a	Target	2	802066
3208.44	n/a	NonTarget	1	802110
3208.612	n/a	NonTarget	1	802153
3208.788	n/a	NonTarget	1	802197
3208.964	n/a	NonTarget	1	802241
3209.14	n/a	NonTarget	1	802285
3209.312	n/a	Target	2	802328
3209.488	n/a	NonTarget	1	802372
3209.664	n/a	NonTarget	1	802416
3209.84	n/a	NonTarget	1	802460
3210.016	n/a	NonTarget	1	802504
3210.188	n/a	Target	2	802547
3210.364	n/a	NonTarget	1	802591
3210.54	n/a	NonTarget	1	802635
3210.712	n/a	Target	2	802678
3210.888	n/a	NonTarget	1	802722
3211.076	n/a	NonTarget	1	802769
3211.24	n/a	NonTarget	1	802810
3211.412	n/a	NonTarget	1	802853
3211.588	n/a	NonTarget	1	802897
3233.372	n/a	NonTarget	1	808343
3233.544	n/a	NonTarget	1	808386
3233.72	n/a	NonTarget	1	808430
3233.9	n/a	Target	2	808475
3234.072	n/a	NonTarget	1	808518
3234.264	n/a	NonTarget	1	808566
3234.42	n/a	Target	2	808605
3234.596	n/a	NonTarget	1	808649
3234.772	n/a	NonTarget	1	808693
3234.944	n/a	NonTarget	1	808736
3235.12	n/a	NonTarget	1	808780
3235.296	n/a	NonTarget	1	808824
3235.472	n/a	NonTarget	1	808868
3235.644	n/a	Target	2	808911
3235.82	n/a	NonTarget	1	808955
3235.996	n/a	NonTarget	1	808999
3236.172	n/a	NonTarget	1	809043
3236.352	n/a	NonTarget	1	809088
3236.52	n/a	Target	2	809130
3236.696	n/a	NonTarget	1	809174
3236.872	n/a	NonTarget	1	809218
3237.044	n/a	NonTarget	1	809261
3237.224	n/a	NonTarget	1	809306
3237.396	n/a	NonTarget	1	809349
3237.572	n/a	NonTarget	1	809393
3237.744	n/a	NonTarget	1	809436
3237.92	n/a	Target	2	809480
3238.096	n/a	NonTarget	1	809524
3238.272	n/a	NonTarget	1	809568
3238.444	n/a	NonTarget	1	809611
3238.62	n/a	NonTarget	1	809655
3238.796	n/a	Target	2	809699
3238.972	n/a	NonTarget	1	809743
3239.144	n/a	NonTarget	1	809786
3239.32	n/a	NonTarget	1	809830
3239.496	n/a	NonTarget	1	809874
3239.672	n/a	NonTarget	1	809918
3239.844	n/a	NonTarget	1	809961
3240.02	n/a	NonTarget	1	810005
3240.192	n/a	NonTarget	1	810048
3240.368	n/a	NonTarget	1	810092
3240.544	n/a	Target	2	810136
3240.72	n/a	NonTarget	1	810180
3240.896	n/a	NonTarget	1	810224
3241.068	n/a	Target	2	810267
3241.244	n/a	NonTarget	1	810311
3241.42	n/a	NonTarget	1	810355
3241.596	n/a	NonTarget	1	810399
3241.772	n/a	NonTarget	1	810443
3241.944	n/a	Target	2	810486
3242.12	n/a	NonTarget	1	810530
3242.296	n/a	NonTarget	1	810574
3242.472	n/a	NonTarget	1	810618
3242.644	n/a	NonTarget	1	810661
3242.824	n/a	Target	2	810706
3242.996	n/a	NonTarget	1	810749
3243.172	n/a	NonTarget	1	810793
3243.344	n/a	NonTarget	1	810836
3243.52	n/a	NonTarget	1	810880
3243.696	n/a	NonTarget	1	810924
3243.872	n/a	Target	2	810968
3244.044	n/a	NonTarget	1	811011
3244.22	n/a	NonTarget	1	811055
3244.396	n/a	NonTarget	1	811099
3244.572	n/a	NonTarget	1	811143
3244.748	n/a	NonTarget	1	811187
3244.92	n/a	NonTarget	1	811230
3245.096	n/a	NonTarget	1	811274
3245.272	n/a	NonTarget	1	811318
3245.444	n/a	Target	2	811361
3245.62	n/a	NonTarget	1	811405
3245.796	n/a	NonTarget	1	811449
3245.972	n/a	NonTarget	1	811493
3246.144	n/a	NonTarget	1	811536
3246.32	n/a	NonTarget	1	811580
3246.496	n/a	NonTarget	1	811624
3246.672	n/a	NonTarget	1	811668
3246.844	n/a	Target	2	811711
3247.02	n/a	NonTarget	1	811755
3247.196	n/a	NonTarget	1	811799
3247.368	n/a	Target	2	811842
3247.544	n/a	NonTarget	1	811886
3247.72	n/a	NonTarget	1	811930
3247.892	n/a	NonTarget	1	811973
3248.068	n/a	NonTarget	1	812017
3248.244	n/a	Target	2	812061
3248.42	n/a	NonTarget	1	812105
3248.592	n/a	NonTarget	1	812148
3248.768	n/a	NonTarget	1	812192
3248.944	n/a	NonTarget	1	812236
3264.64	n/a	NonTarget	1	816160
3264.812	n/a	NonTarget	1	816203
3264.988	n/a	NonTarget	1	816247
3265.164	n/a	NonTarget	1	816291
3265.34	n/a	NonTarget	1	816335
3265.512	n/a	Target	2	816378
3265.692	n/a	NonTarget	1	816423
3265.864	n/a	NonTarget	1	816466
3266.044	n/a	NonTarget	1	816511
3266.216	n/a	NonTarget	1	816554
3266.388	n/a	NonTarget	1	816597
3266.568	n/a	Target	2	816642
3266.74	n/a	NonTarget	1	816685
3266.916	n/a	NonTarget	1	816729
3267.088	n/a	NonTarget	1	816772
3267.264	n/a	NonTarget	1	816816
3267.44	n/a	Target	2	816860
3267.612	n/a	NonTarget	1	816903
3267.788	n/a	NonTarget	1	816947
3267.964	n/a	NonTarget	1	816991
3268.14	n/a	NonTarget	1	817035
3268.312	n/a	NonTarget	1	817078
3268.488	n/a	NonTarget	1	817122
3268.664	n/a	Target	2	817166
3268.84	n/a	NonTarget	1	817210
3269.012	n/a	NonTarget	1	817253
3269.188	n/a	NonTarget	1	817297
3269.364	n/a	Target	2	817341
3269.54	n/a	NonTarget	1	817385
3269.712	n/a	NonTarget	1	817428
3269.888	n/a	NonTarget	1	817472
3270.064	n/a	Target	2	817516
3270.244	n/a	NonTarget	1	817561
3270.42	n/a	NonTarget	1	817605
3270.596	n/a	NonTarget	1	817649
3270.764	n/a	NonTarget	1	817691
3270.94	n/a	Target	2	817735
3271.112	n/a	NonTarget	1	817778
3271.288	n/a	NonTarget	1	817822
3271.464	n/a	NonTarget	1	817866
3271.64	n/a	NonTarget	1	817910
3271.812	n/a	NonTarget	1	817953
3271.988	n/a	Target	2	817997
3272.164	n/a	NonTarget	1	818041
3272.344	n/a	NonTarget	1	818086
3272.512	n/a	NonTarget	1	818128
3272.688	n/a	NonTarget	1	818172
3272.864	n/a	NonTarget	1	818216
3273.04	n/a	NonTarget	1	818260
3273.224	n/a	NonTarget	1	818306
3273.388	n/a	NonTarget	1	818347
3273.564	n/a	NonTarget	1	818391
3273.74	n/a	NonTarget	1	818435
3273.916	n/a	Target	2	818479
3274.088	n/a	NonTarget	1	818522
3274.276	n/a	NonTarget	1	818569
3274.44	n/a	NonTarget	1	818610
3274.612	n/a	NonTarget	1	818653
3274.788	n/a	NonTarget	1	818697
3274.964	n/a	Target	2	818741
3275.136	n/a	NonTarget	1	818784
3275.312	n/a	NonTarget	1	818828
3275.488	n/a	Target	2	818872
3275.668	n/a	NonTarget	1	818917
3275.84	n/a	NonTarget	1	818960
3276.028	n/a	NonTarget	1	819007
3276.188	n/a	NonTarget	1	819047
3276.364	n/a	NonTarget	1	819091
3276.54	n/a	Target	2	819135
3276.712	n/a	NonTarget	1	819178
3276.888	n/a	NonTarget	1	819222
3277.064	n/a	NonTarget	1	819266
3277.24	n/a	NonTarget	1	819310
3277.412	n/a	NonTarget	1	819353
3277.588	n/a	Target	2	819397
3277.764	n/a	NonTarget	1	819441
3277.94	n/a	NonTarget	1	819485
3278.112	n/a	NonTarget	1	819528
3278.288	n/a	NonTarget	1	819572
3278.464	n/a	NonTarget	1	819616
3278.64	n/a	NonTarget	1	819660
3278.816	n/a	NonTarget	1	819704
3278.988	n/a	NonTarget	1	819747
3279.164	n/a	Target	2	819791
3279.344	n/a	NonTarget	1	819836
3279.512	n/a	NonTarget	1	819878
3279.688	n/a	NonTarget	1	819922
3279.868	n/a	NonTarget	1	819967
3280.04	n/a	Target	2	820010
3280.212	n/a	NonTarget	1	820053
3300.964	n/a	NonTarget	1	825241
3301.14	n/a	NonTarget	1	825285
3301.316	n/a	Target	2	825329
3301.496	n/a	NonTarget	1	825374
3301.664	n/a	NonTarget	1	825416
3301.84	n/a	NonTarget	1	825460
3302.016	n/a	NonTarget	1	825504
3302.192	n/a	NonTarget	1	825548
3302.368	n/a	NonTarget	1	825592
3302.54	n/a	NonTarget	1	825635
3302.716	n/a	NonTarget	1	825679
3302.892	n/a	Target	2	825723
3303.068	n/a	NonTarget	1	825767
3303.24	n/a	NonTarget	1	825810
3303.42	n/a	NonTarget	1	825855
3303.592	n/a	NonTarget	1	825898
3303.764	n/a	Target	2	825941
3303.944	n/a	NonTarget	1	825986
3304.116	n/a	NonTarget	1	826029
3304.3	n/a	NonTarget	1	826075
3304.464	n/a	NonTarget	1	826116
3304.64	n/a	NonTarget	1	826160
3304.816	n/a	Target	2	826204
3304.992	n/a	NonTarget	1	826248
3305.164	n/a	NonTarget	1	826291
3305.34	n/a	NonTarget	1	826335
3305.516	n/a	NonTarget	1	826379
3305.692	n/a	NonTarget	1	826423
3305.864	n/a	NonTarget	1	826466
3306.04	n/a	Target	2	826510
3306.216	n/a	NonTarget	1	826554
3306.392	n/a	NonTarget	1	826598
3306.564	n/a	NonTarget	1	826641
3306.74	n/a	Target	2	826685
3306.916	n/a	NonTarget	1	826729
3307.092	n/a	NonTarget	1	826773
3307.276	n/a	NonTarget	1	826819
3307.44	n/a	Target	2	826860
3307.616	n/a	NonTarget	1	826904
3307.792	n/a	NonTarget	1	826948
3307.964	n/a	NonTarget	1	826991
3308.14	n/a	NonTarget	1	827035
3308.316	n/a	NonTarget	1	827079
3308.488	n/a	Target	2	827122
3308.664	n/a	NonTarget	1	827166
3308.84	n/a	NonTarget	1	827210
3309.016	n/a	NonTarget	1	827254
3309.192	n/a	NonTarget	1	827298
3309.364	n/a	Target	2	827341
3309.544	n/a	NonTarget	1	827386
3309.716	n/a	NonTarget	1	827429
3309.892	n/a	NonTarget	1	827473
3310.072	n/a	NonTarget	1	827518
3310.24	n/a	NonTarget	1	827560
3310.416	n/a	NonTarget	1	827604
3310.592	n/a	NonTarget	1	827648
3310.764	n/a	Target	2	827691
3310.94	n/a	NonTarget	1	827735
3311.116	n/a	NonTarget	1	827779
3311.292	n/a	NonTarget	1	827823
3311.464	n/a	Target	2	827866
3311.64	n/a	NonTarget	1	827910
3311.816	n/a	NonTarget	1	827954
3311.992	n/a	NonTarget	1	827998
3312.164	n/a	NonTarget	1	828041
3312.34	n/a	NonTarget	1	828085
3312.516	n/a	NonTarget	1	828129
3312.692	n/a	NonTarget	1	828173
3312.864	n/a	Target	2	828216
3313.04	n/a	NonTarget	1	828260
3313.216	n/a	NonTarget	1	828304
3313.392	n/a	NonTarget	1	828348
3313.572	n/a	NonTarget	1	828393
3313.74	n/a	NonTarget	1	828435
3313.916	n/a	NonTarget	1	828479
3314.092	n/a	Target	2	828523
3314.268	n/a	NonTarget	1	828567
3314.44	n/a	NonTarget	1	828610
3314.62	n/a	NonTarget	1	828655
3314.792	n/a	NonTarget	1	828698
3314.964	n/a	Target	2	828741
3315.14	n/a	NonTarget	1	828785
3315.316	n/a	NonTarget	1	828829
3315.492	n/a	NonTarget	1	828873
3315.664	n/a	Target	2	828916
3315.84	n/a	NonTarget	1	828960
3316.016	n/a	NonTarget	1	829004
3316.192	n/a	NonTarget	1	829048
3316.364	n/a	NonTarget	1	829091
3316.544	n/a	NonTarget	1	829136
3332.336	n/a	NonTarget	1	833084
3332.512	n/a	NonTarget	1	833128
3332.688	n/a	Target	2	833172
3332.86	n/a	NonTarget	1	833215
3333.036	n/a	NonTarget	1	833259
3333.212	n/a	NonTarget	1	833303
3333.396	n/a	NonTarget	1	833349
3333.56	n/a	NonTarget	1	833390
3333.736	n/a	NonTarget	1	833434
3333.912	n/a	Target	2	833478
3334.088	n/a	NonTarget	1	833522
3334.26	n/a	NonTarget	1	833565
3334.436	n/a	Target	2	833609
3334.612	n/a	NonTarget	1	833653
3334.784	n/a	NonTarget	1	833696
3334.96	n/a	NonTarget	1	833740
3335.136	n/a	NonTarget	1	833784
3335.312	n/a	NonTarget	1	833828
3335.488	n/a	NonTarget	1	833872
3335.66	n/a	NonTarget	1	833915
3335.836	n/a	NonTarget	1	833959
3336.02	n/a	NonTarget	1	834005
3336.184	n/a	NonTarget	1	834046
3336.36	n/a	Target	2	834090
3336.536	n/a	NonTarget	1	834134
3336.712	n/a	NonTarget	1	834178
3336.888	n/a	NonTarget	1	834222
3337.06	n/a	NonTarget	1	834265
3337.236	n/a	NonTarget	1	834309
3337.408	n/a	Target	2	834352
3337.584	n/a	NonTarget	1	834396
3337.76	n/a	NonTarget	1	834440
3337.936	n/a	NonTarget	1	834484
3338.112	n/a	NonTarget	1	834528
3338.292	n/a	Target	2	834573
3338.464	n/a	NonTarget	1	834616
3338.636	n/a	NonTarget	1	834659
3338.82	n/a	NonTarget	1	834705
3338.984	n/a	Target	2	834746
3339.16	n/a	NonTarget	1	834790
3339.336	n/a	NonTarget	1	834834
3339.512	n/a	NonTarget	1	834878
3339.684	n/a	Target	2	834921
3339.86	n/a	NonTarget	1	834965
3340.036	n/a	NonTarget	1	835009
3340.212	n/a	NonTarget	1	835053
3340.384	n/a	NonTarget	1	835096
3340.564	n/a	NonTarget	1	835141
3340.736	n/a	Target	2	835184
3340.912	n/a	NonTarget	1	835228
3341.088	n/a	NonTarget	1	835272
3341.264	n/a	NonTarget	1	835316
3341.436	n/a	NonTarget	1	835359
3341.612	n/a	NonTarget	1	835403
3341.792	n/a	Target	2	835448
3341.96	n/a	NonTarget	1	835490
3342.144	n/a	NonTarget	1	835536
3342.312	n/a	NonTarget	1	835578
3342.484	n/a	NonTarget	1	835621
3342.66	n/a	NonTarget	1	835665
3342.836	n/a	Target	2	835709
3343.012	n/a	NonTarget	1	835753
3343.184	n/a	NonTarget	1	835796
3343.36	n/a	NonTarget	1	835840
3343.536	n/a	NonTarget	1	835884
3343.716	n/a	NonTarget	1	835929
3343.884	n/a	NonTarget	1	835971
3344.06	n/a	NonTarget	1	836015
3344.236	n/a	NonTarget	1	836059
3344.412	n/a	NonTarget	1	836103
3344.588	n/a	Target	2	836147
3344.76	n/a	NonTarget	1	836190
3344.936	n/a	NonTarget	1	836234
3345.112	n/a	NonTarget	1	836278
3345.284	n/a	NonTarget	1	836321
3345.468	n/a	NonTarget	1	836367
3345.636	n/a	NonTarget	1	836409
3345.812	n/a	Target	2	836453
3345.984	n/a	NonTarget	1	836496
3346.16	n/a	NonTarget	1	836540
3346.336	n/a	Target	2	836584
3346.512	n/a	NonTarget	1	836628
3346.684	n/a	NonTarget	1	836671
3346.864	n/a	NonTarget	1	836716
3347.036	n/a	NonTarget	1	836759
3347.212	n/a	NonTarget	1	836803
3347.384	n/a	Target	2	836846
3347.56	n/a	NonTarget	1	836890
3347.736	n/a	NonTarget	1	836934
3347.912	n/a	NonTarget	1	836978
3368.62	n/a	Target	2	842155
3368.796	n/a	NonTarget	1	842199
3368.972	n/a	NonTarget	1	842243
3369.144	n/a	NonTarget	1	842286
3369.32	n/a	NonTarget	1	842330
3369.496	n/a	NonTarget	1	842374
3369.672	n/a	NonTarget	1	842418
3369.844	n/a	Target	2	842461
3370.024	n/a	NonTarget	1	842506
3370.196	n/a	NonTarget	1	842549
3370.372	n/a	NonTarget	1	842593
3370.548	n/a	NonTarget	1	842637
3370.72	n/a	NonTarget	1	842680
3370.896	n/a	Target	2	842724
3371.072	n/a	NonTarget	1	842768
3371.244	n/a	NonTarget	1	842811
3371.42	n/a	NonTarget	1	842855
3371.596	n/a	NonTarget	1	842899
3371.772	n/a	Target	2	842943
3371.948	n/a	NonTarget	1	842987
3372.12	n/a	NonTarget	1	843030
3372.296	n/a	NonTarget	1	843074
3372.476	n/a	NonTarget	1	843119
3372.648	n/a	NonTarget	1	843162
3372.824	n/a	NonTarget	1	843206
3372.996	n/a	NonTarget	1	843249
3373.172	n/a	Target	2	843293
3373.344	n/a	NonTarget	1	843336
3373.52	n/a	NonTarget	1	843380
3373.696	n/a	NonTarget	1	843424
3373.872	n/a	NonTarget	1	843468
3374.048	n/a	Target	2	843512
3374.224	n/a	NonTarget	1	843556
3374.396	n/a	NonTarget	1	843599
3374.576	n/a	NonTarget	1	843644
3374.744	n/a	NonTarget	1	843686
3374.92	n/a	NonTarget	1	843730
3375.096	n/a	Target	2	843774
3375.272	n/a	NonTarget	1	843818
3375.448	n/a	NonTarget	1	843862
3375.62	n/a	NonTarget	1	843905
3375.796	n/a	NonTarget	1	843949
3375.968	n/a	NonTarget	1	843992
3376.144	n/a	NonTarget	1	844036
3376.32	n/a	NonTarget	1	844080
3376.496	n/a	Target	2	844124
3376.672	n/a	NonTarget	1	844168
3376.844	n/a	NonTarget	1	844211
3377.02	n/a	Target	2	844255
3377.196	n/a	NonTarget	1	844299
3377.372	n/a	NonTarget	1	844343
3377.544	n/a	NonTarget	1	844386
3377.72	n/a	NonTarget	1	844430
3377.896	n/a	NonTarget	1	844474
3378.072	n/a	Target	2	844518
3378.244	n/a	NonTarget	1	844561
3378.42	n/a	NonTarget	1	844605
3378.596	n/a	NonTarget	1	844649
3378.772	n/a	NonTarget	1	844693
3378.948	n/a	NonTarget	1	844737
3379.12	n/a	NonTarget	1	844780
3379.296	n/a	Target	2	844824
3379.48	n/a	NonTarget	1	844870
3379.644	n/a	NonTarget	1	844911
3379.82	n/a	NonTarget	1	844955
3379.996	n/a	NonTarget	1	844999
3380.172	n/a	NonTarget	1	845043
3380.344	n/a	Target	2	845086
3380.52	n/a	NonTarget	1	845130
3380.7	n/a	NonTarget	1	845175
3380.872	n/a	NonTarget	1	845218
3381.044	n/a	NonTarget	1	845261
3381.22	n/a	Target	2	845305
3381.396	n/a	NonTarget	1	845349
3381.572	n/a	NonTarget	1	845393
3381.744	n/a	NonTarget	1	845436
3381.92	n/a	NonTarget	1	845480
3382.096	n/a	NonTarget	1	845524
3382.272	n/a	NonTarget	1	845568
3382.448	n/a	NonTarget	1	845612
3382.62	n/a	NonTarget	1	845655
3382.796	n/a	NonTarget	1	845699
3382.972	n/a	NonTarget	1	845743
3383.144	n/a	Target	2	845786
3383.32	n/a	NonTarget	1	845830
3383.5	n/a	NonTarget	1	845875
3383.672	n/a	NonTarget	1	845918
3383.844	n/a	NonTarget	1	845961
3384.024	n/a	Target	2	846006
3384.196	n/a	NonTarget	1	846049
3402.372	n/a	NonTarget	1	850593
3402.548	n/a	Target	2	850637
3402.72	n/a	NonTarget	1	850680
3402.896	n/a	NonTarget	1	850724
3403.072	n/a	NonTarget	1	850768
3403.248	n/a	NonTarget	1	850812
3403.42	n/a	NonTarget	1	850855
3403.596	n/a	NonTarget	1	850899
3403.772	n/a	NonTarget	1	850943
3403.948	n/a	NonTarget	1	850987
3404.12	n/a	Target	2	851030
3404.296	n/a	NonTarget	1	851074
3404.472	n/a	NonTarget	1	851118
3404.648	n/a	NonTarget	1	851162
3404.832	n/a	NonTarget	1	851208
3404.996	n/a	NonTarget	1	851249
3405.176	n/a	Target	2	851294
3405.348	n/a	NonTarget	1	851337
3405.52	n/a	NonTarget	1	851380
3405.696	n/a	NonTarget	1	851424
3405.872	n/a	NonTarget	1	851468
3406.048	n/a	Target	2	851512
3406.228	n/a	NonTarget	1	851557
3406.396	n/a	NonTarget	1	851599
3406.572	n/a	Target	2	851643
3406.748	n/a	NonTarget	1	851687
3406.92	n/a	NonTarget	1	851730
3407.096	n/a	NonTarget	1	851774
3407.272	n/a	NonTarget	1	851818
3407.448	n/a	NonTarget	1	851862
3407.62	n/a	NonTarget	1	851905
3407.796	n/a	NonTarget	1	851949
3407.972	n/a	NonTarget	1	851993
3408.148	n/a	NonTarget	1	852037
3408.32	n/a	NonTarget	1	852080
3408.496	n/a	Target	2	852124
3408.672	n/a	NonTarget	1	852168
3408.848	n/a	NonTarget	1	852212
3409.024	n/a	NonTarget	1	852256
3409.196	n/a	NonTarget	1	852299
3409.372	n/a	NonTarget	1	852343
3409.548	n/a	Target	2	852387
3409.72	n/a	NonTarget	1	852430
3409.904	n/a	NonTarget	1	852476
3410.072	n/a	NonTarget	1	852518
3410.244	n/a	NonTarget	1	852561
3410.42	n/a	NonTarget	1	852605
3410.596	n/a	Target	2	852649
3410.772	n/a	NonTarget	1	852693
3410.948	n/a	NonTarget	1	852737
3411.12	n/a	NonTarget	1	852780
3411.296	n/a	NonTarget	1	852824
3411.472	n/a	Target	2	852868
3411.648	n/a	NonTarget	1	852912
3411.82	n/a	NonTarget	1	852955
3411.996	n/a	NonTarget	1	852999
3412.172	n/a	NonTarget	1	853043
3412.348	n/a	NonTarget	1	853087
3412.52	n/a	Target	2	853130
3412.696	n/a	NonTarget	1	853174
3412.872	n/a	NonTarget	1	853218
3413.048	n/a	NonTarget	1	853262
3413.22	n/a	NonTarget	1	853305
3413.396	n/a	Target	2	853349
3413.584	n/a	NonTarget	1	853396
3413.748	n/a	NonTarget	1	853437
3413.92	n/a	NonTarget	1	853480
3414.096	n/a	NonTarget	1	853524
3414.272	n/a	NonTarget	1	853568
3414.448	n/a	NonTarget	1	853612
3414.624	n/a	Target	2	853656
3414.796	n/a	NonTarget	1	853699
3414.976	n/a	NonTarget	1	853744
3415.148	n/a	Target	2	853787
3415.32	n/a	NonTarget	1	853830
3415.496	n/a	NonTarget	1	853874
3415.672	n/a	NonTarget	1	853918
3415.848	n/a	NonTarget	1	853962
3416.02	n/a	NonTarget	1	854005
3416.196	n/a	NonTarget	1	854049
3416.372	n/a	Target	2	854093
3416.548	n/a	NonTarget	1	854137
3416.72	n/a	NonTarget	1	854180
3416.896	n/a	NonTarget	1	854224
3417.072	n/a	NonTarget	1	854268
3417.248	n/a	Target	2	854312
3417.424	n/a	NonTarget	1	854356
3417.596	n/a	NonTarget	1	854399
3417.772	n/a	NonTarget	1	854443
3417.948	n/a	NonTarget	1	854487
3439.68	n/a	NonTarget	1	859920
3439.852	n/a	NonTarget	1	859963
3440.028	n/a	NonTarget	1	860007
3440.204	n/a	NonTarget	1	860051
3440.38	n/a	NonTarget	1	860095
3440.552	n/a	Target	2	860138
3440.728	n/a	NonTarget	1	860182
3440.904	n/a	NonTarget	1	860226
3441.084	n/a	NonTarget	1	860271
3441.252	n/a	NonTarget	1	860313
3441.428	n/a	NonTarget	1	860357
3441.604	n/a	Target	2	860401
3441.78	n/a	NonTarget	1	860445
3441.952	n/a	NonTarget	1	860488
3442.128	n/a	NonTarget	1	860532
3442.304	n/a	Target	2	860576
3442.48	n/a	NonTarget	1	860620
3442.652	n/a	NonTarget	1	860663
3442.828	n/a	NonTarget	1	860707
3443.004	n/a	NonTarget	1	860751
3443.18	n/a	NonTarget	1	860795
3443.356	n/a	NonTarget	1	860839
3443.528	n/a	NonTarget	1	860882
3443.704	n/a	Target	2	860926
3443.88	n/a	NonTarget	1	860970
3444.052	n/a	NonTarget	1	861013
3444.228	n/a	NonTarget	1	861057
3444.404	n/a	NonTarget	1	861101
3444.576	n/a	NonTarget	1	861144
3444.76	n/a	Target	2	861190
3444.928	n/a	NonTarget	1	861232
3445.104	n/a	NonTarget	1	861276
3445.28	n/a	NonTarget	1	861320
3445.456	n/a	NonTarget	1	861364
3445.628	n/a	NonTarget	1	861407
3445.808	n/a	Target	2	861452
3445.98	n/a	NonTarget	1	861495
3446.152	n/a	NonTarget	1	861538
3446.336	n/a	NonTarget	1	861584
3446.504	n/a	NonTarget	1	861626
3446.68	n/a	NonTarget	1	861670
3446.852	n/a	Target	2	861713
3447.028	n/a	NonTarget	1	861757
3447.204	n/a	NonTarget	1	861801
3447.38	n/a	NonTarget	1	861845
3447.552	n/a	NonTarget	1	861888
3447.732	n/a	Target	2	861933
3447.904	n/a	NonTarget	1	861976
3448.08	n/a	NonTarget	1	862020
3448.252	n/a	NonTarget	1	862063
3448.428	n/a	NonTarget	1	862107
3448.604	n/a	NonTarget	1	862151
3448.78	n/a	NonTarget	1	862195
3448.964	n/a	Target	2	862241
3449.128	n/a	NonTarget	1	862282
3449.304	n/a	NonTarget	1	862326
3449.48	n/a	NonTarget	1	862370
3449.652	n/a	Target	2	862413
3449.828	n/a	NonTarget	1	862457
3450.008	n/a	NonTarget	1	862502
3450.18	n/a	NonTarget	1	862545
3450.352	n/a	Target	2	862588
3450.532	n/a	NonTarget	1	862633
3450.704	n/a	NonTarget	1	862676
3450.88	n/a	NonTarget	1	862720
3451.052	n/a	NonTarget	1	862763
3451.228	n/a	Target	2	862807
3451.416	n/a	NonTarget	1	862854
3451.58	n/a	NonTarget	1	862895
3451.756	n/a	NonTarget	1	862939
3451.928	n/a	NonTarget	1	862982
3452.104	n/a	NonTarget	1	863026
3452.28	n/a	Target	2	863070
3452.452	n/a	NonTarget	1	863113
3452.628	n/a	NonTarget	1	863157
3452.804	n/a	NonTarget	1	863201
3452.98	n/a	NonTarget	1	863245
3453.152	n/a	NonTarget	1	863288
3453.332	n/a	NonTarget	1	863333
3453.504	n/a	NonTarget	1	863376
3453.688	n/a	NonTarget	1	863422
3453.852	n/a	NonTarget	1	863463
3454.028	n/a	NonTarget	1	863507
3454.204	n/a	Target	2	863551
3454.38	n/a	NonTarget	1	863595
3454.552	n/a	NonTarget	1	863638
3454.728	n/a	NonTarget	1	863682
3454.904	n/a	NonTarget	1	863726
3455.08	n/a	NonTarget	1	863770
3455.252	n/a	Target	2	863813
3470.1	n/a	NonTarget	1	867525
3470.28	n/a	Target	2	867570
3470.448	n/a	NonTarget	1	867612
3470.624	n/a	NonTarget	1	867656
3470.8	n/a	NonTarget	1	867700
3470.976	n/a	NonTarget	1	867744
3471.152	n/a	NonTarget	1	867788
3471.332	n/a	Target	2	867833
3471.5	n/a	NonTarget	1	867875
3471.676	n/a	NonTarget	1	867919
3471.848	n/a	NonTarget	1	867962
3472.024	n/a	NonTarget	1	868006
3472.2	n/a	NonTarget	1	868050
3472.376	n/a	NonTarget	1	868094
3472.548	n/a	NonTarget	1	868137
3472.724	n/a	Target	2	868181
3472.9	n/a	NonTarget	1	868225
3473.076	n/a	NonTarget	1	868269
3473.248	n/a	Target	2	868312
3473.424	n/a	NonTarget	1	868356
3473.6	n/a	NonTarget	1	868400
3473.776	n/a	NonTarget	1	868444
3473.956	n/a	NonTarget	1	868489
3474.124	n/a	NonTarget	1	868531
3474.3	n/a	Target	2	868575
3474.476	n/a	NonTarget	1	868619
3474.656	n/a	NonTarget	1	868664
3474.824	n/a	NonTarget	1	868706
3475.0	n/a	NonTarget	1	868750
3475.176	n/a	NonTarget	1	868794
3475.348	n/a	NonTarget	1	868837
3475.532	n/a	Target	2	868883
3475.7	n/a	NonTarget	1	868925
3475.876	n/a	NonTarget	1	868969
3476.052	n/a	NonTarget	1	869013
3476.224	n/a	NonTarget	1	869056
3476.4	n/a	NonTarget	1	869100
3476.576	n/a	Target	2	869144
3476.748	n/a	NonTarget	1	869187
3476.924	n/a	NonTarget	1	869231
3477.1	n/a	NonTarget	1	869275
3477.276	n/a	NonTarget	1	869319
3477.448	n/a	Target	2	869362
3477.624	n/a	NonTarget	1	869406
3477.8	n/a	NonTarget	1	869450
3477.976	n/a	NonTarget	1	869494
3478.148	n/a	NonTarget	1	869537
3478.324	n/a	NonTarget	1	869581
3478.5	n/a	NonTarget	1	869625
3478.676	n/a	NonTarget	1	869669
3478.848	n/a	NonTarget	1	869712
3479.024	n/a	NonTarget	1	869756
3479.2	n/a	NonTarget	1	869800
3479.372	n/a	Target	2	869843
3479.552	n/a	NonTarget	1	869888
3479.728	n/a	NonTarget	1	869932
3479.9	n/a	NonTarget	1	869975
3480.076	n/a	NonTarget	1	870019
3480.248	n/a	Target	2	870062
3480.424	n/a	NonTarget	1	870106
3480.6	n/a	NonTarget	1	870150
3480.776	n/a	NonTarget	1	870194
3480.948	n/a	Target	2	870237
3481.124	n/a	NonTarget	1	870281
3481.3	n/a	NonTarget	1	870325
3481.476	n/a	NonTarget	1	870369
3481.648	n/a	Target	2	870412
3481.828	n/a	NonTarget	1	870457
3482.004	n/a	NonTarget	1	870501
3482.176	n/a	NonTarget	1	870544
3482.348	n/a	NonTarget	1	870587
3482.524	n/a	NonTarget	1	870631
3482.7	n/a	NonTarget	1	870675
3482.88	n/a	NonTarget	1	870720
3483.052	n/a	Target	2	870763
3483.224	n/a	NonTarget	1	870806
3483.404	n/a	NonTarget	1	870851
3483.576	n/a	NonTarget	1	870894
3483.748	n/a	NonTarget	1	870937
3483.924	n/a	NonTarget	1	870981
3484.1	n/a	NonTarget	1	871025
3484.276	n/a	NonTarget	1	871069
3484.448	n/a	NonTarget	1	871112
3484.624	n/a	Target	2	871156
3484.8	n/a	NonTarget	1	871200
3484.976	n/a	NonTarget	1	871244
3485.156	n/a	NonTarget	1	871289
3485.324	n/a	Target	2	871331
3485.508	n/a	NonTarget	1	871377
3485.68	n/a	NonTarget	1	871420
3506.616	n/a	Target	2	876654
3506.792	n/a	NonTarget	1	876698
3506.968	n/a	NonTarget	1	876742
3507.14	n/a	NonTarget	1	876785
3507.316	n/a	NonTarget	1	876829
3507.492	n/a	NonTarget	1	876873
3507.668	n/a	NonTarget	1	876917
3507.84	n/a	NonTarget	1	876960
3508.016	n/a	Target	2	877004
3508.196	n/a	NonTarget	1	877049
3508.368	n/a	NonTarget	1	877092
3508.54	n/a	NonTarget	1	877135
3508.72	n/a	NonTarget	1	877180
3508.892	n/a	NonTarget	1	877223
3509.068	n/a	NonTarget	1	877267
3509.24	n/a	Target	2	877310
3509.416	n/a	NonTarget	1	877354
3509.592	n/a	NonTarget	1	877398
3509.764	n/a	NonTarget	1	877441
3509.94	n/a	NonTarget	1	877485
3510.116	n/a	Target	2	877529
3510.292	n/a	NonTarget	1	877573
3510.464	n/a	NonTarget	1	877616
3510.64	n/a	NonTarget	1	877660
3510.816	n/a	Target	2	877704
3510.992	n/a	NonTarget	1	877748
3511.172	n/a	NonTarget	1	877793
3511.34	n/a	NonTarget	1	877835
3511.516	n/a	NonTarget	1	877879
3511.692	n/a	NonTarget	1	877923
3511.868	n/a	NonTarget	1	877967
3512.04	n/a	NonTarget	1	878010
3512.216	n/a	NonTarget	1	878054
3512.392	n/a	NonTarget	1	878098
3512.568	n/a	NonTarget	1	878142
3512.74	n/a	Target	2	878185
3512.916	n/a	NonTarget	1	878229
3513.088	n/a	NonTarget	1	878272
3513.264	n/a	Target	2	878316
3513.44	n/a	NonTarget	1	878360
3513.616	n/a	NonTarget	1	878404
3513.792	n/a	NonTarget	1	878448
3513.964	n/a	NonTarget	1	878491
3514.14	n/a	NonTarget	1	878535
3514.316	n/a	NonTarget	1	878579
3514.492	n/a	NonTarget	1	878623
3514.664	n/a	NonTarget	1	878666
3514.84	n/a	Target	2	878710
3515.028	n/a	NonTarget	1	878757
3515.192	n/a	NonTarget	1	878798
3515.368	n/a	NonTarget	1	878842
3515.54	n/a	NonTarget	1	878885
3515.716	n/a	Target	2	878929
3515.888	n/a	NonTarget	1	878972
3516.064	n/a	NonTarget	1	879016
3516.24	n/a	NonTarget	1	879060
3516.416	n/a	NonTarget	1	879104
3516.592	n/a	Target	2	879148
3516.764	n/a	NonTarget	1	879191
3516.94	n/a	NonTarget	1	879235
3517.116	n/a	NonTarget	1	879279
3517.296	n/a	NonTarget	1	879324
3517.468	n/a	NonTarget	1	879367
3517.644	n/a	NonTarget	1	879411
3517.816	n/a	NonTarget	1	879454
3517.988	n/a	Target	2	879497
3518.164	n/a	NonTarget	1	879541
3518.34	n/a	NonTarget	1	879585
3518.516	n/a	NonTarget	1	879629
3518.692	n/a	NonTarget	1	879673
3518.868	n/a	NonTarget	1	879717
3519.04	n/a	Target	2	879760
3519.216	n/a	NonTarget	1	879804
3519.396	n/a	NonTarget	1	879849
3519.568	n/a	NonTarget	1	879892
3519.74	n/a	Target	2	879935
3519.916	n/a	NonTarget	1	879979
3520.092	n/a	NonTarget	1	880023
3520.268	n/a	NonTarget	1	880067
3520.448	n/a	NonTarget	1	880112
3520.62	n/a	NonTarget	1	880155
3520.792	n/a	NonTarget	1	880198
3520.964	n/a	NonTarget	1	880241
3521.14	n/a	Target	2	880285
3521.316	n/a	NonTarget	1	880329
3521.492	n/a	NonTarget	1	880373
3521.664	n/a	NonTarget	1	880416
3521.84	n/a	NonTarget	1	880460
3522.016	n/a	NonTarget	1	880504
3522.192	n/a	Target	2	880548
3537.284	n/a	NonTarget	1	884321
3537.46	n/a	Target	2	884365
3537.636	n/a	NonTarget	1	884409
3537.808	n/a	NonTarget	1	884452
3537.984	n/a	NonTarget	1	884496
3538.16	n/a	NonTarget	1	884540
3538.34	n/a	NonTarget	1	884585
3538.508	n/a	NonTarget	1	884627
3538.684	n/a	Target	2	884671
3538.86	n/a	NonTarget	1	884715
3539.036	n/a	NonTarget	1	884759
3539.208	n/a	NonTarget	1	884802
3539.384	n/a	NonTarget	1	884846
3539.56	n/a	NonTarget	1	884890
3539.736	n/a	Target	2	884934
3539.908	n/a	NonTarget	1	884977
3540.084	n/a	NonTarget	1	885021
3540.26	n/a	NonTarget	1	885065
3540.436	n/a	NonTarget	1	885109
3540.608	n/a	NonTarget	1	885152
3540.784	n/a	NonTarget	1	885196
3540.96	n/a	Target	2	885240
3541.136	n/a	NonTarget	1	885284
3541.308	n/a	NonTarget	1	885327
3541.484	n/a	NonTarget	1	885371
3541.66	n/a	NonTarget	1	885415
3541.836	n/a	NonTarget	1	885459
3542.008	n/a	NonTarget	1	885502
3542.192	n/a	NonTarget	1	885548
3542.36	n/a	Target	2	885590
3542.544	n/a	NonTarget	1	885636
3542.708	n/a	NonTarget	1	885677
3542.884	n/a	NonTarget	1	885721
3543.06	n/a	NonTarget	1	885765
3543.236	n/a	Target	2	885809
3543.408	n/a	NonTarget	1	885852
3543.584	n/a	NonTarget	1	885896
3543.76	n/a	NonTarget	1	885940
3543.94	n/a	NonTarget	1	885985
3544.108	n/a	Target	2	886027
3544.284	n/a	NonTarget	1	886071
3544.46	n/a	NonTarget	1	886115
3544.636	n/a	NonTarget	1	886159
3544.808	n/a	NonTarget	1	886202
3544.984	n/a	NonTarget	1	886246
3545.16	n/a	Target	2	886290
3545.336	n/a	NonTarget	1	886334
3545.512	n/a	NonTarget	1	886378
3545.684	n/a	NonTarget	1	886421
3545.86	n/a	Target	2	886465
3546.036	n/a	NonTarget	1	886509
3546.208	n/a	NonTarget	1	886552
3546.396	n/a	NonTarget	1	886599
3546.56	n/a	NonTarget	1	886640
3546.736	n/a	NonTarget	1	886684
3546.908	n/a	NonTarget	1	886727
3547.084	n/a	NonTarget	1	886771
3547.264	n/a	Target	2	886816
3547.436	n/a	NonTarget	1	886859
3547.608	n/a	NonTarget	1	886902
3547.784	n/a	NonTarget	1	886946
3547.96	n/a	NonTarget	1	886990
3548.132	n/a	NonTarget	1	887033
3548.308	n/a	NonTarget	1	887077
3548.484	n/a	Target	2	887121
3548.664	n/a	NonTarget	1	887166
3548.836	n/a	NonTarget	1	887209
3549.008	n/a	NonTarget	1	887252
3549.184	n/a	NonTarget	1	887296
3549.36	n/a	NonTarget	1	887340
3549.536	n/a	Target	2	887384
3549.708	n/a	NonTarget	1	887427
3549.884	n/a	NonTarget	1	887471
3550.06	n/a	NonTarget	1	887515
3550.236	n/a	NonTarget	1	887559
3550.408	n/a	NonTarget	1	887602
3550.584	n/a	Target	2	887646
3550.76	n/a	NonTarget	1	887690
3550.936	n/a	NonTarget	1	887734
3551.108	n/a	Target	2	887777
3551.284	n/a	NonTarget	1	887821
3551.46	n/a	NonTarget	1	887865
3551.636	n/a	NonTarget	1	887909
3551.808	n/a	NonTarget	1	887952
3551.984	n/a	NonTarget	1	887996
3552.16	n/a	Target	2	888040
3552.336	n/a	NonTarget	1	888084
3552.512	n/a	NonTarget	1	888128
3552.684	n/a	NonTarget	1	888171
3552.864	n/a	NonTarget	1	888216
3573.588	n/a	Target	2	893397
3573.764	n/a	NonTarget	1	893441
3573.936	n/a	NonTarget	1	893484
3574.112	n/a	NonTarget	1	893528
3574.288	n/a	NonTarget	1	893572
3574.464	n/a	NonTarget	1	893616
3574.636	n/a	Target	2	893659
3574.812	n/a	NonTarget	1	893703
3574.988	n/a	NonTarget	1	893747
3575.164	n/a	NonTarget	1	893791
3575.34	n/a	NonTarget	1	893835
3575.512	n/a	NonTarget	1	893878
3575.688	n/a	NonTarget	1	893922
3575.868	n/a	Target	2	893967
3576.036	n/a	NonTarget	1	894009
3576.212	n/a	NonTarget	1	894053
3576.388	n/a	NonTarget	1	894097
3576.564	n/a	NonTarget	1	894141
3576.736	n/a	Target	2	894184
3576.912	n/a	NonTarget	1	894228
3577.088	n/a	NonTarget	1	894272
3577.264	n/a	NonTarget	1	894316
3577.436	n/a	NonTarget	1	894359
3577.612	n/a	NonTarget	1	894403
3577.788	n/a	NonTarget	1	894447
3577.96	n/a	Target	2	894490
3578.136	n/a	NonTarget	1	894534
3578.312	n/a	NonTarget	1	894578
3578.496	n/a	NonTarget	1	894624
3578.664	n/a	NonTarget	1	894666
3578.836	n/a	NonTarget	1	894709
3579.012	n/a	Target	2	894753
3579.188	n/a	NonTarget	1	894797
3579.364	n/a	NonTarget	1	894841
3579.536	n/a	NonTarget	1	894884
3579.712	n/a	NonTarget	1	894928
3579.888	n/a	NonTarget	1	894972
3580.072	n/a	NonTarget	1	895018
3580.236	n/a	NonTarget	1	895059
3580.412	n/a	NonTarget	1	895103
3580.588	n/a	Target	2	895147
3580.764	n/a	NonTarget	1	895191
3580.956	n/a	NonTarget	1	895239
3581.112	n/a	NonTarget	1	895278
3581.288	n/a	NonTarget	1	895322
3581.46	n/a	NonTarget	1	895365
3581.636	n/a	Target	2	895409
3581.816	n/a	NonTarget	1	895454
3581.988	n/a	NonTarget	1	895497
3582.164	n/a	NonTarget	1	895541
3582.34	n/a	NonTarget	1	895585
3582.512	n/a	Target	2	895628
3582.688	n/a	NonTarget	1	895672
3582.864	n/a	NonTarget	1	895716
3583.036	n/a	Target	2	895759
3583.212	n/a	NonTarget	1	895803
3583.388	n/a	NonTarget	1	895847
3583.564	n/a	NonTarget	1	895891
3583.736	n/a	NonTarget	1	895934
3583.912	n/a	NonTarget	1	895978
3584.088	n/a	NonTarget	1	896022
3584.264	n/a	NonTarget	1	896066
3584.436	n/a	NonTarget	1	896109
3584.612	n/a	NonTarget	1	896153
3584.788	n/a	NonTarget	1	896197
3584.964	n/a	Target	2	896241
3585.14	n/a	NonTarget	1	896285
3585.312	n/a	NonTarget	1	896328
3585.492	n/a	NonTarget	1	896373
3585.664	n/a	NonTarget	1	896416
3585.836	n/a	NonTarget	1	896459
3586.016	n/a	Target	2	896504
3586.188	n/a	NonTarget	1	896547
3586.364	n/a	NonTarget	1	896591
3586.536	n/a	NonTarget	1	896634
3586.712	n/a	NonTarget	1	896678
3586.888	n/a	NonTarget	1	896722
3587.068	n/a	Target	2	896767
3587.236	n/a	NonTarget	1	896809
3587.412	n/a	NonTarget	1	896853
3587.596	n/a	NonTarget	1	896899
3587.764	n/a	NonTarget	1	896941
3587.936	n/a	Target	2	896984
3588.116	n/a	NonTarget	1	897029
3588.288	n/a	NonTarget	1	897072
3588.464	n/a	NonTarget	1	897116
3588.636	n/a	NonTarget	1	897159
3588.816	n/a	NonTarget	1	897204
3588.988	n/a	Target	2	897247
3589.164	n/a	NonTarget	1	897291
3603.956	n/a	NonTarget	1	900989
3604.132	n/a	Target	2	901033
3604.308	n/a	NonTarget	1	901077
3604.48	n/a	NonTarget	1	901120
3604.656	n/a	NonTarget	1	901164
3604.832	n/a	NonTarget	1	901208
3605.004	n/a	NonTarget	1	901251
3605.184	n/a	NonTarget	1	901296
3605.356	n/a	NonTarget	1	901339
3605.532	n/a	NonTarget	1	901383
3605.708	n/a	NonTarget	1	901427
3605.88	n/a	Target	2	901470
3606.056	n/a	NonTarget	1	901514
3606.232	n/a	NonTarget	1	901558
3606.404	n/a	Target	2	901601
3606.58	n/a	NonTarget	1	901645
3606.756	n/a	NonTarget	1	901689
3606.932	n/a	NonTarget	1	901733
3607.104	n/a	NonTarget	1	901776
3607.28	n/a	Target	2	901820
3607.456	n/a	NonTarget	1	901864
3607.632	n/a	NonTarget	1	901908
3607.804	n/a	NonTarget	1	901951
3607.98	n/a	NonTarget	1	901995
3608.156	n/a	Target	2	902039
3608.328	n/a	NonTarget	1	902082
3608.504	n/a	NonTarget	1	902126
3608.68	n/a	NonTarget	1	902170
3608.856	n/a	NonTarget	1	902214
3609.032	n/a	NonTarget	1	902258
3609.204	n/a	Target	2	902301
3609.38	n/a	NonTarget	1	902345
3609.556	n/a	NonTarget	1	902389
3609.732	n/a	NonTarget	1	902433
3609.908	n/a	NonTarget	1	902477
3610.08	n/a	NonTarget	1	902520
3610.26	n/a	NonTarget	1	902565
3610.432	n/a	NonTarget	1	902608
3610.604	n/a	NonTarget	1	902651
3610.78	n/a	Target	2	902695
3610.956	n/a	NonTarget	1	902739
3611.132	n/a	NonTarget	1	902783
3611.304	n/a	NonTarget	1	902826
3611.48	n/a	NonTarget	1	902870
3611.656	n/a	NonTarget	1	902914
3611.832	n/a	NonTarget	1	902958
3612.004	n/a	NonTarget	1	903001
3612.18	n/a	Target	2	903045
3612.356	n/a	NonTarget	1	903089
3612.532	n/a	NonTarget	1	903133
3612.704	n/a	Target	2	903176
3612.88	n/a	NonTarget	1	903220
3613.056	n/a	NonTarget	1	903264
3613.232	n/a	NonTarget	1	903308
3613.408	n/a	NonTarget	1	903352
3613.58	n/a	Target	2	903395
3613.756	n/a	NonTarget	1	903439
3613.932	n/a	NonTarget	1	903483
3614.104	n/a	NonTarget	1	903526
3614.28	n/a	NonTarget	1	903570
3614.456	n/a	NonTarget	1	903614
3614.632	n/a	NonTarget	1	903658
3614.808	n/a	Target	2	903702
3614.98	n/a	NonTarget	1	903745
3615.156	n/a	NonTarget	1	903789
3615.328	n/a	NonTarget	1	903832
3615.504	n/a	NonTarget	1	903876
3615.68	n/a	NonTarget	1	903920
3615.856	n/a	NonTarget	1	903964
3616.032	n/a	Target	2	904008
3616.204	n/a	NonTarget	1	904051
3616.396	n/a	NonTarget	1	904099
3616.556	n/a	NonTarget	1	904139
3616.732	n/a	Target	2	904183
3616.904	n/a	NonTarget	1	904226
3617.08	n/a	NonTarget	1	904270
3617.256	n/a	NonTarget	1	904314
3617.432	n/a	NonTarget	1	904358
3617.604	n/a	Target	2	904401
3617.78	n/a	NonTarget	1	904445
3617.956	n/a	NonTarget	1	904489
3618.132	n/a	NonTarget	1	904533
3618.304	n/a	NonTarget	1	904576
3618.48	n/a	NonTarget	1	904620
3618.656	n/a	NonTarget	1	904664
3618.832	n/a	Target	2	904708
3619.004	n/a	NonTarget	1	904751
3619.18	n/a	NonTarget	1	904795
3619.356	n/a	NonTarget	1	904839
3619.532	n/a	NonTarget	1	904883
3640.472	n/a	NonTarget	1	910118
3640.644	n/a	NonTarget	1	910161
3640.82	n/a	NonTarget	1	910205
3640.996	n/a	NonTarget	1	910249
3641.172	n/a	Target	2	910293
3641.348	n/a	NonTarget	1	910337
3641.52	n/a	NonTarget	1	910380
3641.696	n/a	NonTarget	1	910424
3641.872	n/a	NonTarget	1	910468
3642.048	n/a	Target	2	910512
3642.22	n/a	NonTarget	1	910555
3642.396	n/a	NonTarget	1	910599
3642.572	n/a	NonTarget	1	910643
3642.748	n/a	NonTarget	1	910687
3642.92	n/a	NonTarget	1	910730
3643.096	n/a	Target	2	910774
3643.272	n/a	NonTarget	1	910818
3643.444	n/a	NonTarget	1	910861
3643.62	n/a	NonTarget	1	910905
3643.796	n/a	Target	2	910949
3643.972	n/a	NonTarget	1	910993
3644.144	n/a	NonTarget	1	911036
3644.32	n/a	NonTarget	1	911080
3644.496	n/a	NonTarget	1	911124
3644.672	n/a	NonTarget	1	911168
3644.844	n/a	NonTarget	1	911211
3645.02	n/a	NonTarget	1	911255
3645.196	n/a	Target	2	911299
3645.372	n/a	NonTarget	1	911343
3645.544	n/a	NonTarget	1	911386
3645.72	n/a	NonTarget	1	911430
3645.896	n/a	NonTarget	1	911474
3646.072	n/a	NonTarget	1	911518
3646.244	n/a	NonTarget	1	911561
3646.42	n/a	Target	2	911605
3646.596	n/a	NonTarget	1	911649
3646.772	n/a	NonTarget	1	911693
3646.944	n/a	NonTarget	1	911736
3647.12	n/a	NonTarget	1	911780
3647.296	n/a	NonTarget	1	911824
3647.472	n/a	Target	2	911868
3647.644	n/a	NonTarget	1	911911
3647.82	n/a	NonTarget	1	911955
3647.996	n/a	NonTarget	1	911999
3648.168	n/a	NonTarget	1	912042
3648.344	n/a	NonTarget	1	912086
3648.52	n/a	Target	2	912130
3648.7	n/a	NonTarget	1	912175
3648.872	n/a	NonTarget	1	912218
3649.06	n/a	Target	2	912265
3649.22	n/a	NonTarget	1	912305
3649.396	n/a	NonTarget	1	912349
3649.572	n/a	NonTarget	1	912393
3649.744	n/a	NonTarget	1	912436
3649.932	n/a	NonTarget	1	912483
3650.096	n/a	Target	2	912524
3650.272	n/a	NonTarget	1	912568
3650.452	n/a	NonTarget	1	912613
3650.628	n/a	NonTarget	1	912657
3650.796	n/a	NonTarget	1	912699
3650.972	n/a	Target	2	912743
3651.152	n/a	NonTarget	1	912788
3651.32	n/a	NonTarget	1	912830
3651.496	n/a	NonTarget	1	912874
3651.676	n/a	NonTarget	1	912919
3651.844	n/a	NonTarget	1	912961
3652.02	n/a	Target	2	913005
3652.196	n/a	NonTarget	1	913049
3652.372	n/a	NonTarget	1	913093
3652.544	n/a	NonTarget	1	913136
3652.72	n/a	NonTarget	1	913180
3652.896	n/a	NonTarget	1	913224
3653.072	n/a	NonTarget	1	913268
3653.248	n/a	Target	2	913312
3653.424	n/a	NonTarget	1	913356
3653.596	n/a	NonTarget	1	913399
3653.78	n/a	NonTarget	1	913445
3653.944	n/a	NonTarget	1	913486
3654.12	n/a	Target	2	913530
3654.296	n/a	NonTarget	1	913574
3654.472	n/a	NonTarget	1	913618
3654.644	n/a	NonTarget	1	913661
3654.82	n/a	NonTarget	1	913705
3654.996	n/a	NonTarget	1	913749
3655.172	n/a	NonTarget	1	913793
3655.344	n/a	Target	2	913836
3655.52	n/a	NonTarget	1	913880
3655.696	n/a	NonTarget	1	913924
3655.876	n/a	NonTarget	1	913969
3656.056	n/a	NonTarget	1	914014
3670.812	n/a	NonTarget	1	917703
3670.988	n/a	NonTarget	1	917747
3671.16	n/a	NonTarget	1	917790
3671.336	n/a	NonTarget	1	917834
3671.512	n/a	NonTarget	1	917878
3671.688	n/a	Target	2	917922
3671.86	n/a	NonTarget	1	917965
3672.036	n/a	NonTarget	1	918009
3672.212	n/a	NonTarget	1	918053
3672.388	n/a	Target	2	918097
3672.56	n/a	NonTarget	1	918140
3672.736	n/a	NonTarget	1	918184
3672.912	n/a	NonTarget	1	918228
3673.088	n/a	NonTarget	1	918272
3673.268	n/a	NonTarget	1	918317
3673.436	n/a	Target	2	918359
3673.612	n/a	NonTarget	1	918403
3673.788	n/a	NonTarget	1	918447
3673.96	n/a	NonTarget	1	918490
3674.136	n/a	NonTarget	1	918534
3674.312	n/a	NonTarget	1	918578
3674.488	n/a	NonTarget	1	918622
3674.66	n/a	Target	2	918665
3674.836	n/a	NonTarget	1	918709
3675.012	n/a	NonTarget	1	918753
3675.188	n/a	NonTarget	1	918797
3675.36	n/a	NonTarget	1	918840
3675.548	n/a	NonTarget	1	918887
3675.712	n/a	Target	2	918928
3675.888	n/a	NonTarget	1	918972
3676.064	n/a	NonTarget	1	919016
3676.236	n/a	NonTarget	1	919059
3676.412	n/a	NonTarget	1	919103
3676.588	n/a	Target	2	919147
3676.768	n/a	NonTarget	1	919192
3676.94	n/a	NonTarget	1	919235
3677.112	n/a	Target	2	919278
3677.288	n/a	NonTarget	1	919322
3677.46	n/a	NonTarget	1	919365
3677.636	n/a	NonTarget	1	919409
3677.812	n/a	NonTarget	1	919453
3677.988	n/a	NonTarget	1	919497
3678.16	n/a	NonTarget	1	919540
3678.336	n/a	Target	2	919584
3678.512	n/a	NonTarget	1	919628
3678.688	n/a	NonTarget	1	919672
3678.86	n/a	NonTarget	1	919715
3679.036	n/a	NonTarget	1	919759
3679.212	n/a	Target	2	919803
3679.392	n/a	NonTarget	1	919848
3679.56	n/a	NonTarget	1	919890
3679.736	n/a	NonTarget	1	919934
3679.912	n/a	NonTarget	1	919978
3680.088	n/a	NonTarget	1	920022
3680.26	n/a	NonTarget	1	920065
3680.436	n/a	NonTarget	1	920109
3680.612	n/a	Target	2	920153
3680.788	n/a	NonTarget	1	920197
3680.96	n/a	NonTarget	1	920240
3681.136	n/a	NonTarget	1	920284
3681.312	n/a	NonTarget	1	920328
3681.496	n/a	Target	2	920374
3681.668	n/a	NonTarget	1	920417
3681.836	n/a	NonTarget	1	920459
3682.012	n/a	NonTarget	1	920503
3682.184	n/a	NonTarget	1	920546
3682.36	n/a	NonTarget	1	920590
3682.536	n/a	NonTarget	1	920634
3682.712	n/a	NonTarget	1	920678
3682.888	n/a	NonTarget	1	920722
3683.06	n/a	NonTarget	1	920765
3683.236	n/a	Target	2	920809
3683.412	n/a	NonTarget	1	920853
3683.588	n/a	NonTarget	1	920897
3683.76	n/a	Target	2	920940
3683.94	n/a	NonTarget	1	920985
3684.112	n/a	NonTarget	1	921028
3684.288	n/a	NonTarget	1	921072
3684.464	n/a	NonTarget	1	921116
3684.636	n/a	Target	2	921159
3684.812	n/a	NonTarget	1	921203
3684.988	n/a	NonTarget	1	921247
3685.16	n/a	NonTarget	1	921290
3685.336	n/a	NonTarget	1	921334
3685.512	n/a	Target	2	921378
3685.688	n/a	NonTarget	1	921422
3685.864	n/a	NonTarget	1	921466
3686.036	n/a	NonTarget	1	921509
3686.212	n/a	NonTarget	1	921553
3686.392	n/a	NonTarget	1	921598
3707.064	n/a	NonTarget	1	926766
3707.24	n/a	NonTarget	1	926810
3707.416	n/a	NonTarget	1	926854
3707.588	n/a	NonTarget	1	926897
3707.768	n/a	Target	2	926942
3707.94	n/a	NonTarget	1	926985
3708.116	n/a	NonTarget	1	927029
3708.288	n/a	NonTarget	1	927072
3708.464	n/a	Target	2	927116
3708.64	n/a	NonTarget	1	927160
3708.812	n/a	NonTarget	1	927203
3708.992	n/a	NonTarget	1	927248
3709.164	n/a	Target	2	927291
3709.34	n/a	NonTarget	1	927335
3709.516	n/a	NonTarget	1	927379
3709.692	n/a	NonTarget	1	927423
3709.864	n/a	NonTarget	1	927466
3710.04	n/a	NonTarget	1	927510
3710.212	n/a	Target	2	927553
3710.388	n/a	NonTarget	1	927597
3710.564	n/a	NonTarget	1	927641
3710.74	n/a	NonTarget	1	927685
3710.912	n/a	NonTarget	1	927728
3711.088	n/a	NonTarget	1	927772
3711.264	n/a	Target	2	927816
3711.44	n/a	NonTarget	1	927860
3711.612	n/a	NonTarget	1	927903
3711.788	n/a	NonTarget	1	927947
3711.964	n/a	NonTarget	1	927991
3712.14	n/a	NonTarget	1	928035
3712.312	n/a	Target	2	928078
3712.488	n/a	NonTarget	1	928122
3712.664	n/a	NonTarget	1	928166
3712.84	n/a	NonTarget	1	928210
3713.016	n/a	NonTarget	1	928254
3713.188	n/a	NonTarget	1	928297
3713.364	n/a	NonTarget	1	928341
3713.544	n/a	NonTarget	1	928386
3713.716	n/a	NonTarget	1	928429
3713.888	n/a	NonTarget	1	928472
3714.064	n/a	Target	2	928516
3714.24	n/a	NonTarget	1	928560
3714.412	n/a	NonTarget	1	928603
3714.588	n/a	NonTarget	1	928647
3714.764	n/a	NonTarget	1	928691
3714.94	n/a	NonTarget	1	928735
3715.112	n/a	NonTarget	1	928778
3715.288	n/a	Target	2	928822
3715.464	n/a	NonTarget	1	928866
3715.64	n/a	NonTarget	1	928910
3715.812	n/a	Target	2	928953
3715.988	n/a	NonTarget	1	928997
3716.164	n/a	NonTarget	1	929041
3716.348	n/a	NonTarget	1	929087
3716.516	n/a	NonTarget	1	929129
3716.688	n/a	NonTarget	1	929172
3716.868	n/a	Target	2	929217
3717.04	n/a	NonTarget	1	929260
3717.212	n/a	NonTarget	1	929303
3717.388	n/a	NonTarget	1	929347
3717.564	n/a	Target	2	929391
3717.74	n/a	NonTarget	1	929435
3717.916	n/a	NonTarget	1	929479
3718.088	n/a	NonTarget	1	929522
3718.264	n/a	NonTarget	1	929566
3718.44	n/a	NonTarget	1	929610
3718.616	n/a	NonTarget	1	929654
3718.788	n/a	Target	2	929697
3718.964	n/a	NonTarget	1	929741
3719.14	n/a	NonTarget	1	929785
3719.312	n/a	NonTarget	1	929828
3719.488	n/a	NonTarget	1	929872
3719.664	n/a	NonTarget	1	929916
3719.84	n/a	Target	2	929960
3720.024	n/a	NonTarget	1	930006
3720.188	n/a	NonTarget	1	930047
3720.364	n/a	NonTarget	1	930091
3720.54	n/a	NonTarget	1	930135
3720.712	n/a	Target	2	930178
3720.896	n/a	NonTarget	1	930224
3721.064	n/a	NonTarget	1	930266
3721.24	n/a	NonTarget	1	930310
3721.412	n/a	NonTarget	1	930353
3721.588	n/a	NonTarget	1	930397
3721.764	n/a	NonTarget	1	930441
3721.94	n/a	NonTarget	1	930485
3722.112	n/a	Target	2	930528
3722.288	n/a	NonTarget	1	930572
3722.464	n/a	NonTarget	1	930616
3722.64	n/a	NonTarget	1	930660
3740.956	n/a	NonTarget	1	935239
3741.128	n/a	NonTarget	1	935282
3741.304	n/a	NonTarget	1	935326
3741.48	n/a	NonTarget	1	935370
3741.656	n/a	Target	2	935414
3741.828	n/a	NonTarget	1	935457
3742.004	n/a	NonTarget	1	935501
3742.18	n/a	NonTarget	1	935545
3742.356	n/a	NonTarget	1	935589
3742.532	n/a	NonTarget	1	935633
3742.704	n/a	Target	2	935676
3742.88	n/a	NonTarget	1	935720
3743.056	n/a	NonTarget	1	935764
3743.228	n/a	NonTarget	1	935807
3743.404	n/a	NonTarget	1	935851
3743.58	n/a	NonTarget	1	935895
3743.756	n/a	Target	2	935939
3743.928	n/a	NonTarget	1	935982
3744.104	n/a	NonTarget	1	936026
3744.28	n/a	Target	2	936070
3744.456	n/a	NonTarget	1	936114
3744.628	n/a	NonTarget	1	936157
3744.804	n/a	NonTarget	1	936201
3744.988	n/a	NonTarget	1	936247
3745.156	n/a	NonTarget	1	936289
3745.328	n/a	Target	2	936332
3745.504	n/a	NonTarget	1	936376
3745.68	n/a	NonTarget	1	936420
3745.852	n/a	NonTarget	1	936463
3746.028	n/a	NonTarget	1	936507
3746.204	n/a	Target	2	936551
3746.38	n/a	NonTarget	1	936595
3746.552	n/a	NonTarget	1	936638
3746.74	n/a	NonTarget	1	936685
3746.904	n/a	NonTarget	1	936726
3747.08	n/a	NonTarget	1	936770
3747.26	n/a	Target	2	936815
3747.436	n/a	NonTarget	1	936859
3747.604	n/a	NonTarget	1	936901
3747.78	n/a	NonTarget	1	936945
3747.956	n/a	NonTarget	1	936989
3748.128	n/a	NonTarget	1	937032
3748.308	n/a	NonTarget	1	937077
3748.48	n/a	Target	2	937120
3748.66	n/a	NonTarget	1	937165
3748.828	n/a	NonTarget	1	937207
3749.004	n/a	NonTarget	1	937251
3749.18	n/a	NonTarget	1	937295
3749.352	n/a	Target	2	937338
3749.528	n/a	NonTarget	1	937382
3749.704	n/a	NonTarget	1	937426
3749.88	n/a	NonTarget	1	937470
3750.052	n/a	NonTarget	1	937513
3750.228	n/a	NonTarget	1	937557
3750.404	n/a	NonTarget	1	937601
3750.58	n/a	Target	2	937645
3750.752	n/a	NonTarget	1	937688
3750.928	n/a	NonTarget	1	937732
3751.104	n/a	NonTarget	1	937776
3751.28	n/a	NonTarget	1	937820
3751.452	n/a	NonTarget	1	937863
3751.628	n/a	Target	2	937907
3751.804	n/a	NonTarget	1	937951
3751.98	n/a	NonTarget	1	937995
3752.156	n/a	NonTarget	1	938039
3752.328	n/a	NonTarget	1	938082
3752.508	n/a	NonTarget	1	938127
3752.68	n/a	NonTarget	1	938170
3752.864	n/a	NonTarget	1	938216
3753.032	n/a	NonTarget	1	938258
3753.204	n/a	Target	2	938301
3753.392	n/a	NonTarget	1	938348
3753.552	n/a	NonTarget	1	938388
3753.728	n/a	NonTarget	1	938432
3753.904	n/a	NonTarget	1	938476
3754.08	n/a	NonTarget	1	938520
3754.256	n/a	Target	2	938564
3754.428	n/a	NonTarget	1	938607
3754.604	n/a	NonTarget	1	938651
3754.78	n/a	NonTarget	1	938695
3754.956	n/a	NonTarget	1	938739
3755.128	n/a	Target	2	938782
3755.304	n/a	NonTarget	1	938826
3755.48	n/a	NonTarget	1	938870
3755.652	n/a	Target	2	938913
3755.828	n/a	NonTarget	1	938957
3756.004	n/a	NonTarget	1	939001
3756.18	n/a	NonTarget	1	939045
3756.352	n/a	NonTarget	1	939088
3756.528	n/a	NonTarget	1	939132
3777.484	n/a	NonTarget	1	944371
3777.66	n/a	NonTarget	1	944415
3777.836	n/a	NonTarget	1	944459
3778.008	n/a	NonTarget	1	944502
3778.184	n/a	Target	2	944546
3778.364	n/a	NonTarget	1	944591
3778.532	n/a	NonTarget	1	944633
3778.708	n/a	Target	2	944677
3778.888	n/a	NonTarget	1	944722
3779.06	n/a	NonTarget	1	944765
3779.236	n/a	NonTarget	1	944809
3779.408	n/a	NonTarget	1	944852
3779.584	n/a	Target	2	944896
3779.76	n/a	NonTarget	1	944940
3779.936	n/a	NonTarget	1	944984
3780.108	n/a	NonTarget	1	945027
3780.284	n/a	NonTarget	1	945071
3780.46	n/a	NonTarget	1	945115
3780.632	n/a	NonTarget	1	945158
3780.808	n/a	NonTarget	1	945202
3780.984	n/a	NonTarget	1	945246
3781.16	n/a	Target	2	945290
3781.336	n/a	NonTarget	1	945334
3781.508	n/a	NonTarget	1	945377
3781.688	n/a	NonTarget	1	945422
3781.86	n/a	NonTarget	1	945465
3782.036	n/a	NonTarget	1	945509
3782.208	n/a	Target	2	945552
3782.384	n/a	NonTarget	1	945596
3782.56	n/a	NonTarget	1	945640
3782.736	n/a	NonTarget	1	945684
3782.908	n/a	NonTarget	1	945727
3783.084	n/a	Target	2	945771
3783.26	n/a	NonTarget	1	945815
3783.436	n/a	NonTarget	1	945859
3783.608	n/a	NonTarget	1	945902
3783.788	n/a	NonTarget	1	945947
3783.96	n/a	NonTarget	1	945990
3784.136	n/a	NonTarget	1	946034
3784.308	n/a	Target	2	946077
3784.484	n/a	NonTarget	1	946121
3784.66	n/a	NonTarget	1	946165
3784.832	n/a	Target	2	946208
3785.008	n/a	NonTarget	1	946252
3785.184	n/a	NonTarget	1	946296
3785.356	n/a	NonTarget	1	946339
3785.532	n/a	NonTarget	1	946383
3785.708	n/a	NonTarget	1	946427
3785.888	n/a	NonTarget	1	946472
3786.06	n/a	NonTarget	1	946515
3786.236	n/a	NonTarget	1	946559
3786.412	n/a	NonTarget	1	946603
3786.584	n/a	NonTarget	1	946646
3786.76	n/a	Target	2	946690
3786.936	n/a	NonTarget	1	946734
3787.112	n/a	NonTarget	1	946778
3787.284	n/a	NonTarget	1	946821
3787.46	n/a	NonTarget	1	946865
3787.636	n/a	NonTarget	1	946909
3787.808	n/a	Target	2	946952
3787.984	n/a	NonTarget	1	946996
3788.16	n/a	NonTarget	1	947040
3788.332	n/a	NonTarget	1	947083
3788.508	n/a	NonTarget	1	947127
3788.684	n/a	Target	2	947171
3788.86	n/a	NonTarget	1	947215
3789.032	n/a	NonTarget	1	947258
3789.208	n/a	NonTarget	1	947302
3789.384	n/a	Target	2	947346
3789.56	n/a	NonTarget	1	947390
3789.732	n/a	NonTarget	1	947433
3789.912	n/a	NonTarget	1	947478
3790.084	n/a	Target	2	947521
3790.26	n/a	NonTarget	1	947565
3790.436	n/a	NonTarget	1	947609
3790.608	n/a	NonTarget	1	947652
3790.784	n/a	NonTarget	1	947696
3790.964	n/a	NonTarget	1	947741
3791.14	n/a	Target	2	947785
3791.308	n/a	NonTarget	1	947827
3791.496	n/a	NonTarget	1	947874
3791.66	n/a	NonTarget	1	947915
3791.832	n/a	NonTarget	1	947958
3792.008	n/a	NonTarget	1	948002
3792.184	n/a	Target	2	948046
3792.36	n/a	NonTarget	1	948090
3792.532	n/a	NonTarget	1	948133
3792.708	n/a	NonTarget	1	948177
3792.884	n/a	NonTarget	1	948221
3793.06	n/a	NonTarget	1	948265
3811.312	n/a	NonTarget	1	952828
3811.488	n/a	Target	2	952872
3811.66	n/a	NonTarget	1	952915
3811.836	n/a	NonTarget	1	952959
3812.012	n/a	NonTarget	1	953003
3812.184	n/a	NonTarget	1	953046
3812.372	n/a	NonTarget	1	953093
3812.536	n/a	NonTarget	1	953134
3812.712	n/a	Target	2	953178
3812.888	n/a	NonTarget	1	953222
3813.06	n/a	NonTarget	1	953265
3813.236	n/a	NonTarget	1	953309
3813.408	n/a	NonTarget	1	953352
3813.584	n/a	NonTarget	1	953396
3813.76	n/a	Target	2	953440
3813.936	n/a	NonTarget	1	953484
3814.12	n/a	NonTarget	1	953530
3814.288	n/a	NonTarget	1	953572
3814.46	n/a	NonTarget	1	953615
3814.636	n/a	NonTarget	1	953659
3814.812	n/a	NonTarget	1	953703
3814.988	n/a	Target	2	953747
3815.168	n/a	NonTarget	1	953792
3815.336	n/a	NonTarget	1	953834
3815.512	n/a	NonTarget	1	953878
3815.684	n/a	NonTarget	1	953921
3815.86	n/a	NonTarget	1	953965
3816.036	n/a	NonTarget	1	954009
3816.212	n/a	NonTarget	1	954053
3816.388	n/a	Target	2	954097
3816.56	n/a	NonTarget	1	954140
3816.736	n/a	NonTarget	1	954184
3816.912	n/a	NonTarget	1	954228
3817.084	n/a	NonTarget	1	954271
3817.26	n/a	Target	2	954315
3817.436	n/a	NonTarget	1	954359
3817.612	n/a	NonTarget	1	954403
3817.788	n/a	NonTarget	1	954447
3817.964	n/a	NonTarget	1	954491
3818.144	n/a	Target	2	954536
3818.312	n/a	NonTarget	1	954578
3818.484	n/a	NonTarget	1	954621
3818.66	n/a	NonTarget	1	954665
3818.836	n/a	NonTarget	1	954709
3819.008	n/a	NonTarget	1	954752
3819.184	n/a	Target	2	954796
3819.36	n/a	NonTarget	1	954840
3819.536	n/a	NonTarget	1	954884
3819.712	n/a	NonTarget	1	954928
3819.888	n/a	Target	2	954972
3820.06	n/a	NonTarget	1	955015
3820.236	n/a	NonTarget	1	955059
3820.412	n/a	NonTarget	1	955103
3820.584	n/a	NonTarget	1	955146
3820.76	n/a	NonTarget	1	955190
3820.936	n/a	NonTarget	1	955234
3821.116	n/a	NonTarget	1	955279
3821.284	n/a	Target	2	955321
3821.46	n/a	NonTarget	1	955365
3821.636	n/a	NonTarget	1	955409
3821.816	n/a	NonTarget	1	955454
3821.984	n/a	NonTarget	1	955496
3822.16	n/a	NonTarget	1	955540
3822.336	n/a	NonTarget	1	955584
3822.512	n/a	Target	2	955628
3822.684	n/a	NonTarget	1	955671
3822.86	n/a	NonTarget	1	955715
3823.036	n/a	NonTarget	1	955759
3823.212	n/a	NonTarget	1	955803
3823.388	n/a	NonTarget	1	955847
3823.56	n/a	Target	2	955890
3823.744	n/a	NonTarget	1	955936
3823.912	n/a	NonTarget	1	955978
3824.084	n/a	NonTarget	1	956021
3824.264	n/a	NonTarget	1	956066
3824.436	n/a	NonTarget	1	956109
3824.612	n/a	Target	2	956153
3824.788	n/a	NonTarget	1	956197
3824.96	n/a	NonTarget	1	956240
3825.136	n/a	Target	2	956284
3825.312	n/a	NonTarget	1	956328
3825.484	n/a	NonTarget	1	956371
3825.66	n/a	NonTarget	1	956415
3825.836	n/a	NonTarget	1	956459
3826.012	n/a	NonTarget	1	956503
3826.184	n/a	Target	2	956546
3826.36	n/a	NonTarget	1	956590
3826.536	n/a	NonTarget	1	956634
3826.712	n/a	NonTarget	1	956678
3826.888	n/a	NonTarget	1	956722
3848.608	n/a	Target	2	962152
3848.784	n/a	NonTarget	1	962196
3848.956	n/a	NonTarget	1	962239
3849.132	n/a	NonTarget	1	962283
3849.308	n/a	NonTarget	1	962327
3849.484	n/a	NonTarget	1	962371
3849.664	n/a	Target	2	962416
3849.832	n/a	NonTarget	1	962458
3850.008	n/a	NonTarget	1	962502
3850.184	n/a	NonTarget	1	962546
3850.356	n/a	NonTarget	1	962589
3850.532	n/a	NonTarget	1	962633
3850.708	n/a	NonTarget	1	962677
3850.884	n/a	Target	2	962721
3851.06	n/a	NonTarget	1	962765
3851.232	n/a	NonTarget	1	962808
3851.408	n/a	NonTarget	1	962852
3851.584	n/a	NonTarget	1	962896
3851.756	n/a	Target	2	962939
3851.932	n/a	NonTarget	1	962983
3852.108	n/a	NonTarget	1	963027
3852.284	n/a	NonTarget	1	963071
3852.456	n/a	NonTarget	1	963114
3852.636	n/a	NonTarget	1	963159
3852.808	n/a	NonTarget	1	963202
3852.984	n/a	Target	2	963246
3853.156	n/a	NonTarget	1	963289
3853.332	n/a	NonTarget	1	963333
3853.508	n/a	NonTarget	1	963377
3853.684	n/a	NonTarget	1	963421
3853.86	n/a	NonTarget	1	963465
3854.032	n/a	Target	2	963508
3854.208	n/a	NonTarget	1	963552
3854.38	n/a	NonTarget	1	963595
3854.56	n/a	NonTarget	1	963640
3854.732	n/a	NonTarget	1	963683
3854.908	n/a	NonTarget	1	963727
3855.084	n/a	NonTarget	1	963771
3855.256	n/a	NonTarget	1	963814
3855.432	n/a	NonTarget	1	963858
3855.608	n/a	Target	2	963902
3855.784	n/a	NonTarget	1	963946
3855.956	n/a	NonTarget	1	963989
3856.136	n/a	NonTarget	1	964034
3856.308	n/a	NonTarget	1	964077
3856.484	n/a	NonTarget	1	964121
3856.656	n/a	Target	2	964164
3856.832	n/a	NonTarget	1	964208
3857.008	n/a	NonTarget	1	964252
3857.184	n/a	NonTarget	1	964296
3857.356	n/a	NonTarget	1	964339
3857.532	n/a	Target	2	964383
3857.708	n/a	NonTarget	1	964427
3857.884	n/a	NonTarget	1	964471
3858.06	n/a	Target	2	964515
3858.232	n/a	NonTarget	1	964558
3858.408	n/a	NonTarget	1	964602
3858.584	n/a	NonTarget	1	964646
3858.756	n/a	NonTarget	1	964689
3858.936	n/a	NonTarget	1	964734
3859.108	n/a	NonTarget	1	964777
3859.284	n/a	NonTarget	1	964821
3859.456	n/a	NonTarget	1	964864
3859.632	n/a	NonTarget	1	964908
3859.808	n/a	NonTarget	1	964952
3859.984	n/a	Target	2	964996
3860.156	n/a	NonTarget	1	965039
3860.332	n/a	NonTarget	1	965083
3860.508	n/a	NonTarget	1	965127
3860.684	n/a	NonTarget	1	965171
3860.856	n/a	NonTarget	1	965214
3861.032	n/a	Target	2	965258
3861.208	n/a	NonTarget	1	965302
3861.384	n/a	NonTarget	1	965346
3861.556	n/a	NonTarget	1	965389
3861.732	n/a	NonTarget	1	965433
3861.908	n/a	NonTarget	1	965477
3862.084	n/a	Target	2	965521
3862.256	n/a	NonTarget	1	965564
3862.432	n/a	NonTarget	1	965608
3862.608	n/a	NonTarget	1	965652
3862.784	n/a	NonTarget	1	965696
3862.956	n/a	Target	2	965739
3863.132	n/a	NonTarget	1	965783
3863.308	n/a	NonTarget	1	965827
3863.484	n/a	NonTarget	1	965871
3863.656	n/a	NonTarget	1	965914
3863.832	n/a	NonTarget	1	965958
3864.012	n/a	Target	2	966003
3864.184	n/a	NonTarget	1	966046
3878.948	n/a	NonTarget	1	969737
3879.124	n/a	Target	2	969781
3879.3	n/a	NonTarget	1	969825
3879.476	n/a	NonTarget	1	969869
3879.648	n/a	NonTarget	1	969912
3879.824	n/a	NonTarget	1	969956
3880.004	n/a	NonTarget	1	970001
3880.176	n/a	NonTarget	1	970044
3880.356	n/a	NonTarget	1	970089
3880.524	n/a	NonTarget	1	970131
3880.704	n/a	NonTarget	1	970176
3880.876	n/a	Target	2	970219
3881.048	n/a	NonTarget	1	970262
3881.224	n/a	NonTarget	1	970306
3881.4	n/a	Target	2	970350
3881.576	n/a	NonTarget	1	970394
3881.748	n/a	NonTarget	1	970437
3881.924	n/a	NonTarget	1	970481
3882.104	n/a	NonTarget	1	970526
3882.276	n/a	Target	2	970569
3882.448	n/a	NonTarget	1	970612
3882.624	n/a	NonTarget	1	970656
3882.8	n/a	NonTarget	1	970700
3882.976	n/a	NonTarget	1	970744
3883.148	n/a	Target	2	970787
3883.324	n/a	NonTarget	1	970831
3883.5	n/a	NonTarget	1	970875
3883.676	n/a	NonTarget	1	970919
3883.848	n/a	NonTarget	1	970962
3884.024	n/a	NonTarget	1	971006
3884.2	n/a	Target	2	971050
3884.376	n/a	NonTarget	1	971094
3884.548	n/a	NonTarget	1	971137
3884.724	n/a	NonTarget	1	971181
3884.9	n/a	NonTarget	1	971225
3885.076	n/a	NonTarget	1	971269
3885.248	n/a	NonTarget	1	971312
3885.424	n/a	NonTarget	1	971356
3885.604	n/a	NonTarget	1	971401
3885.776	n/a	Target	2	971444
3885.948	n/a	NonTarget	1	971487
3886.124	n/a	NonTarget	1	971531
3886.3	n/a	NonTarget	1	971575
3886.476	n/a	NonTarget	1	971619
3886.652	n/a	NonTarget	1	971663
3886.824	n/a	NonTarget	1	971706
3887.0	n/a	NonTarget	1	971750
3887.176	n/a	Target	2	971794
3887.36	n/a	NonTarget	1	971840
3887.524	n/a	NonTarget	1	971881
3887.7	n/a	Target	2	971925
3887.876	n/a	NonTarget	1	971969
3888.048	n/a	NonTarget	1	972012
3888.224	n/a	NonTarget	1	972056
3888.396	n/a	NonTarget	1	972099
3888.576	n/a	Target	2	972144
3888.748	n/a	NonTarget	1	972187
3888.924	n/a	NonTarget	1	972231
3889.1	n/a	NonTarget	1	972275
3889.276	n/a	NonTarget	1	972319
3889.448	n/a	NonTarget	1	972362
3889.624	n/a	NonTarget	1	972406
3889.8	n/a	Target	2	972450
3889.976	n/a	NonTarget	1	972494
3890.156	n/a	NonTarget	1	972539
3890.324	n/a	NonTarget	1	972581
3890.5	n/a	NonTarget	1	972625
3890.676	n/a	NonTarget	1	972669
3890.848	n/a	NonTarget	1	972712
3891.024	n/a	Target	2	972756
3891.2	n/a	NonTarget	1	972800
3891.376	n/a	NonTarget	1	972844
3891.548	n/a	NonTarget	1	972887
3891.724	n/a	Target	2	972931
3891.9	n/a	NonTarget	1	972975
3892.076	n/a	NonTarget	1	973019
3892.248	n/a	NonTarget	1	973062
3892.432	n/a	NonTarget	1	973108
3892.608	n/a	Target	2	973152
3892.776	n/a	NonTarget	1	973194
3892.956	n/a	NonTarget	1	973239
3893.124	n/a	NonTarget	1	973281
3893.3	n/a	NonTarget	1	973325
3893.476	n/a	NonTarget	1	973369
3893.648	n/a	NonTarget	1	973412
3893.824	n/a	Target	2	973456
3894.0	n/a	NonTarget	1	973500
3894.176	n/a	NonTarget	1	973544
3894.348	n/a	NonTarget	1	973587
3894.536	n/a	NonTarget	1	973634
3915.228	n/a	NonTarget	1	978807
3915.404	n/a	Target	2	978851
3915.58	n/a	NonTarget	1	978895
3915.752	n/a	NonTarget	1	978938
3915.928	n/a	NonTarget	1	978982
3916.104	n/a	NonTarget	1	979026
3916.28	n/a	Target	2	979070
3916.452	n/a	NonTarget	1	979113
3916.636	n/a	NonTarget	1	979159
3916.804	n/a	NonTarget	1	979201
3916.98	n/a	NonTarget	1	979245
3917.152	n/a	NonTarget	1	979288
3917.328	n/a	Target	2	979332
3917.504	n/a	NonTarget	1	979376
3917.68	n/a	NonTarget	1	979420
3917.852	n/a	NonTarget	1	979463
3918.028	n/a	NonTarget	1	979507
3918.204	n/a	NonTarget	1	979551
3918.38	n/a	NonTarget	1	979595
3918.552	n/a	NonTarget	1	979638
3918.728	n/a	NonTarget	1	979682
3918.904	n/a	NonTarget	1	979726
3919.084	n/a	NonTarget	1	979771
3919.252	n/a	Target	2	979813
3919.428	n/a	NonTarget	1	979857
3919.604	n/a	NonTarget	1	979901
3919.78	n/a	NonTarget	1	979945
3919.956	n/a	NonTarget	1	979989
3920.128	n/a	NonTarget	1	980032
3920.304	n/a	Target	2	980076
3920.48	n/a	NonTarget	1	980120
3920.652	n/a	NonTarget	1	980163
3920.828	n/a	Target	2	980207
3921.0	n/a	NonTarget	1	980250
3921.176	n/a	NonTarget	1	980294
3921.352	n/a	NonTarget	1	980338
3921.528	n/a	NonTarget	1	980382
3921.704	n/a	NonTarget	1	980426
3921.88	n/a	Target	2	980470
3922.052	n/a	NonTarget	1	980513
3922.228	n/a	NonTarget	1	980557
3922.404	n/a	NonTarget	1	980601
3922.58	n/a	NonTarget	1	980645
3922.752	n/a	NonTarget	1	980688
3922.928	n/a	Target	2	980732
3923.104	n/a	NonTarget	1	980776
3923.28	n/a	NonTarget	1	980820
3923.452	n/a	NonTarget	1	980863
3923.628	n/a	NonTarget	1	980907
3923.804	n/a	NonTarget	1	980951
3923.98	n/a	NonTarget	1	980995
3924.152	n/a	NonTarget	1	981038
3924.328	n/a	NonTarget	1	981082
3924.504	n/a	Target	2	981126
3924.68	n/a	NonTarget	1	981170
3924.852	n/a	NonTarget	1	981213
3925.032	n/a	NonTarget	1	981258
3925.204	n/a	NonTarget	1	981301
3925.384	n/a	Target	2	981346
3925.552	n/a	NonTarget	1	981388
3925.728	n/a	NonTarget	1	981432
3925.904	n/a	NonTarget	1	981476
3926.076	n/a	Target	2	981519
3926.252	n/a	NonTarget	1	981563
3926.436	n/a	NonTarget	1	981609
3926.604	n/a	NonTarget	1	981651
3926.788	n/a	NonTarget	1	981697
3926.952	n/a	NonTarget	1	981738
3927.128	n/a	NonTarget	1	981782
3927.304	n/a	NonTarget	1	981826
3927.476	n/a	NonTarget	1	981869
3927.652	n/a	Target	2	981913
3927.828	n/a	NonTarget	1	981957
3928.004	n/a	NonTarget	1	982001
3928.18	n/a	NonTarget	1	982045
3928.352	n/a	NonTarget	1	982088
3928.528	n/a	Target	2	982132
3928.704	n/a	NonTarget	1	982176
3928.88	n/a	NonTarget	1	982220
3929.06	n/a	NonTarget	1	982265
3929.228	n/a	NonTarget	1	982307
3929.404	n/a	NonTarget	1	982351
3929.58	n/a	Target	2	982395
3929.752	n/a	NonTarget	1	982438
3929.928	n/a	NonTarget	1	982482
3930.104	n/a	NonTarget	1	982526
3930.28	n/a	NonTarget	1	982570
3930.452	n/a	NonTarget	1	982613
3930.628	n/a	NonTarget	1	982657
3930.804	n/a	Target	2	982701
3945.916	n/a	NonTarget	1	986479
3946.088	n/a	NonTarget	1	986522
3946.264	n/a	NonTarget	1	986566
3946.44	n/a	NonTarget	1	986610
3946.616	n/a	NonTarget	1	986654
3946.788	n/a	Target	2	986697
3946.964	n/a	NonTarget	1	986741
3947.14	n/a	NonTarget	1	986785
3947.316	n/a	NonTarget	1	986829
3947.488	n/a	Target	2	986872
3947.664	n/a	NonTarget	1	986916
3947.84	n/a	NonTarget	1	986960
3948.016	n/a	NonTarget	1	987004
3948.196	n/a	NonTarget	1	987049
3948.364	n/a	NonTarget	1	987091
3948.54	n/a	Target	2	987135
3948.716	n/a	NonTarget	1	987179
3948.888	n/a	NonTarget	1	987222
3949.064	n/a	NonTarget	1	987266
3949.24	n/a	NonTarget	1	987310
3949.416	n/a	NonTarget	1	987354
3949.588	n/a	NonTarget	1	987397
3949.764	n/a	Target	2	987441
3949.94	n/a	NonTarget	1	987485
3950.124	n/a	NonTarget	1	987531
3950.288	n/a	NonTarget	1	987572
3950.464	n/a	NonTarget	1	987616
3950.644	n/a	NonTarget	1	987661
3950.812	n/a	Target	2	987703
3950.992	n/a	NonTarget	1	987748
3951.164	n/a	NonTarget	1	987791
3951.34	n/a	NonTarget	1	987835
3951.516	n/a	NonTarget	1	987879
3951.688	n/a	Target	2	987922
3951.864	n/a	NonTarget	1	987966
3952.04	n/a	NonTarget	1	988010
3952.212	n/a	Target	2	988053
3952.388	n/a	NonTarget	1	988097
3952.564	n/a	NonTarget	1	988141
3952.74	n/a	NonTarget	1	988185
3952.916	n/a	NonTarget	1	988229
3953.088	n/a	NonTarget	1	988272
3953.264	n/a	NonTarget	1	988316
3953.44	n/a	Target	2	988360
3953.612	n/a	NonTarget	1	988403
3953.796	n/a	NonTarget	1	988449
3953.964	n/a	NonTarget	1	988491
3954.14	n/a	NonTarget	1	988535
3954.316	n/a	Target	2	988579
3954.488	n/a	NonTarget	1	988622
3954.664	n/a	NonTarget	1	988666
3954.84	n/a	NonTarget	1	988710
3955.012	n/a	NonTarget	1	988753
3955.188	n/a	NonTarget	1	988797
3955.364	n/a	NonTarget	1	988841
3955.54	n/a	NonTarget	1	988885
3955.712	n/a	Target	2	988928
3955.888	n/a	NonTarget	1	988972
3956.064	n/a	NonTarget	1	989016
3956.24	n/a	NonTarget	1	989060
3956.416	n/a	NonTarget	1	989104
3956.588	n/a	Target	2	989147
3956.764	n/a	NonTarget	1	989191
3956.94	n/a	NonTarget	1	989235
3957.112	n/a	NonTarget	1	989278
3957.292	n/a	NonTarget	1	989323
3957.464	n/a	NonTarget	1	989366
3957.652	n/a	NonTarget	1	989413
3957.812	n/a	NonTarget	1	989453
3957.996	n/a	NonTarget	1	989499
3958.164	n/a	NonTarget	1	989541
3958.34	n/a	Target	2	989585
3958.52	n/a	NonTarget	1	989630
3958.688	n/a	NonTarget	1	989672
3958.864	n/a	Target	2	989716
3959.04	n/a	NonTarget	1	989760
3959.212	n/a	NonTarget	1	989803
3959.388	n/a	NonTarget	1	989847
3959.564	n/a	NonTarget	1	989891
3959.74	n/a	Target	2	989935
3959.912	n/a	NonTarget	1	989978
3960.088	n/a	NonTarget	1	990022
3960.264	n/a	NonTarget	1	990066
3960.44	n/a	NonTarget	1	990110
3960.612	n/a	Target	2	990153
3960.788	n/a	NonTarget	1	990197
3960.964	n/a	NonTarget	1	990241
3961.14	n/a	NonTarget	1	990285
3961.312	n/a	NonTarget	1	990328
3961.488	n/a	NonTarget	1	990372
