onset	duration	trial_type	value	sample
11.64	n/a	Target	2	2910
11.812	n/a	NonTarget	1	2953
11.988	n/a	NonTarget	1	2997
12.164	n/a	NonTarget	1	3041
12.34	n/a	NonTarget	1	3085
12.512	n/a	NonTarget	1	3128
12.688	n/a	NonTarget	1	3172
12.864	n/a	Target	2	3216
13.04	n/a	NonTarget	1	3260
13.212	n/a	NonTarget	1	3303
13.388	n/a	NonTarget	1	3347
13.564	n/a	NonTarget	1	3391
13.74	n/a	NonTarget	1	3435
13.912	n/a	NonTarget	1	3478
14.088	n/a	NonTarget	1	3522
14.264	n/a	NonTarget	1	3566
14.436	n/a	NonTarget	1	3609
14.612	n/a	Target	2	3653
14.788	n/a	NonTarget	1	3697
14.964	n/a	NonTarget	1	3741
15.136	n/a	NonTarget	1	3784
15.312	n/a	Target	2	3828
15.488	n/a	NonTarget	1	3872
15.664	n/a	NonTarget	1	3916
15.836	n/a	NonTarget	1	3959
16.012	n/a	Target	2	4003
16.188	n/a	NonTarget	1	4047
16.364	n/a	NonTarget	1	4091
16.536	n/a	NonTarget	1	4134
16.712	n/a	NonTarget	1	4178
16.888	n/a	Target	2	4222
17.064	n/a	NonTarget	1	4266
17.24	n/a	NonTarget	1	4310
17.412	n/a	NonTarget	1	4353
17.588	n/a	NonTarget	1	4397
17.764	n/a	NonTarget	1	4441
17.936	n/a	NonTarget	1	4484
18.112	n/a	NonTarget	1	4528
18.288	n/a	Target	2	4572
18.464	n/a	NonTarget	1	4616
18.64	n/a	NonTarget	1	4660
18.812	n/a	NonTarget	1	4703
18.988	n/a	NonTarget	1	4747
19.164	n/a	NonTarget	1	4791
19.336	n/a	NonTarget	1	4834
19.512	n/a	NonTarget	1	4878
19.688	n/a	NonTarget	1	4922
19.864	n/a	Target	2	4966
20.036	n/a	NonTarget	1	5009
20.212	n/a	NonTarget	1	5053
20.388	n/a	NonTarget	1	5097
20.564	n/a	NonTarget	1	5141
20.74	n/a	Target	2	5185
20.912	n/a	NonTarget	1	5228
21.088	n/a	NonTarget	1	5272
21.264	n/a	NonTarget	1	5316
21.436	n/a	NonTarget	1	5359
21.612	n/a	NonTarget	1	5403
21.788	n/a	Target	2	5447
21.964	n/a	NonTarget	1	5491
22.136	n/a	NonTarget	1	5534
22.312	n/a	NonTarget	1	5578
22.488	n/a	NonTarget	1	5622
22.664	n/a	NonTarget	1	5666
22.836	n/a	Target	2	5709
23.012	n/a	NonTarget	1	5753
23.188	n/a	NonTarget	1	5797
23.364	n/a	NonTarget	1	5841
23.536	n/a	Target	2	5884
23.712	n/a	NonTarget	1	5928
23.888	n/a	NonTarget	1	5972
24.064	n/a	NonTarget	1	6016
24.24	n/a	NonTarget	1	6060
24.412	n/a	NonTarget	1	6103
24.588	n/a	NonTarget	1	6147
24.764	n/a	NonTarget	1	6191
24.936	n/a	NonTarget	1	6234
25.112	n/a	Target	2	6278
25.288	n/a	NonTarget	1	6322
25.464	n/a	NonTarget	1	6366
25.636	n/a	NonTarget	1	6409
25.812	n/a	Target	2	6453
25.988	n/a	NonTarget	1	6497
26.164	n/a	NonTarget	1	6541
26.336	n/a	NonTarget	1	6584
26.512	n/a	NonTarget	1	6628
26.688	n/a	Target	2	6672
26.864	n/a	NonTarget	1	6716
27.036	n/a	NonTarget	1	6759
27.212	n/a	NonTarget	1	6803
41.86	n/a	Target	2	10465
42.036	n/a	NonTarget	1	10509
42.212	n/a	NonTarget	1	10553
42.384	n/a	NonTarget	1	10596
42.56	n/a	NonTarget	1	10640
42.736	n/a	NonTarget	1	10684
42.912	n/a	NonTarget	1	10728
43.084	n/a	NonTarget	1	10771
43.26	n/a	NonTarget	1	10815
43.436	n/a	NonTarget	1	10859
43.612	n/a	Target	2	10903
43.784	n/a	NonTarget	1	10946
43.96	n/a	NonTarget	1	10990
44.136	n/a	NonTarget	1	11034
44.312	n/a	NonTarget	1	11078
44.484	n/a	NonTarget	1	11121
44.66	n/a	Target	2	11165
44.836	n/a	NonTarget	1	11209
45.012	n/a	NonTarget	1	11253
45.184	n/a	Target	2	11296
45.36	n/a	NonTarget	1	11340
45.536	n/a	NonTarget	1	11384
45.712	n/a	NonTarget	1	11428
45.884	n/a	NonTarget	1	11471
46.06	n/a	Target	2	11515
46.236	n/a	NonTarget	1	11559
46.412	n/a	NonTarget	1	11603
46.584	n/a	NonTarget	1	11646
46.76	n/a	NonTarget	1	11690
46.936	n/a	NonTarget	1	11734
47.112	n/a	NonTarget	1	11778
47.284	n/a	NonTarget	1	11821
47.46	n/a	NonTarget	1	11865
47.636	n/a	NonTarget	1	11909
47.812	n/a	Target	2	11953
47.984	n/a	NonTarget	1	11996
48.16	n/a	NonTarget	1	12040
48.336	n/a	NonTarget	1	12084
48.512	n/a	NonTarget	1	12128
48.684	n/a	NonTarget	1	12171
48.86	n/a	NonTarget	1	12215
49.036	n/a	Target	2	12259
49.212	n/a	NonTarget	1	12303
49.384	n/a	NonTarget	1	12346
49.56	n/a	NonTarget	1	12390
49.736	n/a	NonTarget	1	12434
49.912	n/a	NonTarget	1	12478
50.084	n/a	Target	2	12521
50.26	n/a	NonTarget	1	12565
50.436	n/a	NonTarget	1	12609
50.612	n/a	NonTarget	1	12653
50.784	n/a	Target	2	12696
50.96	n/a	NonTarget	1	12740
51.136	n/a	NonTarget	1	12784
51.312	n/a	NonTarget	1	12828
51.484	n/a	Target	2	12871
51.66	n/a	NonTarget	1	12915
51.836	n/a	NonTarget	1	12959
52.012	n/a	NonTarget	1	13003
52.184	n/a	NonTarget	1	13046
52.36	n/a	Target	2	13090
52.536	n/a	NonTarget	1	13134
52.712	n/a	NonTarget	1	13178
52.884	n/a	NonTarget	1	13221
53.06	n/a	NonTarget	1	13265
53.236	n/a	NonTarget	1	13309
53.412	n/a	NonTarget	1	13353
53.584	n/a	NonTarget	1	13396
53.76	n/a	NonTarget	1	13440
53.936	n/a	Target	2	13484
54.112	n/a	NonTarget	1	13528
54.284	n/a	NonTarget	1	13571
54.46	n/a	Target	2	13615
54.636	n/a	NonTarget	1	13659
54.812	n/a	NonTarget	1	13703
54.984	n/a	NonTarget	1	13746
55.16	n/a	NonTarget	1	13790
55.336	n/a	NonTarget	1	13834
55.512	n/a	Target	2	13878
55.684	n/a	NonTarget	1	13921
55.86	n/a	NonTarget	1	13965
56.036	n/a	NonTarget	1	14009
56.212	n/a	NonTarget	1	14053
56.384	n/a	NonTarget	1	14096
56.56	n/a	NonTarget	1	14140
56.736	n/a	NonTarget	1	14184
56.912	n/a	NonTarget	1	14228
57.084	n/a	Target	2	14271
57.26	n/a	NonTarget	1	14315
57.436	n/a	NonTarget	1	14359
73.972	n/a	NonTarget	1	18493
74.144	n/a	Target	2	18536
74.32	n/a	NonTarget	1	18580
74.496	n/a	NonTarget	1	18624
74.672	n/a	NonTarget	1	18668
74.844	n/a	NonTarget	1	18711
75.02	n/a	NonTarget	1	18755
75.196	n/a	NonTarget	1	18799
75.372	n/a	Target	2	18843
75.544	n/a	NonTarget	1	18886
75.72	n/a	NonTarget	1	18930
75.896	n/a	NonTarget	1	18974
76.072	n/a	NonTarget	1	19018
76.244	n/a	Target	2	19061
76.42	n/a	NonTarget	1	19105
76.596	n/a	NonTarget	1	19149
76.772	n/a	NonTarget	1	19193
76.944	n/a	NonTarget	1	19236
77.12	n/a	NonTarget	1	19280
77.296	n/a	NonTarget	1	19324
77.472	n/a	NonTarget	1	19368
77.644	n/a	NonTarget	1	19411
77.82	n/a	Target	2	19455
77.996	n/a	NonTarget	1	19499
78.172	n/a	NonTarget	1	19543
78.344	n/a	NonTarget	1	19586
78.52	n/a	NonTarget	1	19630
78.696	n/a	NonTarget	1	19674
78.872	n/a	Target	2	19718
79.044	n/a	NonTarget	1	19761
79.22	n/a	NonTarget	1	19805
79.396	n/a	NonTarget	1	19849
79.572	n/a	NonTarget	1	19893
79.744	n/a	Target	2	19936
79.92	n/a	NonTarget	1	19980
80.096	n/a	NonTarget	1	20024
80.272	n/a	NonTarget	1	20068
80.444	n/a	NonTarget	1	20111
80.62	n/a	NonTarget	1	20155
80.796	n/a	NonTarget	1	20199
80.972	n/a	NonTarget	1	20243
81.148	n/a	Target	2	20287
81.32	n/a	NonTarget	1	20330
81.496	n/a	NonTarget	1	20374
81.672	n/a	NonTarget	1	20418
81.844	n/a	Target	2	20461
82.02	n/a	NonTarget	1	20505
82.196	n/a	NonTarget	1	20549
82.372	n/a	NonTarget	1	20593
82.544	n/a	NonTarget	1	20636
82.72	n/a	NonTarget	1	20680
82.896	n/a	NonTarget	1	20724
83.072	n/a	Target	2	20768
83.244	n/a	NonTarget	1	20811
83.42	n/a	NonTarget	1	20855
83.596	n/a	NonTarget	1	20899
83.772	n/a	NonTarget	1	20943
83.944	n/a	NonTarget	1	20986
84.12	n/a	NonTarget	1	21030
84.296	n/a	Target	2	21074
84.472	n/a	NonTarget	1	21118
84.644	n/a	NonTarget	1	21161
84.82	n/a	NonTarget	1	21205
84.996	n/a	Target	2	21249
85.172	n/a	NonTarget	1	21293
85.344	n/a	NonTarget	1	21336
85.52	n/a	NonTarget	1	21380
85.696	n/a	NonTarget	1	21424
85.872	n/a	NonTarget	1	21468
86.044	n/a	NonTarget	1	21511
86.22	n/a	NonTarget	1	21555
86.396	n/a	Target	2	21599
86.572	n/a	NonTarget	1	21643
86.744	n/a	NonTarget	1	21686
86.92	n/a	NonTarget	1	21730
87.096	n/a	NonTarget	1	21774
87.272	n/a	Target	2	21818
87.444	n/a	NonTarget	1	21861
87.62	n/a	NonTarget	1	21905
87.796	n/a	NonTarget	1	21949
87.972	n/a	Target	2	21993
88.144	n/a	NonTarget	1	22036
88.32	n/a	NonTarget	1	22080
88.496	n/a	NonTarget	1	22124
88.672	n/a	NonTarget	1	22168
88.848	n/a	NonTarget	1	22212
89.02	n/a	NonTarget	1	22255
89.196	n/a	NonTarget	1	22299
89.372	n/a	NonTarget	1	22343
89.544	n/a	Target	2	22386
104.544	n/a	NonTarget	1	26136
104.72	n/a	NonTarget	1	26180
104.896	n/a	NonTarget	1	26224
105.072	n/a	Target	2	26268
105.244	n/a	NonTarget	1	26311
105.42	n/a	NonTarget	1	26355
105.596	n/a	Target	2	26399
105.768	n/a	NonTarget	1	26442
105.944	n/a	NonTarget	1	26486
106.12	n/a	NonTarget	1	26530
106.296	n/a	NonTarget	1	26574
106.468	n/a	NonTarget	1	26617
106.644	n/a	Target	2	26661
106.82	n/a	NonTarget	1	26705
106.996	n/a	NonTarget	1	26749
107.172	n/a	NonTarget	1	26793
107.344	n/a	NonTarget	1	26836
107.52	n/a	NonTarget	1	26880
107.696	n/a	NonTarget	1	26924
107.872	n/a	NonTarget	1	26968
108.044	n/a	Target	2	27011
108.22	n/a	NonTarget	1	27055
108.396	n/a	NonTarget	1	27099
108.568	n/a	NonTarget	1	27142
108.744	n/a	NonTarget	1	27186
108.92	n/a	Target	2	27230
109.096	n/a	NonTarget	1	27274
109.268	n/a	NonTarget	1	27317
109.444	n/a	NonTarget	1	27361
109.62	n/a	NonTarget	1	27405
109.796	n/a	Target	2	27449
109.968	n/a	NonTarget	1	27492
110.144	n/a	NonTarget	1	27536
110.32	n/a	NonTarget	1	27580
110.496	n/a	NonTarget	1	27624
110.672	n/a	NonTarget	1	27668
110.844	n/a	Target	2	27711
111.02	n/a	NonTarget	1	27755
111.196	n/a	NonTarget	1	27799
111.368	n/a	NonTarget	1	27842
111.544	n/a	NonTarget	1	27886
111.72	n/a	NonTarget	1	27930
111.896	n/a	NonTarget	1	27974
112.068	n/a	NonTarget	1	28017
112.244	n/a	NonTarget	1	28061
112.42	n/a	Target	2	28105
112.596	n/a	NonTarget	1	28149
112.768	n/a	NonTarget	1	28192
112.944	n/a	NonTarget	1	28236
113.12	n/a	NonTarget	1	28280
113.296	n/a	NonTarget	1	28324
113.468	n/a	NonTarget	1	28367
113.644	n/a	NonTarget	1	28411
113.82	n/a	Target	2	28455
113.996	n/a	NonTarget	1	28499
114.168	n/a	NonTarget	1	28542
114.344	n/a	NonTarget	1	28586
114.52	n/a	NonTarget	1	28630
114.696	n/a	Target	2	28674
114.872	n/a	NonTarget	1	28718
115.044	n/a	NonTarget	1	28761
115.22	n/a	NonTarget	1	28805
115.396	n/a	NonTarget	1	28849
115.568	n/a	NonTarget	1	28892
115.744	n/a	NonTarget	1	28936
115.92	n/a	Target	2	28980
116.096	n/a	NonTarget	1	29024
116.268	n/a	NonTarget	1	29067
116.444	n/a	Target	2	29111
116.62	n/a	NonTarget	1	29155
116.796	n/a	NonTarget	1	29199
116.968	n/a	NonTarget	1	29242
117.144	n/a	NonTarget	1	29286
117.32	n/a	Target	2	29330
117.496	n/a	NonTarget	1	29374
117.668	n/a	NonTarget	1	29417
117.844	n/a	NonTarget	1	29461
118.02	n/a	NonTarget	1	29505
118.196	n/a	NonTarget	1	29549
118.368	n/a	NonTarget	1	29592
118.544	n/a	NonTarget	1	29636
118.72	n/a	Target	2	29680
118.896	n/a	NonTarget	1	29724
119.068	n/a	NonTarget	1	29767
119.244	n/a	NonTarget	1	29811
119.42	n/a	NonTarget	1	29855
119.596	n/a	NonTarget	1	29899
119.768	n/a	NonTarget	1	29942
119.944	n/a	Target	2	29986
120.12	n/a	NonTarget	1	30030
137.968	n/a	Target	2	34492
138.144	n/a	NonTarget	1	34536
138.32	n/a	NonTarget	1	34580
138.496	n/a	NonTarget	1	34624
138.672	n/a	NonTarget	1	34668
138.844	n/a	NonTarget	1	34711
139.02	n/a	Target	2	34755
139.196	n/a	NonTarget	1	34799
139.368	n/a	NonTarget	1	34842
139.544	n/a	NonTarget	1	34886
139.72	n/a	NonTarget	1	34930
139.896	n/a	NonTarget	1	34974
140.068	n/a	NonTarget	1	35017
140.244	n/a	NonTarget	1	35061
140.42	n/a	NonTarget	1	35105
140.596	n/a	NonTarget	1	35149
140.768	n/a	Target	2	35192
140.944	n/a	NonTarget	1	35236
141.12	n/a	NonTarget	1	35280
141.296	n/a	Target	2	35324
141.468	n/a	NonTarget	1	35367
141.644	n/a	NonTarget	1	35411
141.82	n/a	NonTarget	1	35455
141.996	n/a	NonTarget	1	35499
142.168	n/a	Target	2	35542
142.344	n/a	NonTarget	1	35586
142.52	n/a	NonTarget	1	35630
142.696	n/a	NonTarget	1	35674
142.868	n/a	NonTarget	1	35717
143.044	n/a	NonTarget	1	35761
143.22	n/a	NonTarget	1	35805
143.396	n/a	NonTarget	1	35849
143.568	n/a	NonTarget	1	35892
143.744	n/a	Target	2	35936
143.92	n/a	NonTarget	1	35980
144.096	n/a	NonTarget	1	36024
144.268	n/a	NonTarget	1	36067
144.444	n/a	Target	2	36111
144.62	n/a	NonTarget	1	36155
144.796	n/a	NonTarget	1	36199
144.968	n/a	NonTarget	1	36242
145.144	n/a	NonTarget	1	36286
145.32	n/a	NonTarget	1	36330
145.496	n/a	NonTarget	1	36374
145.668	n/a	NonTarget	1	36417
145.844	n/a	NonTarget	1	36461
146.02	n/a	NonTarget	1	36505
146.196	n/a	Target	2	36549
146.368	n/a	NonTarget	1	36592
146.544	n/a	NonTarget	1	36636
146.72	n/a	NonTarget	1	36680
146.896	n/a	NonTarget	1	36724
147.068	n/a	NonTarget	1	36767
147.244	n/a	Target	2	36811
147.42	n/a	NonTarget	1	36855
147.596	n/a	NonTarget	1	36899
147.768	n/a	NonTarget	1	36942
147.944	n/a	NonTarget	1	36986
148.12	n/a	NonTarget	1	37030
148.296	n/a	Target	2	37074
148.468	n/a	NonTarget	1	37117
148.644	n/a	NonTarget	1	37161
148.82	n/a	NonTarget	1	37205
148.996	n/a	NonTarget	1	37249
149.168	n/a	NonTarget	1	37292
149.344	n/a	Target	2	37336
149.52	n/a	NonTarget	1	37380
149.696	n/a	NonTarget	1	37424
149.868	n/a	NonTarget	1	37467
150.044	n/a	NonTarget	1	37511
150.22	n/a	NonTarget	1	37555
150.396	n/a	Target	2	37599
150.568	n/a	NonTarget	1	37642
150.744	n/a	NonTarget	1	37686
150.92	n/a	NonTarget	1	37730
151.096	n/a	Target	2	37774
151.268	n/a	NonTarget	1	37817
151.444	n/a	NonTarget	1	37861
151.62	n/a	Target	2	37905
151.796	n/a	NonTarget	1	37949
151.968	n/a	NonTarget	1	37992
152.144	n/a	NonTarget	1	38036
152.32	n/a	NonTarget	1	38080
152.496	n/a	NonTarget	1	38124
152.668	n/a	Target	2	38167
152.844	n/a	NonTarget	1	38211
153.02	n/a	NonTarget	1	38255
153.196	n/a	NonTarget	1	38299
153.368	n/a	NonTarget	1	38342
153.544	n/a	NonTarget	1	38386
170.828	n/a	NonTarget	1	42707
171.004	n/a	Target	2	42751
171.18	n/a	NonTarget	1	42795
171.356	n/a	NonTarget	1	42839
171.528	n/a	NonTarget	1	42882
171.704	n/a	NonTarget	1	42926
171.88	n/a	NonTarget	1	42970
172.056	n/a	NonTarget	1	43014
172.228	n/a	Target	2	43057
172.404	n/a	NonTarget	1	43101
172.58	n/a	NonTarget	1	43145
172.756	n/a	NonTarget	1	43189
172.928	n/a	NonTarget	1	43232
173.104	n/a	Target	2	43276
173.28	n/a	NonTarget	1	43320
173.456	n/a	NonTarget	1	43364
173.628	n/a	NonTarget	1	43407
173.808	n/a	NonTarget	1	43452
173.98	n/a	NonTarget	1	43495
174.156	n/a	Target	2	43539
174.328	n/a	NonTarget	1	43582
174.504	n/a	NonTarget	1	43626
174.68	n/a	NonTarget	1	43670
174.856	n/a	NonTarget	1	43714
175.028	n/a	NonTarget	1	43757
175.204	n/a	NonTarget	1	43801
175.38	n/a	NonTarget	1	43845
175.556	n/a	Target	2	43889
175.728	n/a	NonTarget	1	43932
175.904	n/a	NonTarget	1	43976
176.08	n/a	NonTarget	1	44020
176.256	n/a	NonTarget	1	44064
176.428	n/a	NonTarget	1	44107
176.604	n/a	NonTarget	1	44151
176.78	n/a	NonTarget	1	44195
176.956	n/a	Target	2	44239
177.128	n/a	NonTarget	1	44282
177.304	n/a	NonTarget	1	44326
177.48	n/a	NonTarget	1	44370
177.656	n/a	Target	2	44414
177.832	n/a	NonTarget	1	44458
178.004	n/a	NonTarget	1	44501
178.18	n/a	NonTarget	1	44545
178.356	n/a	Target	2	44589
178.532	n/a	NonTarget	1	44633
178.704	n/a	NonTarget	1	44676
178.88	n/a	NonTarget	1	44720
179.056	n/a	NonTarget	1	44764
179.228	n/a	NonTarget	1	44807
179.404	n/a	NonTarget	1	44851
179.58	n/a	NonTarget	1	44895
179.756	n/a	NonTarget	1	44939
179.928	n/a	NonTarget	1	44982
180.104	n/a	Target	2	45026
180.28	n/a	NonTarget	1	45070
180.456	n/a	NonTarget	1	45114
180.628	n/a	NonTarget	1	45157
180.804	n/a	Target	2	45201
180.98	n/a	NonTarget	1	45245
181.156	n/a	NonTarget	1	45289
181.328	n/a	NonTarget	1	45332
181.504	n/a	NonTarget	1	45376
181.68	n/a	NonTarget	1	45420
181.856	n/a	NonTarget	1	45464
182.028	n/a	NonTarget	1	45507
182.204	n/a	Target	2	45551
182.38	n/a	NonTarget	1	45595
182.556	n/a	NonTarget	1	45639
182.728	n/a	NonTarget	1	45682
182.904	n/a	NonTarget	1	45726
183.08	n/a	Target	2	45770
183.256	n/a	NonTarget	1	45814
183.428	n/a	NonTarget	1	45857
183.604	n/a	Target	2	45901
183.78	n/a	NonTarget	1	45945
183.956	n/a	NonTarget	1	45989
184.128	n/a	NonTarget	1	46032
184.304	n/a	NonTarget	1	46076
184.48	n/a	NonTarget	1	46120
184.656	n/a	Target	2	46164
184.828	n/a	NonTarget	1	46207
185.004	n/a	NonTarget	1	46251
185.18	n/a	NonTarget	1	46295
185.356	n/a	NonTarget	1	46339
185.528	n/a	Target	2	46382
185.704	n/a	NonTarget	1	46426
185.88	n/a	NonTarget	1	46470
186.056	n/a	NonTarget	1	46514
186.228	n/a	NonTarget	1	46557
186.404	n/a	NonTarget	1	46601
204.804	n/a	NonTarget	1	51201
204.98	n/a	NonTarget	1	51245
205.156	n/a	Target	2	51289
205.332	n/a	NonTarget	1	51333
205.504	n/a	NonTarget	1	51376
205.68	n/a	NonTarget	1	51420
205.856	n/a	NonTarget	1	51464
206.032	n/a	NonTarget	1	51508
206.204	n/a	NonTarget	1	51551
206.38	n/a	Target	2	51595
206.556	n/a	NonTarget	1	51639
206.732	n/a	NonTarget	1	51683
206.904	n/a	Target	2	51726
207.08	n/a	NonTarget	1	51770
207.256	n/a	NonTarget	1	51814
207.432	n/a	NonTarget	1	51858
207.608	n/a	NonTarget	1	51902
207.78	n/a	NonTarget	1	51945
207.956	n/a	Target	2	51989
208.132	n/a	NonTarget	1	52033
208.308	n/a	NonTarget	1	52077
208.48	n/a	NonTarget	1	52120
208.656	n/a	NonTarget	1	52164
208.832	n/a	NonTarget	1	52208
209.004	n/a	NonTarget	1	52251
209.18	n/a	Target	2	52295
209.356	n/a	NonTarget	1	52339
209.532	n/a	NonTarget	1	52383
209.704	n/a	NonTarget	1	52426
209.88	n/a	NonTarget	1	52470
210.056	n/a	Target	2	52514
210.232	n/a	NonTarget	1	52558
210.404	n/a	NonTarget	1	52601
210.58	n/a	NonTarget	1	52645
210.756	n/a	NonTarget	1	52689
210.932	n/a	NonTarget	1	52733
211.108	n/a	NonTarget	1	52777
211.28	n/a	NonTarget	1	52820
211.456	n/a	NonTarget	1	52864
211.632	n/a	NonTarget	1	52908
211.804	n/a	Target	2	52951
211.98	n/a	NonTarget	1	52995
212.156	n/a	NonTarget	1	53039
212.332	n/a	NonTarget	1	53083
212.504	n/a	NonTarget	1	53126
212.68	n/a	NonTarget	1	53170
212.856	n/a	Target	2	53214
213.032	n/a	NonTarget	1	53258
213.204	n/a	NonTarget	1	53301
213.38	n/a	Target	2	53345
213.556	n/a	NonTarget	1	53389
213.732	n/a	NonTarget	1	53433
213.904	n/a	NonTarget	1	53476
214.08	n/a	NonTarget	1	53520
214.256	n/a	Target	2	53564
214.432	n/a	NonTarget	1	53608
214.604	n/a	NonTarget	1	53651
214.78	n/a	NonTarget	1	53695
214.956	n/a	NonTarget	1	53739
215.132	n/a	NonTarget	1	53783
215.304	n/a	NonTarget	1	53826
215.48	n/a	NonTarget	1	53870
215.656	n/a	NonTarget	1	53914
215.832	n/a	NonTarget	1	53958
216.004	n/a	Target	2	54001
216.18	n/a	NonTarget	1	54045
216.356	n/a	NonTarget	1	54089
216.532	n/a	NonTarget	1	54133
216.704	n/a	NonTarget	1	54176
216.88	n/a	NonTarget	1	54220
217.056	n/a	NonTarget	1	54264
217.232	n/a	Target	2	54308
217.404	n/a	NonTarget	1	54351
217.58	n/a	NonTarget	1	54395
217.756	n/a	NonTarget	1	54439
217.932	n/a	NonTarget	1	54483
218.104	n/a	NonTarget	1	54526
218.28	n/a	Target	2	54570
218.456	n/a	NonTarget	1	54614
218.632	n/a	NonTarget	1	54658
218.804	n/a	NonTarget	1	54701
218.98	n/a	Target	2	54745
219.156	n/a	NonTarget	1	54789
219.332	n/a	NonTarget	1	54833
219.504	n/a	NonTarget	1	54876
219.68	n/a	Target	2	54920
219.856	n/a	NonTarget	1	54964
220.032	n/a	NonTarget	1	55008
220.204	n/a	NonTarget	1	55051
220.38	n/a	NonTarget	1	55095
242.092	n/a	NonTarget	1	60523
242.268	n/a	NonTarget	1	60567
242.444	n/a	NonTarget	1	60611
242.616	n/a	NonTarget	1	60654
242.792	n/a	Target	2	60698
242.968	n/a	NonTarget	1	60742
243.144	n/a	NonTarget	1	60786
243.316	n/a	NonTarget	1	60829
243.492	n/a	NonTarget	1	60873
243.668	n/a	NonTarget	1	60917
243.844	n/a	Target	2	60961
244.016	n/a	NonTarget	1	61004
244.192	n/a	NonTarget	1	61048
244.368	n/a	NonTarget	1	61092
244.544	n/a	NonTarget	1	61136
244.716	n/a	NonTarget	1	61179
244.892	n/a	Target	2	61223
245.068	n/a	NonTarget	1	61267
245.244	n/a	NonTarget	1	61311
245.416	n/a	Target	2	61354
245.592	n/a	NonTarget	1	61398
245.768	n/a	NonTarget	1	61442
245.944	n/a	NonTarget	1	61486
246.116	n/a	NonTarget	1	61529
246.292	n/a	NonTarget	1	61573
246.468	n/a	NonTarget	1	61617
246.644	n/a	Target	2	61661
246.816	n/a	NonTarget	1	61704
246.992	n/a	NonTarget	1	61748
247.168	n/a	NonTarget	1	61792
247.344	n/a	Target	2	61836
247.516	n/a	NonTarget	1	61879
247.692	n/a	NonTarget	1	61923
247.868	n/a	NonTarget	1	61967
248.044	n/a	NonTarget	1	62011
248.216	n/a	NonTarget	1	62054
248.392	n/a	NonTarget	1	62098
248.568	n/a	NonTarget	1	62142
248.744	n/a	NonTarget	1	62186
248.916	n/a	NonTarget	1	62229
249.092	n/a	Target	2	62273
249.268	n/a	NonTarget	1	62317
249.444	n/a	NonTarget	1	62361
249.616	n/a	NonTarget	1	62404
249.792	n/a	Target	2	62448
249.968	n/a	NonTarget	1	62492
250.144	n/a	NonTarget	1	62536
250.316	n/a	NonTarget	1	62579
250.492	n/a	NonTarget	1	62623
250.668	n/a	NonTarget	1	62667
250.844	n/a	NonTarget	1	62711
251.016	n/a	NonTarget	1	62754
251.192	n/a	NonTarget	1	62798
251.368	n/a	Target	2	62842
251.54	n/a	NonTarget	1	62885
251.716	n/a	NonTarget	1	62929
251.892	n/a	NonTarget	1	62973
252.068	n/a	NonTarget	1	63017
252.244	n/a	NonTarget	1	63061
252.416	n/a	Target	2	63104
252.592	n/a	NonTarget	1	63148
252.768	n/a	NonTarget	1	63192
252.944	n/a	NonTarget	1	63236
253.116	n/a	NonTarget	1	63279
253.292	n/a	NonTarget	1	63323
253.468	n/a	Target	2	63367
253.64	n/a	NonTarget	1	63410
253.816	n/a	NonTarget	1	63454
253.992	n/a	NonTarget	1	63498
254.168	n/a	NonTarget	1	63542
254.34	n/a	Target	2	63585
254.516	n/a	NonTarget	1	63629
254.692	n/a	NonTarget	1	63673
254.868	n/a	NonTarget	1	63717
255.044	n/a	NonTarget	1	63761
255.216	n/a	NonTarget	1	63804
255.392	n/a	Target	2	63848
255.568	n/a	NonTarget	1	63892
255.74	n/a	NonTarget	1	63935
255.916	n/a	NonTarget	1	63979
256.092	n/a	NonTarget	1	64023
256.268	n/a	Target	2	64067
256.44	n/a	NonTarget	1	64110
256.616	n/a	NonTarget	1	64154
256.792	n/a	Target	2	64198
256.968	n/a	NonTarget	1	64242
257.14	n/a	NonTarget	1	64285
257.316	n/a	NonTarget	1	64329
257.492	n/a	NonTarget	1	64373
257.668	n/a	NonTarget	1	64417
286.36	n/a	NonTarget	1	71590
286.532	n/a	NonTarget	1	71633
286.708	n/a	NonTarget	1	71677
286.884	n/a	Target	2	71721
287.06	n/a	NonTarget	1	71765
287.232	n/a	NonTarget	1	71808
287.408	n/a	NonTarget	1	71852
287.584	n/a	NonTarget	1	71896
287.76	n/a	NonTarget	1	71940
287.932	n/a	NonTarget	1	71983
288.108	n/a	NonTarget	1	72027
288.284	n/a	Target	2	72071
288.46	n/a	NonTarget	1	72115
288.632	n/a	NonTarget	1	72158
288.808	n/a	NonTarget	1	72202
288.984	n/a	NonTarget	1	72246
289.16	n/a	Target	2	72290
289.332	n/a	NonTarget	1	72333
289.508	n/a	NonTarget	1	72377
289.684	n/a	NonTarget	1	72421
289.86	n/a	Target	2	72465
290.032	n/a	NonTarget	1	72508
290.208	n/a	NonTarget	1	72552
290.384	n/a	NonTarget	1	72596
290.56	n/a	NonTarget	1	72640
290.732	n/a	NonTarget	1	72683
290.908	n/a	NonTarget	1	72727
291.084	n/a	NonTarget	1	72771
291.26	n/a	NonTarget	1	72815
291.432	n/a	Target	2	72858
291.608	n/a	NonTarget	1	72902
291.784	n/a	NonTarget	1	72946
291.96	n/a	Target	2	72990
292.132	n/a	NonTarget	1	73033
292.308	n/a	NonTarget	1	73077
292.484	n/a	NonTarget	1	73121
292.66	n/a	NonTarget	1	73165
292.832	n/a	Target	2	73208
293.008	n/a	NonTarget	1	73252
293.184	n/a	NonTarget	1	73296
293.36	n/a	NonTarget	1	73340
293.532	n/a	NonTarget	1	73383
293.708	n/a	NonTarget	1	73427
293.884	n/a	NonTarget	1	73471
294.06	n/a	NonTarget	1	73515
294.232	n/a	NonTarget	1	73558
294.408	n/a	Target	2	73602
294.584	n/a	NonTarget	1	73646
294.76	n/a	NonTarget	1	73690
294.932	n/a	NonTarget	1	73733
295.108	n/a	NonTarget	1	73777
295.284	n/a	Target	2	73821
295.46	n/a	NonTarget	1	73865
295.632	n/a	NonTarget	1	73908
295.808	n/a	NonTarget	1	73952
295.984	n/a	NonTarget	1	73996
296.156	n/a	Target	2	74039
296.332	n/a	NonTarget	1	74083
296.508	n/a	NonTarget	1	74127
296.684	n/a	NonTarget	1	74171
296.86	n/a	NonTarget	1	74215
297.032	n/a	NonTarget	1	74258
297.208	n/a	NonTarget	1	74302
297.384	n/a	Target	2	74346
297.56	n/a	NonTarget	1	74390
297.732	n/a	NonTarget	1	74433
297.908	n/a	NonTarget	1	74477
298.084	n/a	Target	2	74521
298.26	n/a	NonTarget	1	74565
298.432	n/a	NonTarget	1	74608
298.608	n/a	NonTarget	1	74652
298.784	n/a	NonTarget	1	74696
298.956	n/a	NonTarget	1	74739
299.132	n/a	NonTarget	1	74783
299.308	n/a	NonTarget	1	74827
299.484	n/a	NonTarget	1	74871
299.656	n/a	Target	2	74914
299.832	n/a	NonTarget	1	74958
300.008	n/a	NonTarget	1	75002
300.184	n/a	NonTarget	1	75046
300.36	n/a	NonTarget	1	75090
300.532	n/a	NonTarget	1	75133
300.708	n/a	Target	2	75177
300.884	n/a	NonTarget	1	75221
301.06	n/a	NonTarget	1	75265
301.232	n/a	NonTarget	1	75308
301.408	n/a	NonTarget	1	75352
301.584	n/a	NonTarget	1	75396
301.76	n/a	NonTarget	1	75440
301.932	n/a	Target	2	75483
321.144	n/a	NonTarget	1	80286
321.32	n/a	NonTarget	1	80330
321.496	n/a	NonTarget	1	80374
321.672	n/a	NonTarget	1	80418
321.844	n/a	NonTarget	1	80461
322.02	n/a	Target	2	80505
322.196	n/a	NonTarget	1	80549
322.372	n/a	NonTarget	1	80593
322.544	n/a	Target	2	80636
322.72	n/a	NonTarget	1	80680
322.896	n/a	NonTarget	1	80724
323.072	n/a	NonTarget	1	80768
323.244	n/a	NonTarget	1	80811
323.42	n/a	Target	2	80855
323.596	n/a	NonTarget	1	80899
323.772	n/a	NonTarget	1	80943
323.944	n/a	NonTarget	1	80986
324.12	n/a	NonTarget	1	81030
324.296	n/a	NonTarget	1	81074
324.472	n/a	NonTarget	1	81118
324.644	n/a	NonTarget	1	81161
324.82	n/a	Target	2	81205
324.996	n/a	NonTarget	1	81249
325.172	n/a	NonTarget	1	81293
325.344	n/a	NonTarget	1	81336
325.52	n/a	NonTarget	1	81380
325.696	n/a	NonTarget	1	81424
325.872	n/a	NonTarget	1	81468
326.044	n/a	Target	2	81511
326.22	n/a	NonTarget	1	81555
326.396	n/a	NonTarget	1	81599
326.572	n/a	Target	2	81643
326.744	n/a	NonTarget	1	81686
326.92	n/a	NonTarget	1	81730
327.096	n/a	NonTarget	1	81774
327.272	n/a	NonTarget	1	81818
327.444	n/a	NonTarget	1	81861
327.62	n/a	NonTarget	1	81905
327.796	n/a	NonTarget	1	81949
327.972	n/a	Target	2	81993
328.144	n/a	NonTarget	1	82036
328.32	n/a	NonTarget	1	82080
328.496	n/a	NonTarget	1	82124
328.672	n/a	NonTarget	1	82168
328.844	n/a	Target	2	82211
329.02	n/a	NonTarget	1	82255
329.196	n/a	NonTarget	1	82299
329.372	n/a	NonTarget	1	82343
329.544	n/a	NonTarget	1	82386
329.72	n/a	NonTarget	1	82430
329.896	n/a	NonTarget	1	82474
330.072	n/a	NonTarget	1	82518
330.244	n/a	NonTarget	1	82561
330.42	n/a	Target	2	82605
330.596	n/a	NonTarget	1	82649
330.772	n/a	NonTarget	1	82693
330.948	n/a	NonTarget	1	82737
331.12	n/a	Target	2	82780
331.296	n/a	NonTarget	1	82824
331.472	n/a	NonTarget	1	82868
331.644	n/a	NonTarget	1	82911
331.82	n/a	NonTarget	1	82955
331.996	n/a	Target	2	82999
332.172	n/a	NonTarget	1	83043
332.344	n/a	NonTarget	1	83086
332.52	n/a	NonTarget	1	83130
332.696	n/a	Target	2	83174
332.872	n/a	NonTarget	1	83218
333.044	n/a	NonTarget	1	83261
333.22	n/a	NonTarget	1	83305
333.396	n/a	NonTarget	1	83349
333.572	n/a	NonTarget	1	83393
333.744	n/a	NonTarget	1	83436
333.92	n/a	NonTarget	1	83480
334.096	n/a	Target	2	83524
334.272	n/a	NonTarget	1	83568
334.444	n/a	NonTarget	1	83611
334.62	n/a	NonTarget	1	83655
334.796	n/a	NonTarget	1	83699
334.972	n/a	NonTarget	1	83743
335.144	n/a	NonTarget	1	83786
335.32	n/a	Target	2	83830
335.496	n/a	NonTarget	1	83874
335.672	n/a	NonTarget	1	83918
335.844	n/a	Target	2	83961
336.02	n/a	NonTarget	1	84005
336.196	n/a	NonTarget	1	84049
336.372	n/a	NonTarget	1	84093
336.544	n/a	NonTarget	1	84136
336.72	n/a	NonTarget	1	84180
355.632	n/a	NonTarget	1	88908
355.808	n/a	NonTarget	1	88952
355.98	n/a	NonTarget	1	88995
356.156	n/a	Target	2	89039
356.332	n/a	NonTarget	1	89083
356.508	n/a	NonTarget	1	89127
356.68	n/a	Target	2	89170
356.856	n/a	NonTarget	1	89214
357.032	n/a	NonTarget	1	89258
357.208	n/a	NonTarget	1	89302
357.38	n/a	NonTarget	1	89345
357.556	n/a	NonTarget	1	89389
357.732	n/a	NonTarget	1	89433
357.908	n/a	NonTarget	1	89477
358.08	n/a	NonTarget	1	89520
358.256	n/a	NonTarget	1	89564
358.432	n/a	NonTarget	1	89608
358.608	n/a	Target	2	89652
358.78	n/a	NonTarget	1	89695
358.956	n/a	NonTarget	1	89739
359.132	n/a	Target	2	89783
359.308	n/a	NonTarget	1	89827
359.48	n/a	NonTarget	1	89870
359.656	n/a	NonTarget	1	89914
359.832	n/a	NonTarget	1	89958
360.008	n/a	NonTarget	1	90002
360.18	n/a	Target	2	90045
360.356	n/a	NonTarget	1	90089
360.532	n/a	NonTarget	1	90133
360.708	n/a	NonTarget	1	90177
360.88	n/a	NonTarget	1	90220
361.056	n/a	Target	2	90264
361.232	n/a	NonTarget	1	90308
361.408	n/a	NonTarget	1	90352
361.58	n/a	NonTarget	1	90395
361.756	n/a	NonTarget	1	90439
361.932	n/a	NonTarget	1	90483
362.108	n/a	NonTarget	1	90527
362.28	n/a	Target	2	90570
362.456	n/a	NonTarget	1	90614
362.632	n/a	NonTarget	1	90658
362.808	n/a	NonTarget	1	90702
362.98	n/a	NonTarget	1	90745
363.156	n/a	Target	2	90789
363.332	n/a	NonTarget	1	90833
363.508	n/a	NonTarget	1	90877
363.68	n/a	NonTarget	1	90920
363.856	n/a	NonTarget	1	90964
364.032	n/a	NonTarget	1	91008
364.208	n/a	Target	2	91052
364.38	n/a	NonTarget	1	91095
364.556	n/a	NonTarget	1	91139
364.732	n/a	NonTarget	1	91183
364.908	n/a	NonTarget	1	91227
365.084	n/a	NonTarget	1	91271
365.256	n/a	NonTarget	1	91314
365.432	n/a	NonTarget	1	91358
365.608	n/a	Target	2	91402
365.78	n/a	NonTarget	1	91445
365.956	n/a	NonTarget	1	91489
366.132	n/a	NonTarget	1	91533
366.308	n/a	NonTarget	1	91577
366.48	n/a	NonTarget	1	91620
366.656	n/a	NonTarget	1	91664
366.832	n/a	NonTarget	1	91708
367.008	n/a	Target	2	91752
367.18	n/a	NonTarget	1	91795
367.356	n/a	NonTarget	1	91839
367.532	n/a	NonTarget	1	91883
367.708	n/a	Target	2	91927
367.88	n/a	NonTarget	1	91970
368.056	n/a	NonTarget	1	92014
368.232	n/a	NonTarget	1	92058
368.408	n/a	Target	2	92102
368.584	n/a	NonTarget	1	92146
368.756	n/a	NonTarget	1	92189
368.932	n/a	NonTarget	1	92233
369.108	n/a	NonTarget	1	92277
369.28	n/a	NonTarget	1	92320
369.456	n/a	NonTarget	1	92364
369.632	n/a	NonTarget	1	92408
369.808	n/a	NonTarget	1	92452
369.98	n/a	NonTarget	1	92495
370.156	n/a	Target	2	92539
370.332	n/a	NonTarget	1	92583
370.508	n/a	NonTarget	1	92627
370.68	n/a	NonTarget	1	92670
370.856	n/a	Target	2	92714
371.032	n/a	NonTarget	1	92758
371.208	n/a	NonTarget	1	92802
388.852	n/a	NonTarget	1	97213
389.028	n/a	NonTarget	1	97257
389.204	n/a	NonTarget	1	97301
389.38	n/a	NonTarget	1	97345
389.552	n/a	Target	2	97388
389.728	n/a	NonTarget	1	97432
389.904	n/a	NonTarget	1	97476
390.08	n/a	NonTarget	1	97520
390.252	n/a	NonTarget	1	97563
390.428	n/a	NonTarget	1	97607
390.604	n/a	NonTarget	1	97651
390.78	n/a	Target	2	97695
390.952	n/a	NonTarget	1	97738
391.128	n/a	NonTarget	1	97782
391.304	n/a	Target	2	97826
391.48	n/a	NonTarget	1	97870
391.652	n/a	NonTarget	1	97913
391.828	n/a	NonTarget	1	97957
392.004	n/a	NonTarget	1	98001
392.18	n/a	NonTarget	1	98045
392.352	n/a	NonTarget	1	98088
392.528	n/a	NonTarget	1	98132
392.704	n/a	NonTarget	1	98176
392.88	n/a	Target	2	98220
393.052	n/a	NonTarget	1	98263
393.228	n/a	NonTarget	1	98307
393.404	n/a	NonTarget	1	98351
393.58	n/a	NonTarget	1	98395
393.752	n/a	NonTarget	1	98438
393.928	n/a	Target	2	98482
394.104	n/a	NonTarget	1	98526
394.28	n/a	NonTarget	1	98570
394.452	n/a	NonTarget	1	98613
394.628	n/a	NonTarget	1	98657
394.804	n/a	NonTarget	1	98701
394.98	n/a	Target	2	98745
395.152	n/a	NonTarget	1	98788
395.328	n/a	NonTarget	1	98832
395.504	n/a	NonTarget	1	98876
395.68	n/a	NonTarget	1	98920
395.852	n/a	NonTarget	1	98963
396.028	n/a	Target	2	99007
396.204	n/a	NonTarget	1	99051
396.38	n/a	NonTarget	1	99095
396.552	n/a	Target	2	99138
396.728	n/a	NonTarget	1	99182
396.904	n/a	NonTarget	1	99226
397.08	n/a	NonTarget	1	99270
397.256	n/a	NonTarget	1	99314
397.428	n/a	NonTarget	1	99357
397.604	n/a	Target	2	99401
397.78	n/a	NonTarget	1	99445
397.952	n/a	NonTarget	1	99488
398.128	n/a	NonTarget	1	99532
398.304	n/a	NonTarget	1	99576
398.48	n/a	NonTarget	1	99620
398.652	n/a	NonTarget	1	99663
398.828	n/a	Target	2	99707
399.004	n/a	NonTarget	1	99751
399.18	n/a	NonTarget	1	99795
399.352	n/a	NonTarget	1	99838
399.528	n/a	NonTarget	1	99882
399.704	n/a	Target	2	99926
399.88	n/a	NonTarget	1	99970
400.052	n/a	NonTarget	1	100013
400.228	n/a	NonTarget	1	100057
400.404	n/a	NonTarget	1	100101
400.58	n/a	Target	2	100145
400.752	n/a	NonTarget	1	100188
400.928	n/a	NonTarget	1	100232
401.104	n/a	NonTarget	1	100276
401.28	n/a	NonTarget	1	100320
401.452	n/a	Target	2	100363
401.628	n/a	NonTarget	1	100407
401.804	n/a	NonTarget	1	100451
401.98	n/a	NonTarget	1	100495
402.152	n/a	NonTarget	1	100538
402.328	n/a	NonTarget	1	100582
402.504	n/a	Target	2	100626
402.68	n/a	NonTarget	1	100670
402.852	n/a	NonTarget	1	100713
403.028	n/a	NonTarget	1	100757
403.204	n/a	NonTarget	1	100801
403.38	n/a	NonTarget	1	100845
403.552	n/a	NonTarget	1	100888
403.728	n/a	NonTarget	1	100932
403.904	n/a	NonTarget	1	100976
404.08	n/a	Target	2	101020
404.252	n/a	NonTarget	1	101063
404.428	n/a	NonTarget	1	101107
425.416	n/a	NonTarget	1	106354
425.592	n/a	NonTarget	1	106398
425.764	n/a	Target	2	106441
425.94	n/a	NonTarget	1	106485
426.116	n/a	NonTarget	1	106529
426.292	n/a	NonTarget	1	106573
426.464	n/a	NonTarget	1	106616
426.64	n/a	NonTarget	1	106660
426.816	n/a	Target	2	106704
426.992	n/a	NonTarget	1	106748
427.164	n/a	NonTarget	1	106791
427.34	n/a	NonTarget	1	106835
427.516	n/a	NonTarget	1	106879
427.692	n/a	NonTarget	1	106923
427.864	n/a	NonTarget	1	106966
428.04	n/a	NonTarget	1	107010
428.216	n/a	Target	2	107054
428.392	n/a	NonTarget	1	107098
428.564	n/a	NonTarget	1	107141
428.74	n/a	NonTarget	1	107185
428.916	n/a	NonTarget	1	107229
429.092	n/a	NonTarget	1	107273
429.264	n/a	Target	2	107316
429.44	n/a	NonTarget	1	107360
429.616	n/a	NonTarget	1	107404
429.792	n/a	NonTarget	1	107448
429.964	n/a	Target	2	107491
430.14	n/a	NonTarget	1	107535
430.316	n/a	NonTarget	1	107579
430.492	n/a	NonTarget	1	107623
430.664	n/a	Target	2	107666
430.84	n/a	NonTarget	1	107710
431.016	n/a	NonTarget	1	107754
431.192	n/a	NonTarget	1	107798
431.364	n/a	NonTarget	1	107841
431.54	n/a	NonTarget	1	107885
431.716	n/a	Target	2	107929
431.892	n/a	NonTarget	1	107973
432.064	n/a	NonTarget	1	108016
432.24	n/a	NonTarget	1	108060
432.416	n/a	NonTarget	1	108104
432.592	n/a	NonTarget	1	108148
432.764	n/a	NonTarget	1	108191
432.94	n/a	NonTarget	1	108235
433.116	n/a	NonTarget	1	108279
433.292	n/a	NonTarget	1	108323
433.464	n/a	Target	2	108366
433.64	n/a	NonTarget	1	108410
433.816	n/a	NonTarget	1	108454
433.992	n/a	NonTarget	1	108498
434.164	n/a	NonTarget	1	108541
434.34	n/a	NonTarget	1	108585
434.516	n/a	Target	2	108629
434.692	n/a	NonTarget	1	108673
434.864	n/a	NonTarget	1	108716
435.04	n/a	NonTarget	1	108760
435.216	n/a	NonTarget	1	108804
435.392	n/a	NonTarget	1	108848
435.564	n/a	Target	2	108891
435.74	n/a	NonTarget	1	108935
435.916	n/a	NonTarget	1	108979
436.092	n/a	NonTarget	1	109023
436.264	n/a	NonTarget	1	109066
436.44	n/a	NonTarget	1	109110
436.616	n/a	NonTarget	1	109154
436.792	n/a	Target	2	109198
436.964	n/a	NonTarget	1	109241
437.14	n/a	NonTarget	1	109285
437.316	n/a	NonTarget	1	109329
437.492	n/a	NonTarget	1	109373
437.664	n/a	NonTarget	1	109416
437.84	n/a	Target	2	109460
438.016	n/a	NonTarget	1	109504
438.192	n/a	NonTarget	1	109548
438.364	n/a	NonTarget	1	109591
438.54	n/a	NonTarget	1	109635
438.716	n/a	NonTarget	1	109679
438.892	n/a	Target	2	109723
439.064	n/a	NonTarget	1	109766
439.24	n/a	NonTarget	1	109810
439.416	n/a	NonTarget	1	109854
439.592	n/a	NonTarget	1	109898
439.764	n/a	NonTarget	1	109941
439.94	n/a	Target	2	109985
440.116	n/a	NonTarget	1	110029
440.292	n/a	NonTarget	1	110073
440.464	n/a	NonTarget	1	110116
440.64	n/a	Target	2	110160
440.816	n/a	NonTarget	1	110204
440.992	n/a	NonTarget	1	110248
460.4	n/a	Target	2	115100
460.576	n/a	NonTarget	1	115144
460.748	n/a	NonTarget	1	115187
460.924	n/a	NonTarget	1	115231
461.1	n/a	NonTarget	1	115275
461.276	n/a	NonTarget	1	115319
461.448	n/a	NonTarget	1	115362
461.624	n/a	NonTarget	1	115406
461.8	n/a	Target	2	115450
461.976	n/a	NonTarget	1	115494
462.148	n/a	NonTarget	1	115537
462.324	n/a	NonTarget	1	115581
462.5	n/a	NonTarget	1	115625
462.676	n/a	NonTarget	1	115669
462.852	n/a	NonTarget	1	115713
463.024	n/a	NonTarget	1	115756
463.2	n/a	NonTarget	1	115800
463.376	n/a	Target	2	115844
463.548	n/a	NonTarget	1	115887
463.724	n/a	NonTarget	1	115931
463.9	n/a	NonTarget	1	115975
464.076	n/a	NonTarget	1	116019
464.248	n/a	NonTarget	1	116062
464.424	n/a	Target	2	116106
464.6	n/a	NonTarget	1	116150
464.776	n/a	NonTarget	1	116194
464.948	n/a	NonTarget	1	116237
465.124	n/a	Target	2	116281
465.3	n/a	NonTarget	1	116325
465.476	n/a	NonTarget	1	116369
465.648	n/a	NonTarget	1	116412
465.824	n/a	NonTarget	1	116456
466.0	n/a	NonTarget	1	116500
466.176	n/a	NonTarget	1	116544
466.348	n/a	Target	2	116587
466.524	n/a	NonTarget	1	116631
466.7	n/a	NonTarget	1	116675
466.876	n/a	NonTarget	1	116719
467.048	n/a	NonTarget	1	116762
467.224	n/a	NonTarget	1	116806
467.4	n/a	Target	2	116850
467.576	n/a	NonTarget	1	116894
467.748	n/a	NonTarget	1	116937
467.924	n/a	NonTarget	1	116981
468.1	n/a	NonTarget	1	117025
468.276	n/a	Target	2	117069
468.448	n/a	NonTarget	1	117112
468.624	n/a	NonTarget	1	117156
468.8	n/a	NonTarget	1	117200
468.976	n/a	NonTarget	1	117244
469.148	n/a	NonTarget	1	117287
469.324	n/a	Target	2	117331
469.5	n/a	NonTarget	1	117375
469.676	n/a	NonTarget	1	117419
469.848	n/a	NonTarget	1	117462
470.024	n/a	NonTarget	1	117506
470.2	n/a	Target	2	117550
470.376	n/a	NonTarget	1	117594
470.548	n/a	NonTarget	1	117637
470.724	n/a	NonTarget	1	117681
470.9	n/a	NonTarget	1	117725
471.076	n/a	Target	2	117769
471.248	n/a	NonTarget	1	117812
471.424	n/a	NonTarget	1	117856
471.6	n/a	NonTarget	1	117900
471.776	n/a	NonTarget	1	117944
471.948	n/a	NonTarget	1	117987
472.124	n/a	Target	2	118031
472.3	n/a	NonTarget	1	118075
472.476	n/a	NonTarget	1	118119
472.648	n/a	NonTarget	1	118162
472.824	n/a	NonTarget	1	118206
473.0	n/a	NonTarget	1	118250
473.172	n/a	Target	2	118293
473.348	n/a	NonTarget	1	118337
473.524	n/a	NonTarget	1	118381
473.7	n/a	NonTarget	1	118425
473.872	n/a	NonTarget	1	118468
474.048	n/a	NonTarget	1	118512
474.224	n/a	NonTarget	1	118556
474.4	n/a	NonTarget	1	118600
474.576	n/a	Target	2	118644
474.748	n/a	NonTarget	1	118687
474.924	n/a	NonTarget	1	118731
475.1	n/a	NonTarget	1	118775
475.276	n/a	Target	2	118819
475.448	n/a	NonTarget	1	118862
475.624	n/a	NonTarget	1	118906
475.8	n/a	NonTarget	1	118950
475.976	n/a	NonTarget	1	118994
493.656	n/a	Target	2	123414
493.828	n/a	NonTarget	1	123457
494.004	n/a	NonTarget	1	123501
494.18	n/a	NonTarget	1	123545
494.356	n/a	NonTarget	1	123589
494.532	n/a	NonTarget	1	123633
494.704	n/a	NonTarget	1	123676
494.88	n/a	NonTarget	1	123720
495.056	n/a	Target	2	123764
495.228	n/a	NonTarget	1	123807
495.404	n/a	NonTarget	1	123851
495.58	n/a	NonTarget	1	123895
495.756	n/a	NonTarget	1	123939
495.928	n/a	Target	2	123982
496.104	n/a	NonTarget	1	124026
496.28	n/a	NonTarget	1	124070
496.456	n/a	NonTarget	1	124114
496.632	n/a	NonTarget	1	124158
496.804	n/a	NonTarget	1	124201
496.98	n/a	Target	2	124245
497.156	n/a	NonTarget	1	124289
497.328	n/a	NonTarget	1	124332
497.504	n/a	NonTarget	1	124376
497.68	n/a	NonTarget	1	124420
497.856	n/a	NonTarget	1	124464
498.028	n/a	NonTarget	1	124507
498.204	n/a	NonTarget	1	124551
498.38	n/a	NonTarget	1	124595
498.556	n/a	Target	2	124639
498.728	n/a	NonTarget	1	124682
498.904	n/a	NonTarget	1	124726
499.08	n/a	NonTarget	1	124770
499.256	n/a	NonTarget	1	124814
499.428	n/a	Target	2	124857
499.604	n/a	NonTarget	1	124901
499.78	n/a	NonTarget	1	124945
499.956	n/a	NonTarget	1	124989
500.128	n/a	NonTarget	1	125032
500.304	n/a	NonTarget	1	125076
500.48	n/a	Target	2	125120
500.656	n/a	NonTarget	1	125164
500.828	n/a	NonTarget	1	125207
501.004	n/a	Target	2	125251
501.18	n/a	NonTarget	1	125295
501.356	n/a	NonTarget	1	125339
501.528	n/a	NonTarget	1	125382
501.704	n/a	NonTarget	1	125426
501.88	n/a	NonTarget	1	125470
502.056	n/a	NonTarget	1	125514
502.228	n/a	NonTarget	1	125557
502.404	n/a	Target	2	125601
502.58	n/a	NonTarget	1	125645
502.756	n/a	NonTarget	1	125689
502.928	n/a	NonTarget	1	125732
503.104	n/a	NonTarget	1	125776
503.28	n/a	NonTarget	1	125820
503.456	n/a	Target	2	125864
503.628	n/a	NonTarget	1	125907
503.804	n/a	NonTarget	1	125951
503.98	n/a	NonTarget	1	125995
504.156	n/a	Target	2	126039
504.328	n/a	NonTarget	1	126082
504.504	n/a	NonTarget	1	126126
504.68	n/a	NonTarget	1	126170
504.856	n/a	NonTarget	1	126214
505.028	n/a	NonTarget	1	126257
505.204	n/a	Target	2	126301
505.38	n/a	NonTarget	1	126345
505.556	n/a	NonTarget	1	126389
505.728	n/a	NonTarget	1	126432
505.904	n/a	NonTarget	1	126476
506.08	n/a	NonTarget	1	126520
506.256	n/a	NonTarget	1	126564
506.428	n/a	Target	2	126607
506.604	n/a	NonTarget	1	126651
506.78	n/a	NonTarget	1	126695
506.956	n/a	NonTarget	1	126739
507.128	n/a	NonTarget	1	126782
507.304	n/a	NonTarget	1	126826
507.48	n/a	NonTarget	1	126870
507.656	n/a	Target	2	126914
507.828	n/a	NonTarget	1	126957
508.004	n/a	NonTarget	1	127001
508.18	n/a	NonTarget	1	127045
508.356	n/a	NonTarget	1	127089
508.528	n/a	NonTarget	1	127132
508.704	n/a	NonTarget	1	127176
508.88	n/a	NonTarget	1	127220
509.056	n/a	Target	2	127264
509.228	n/a	NonTarget	1	127307
525.364	n/a	NonTarget	1	131341
525.54	n/a	NonTarget	1	131385
525.716	n/a	NonTarget	1	131429
525.892	n/a	NonTarget	1	131473
526.064	n/a	NonTarget	1	131516
526.24	n/a	Target	2	131560
526.416	n/a	NonTarget	1	131604
526.588	n/a	NonTarget	1	131647
526.764	n/a	NonTarget	1	131691
526.94	n/a	NonTarget	1	131735
527.116	n/a	NonTarget	1	131779
527.288	n/a	Target	2	131822
527.464	n/a	NonTarget	1	131866
527.64	n/a	NonTarget	1	131910
527.816	n/a	NonTarget	1	131954
527.988	n/a	Target	2	131997
528.164	n/a	NonTarget	1	132041
528.34	n/a	NonTarget	1	132085
528.516	n/a	NonTarget	1	132129
528.692	n/a	NonTarget	1	132173
528.864	n/a	NonTarget	1	132216
529.04	n/a	Target	2	132260
529.216	n/a	NonTarget	1	132304
529.388	n/a	NonTarget	1	132347
529.564	n/a	NonTarget	1	132391
529.74	n/a	NonTarget	1	132435
529.916	n/a	NonTarget	1	132479
530.088	n/a	Target	2	132522
530.264	n/a	NonTarget	1	132566
530.44	n/a	NonTarget	1	132610
530.616	n/a	NonTarget	1	132654
530.788	n/a	Target	2	132697
530.964	n/a	NonTarget	1	132741
531.14	n/a	NonTarget	1	132785
531.316	n/a	NonTarget	1	132829
531.488	n/a	NonTarget	1	132872
531.664	n/a	Target	2	132916
531.84	n/a	NonTarget	1	132960
532.016	n/a	NonTarget	1	133004
532.188	n/a	NonTarget	1	133047
532.364	n/a	NonTarget	1	133091
532.54	n/a	NonTarget	1	133135
532.716	n/a	Target	2	133179
532.892	n/a	NonTarget	1	133223
533.064	n/a	NonTarget	1	133266
533.24	n/a	NonTarget	1	133310
533.416	n/a	NonTarget	1	133354
533.588	n/a	NonTarget	1	133397
533.764	n/a	Target	2	133441
533.94	n/a	NonTarget	1	133485
534.116	n/a	NonTarget	1	133529
534.288	n/a	NonTarget	1	133572
534.464	n/a	NonTarget	1	133616
534.64	n/a	NonTarget	1	133660
534.816	n/a	NonTarget	1	133704
534.988	n/a	NonTarget	1	133747
535.164	n/a	Target	2	133791
535.34	n/a	NonTarget	1	133835
535.516	n/a	NonTarget	1	133879
535.688	n/a	NonTarget	1	133922
535.864	n/a	NonTarget	1	133966
536.04	n/a	NonTarget	1	134010
536.216	n/a	NonTarget	1	134054
536.388	n/a	NonTarget	1	134097
536.564	n/a	NonTarget	1	134141
536.74	n/a	Target	2	134185
536.916	n/a	NonTarget	1	134229
537.088	n/a	NonTarget	1	134272
537.264	n/a	NonTarget	1	134316
537.44	n/a	NonTarget	1	134360
537.616	n/a	Target	2	134404
537.788	n/a	NonTarget	1	134447
537.964	n/a	NonTarget	1	134491
538.14	n/a	NonTarget	1	134535
538.316	n/a	NonTarget	1	134579
538.492	n/a	Target	2	134623
538.664	n/a	NonTarget	1	134666
538.84	n/a	NonTarget	1	134710
539.016	n/a	NonTarget	1	134754
539.188	n/a	NonTarget	1	134797
539.364	n/a	NonTarget	1	134841
539.54	n/a	Target	2	134885
539.716	n/a	NonTarget	1	134929
539.888	n/a	NonTarget	1	134972
540.064	n/a	NonTarget	1	135016
540.24	n/a	NonTarget	1	135060
540.416	n/a	NonTarget	1	135104
540.588	n/a	NonTarget	1	135147
540.764	n/a	NonTarget	1	135191
540.94	n/a	Target	2	135235
557.924	n/a	Target	2	139481
558.1	n/a	NonTarget	1	139525
558.276	n/a	NonTarget	1	139569
558.448	n/a	NonTarget	1	139612
558.624	n/a	NonTarget	1	139656
558.8	n/a	NonTarget	1	139700
558.976	n/a	NonTarget	1	139744
559.148	n/a	NonTarget	1	139787
559.324	n/a	Target	2	139831
559.5	n/a	NonTarget	1	139875
559.676	n/a	NonTarget	1	139919
559.848	n/a	NonTarget	1	139962
560.024	n/a	Target	2	140006
560.2	n/a	NonTarget	1	140050
560.376	n/a	NonTarget	1	140094
560.548	n/a	NonTarget	1	140137
560.724	n/a	NonTarget	1	140181
560.9	n/a	NonTarget	1	140225
561.076	n/a	Target	2	140269
561.248	n/a	NonTarget	1	140312
561.424	n/a	NonTarget	1	140356
561.6	n/a	NonTarget	1	140400
561.776	n/a	NonTarget	1	140444
561.948	n/a	NonTarget	1	140487
562.124	n/a	NonTarget	1	140531
562.3	n/a	NonTarget	1	140575
562.476	n/a	NonTarget	1	140619
562.648	n/a	NonTarget	1	140662
562.824	n/a	NonTarget	1	140706
563.0	n/a	Target	2	140750
563.176	n/a	NonTarget	1	140794
563.348	n/a	NonTarget	1	140837
563.524	n/a	NonTarget	1	140881
563.7	n/a	NonTarget	1	140925
563.876	n/a	NonTarget	1	140969
564.048	n/a	Target	2	141012
564.224	n/a	NonTarget	1	141056
564.4	n/a	NonTarget	1	141100
564.576	n/a	NonTarget	1	141144
564.748	n/a	Target	2	141187
564.924	n/a	NonTarget	1	141231
565.1	n/a	NonTarget	1	141275
565.276	n/a	NonTarget	1	141319
565.448	n/a	NonTarget	1	141362
565.624	n/a	NonTarget	1	141406
565.8	n/a	Target	2	141450
565.976	n/a	NonTarget	1	141494
566.148	n/a	NonTarget	1	141537
566.324	n/a	Target	2	141581
566.5	n/a	NonTarget	1	141625
566.676	n/a	NonTarget	1	141669
566.848	n/a	NonTarget	1	141712
567.024	n/a	NonTarget	1	141756
567.2	n/a	NonTarget	1	141800
567.376	n/a	NonTarget	1	141844
567.548	n/a	NonTarget	1	141887
567.724	n/a	NonTarget	1	141931
567.9	n/a	NonTarget	1	141975
568.076	n/a	Target	2	142019
568.248	n/a	NonTarget	1	142062
568.424	n/a	NonTarget	1	142106
568.6	n/a	NonTarget	1	142150
568.776	n/a	Target	2	142194
568.948	n/a	NonTarget	1	142237
569.124	n/a	NonTarget	1	142281
569.3	n/a	NonTarget	1	142325
569.476	n/a	Target	2	142369
569.648	n/a	NonTarget	1	142412
569.824	n/a	NonTarget	1	142456
570.0	n/a	NonTarget	1	142500
570.176	n/a	NonTarget	1	142544
570.348	n/a	NonTarget	1	142587
570.524	n/a	Target	2	142631
570.7	n/a	NonTarget	1	142675
570.872	n/a	NonTarget	1	142718
571.048	n/a	NonTarget	1	142762
571.224	n/a	NonTarget	1	142806
571.4	n/a	NonTarget	1	142850
571.572	n/a	Target	2	142893
571.748	n/a	NonTarget	1	142937
571.924	n/a	NonTarget	1	142981
572.1	n/a	NonTarget	1	143025
572.272	n/a	NonTarget	1	143068
572.448	n/a	NonTarget	1	143112
572.624	n/a	Target	2	143156
572.8	n/a	NonTarget	1	143200
572.976	n/a	NonTarget	1	143244
573.148	n/a	NonTarget	1	143287
573.324	n/a	NonTarget	1	143331
573.5	n/a	NonTarget	1	143375
592.356	n/a	NonTarget	1	148089
592.528	n/a	NonTarget	1	148132
592.704	n/a	NonTarget	1	148176
592.88	n/a	NonTarget	1	148220
593.056	n/a	Target	2	148264
593.228	n/a	NonTarget	1	148307
593.404	n/a	NonTarget	1	148351
593.58	n/a	NonTarget	1	148395
593.756	n/a	NonTarget	1	148439
593.928	n/a	NonTarget	1	148482
594.104	n/a	NonTarget	1	148526
594.28	n/a	Target	2	148570
594.456	n/a	NonTarget	1	148614
594.628	n/a	NonTarget	1	148657
594.804	n/a	NonTarget	1	148701
594.98	n/a	NonTarget	1	148745
595.156	n/a	NonTarget	1	148789
595.332	n/a	Target	2	148833
595.504	n/a	NonTarget	1	148876
595.68	n/a	NonTarget	1	148920
595.856	n/a	NonTarget	1	148964
596.028	n/a	Target	2	149007
596.204	n/a	NonTarget	1	149051
596.38	n/a	NonTarget	1	149095
596.556	n/a	NonTarget	1	149139
596.728	n/a	Target	2	149182
596.904	n/a	NonTarget	1	149226
597.08	n/a	NonTarget	1	149270
597.256	n/a	NonTarget	1	149314
597.428	n/a	NonTarget	1	149357
597.604	n/a	NonTarget	1	149401
597.78	n/a	NonTarget	1	149445
597.956	n/a	NonTarget	1	149489
598.128	n/a	NonTarget	1	149532
598.304	n/a	NonTarget	1	149576
598.48	n/a	Target	2	149620
598.656	n/a	NonTarget	1	149664
598.828	n/a	NonTarget	1	149707
599.004	n/a	NonTarget	1	149751
599.18	n/a	NonTarget	1	149795
599.356	n/a	NonTarget	1	149839
599.528	n/a	Target	2	149882
599.704	n/a	NonTarget	1	149926
599.88	n/a	NonTarget	1	149970
600.056	n/a	Target	2	150014
600.228	n/a	NonTarget	1	150057
600.404	n/a	NonTarget	1	150101
600.58	n/a	NonTarget	1	150145
600.756	n/a	NonTarget	1	150189
600.928	n/a	Target	2	150232
601.104	n/a	NonTarget	1	150276
601.28	n/a	NonTarget	1	150320
601.456	n/a	NonTarget	1	150364
601.628	n/a	NonTarget	1	150407
601.804	n/a	Target	2	150451
601.98	n/a	NonTarget	1	150495
602.156	n/a	NonTarget	1	150539
602.328	n/a	NonTarget	1	150582
602.504	n/a	NonTarget	1	150626
602.68	n/a	NonTarget	1	150670
602.856	n/a	NonTarget	1	150714
603.028	n/a	NonTarget	1	150757
603.204	n/a	NonTarget	1	150801
603.38	n/a	Target	2	150845
603.556	n/a	NonTarget	1	150889
603.728	n/a	NonTarget	1	150932
603.904	n/a	NonTarget	1	150976
604.08	n/a	NonTarget	1	151020
604.256	n/a	NonTarget	1	151064
604.428	n/a	Target	2	151107
604.604	n/a	NonTarget	1	151151
604.78	n/a	NonTarget	1	151195
604.956	n/a	NonTarget	1	151239
605.128	n/a	Target	2	151282
605.304	n/a	NonTarget	1	151326
605.48	n/a	NonTarget	1	151370
605.656	n/a	NonTarget	1	151414
605.828	n/a	NonTarget	1	151457
606.004	n/a	NonTarget	1	151501
606.18	n/a	Target	2	151545
606.356	n/a	NonTarget	1	151589
606.528	n/a	NonTarget	1	151632
606.704	n/a	NonTarget	1	151676
606.88	n/a	NonTarget	1	151720
607.056	n/a	Target	2	151764
607.228	n/a	NonTarget	1	151807
607.404	n/a	NonTarget	1	151851
607.58	n/a	NonTarget	1	151895
607.756	n/a	NonTarget	1	151939
607.928	n/a	NonTarget	1	151982
633.58	n/a	NonTarget	1	158395
633.756	n/a	NonTarget	1	158439
633.932	n/a	NonTarget	1	158483
634.104	n/a	NonTarget	1	158526
634.28	n/a	Target	2	158570
634.456	n/a	NonTarget	1	158614
634.632	n/a	NonTarget	1	158658
634.808	n/a	NonTarget	1	158702
634.98	n/a	NonTarget	1	158745
635.156	n/a	NonTarget	1	158789
635.332	n/a	Target	2	158833
635.504	n/a	NonTarget	1	158876
635.68	n/a	NonTarget	1	158920
635.856	n/a	NonTarget	1	158964
636.032	n/a	NonTarget	1	159008
636.204	n/a	NonTarget	1	159051
636.38	n/a	Target	2	159095
636.556	n/a	NonTarget	1	159139
636.732	n/a	NonTarget	1	159183
636.904	n/a	NonTarget	1	159226
637.08	n/a	Target	2	159270
637.256	n/a	NonTarget	1	159314
637.432	n/a	NonTarget	1	159358
637.604	n/a	NonTarget	1	159401
637.78	n/a	Target	2	159445
637.956	n/a	NonTarget	1	159489
638.132	n/a	NonTarget	1	159533
638.304	n/a	NonTarget	1	159576
638.48	n/a	NonTarget	1	159620
638.656	n/a	NonTarget	1	159664
638.832	n/a	Target	2	159708
639.004	n/a	NonTarget	1	159751
639.18	n/a	NonTarget	1	159795
639.356	n/a	NonTarget	1	159839
639.532	n/a	NonTarget	1	159883
639.704	n/a	NonTarget	1	159926
639.88	n/a	NonTarget	1	159970
640.056	n/a	NonTarget	1	160014
640.232	n/a	Target	2	160058
640.404	n/a	NonTarget	1	160101
640.58	n/a	NonTarget	1	160145
640.756	n/a	NonTarget	1	160189
640.932	n/a	NonTarget	1	160233
641.104	n/a	NonTarget	1	160276
641.28	n/a	NonTarget	1	160320
641.456	n/a	NonTarget	1	160364
641.632	n/a	NonTarget	1	160408
641.804	n/a	Target	2	160451
641.98	n/a	NonTarget	1	160495
642.156	n/a	NonTarget	1	160539
642.332	n/a	NonTarget	1	160583
642.504	n/a	NonTarget	1	160626
642.68	n/a	NonTarget	1	160670
642.856	n/a	Target	2	160714
643.032	n/a	NonTarget	1	160758
643.208	n/a	NonTarget	1	160802
643.38	n/a	NonTarget	1	160845
643.556	n/a	Target	2	160889
643.732	n/a	NonTarget	1	160933
643.904	n/a	NonTarget	1	160976
644.08	n/a	NonTarget	1	161020
644.256	n/a	NonTarget	1	161064
644.432	n/a	NonTarget	1	161108
644.604	n/a	NonTarget	1	161151
644.78	n/a	Target	2	161195
644.956	n/a	NonTarget	1	161239
645.132	n/a	NonTarget	1	161283
645.304	n/a	NonTarget	1	161326
645.48	n/a	NonTarget	1	161370
645.656	n/a	NonTarget	1	161414
645.832	n/a	Target	2	161458
646.004	n/a	NonTarget	1	161501
646.18	n/a	NonTarget	1	161545
646.356	n/a	NonTarget	1	161589
646.532	n/a	NonTarget	1	161633
646.704	n/a	Target	2	161676
646.88	n/a	NonTarget	1	161720
647.056	n/a	NonTarget	1	161764
647.232	n/a	NonTarget	1	161808
647.408	n/a	NonTarget	1	161852
647.58	n/a	NonTarget	1	161895
647.756	n/a	Target	2	161939
647.932	n/a	NonTarget	1	161983
648.104	n/a	NonTarget	1	162026
648.28	n/a	NonTarget	1	162070
648.456	n/a	NonTarget	1	162114
648.632	n/a	Target	2	162158
648.804	n/a	NonTarget	1	162201
648.98	n/a	NonTarget	1	162245
649.156	n/a	NonTarget	1	162289
667.036	n/a	NonTarget	1	166759
667.208	n/a	NonTarget	1	166802
667.384	n/a	NonTarget	1	166846
667.56	n/a	NonTarget	1	166890
667.736	n/a	Target	2	166934
667.908	n/a	NonTarget	1	166977
668.084	n/a	NonTarget	1	167021
668.26	n/a	NonTarget	1	167065
668.436	n/a	NonTarget	1	167109
668.608	n/a	NonTarget	1	167152
668.784	n/a	Target	2	167196
668.96	n/a	NonTarget	1	167240
669.136	n/a	NonTarget	1	167284
669.308	n/a	NonTarget	1	167327
669.484	n/a	NonTarget	1	167371
669.66	n/a	NonTarget	1	167415
669.836	n/a	NonTarget	1	167459
670.012	n/a	Target	2	167503
670.184	n/a	NonTarget	1	167546
670.36	n/a	NonTarget	1	167590
670.536	n/a	NonTarget	1	167634
670.708	n/a	NonTarget	1	167677
670.884	n/a	Target	2	167721
671.06	n/a	NonTarget	1	167765
671.236	n/a	NonTarget	1	167809
671.408	n/a	NonTarget	1	167852
671.584	n/a	Target	2	167896
671.76	n/a	NonTarget	1	167940
671.936	n/a	NonTarget	1	167984
672.108	n/a	NonTarget	1	168027
672.284	n/a	NonTarget	1	168071
672.46	n/a	NonTarget	1	168115
672.636	n/a	NonTarget	1	168159
672.808	n/a	NonTarget	1	168202
672.984	n/a	NonTarget	1	168246
673.16	n/a	Target	2	168290
673.336	n/a	NonTarget	1	168334
673.508	n/a	NonTarget	1	168377
673.684	n/a	NonTarget	1	168421
673.86	n/a	NonTarget	1	168465
674.036	n/a	Target	2	168509
674.208	n/a	NonTarget	1	168552
674.384	n/a	NonTarget	1	168596
674.56	n/a	NonTarget	1	168640
674.736	n/a	NonTarget	1	168684
674.908	n/a	Target	2	168727
675.084	n/a	NonTarget	1	168771
675.26	n/a	NonTarget	1	168815
675.436	n/a	NonTarget	1	168859
675.608	n/a	NonTarget	1	168902
675.784	n/a	NonTarget	1	168946
675.96	n/a	Target	2	168990
676.136	n/a	NonTarget	1	169034
676.308	n/a	NonTarget	1	169077
676.484	n/a	NonTarget	1	169121
676.66	n/a	NonTarget	1	169165
676.836	n/a	Target	2	169209
677.008	n/a	NonTarget	1	169252
677.184	n/a	NonTarget	1	169296
677.36	n/a	NonTarget	1	169340
677.536	n/a	NonTarget	1	169384
677.708	n/a	Target	2	169427
677.884	n/a	NonTarget	1	169471
678.06	n/a	NonTarget	1	169515
678.236	n/a	NonTarget	1	169559
678.408	n/a	NonTarget	1	169602
678.584	n/a	Target	2	169646
678.76	n/a	NonTarget	1	169690
678.936	n/a	NonTarget	1	169734
679.108	n/a	NonTarget	1	169777
679.284	n/a	NonTarget	1	169821
679.46	n/a	NonTarget	1	169865
679.636	n/a	NonTarget	1	169909
679.808	n/a	NonTarget	1	169952
679.984	n/a	NonTarget	1	169996
680.16	n/a	Target	2	170040
680.336	n/a	NonTarget	1	170084
680.508	n/a	NonTarget	1	170127
680.684	n/a	NonTarget	1	170171
680.86	n/a	NonTarget	1	170215
681.036	n/a	NonTarget	1	170259
681.208	n/a	NonTarget	1	170302
681.384	n/a	NonTarget	1	170346
681.56	n/a	Target	2	170390
681.736	n/a	NonTarget	1	170434
681.908	n/a	NonTarget	1	170477
682.084	n/a	NonTarget	1	170521
682.26	n/a	NonTarget	1	170565
682.436	n/a	Target	2	170609
682.608	n/a	NonTarget	1	170652
700.504	n/a	NonTarget	1	175126
700.68	n/a	NonTarget	1	175170
700.856	n/a	NonTarget	1	175214
701.028	n/a	Target	2	175257
701.204	n/a	NonTarget	1	175301
701.38	n/a	NonTarget	1	175345
701.556	n/a	NonTarget	1	175389
701.728	n/a	NonTarget	1	175432
701.904	n/a	NonTarget	1	175476
702.08	n/a	Target	2	175520
702.256	n/a	NonTarget	1	175564
702.428	n/a	NonTarget	1	175607
702.604	n/a	NonTarget	1	175651
702.78	n/a	NonTarget	1	175695
702.956	n/a	NonTarget	1	175739
703.128	n/a	NonTarget	1	175782
703.304	n/a	NonTarget	1	175826
703.48	n/a	Target	2	175870
703.656	n/a	NonTarget	1	175914
703.828	n/a	NonTarget	1	175957
704.004	n/a	NonTarget	1	176001
704.18	n/a	Target	2	176045
704.356	n/a	NonTarget	1	176089
704.528	n/a	NonTarget	1	176132
704.704	n/a	NonTarget	1	176176
704.88	n/a	NonTarget	1	176220
705.056	n/a	NonTarget	1	176264
705.228	n/a	NonTarget	1	176307
705.404	n/a	NonTarget	1	176351
705.58	n/a	Target	2	176395
705.756	n/a	NonTarget	1	176439
705.928	n/a	NonTarget	1	176482
706.104	n/a	NonTarget	1	176526
706.28	n/a	NonTarget	1	176570
706.456	n/a	NonTarget	1	176614
706.628	n/a	Target	2	176657
706.804	n/a	NonTarget	1	176701
706.98	n/a	NonTarget	1	176745
707.156	n/a	NonTarget	1	176789
707.328	n/a	NonTarget	1	176832
707.504	n/a	NonTarget	1	176876
707.68	n/a	Target	2	176920
707.856	n/a	NonTarget	1	176964
708.028	n/a	NonTarget	1	177007
708.204	n/a	NonTarget	1	177051
708.38	n/a	Target	2	177095
708.556	n/a	NonTarget	1	177139
708.728	n/a	NonTarget	1	177182
708.904	n/a	NonTarget	1	177226
709.08	n/a	NonTarget	1	177270
709.256	n/a	NonTarget	1	177314
709.428	n/a	Target	2	177357
709.604	n/a	NonTarget	1	177401
709.78	n/a	NonTarget	1	177445
709.956	n/a	NonTarget	1	177489
710.128	n/a	NonTarget	1	177532
710.304	n/a	NonTarget	1	177576
710.48	n/a	Target	2	177620
710.656	n/a	NonTarget	1	177664
710.828	n/a	NonTarget	1	177707
711.004	n/a	NonTarget	1	177751
711.18	n/a	Target	2	177795
711.356	n/a	NonTarget	1	177839
711.528	n/a	NonTarget	1	177882
711.704	n/a	NonTarget	1	177926
711.88	n/a	NonTarget	1	177970
712.056	n/a	Target	2	178014
712.228	n/a	NonTarget	1	178057
712.404	n/a	NonTarget	1	178101
712.58	n/a	NonTarget	1	178145
712.756	n/a	NonTarget	1	178189
712.928	n/a	NonTarget	1	178232
713.104	n/a	Target	2	178276
713.28	n/a	NonTarget	1	178320
713.456	n/a	NonTarget	1	178364
713.628	n/a	NonTarget	1	178407
713.804	n/a	NonTarget	1	178451
713.98	n/a	NonTarget	1	178495
714.156	n/a	Target	2	178539
714.328	n/a	NonTarget	1	178582
714.504	n/a	NonTarget	1	178626
714.68	n/a	NonTarget	1	178670
714.856	n/a	NonTarget	1	178714
715.028	n/a	NonTarget	1	178757
715.204	n/a	NonTarget	1	178801
715.38	n/a	NonTarget	1	178845
715.556	n/a	Target	2	178889
715.728	n/a	NonTarget	1	178932
715.904	n/a	NonTarget	1	178976
716.08	n/a	NonTarget	1	179020
732.58	n/a	NonTarget	1	183145
732.756	n/a	Target	2	183189
732.932	n/a	NonTarget	1	183233
733.108	n/a	NonTarget	1	183277
733.284	n/a	NonTarget	1	183321
733.456	n/a	NonTarget	1	183364
733.632	n/a	NonTarget	1	183408
733.808	n/a	NonTarget	1	183452
733.984	n/a	NonTarget	1	183496
734.156	n/a	NonTarget	1	183539
734.332	n/a	NonTarget	1	183583
734.508	n/a	Target	2	183627
734.68	n/a	NonTarget	1	183670
734.856	n/a	NonTarget	1	183714
735.032	n/a	NonTarget	1	183758
735.208	n/a	NonTarget	1	183802
735.38	n/a	Target	2	183845
735.556	n/a	NonTarget	1	183889
735.732	n/a	NonTarget	1	183933
735.908	n/a	NonTarget	1	183977
736.08	n/a	Target	2	184020
736.256	n/a	NonTarget	1	184064
736.432	n/a	NonTarget	1	184108
736.608	n/a	NonTarget	1	184152
736.78	n/a	NonTarget	1	184195
736.956	n/a	NonTarget	1	184239
737.132	n/a	NonTarget	1	184283
737.308	n/a	NonTarget	1	184327
737.48	n/a	Target	2	184370
737.656	n/a	NonTarget	1	184414
737.832	n/a	NonTarget	1	184458
738.008	n/a	Target	2	184502
738.18	n/a	NonTarget	1	184545
738.356	n/a	NonTarget	1	184589
738.532	n/a	NonTarget	1	184633
738.708	n/a	NonTarget	1	184677
738.88	n/a	Target	2	184720
739.056	n/a	NonTarget	1	184764
739.232	n/a	NonTarget	1	184808
739.408	n/a	NonTarget	1	184852
739.58	n/a	NonTarget	1	184895
739.756	n/a	NonTarget	1	184939
739.932	n/a	NonTarget	1	184983
740.108	n/a	NonTarget	1	185027
740.28	n/a	Target	2	185070
740.456	n/a	NonTarget	1	185114
740.632	n/a	NonTarget	1	185158
740.808	n/a	NonTarget	1	185202
740.98	n/a	NonTarget	1	185245
741.156	n/a	NonTarget	1	185289
741.332	n/a	Target	2	185333
741.508	n/a	NonTarget	1	185377
741.68	n/a	NonTarget	1	185420
741.856	n/a	NonTarget	1	185464
742.032	n/a	Target	2	185508
742.208	n/a	NonTarget	1	185552
742.38	n/a	NonTarget	1	185595
742.556	n/a	NonTarget	1	185639
742.732	n/a	NonTarget	1	185683
742.908	n/a	NonTarget	1	185727
743.08	n/a	NonTarget	1	185770
743.256	n/a	NonTarget	1	185814
743.432	n/a	Target	2	185858
743.608	n/a	NonTarget	1	185902
743.78	n/a	NonTarget	1	185945
743.956	n/a	NonTarget	1	185989
744.132	n/a	Target	2	186033
744.308	n/a	NonTarget	1	186077
744.48	n/a	NonTarget	1	186120
744.656	n/a	NonTarget	1	186164
744.832	n/a	NonTarget	1	186208
745.008	n/a	NonTarget	1	186252
745.184	n/a	Target	2	186296
745.356	n/a	NonTarget	1	186339
745.532	n/a	NonTarget	1	186383
745.708	n/a	NonTarget	1	186427
745.884	n/a	NonTarget	1	186471
746.056	n/a	NonTarget	1	186514
746.232	n/a	NonTarget	1	186558
746.408	n/a	Target	2	186602
746.58	n/a	NonTarget	1	186645
746.756	n/a	NonTarget	1	186689
746.932	n/a	NonTarget	1	186733
747.108	n/a	NonTarget	1	186777
747.28	n/a	Target	2	186820
747.456	n/a	NonTarget	1	186864
747.632	n/a	NonTarget	1	186908
747.808	n/a	NonTarget	1	186952
747.98	n/a	NonTarget	1	186995
748.156	n/a	NonTarget	1	187039
764.328	n/a	NonTarget	1	191082
764.5	n/a	NonTarget	1	191125
764.676	n/a	NonTarget	1	191169
764.852	n/a	Target	2	191213
765.028	n/a	NonTarget	1	191257
765.2	n/a	NonTarget	1	191300
765.376	n/a	NonTarget	1	191344
765.552	n/a	Target	2	191388
765.728	n/a	NonTarget	1	191432
765.9	n/a	NonTarget	1	191475
766.076	n/a	NonTarget	1	191519
766.252	n/a	NonTarget	1	191563
766.428	n/a	NonTarget	1	191607
766.6	n/a	NonTarget	1	191650
766.776	n/a	NonTarget	1	191694
766.952	n/a	NonTarget	1	191738
767.128	n/a	NonTarget	1	191782
767.3	n/a	Target	2	191825
767.476	n/a	NonTarget	1	191869
767.652	n/a	NonTarget	1	191913
767.828	n/a	NonTarget	1	191957
768.0	n/a	NonTarget	1	192000
768.176	n/a	NonTarget	1	192044
768.352	n/a	Target	2	192088
768.528	n/a	NonTarget	1	192132
768.7	n/a	NonTarget	1	192175
768.876	n/a	NonTarget	1	192219
769.052	n/a	NonTarget	1	192263
769.228	n/a	NonTarget	1	192307
769.4	n/a	Target	2	192350
769.576	n/a	NonTarget	1	192394
769.752	n/a	NonTarget	1	192438
769.928	n/a	NonTarget	1	192482
770.1	n/a	NonTarget	1	192525
770.276	n/a	Target	2	192569
770.452	n/a	NonTarget	1	192613
770.628	n/a	NonTarget	1	192657
770.8	n/a	NonTarget	1	192700
770.976	n/a	NonTarget	1	192744
771.152	n/a	NonTarget	1	192788
771.328	n/a	NonTarget	1	192832
771.5	n/a	Target	2	192875
771.676	n/a	NonTarget	1	192919
771.852	n/a	NonTarget	1	192963
772.028	n/a	NonTarget	1	193007
772.2	n/a	NonTarget	1	193050
772.376	n/a	NonTarget	1	193094
772.552	n/a	Target	2	193138
772.728	n/a	NonTarget	1	193182
772.9	n/a	NonTarget	1	193225
773.076	n/a	NonTarget	1	193269
773.252	n/a	Target	2	193313
773.424	n/a	NonTarget	1	193356
773.6	n/a	NonTarget	1	193400
773.776	n/a	NonTarget	1	193444
773.952	n/a	Target	2	193488
774.128	n/a	NonTarget	1	193532
774.3	n/a	NonTarget	1	193575
774.476	n/a	NonTarget	1	193619
774.652	n/a	NonTarget	1	193663
774.824	n/a	NonTarget	1	193706
775.0	n/a	NonTarget	1	193750
775.176	n/a	NonTarget	1	193794
775.352	n/a	NonTarget	1	193838
775.524	n/a	NonTarget	1	193881
775.7	n/a	Target	2	193925
775.876	n/a	NonTarget	1	193969
776.052	n/a	NonTarget	1	194013
776.228	n/a	NonTarget	1	194057
776.4	n/a	NonTarget	1	194100
776.576	n/a	NonTarget	1	194144
776.752	n/a	Target	2	194188
776.924	n/a	NonTarget	1	194231
777.1	n/a	NonTarget	1	194275
777.276	n/a	Target	2	194319
777.452	n/a	NonTarget	1	194363
777.624	n/a	NonTarget	1	194406
777.8	n/a	NonTarget	1	194450
777.976	n/a	NonTarget	1	194494
778.152	n/a	Target	2	194538
778.324	n/a	NonTarget	1	194581
778.5	n/a	NonTarget	1	194625
778.676	n/a	NonTarget	1	194669
778.852	n/a	NonTarget	1	194713
779.024	n/a	Target	2	194756
779.2	n/a	NonTarget	1	194800
779.376	n/a	NonTarget	1	194844
779.552	n/a	NonTarget	1	194888
779.728	n/a	NonTarget	1	194932
779.9	n/a	NonTarget	1	194975
837.2	n/a	NonTarget	1	209300
837.376	n/a	NonTarget	1	209344
837.552	n/a	NonTarget	1	209388
837.724	n/a	NonTarget	1	209431
837.9	n/a	Target	2	209475
838.076	n/a	NonTarget	1	209519
838.252	n/a	NonTarget	1	209563
838.424	n/a	NonTarget	1	209606
838.6	n/a	NonTarget	1	209650
838.776	n/a	NonTarget	1	209694
838.952	n/a	Target	2	209738
839.124	n/a	NonTarget	1	209781
839.3	n/a	NonTarget	1	209825
839.476	n/a	NonTarget	1	209869
839.652	n/a	Target	2	209913
839.824	n/a	NonTarget	1	209956
840.0	n/a	NonTarget	1	210000
840.176	n/a	NonTarget	1	210044
840.352	n/a	NonTarget	1	210088
840.524	n/a	NonTarget	1	210131
840.7	n/a	Target	2	210175
840.876	n/a	NonTarget	1	210219
841.052	n/a	NonTarget	1	210263
841.224	n/a	NonTarget	1	210306
841.4	n/a	NonTarget	1	210350
841.576	n/a	Target	2	210394
841.752	n/a	NonTarget	1	210438
841.924	n/a	NonTarget	1	210481
842.1	n/a	NonTarget	1	210525
842.276	n/a	NonTarget	1	210569
842.452	n/a	NonTarget	1	210613
842.624	n/a	NonTarget	1	210656
842.8	n/a	Target	2	210700
842.976	n/a	NonTarget	1	210744
843.152	n/a	NonTarget	1	210788
843.324	n/a	NonTarget	1	210831
843.5	n/a	NonTarget	1	210875
843.676	n/a	Target	2	210919
843.852	n/a	NonTarget	1	210963
844.024	n/a	NonTarget	1	211006
844.2	n/a	NonTarget	1	211050
844.376	n/a	NonTarget	1	211094
844.552	n/a	NonTarget	1	211138
844.724	n/a	Target	2	211181
844.9	n/a	NonTarget	1	211225
845.076	n/a	NonTarget	1	211269
845.252	n/a	NonTarget	1	211313
845.424	n/a	NonTarget	1	211356
845.6	n/a	NonTarget	1	211400
845.776	n/a	NonTarget	1	211444
845.952	n/a	NonTarget	1	211488
846.124	n/a	NonTarget	1	211531
846.3	n/a	Target	2	211575
846.476	n/a	NonTarget	1	211619
846.652	n/a	NonTarget	1	211663
846.824	n/a	NonTarget	1	211706
847.0	n/a	NonTarget	1	211750
847.176	n/a	NonTarget	1	211794
847.352	n/a	Target	2	211838
847.524	n/a	NonTarget	1	211881
847.7	n/a	NonTarget	1	211925
847.876	n/a	NonTarget	1	211969
848.052	n/a	NonTarget	1	212013
848.224	n/a	Target	2	212056
848.4	n/a	NonTarget	1	212100
848.576	n/a	NonTarget	1	212144
848.752	n/a	Target	2	212188
848.924	n/a	NonTarget	1	212231
849.1	n/a	NonTarget	1	212275
849.276	n/a	NonTarget	1	212319
849.452	n/a	NonTarget	1	212363
849.624	n/a	NonTarget	1	212406
849.8	n/a	NonTarget	1	212450
849.976	n/a	Target	2	212494
850.152	n/a	NonTarget	1	212538
850.324	n/a	NonTarget	1	212581
850.5	n/a	NonTarget	1	212625
850.676	n/a	NonTarget	1	212669
850.852	n/a	NonTarget	1	212713
851.024	n/a	Target	2	212756
851.2	n/a	NonTarget	1	212800
851.376	n/a	NonTarget	1	212844
851.552	n/a	NonTarget	1	212888
851.724	n/a	NonTarget	1	212931
851.9	n/a	NonTarget	1	212975
852.076	n/a	Target	2	213019
852.252	n/a	NonTarget	1	213063
852.424	n/a	NonTarget	1	213106
852.6	n/a	NonTarget	1	213150
852.776	n/a	NonTarget	1	213194
895.644	n/a	NonTarget	1	223911
895.82	n/a	Target	2	223955
895.996	n/a	NonTarget	1	223999
896.172	n/a	NonTarget	1	224043
896.344	n/a	NonTarget	1	224086
896.52	n/a	NonTarget	1	224130
896.696	n/a	NonTarget	1	224174
896.872	n/a	NonTarget	1	224218
897.044	n/a	Target	2	224261
897.22	n/a	NonTarget	1	224305
897.396	n/a	NonTarget	1	224349
897.572	n/a	NonTarget	1	224393
897.744	n/a	NonTarget	1	224436
897.92	n/a	NonTarget	1	224480
898.096	n/a	Target	2	224524
898.272	n/a	NonTarget	1	224568
898.444	n/a	NonTarget	1	224611
898.62	n/a	NonTarget	1	224655
898.796	n/a	NonTarget	1	224699
898.972	n/a	NonTarget	1	224743
899.144	n/a	Target	2	224786
899.32	n/a	NonTarget	1	224830
899.496	n/a	NonTarget	1	224874
899.672	n/a	NonTarget	1	224918
899.844	n/a	NonTarget	1	224961
900.02	n/a	NonTarget	1	225005
900.196	n/a	NonTarget	1	225049
900.372	n/a	Target	2	225093
900.544	n/a	NonTarget	1	225136
900.72	n/a	NonTarget	1	225180
900.896	n/a	NonTarget	1	225224
901.072	n/a	NonTarget	1	225268
901.244	n/a	NonTarget	1	225311
901.42	n/a	NonTarget	1	225355
901.596	n/a	Target	2	225399
901.772	n/a	NonTarget	1	225443
901.944	n/a	NonTarget	1	225486
902.12	n/a	Target	2	225530
902.296	n/a	NonTarget	1	225574
902.472	n/a	NonTarget	1	225618
902.644	n/a	NonTarget	1	225661
902.82	n/a	NonTarget	1	225705
902.996	n/a	NonTarget	1	225749
903.172	n/a	NonTarget	1	225793
903.344	n/a	NonTarget	1	225836
903.52	n/a	Target	2	225880
903.696	n/a	NonTarget	1	225924
903.872	n/a	NonTarget	1	225968
904.044	n/a	Target	2	226011
904.22	n/a	NonTarget	1	226055
904.396	n/a	NonTarget	1	226099
904.572	n/a	NonTarget	1	226143
904.744	n/a	NonTarget	1	226186
904.92	n/a	NonTarget	1	226230
905.096	n/a	Target	2	226274
905.272	n/a	NonTarget	1	226318
905.444	n/a	NonTarget	1	226361
905.62	n/a	NonTarget	1	226405
905.796	n/a	NonTarget	1	226449
905.972	n/a	NonTarget	1	226493
906.144	n/a	Target	2	226536
906.32	n/a	NonTarget	1	226580
906.496	n/a	NonTarget	1	226624
906.672	n/a	NonTarget	1	226668
906.844	n/a	NonTarget	1	226711
907.02	n/a	NonTarget	1	226755
907.196	n/a	NonTarget	1	226799
907.372	n/a	NonTarget	1	226843
907.544	n/a	NonTarget	1	226886
907.72	n/a	NonTarget	1	226930
907.896	n/a	NonTarget	1	226974
908.072	n/a	Target	2	227018
908.244	n/a	NonTarget	1	227061
908.42	n/a	NonTarget	1	227105
908.596	n/a	Target	2	227149
908.772	n/a	NonTarget	1	227193
908.944	n/a	NonTarget	1	227236
909.12	n/a	NonTarget	1	227280
909.296	n/a	NonTarget	1	227324
909.472	n/a	NonTarget	1	227368
909.644	n/a	Target	2	227411
909.82	n/a	NonTarget	1	227455
909.996	n/a	NonTarget	1	227499
910.172	n/a	NonTarget	1	227543
910.344	n/a	NonTarget	1	227586
910.52	n/a	Target	2	227630
910.696	n/a	NonTarget	1	227674
910.872	n/a	NonTarget	1	227718
911.044	n/a	NonTarget	1	227761
911.22	n/a	NonTarget	1	227805
926.824	n/a	NonTarget	1	231706
927.0	n/a	NonTarget	1	231750
927.172	n/a	Target	2	231793
927.348	n/a	NonTarget	1	231837
927.524	n/a	NonTarget	1	231881
927.7	n/a	NonTarget	1	231925
927.872	n/a	NonTarget	1	231968
928.048	n/a	NonTarget	1	232012
928.224	n/a	Target	2	232056
928.4	n/a	NonTarget	1	232100
928.576	n/a	NonTarget	1	232144
928.748	n/a	NonTarget	1	232187
928.924	n/a	NonTarget	1	232231
929.1	n/a	Target	2	232275
929.272	n/a	NonTarget	1	232318
929.448	n/a	NonTarget	1	232362
929.624	n/a	NonTarget	1	232406
929.8	n/a	NonTarget	1	232450
929.972	n/a	NonTarget	1	232493
930.148	n/a	NonTarget	1	232537
930.324	n/a	Target	2	232581
930.5	n/a	NonTarget	1	232625
930.672	n/a	NonTarget	1	232668
930.848	n/a	NonTarget	1	232712
931.024	n/a	NonTarget	1	232756
931.2	n/a	NonTarget	1	232800
931.372	n/a	NonTarget	1	232843
931.548	n/a	Target	2	232887
931.724	n/a	NonTarget	1	232931
931.9	n/a	NonTarget	1	232975
932.072	n/a	NonTarget	1	233018
932.248	n/a	NonTarget	1	233062
932.424	n/a	Target	2	233106
932.6	n/a	NonTarget	1	233150
932.772	n/a	NonTarget	1	233193
932.948	n/a	NonTarget	1	233237
933.124	n/a	NonTarget	1	233281
933.3	n/a	NonTarget	1	233325
933.472	n/a	NonTarget	1	233368
933.648	n/a	Target	2	233412
933.824	n/a	NonTarget	1	233456
934.0	n/a	NonTarget	1	233500
934.172	n/a	NonTarget	1	233543
934.348	n/a	NonTarget	1	233587
934.524	n/a	NonTarget	1	233631
934.7	n/a	NonTarget	1	233675
934.872	n/a	NonTarget	1	233718
935.048	n/a	Target	2	233762
935.224	n/a	NonTarget	1	233806
935.4	n/a	NonTarget	1	233850
935.572	n/a	NonTarget	1	233893
935.748	n/a	NonTarget	1	233937
935.924	n/a	NonTarget	1	233981
936.1	n/a	Target	2	234025
936.272	n/a	NonTarget	1	234068
936.448	n/a	NonTarget	1	234112
936.624	n/a	NonTarget	1	234156
936.8	n/a	NonTarget	1	234200
936.972	n/a	NonTarget	1	234243
937.148	n/a	Target	2	234287
937.324	n/a	NonTarget	1	234331
937.5	n/a	NonTarget	1	234375
937.672	n/a	NonTarget	1	234418
937.848	n/a	Target	2	234462
938.024	n/a	NonTarget	1	234506
938.2	n/a	NonTarget	1	234550
938.372	n/a	NonTarget	1	234593
938.548	n/a	Target	2	234637
938.724	n/a	NonTarget	1	234681
938.9	n/a	NonTarget	1	234725
939.072	n/a	NonTarget	1	234768
939.248	n/a	NonTarget	1	234812
939.424	n/a	NonTarget	1	234856
939.6	n/a	NonTarget	1	234900
939.772	n/a	NonTarget	1	234943
939.948	n/a	NonTarget	1	234987
940.124	n/a	Target	2	235031
940.3	n/a	NonTarget	1	235075
940.472	n/a	NonTarget	1	235118
940.648	n/a	NonTarget	1	235162
940.824	n/a	NonTarget	1	235206
941.0	n/a	NonTarget	1	235250
941.172	n/a	Target	2	235293
941.348	n/a	NonTarget	1	235337
941.524	n/a	NonTarget	1	235381
941.7	n/a	Target	2	235425
941.872	n/a	NonTarget	1	235468
942.048	n/a	NonTarget	1	235512
942.224	n/a	NonTarget	1	235556
942.4	n/a	NonTarget	1	235600
958.304	n/a	Target	2	239576
958.48	n/a	NonTarget	1	239620
958.656	n/a	NonTarget	1	239664
958.828	n/a	NonTarget	1	239707
959.004	n/a	NonTarget	1	239751
959.18	n/a	NonTarget	1	239795
959.352	n/a	NonTarget	1	239838
959.528	n/a	NonTarget	1	239882
959.704	n/a	NonTarget	1	239926
959.88	n/a	NonTarget	1	239970
960.056	n/a	NonTarget	1	240014
960.228	n/a	Target	2	240057
960.404	n/a	NonTarget	1	240101
960.58	n/a	NonTarget	1	240145
960.752	n/a	NonTarget	1	240188
960.928	n/a	NonTarget	1	240232
961.104	n/a	Target	2	240276
961.28	n/a	NonTarget	1	240320
961.452	n/a	NonTarget	1	240363
961.628	n/a	NonTarget	1	240407
961.804	n/a	NonTarget	1	240451
961.98	n/a	NonTarget	1	240495
962.156	n/a	NonTarget	1	240539
962.328	n/a	Target	2	240582
962.504	n/a	NonTarget	1	240626
962.68	n/a	NonTarget	1	240670
962.852	n/a	NonTarget	1	240713
963.028	n/a	NonTarget	1	240757
963.204	n/a	Target	2	240801
963.38	n/a	NonTarget	1	240845
963.552	n/a	NonTarget	1	240888
963.728	n/a	NonTarget	1	240932
963.904	n/a	NonTarget	1	240976
964.08	n/a	Target	2	241020
964.252	n/a	NonTarget	1	241063
964.428	n/a	NonTarget	1	241107
964.604	n/a	Target	2	241151
964.78	n/a	NonTarget	1	241195
964.952	n/a	NonTarget	1	241238
965.128	n/a	NonTarget	1	241282
965.304	n/a	NonTarget	1	241326
965.48	n/a	NonTarget	1	241370
965.656	n/a	NonTarget	1	241414
965.828	n/a	NonTarget	1	241457
966.004	n/a	NonTarget	1	241501
966.18	n/a	Target	2	241545
966.352	n/a	NonTarget	1	241588
966.528	n/a	NonTarget	1	241632
966.704	n/a	NonTarget	1	241676
966.88	n/a	NonTarget	1	241720
967.052	n/a	Target	2	241763
967.228	n/a	NonTarget	1	241807
967.404	n/a	NonTarget	1	241851
967.58	n/a	NonTarget	1	241895
967.752	n/a	NonTarget	1	241938
967.928	n/a	NonTarget	1	241982
968.104	n/a	NonTarget	1	242026
968.28	n/a	NonTarget	1	242070
968.452	n/a	NonTarget	1	242113
968.628	n/a	Target	2	242157
968.804	n/a	NonTarget	1	242201
968.98	n/a	NonTarget	1	242245
969.156	n/a	Target	2	242289
969.328	n/a	NonTarget	1	242332
969.504	n/a	NonTarget	1	242376
969.68	n/a	NonTarget	1	242420
969.852	n/a	NonTarget	1	242463
970.028	n/a	Target	2	242507
970.204	n/a	NonTarget	1	242551
970.38	n/a	NonTarget	1	242595
970.552	n/a	NonTarget	1	242638
970.728	n/a	NonTarget	1	242682
970.904	n/a	NonTarget	1	242726
971.08	n/a	NonTarget	1	242770
971.252	n/a	NonTarget	1	242813
971.428	n/a	NonTarget	1	242857
971.604	n/a	Target	2	242901
971.78	n/a	NonTarget	1	242945
971.952	n/a	NonTarget	1	242988
972.128	n/a	NonTarget	1	243032
972.304	n/a	NonTarget	1	243076
972.48	n/a	NonTarget	1	243120
972.652	n/a	Target	2	243163
972.828	n/a	NonTarget	1	243207
973.004	n/a	NonTarget	1	243251
973.18	n/a	NonTarget	1	243295
973.352	n/a	Target	2	243338
973.528	n/a	NonTarget	1	243382
973.704	n/a	NonTarget	1	243426
973.88	n/a	NonTarget	1	243470
990.512	n/a	NonTarget	1	247628
990.688	n/a	NonTarget	1	247672
990.864	n/a	Target	2	247716
991.04	n/a	NonTarget	1	247760
991.212	n/a	NonTarget	1	247803
991.388	n/a	NonTarget	1	247847
991.564	n/a	NonTarget	1	247891
991.74	n/a	NonTarget	1	247935
991.912	n/a	NonTarget	1	247978
992.088	n/a	NonTarget	1	248022
992.264	n/a	Target	2	248066
992.44	n/a	NonTarget	1	248110
992.612	n/a	NonTarget	1	248153
992.788	n/a	Target	2	248197
992.964	n/a	NonTarget	1	248241
993.14	n/a	NonTarget	1	248285
993.312	n/a	NonTarget	1	248328
993.488	n/a	NonTarget	1	248372
993.664	n/a	NonTarget	1	248416
993.84	n/a	NonTarget	1	248460
994.012	n/a	NonTarget	1	248503
994.188	n/a	NonTarget	1	248547
994.364	n/a	Target	2	248591
994.54	n/a	NonTarget	1	248635
994.712	n/a	NonTarget	1	248678
994.888	n/a	NonTarget	1	248722
995.064	n/a	NonTarget	1	248766
995.24	n/a	Target	2	248810
995.412	n/a	NonTarget	1	248853
995.588	n/a	NonTarget	1	248897
995.764	n/a	NonTarget	1	248941
995.94	n/a	NonTarget	1	248985
996.112	n/a	NonTarget	1	249028
996.288	n/a	NonTarget	1	249072
996.464	n/a	NonTarget	1	249116
996.64	n/a	Target	2	249160
996.812	n/a	NonTarget	1	249203
996.988	n/a	NonTarget	1	249247
997.164	n/a	NonTarget	1	249291
997.34	n/a	Target	2	249335
997.512	n/a	NonTarget	1	249378
997.688	n/a	NonTarget	1	249422
997.864	n/a	NonTarget	1	249466
998.04	n/a	NonTarget	1	249510
998.212	n/a	NonTarget	1	249553
998.388	n/a	NonTarget	1	249597
998.564	n/a	NonTarget	1	249641
998.74	n/a	Target	2	249685
998.912	n/a	NonTarget	1	249728
999.088	n/a	NonTarget	1	249772
999.264	n/a	NonTarget	1	249816
999.44	n/a	NonTarget	1	249860
999.612	n/a	NonTarget	1	249903
999.788	n/a	Target	2	249947
999.964	n/a	NonTarget	1	249991
1000.14	n/a	NonTarget	1	250035
1000.312	n/a	NonTarget	1	250078
1000.488	n/a	NonTarget	1	250122
1000.664	n/a	Target	2	250166
1000.84	n/a	NonTarget	1	250210
1001.012	n/a	NonTarget	1	250253
1001.188	n/a	NonTarget	1	250297
1001.364	n/a	NonTarget	1	250341
1001.54	n/a	NonTarget	1	250385
1001.712	n/a	Target	2	250428
1001.888	n/a	NonTarget	1	250472
1002.064	n/a	NonTarget	1	250516
1002.24	n/a	NonTarget	1	250560
1002.412	n/a	NonTarget	1	250603
1002.588	n/a	NonTarget	1	250647
1002.764	n/a	Target	2	250691
1002.94	n/a	NonTarget	1	250735
1003.112	n/a	NonTarget	1	250778
1003.288	n/a	NonTarget	1	250822
1003.464	n/a	NonTarget	1	250866
1003.64	n/a	NonTarget	1	250910
1003.812	n/a	Target	2	250953
1003.988	n/a	NonTarget	1	250997
1004.164	n/a	NonTarget	1	251041
1004.34	n/a	NonTarget	1	251085
1004.512	n/a	NonTarget	1	251128
1004.688	n/a	NonTarget	1	251172
1004.864	n/a	Target	2	251216
1005.04	n/a	NonTarget	1	251260
1005.212	n/a	NonTarget	1	251303
1005.388	n/a	Target	2	251347
1005.564	n/a	NonTarget	1	251391
1005.74	n/a	NonTarget	1	251435
1005.916	n/a	NonTarget	1	251479
1006.088	n/a	NonTarget	1	251522
1023.32	n/a	NonTarget	1	255830
1023.496	n/a	NonTarget	1	255874
1023.668	n/a	NonTarget	1	255917
1023.844	n/a	NonTarget	1	255961
1024.02	n/a	NonTarget	1	256005
1024.196	n/a	Target	2	256049
1024.368	n/a	NonTarget	1	256092
1024.544	n/a	NonTarget	1	256136
1024.72	n/a	NonTarget	1	256180
1024.896	n/a	NonTarget	1	256224
1025.072	n/a	NonTarget	1	256268
1025.244	n/a	Target	2	256311
1025.42	n/a	NonTarget	1	256355
1025.596	n/a	NonTarget	1	256399
1025.768	n/a	Target	2	256442
1025.944	n/a	NonTarget	1	256486
1026.12	n/a	NonTarget	1	256530
1026.296	n/a	NonTarget	1	256574
1026.468	n/a	NonTarget	1	256617
1026.644	n/a	Target	2	256661
1026.82	n/a	NonTarget	1	256705
1026.996	n/a	NonTarget	1	256749
1027.168	n/a	NonTarget	1	256792
1027.344	n/a	NonTarget	1	256836
1027.52	n/a	NonTarget	1	256880
1027.696	n/a	Target	2	256924
1027.868	n/a	NonTarget	1	256967
1028.044	n/a	NonTarget	1	257011
1028.22	n/a	NonTarget	1	257055
1028.396	n/a	NonTarget	1	257099
1028.568	n/a	NonTarget	1	257142
1028.744	n/a	Target	2	257186
1028.92	n/a	NonTarget	1	257230
1029.096	n/a	NonTarget	1	257274
1029.268	n/a	NonTarget	1	257317
1029.444	n/a	NonTarget	1	257361
1029.62	n/a	NonTarget	1	257405
1029.796	n/a	NonTarget	1	257449
1029.968	n/a	NonTarget	1	257492
1030.144	n/a	NonTarget	1	257536
1030.32	n/a	Target	2	257580
1030.496	n/a	NonTarget	1	257624
1030.668	n/a	NonTarget	1	257667
1030.844	n/a	Target	2	257711
1031.02	n/a	NonTarget	1	257755
1031.196	n/a	NonTarget	1	257799
1031.368	n/a	NonTarget	1	257842
1031.544	n/a	NonTarget	1	257886
1031.72	n/a	NonTarget	1	257930
1031.896	n/a	Target	2	257974
1032.068	n/a	NonTarget	1	258017
1032.244	n/a	NonTarget	1	258061
1032.42	n/a	NonTarget	1	258105
1032.596	n/a	NonTarget	1	258149
1032.768	n/a	NonTarget	1	258192
1032.944	n/a	NonTarget	1	258236
1033.12	n/a	NonTarget	1	258280
1033.296	n/a	NonTarget	1	258324
1033.468	n/a	Target	2	258367
1033.644	n/a	NonTarget	1	258411
1033.82	n/a	NonTarget	1	258455
1033.996	n/a	NonTarget	1	258499
1034.168	n/a	NonTarget	1	258542
1034.344	n/a	Target	2	258586
1034.52	n/a	NonTarget	1	258630
1034.696	n/a	NonTarget	1	258674
1034.868	n/a	NonTarget	1	258717
1035.044	n/a	NonTarget	1	258761
1035.22	n/a	Target	2	258805
1035.396	n/a	NonTarget	1	258849
1035.568	n/a	NonTarget	1	258892
1035.744	n/a	NonTarget	1	258936
1035.92	n/a	NonTarget	1	258980
1036.096	n/a	Target	2	259024
1036.268	n/a	NonTarget	1	259067
1036.444	n/a	NonTarget	1	259111
1036.62	n/a	NonTarget	1	259155
1036.796	n/a	NonTarget	1	259199
1036.968	n/a	NonTarget	1	259242
1037.144	n/a	Target	2	259286
1037.32	n/a	NonTarget	1	259330
1037.496	n/a	NonTarget	1	259374
1037.668	n/a	NonTarget	1	259417
1037.844	n/a	NonTarget	1	259461
1038.02	n/a	NonTarget	1	259505
1038.196	n/a	NonTarget	1	259549
1038.368	n/a	Target	2	259592
1038.544	n/a	NonTarget	1	259636
1038.72	n/a	NonTarget	1	259680
1038.896	n/a	NonTarget	1	259724
1099.308	n/a	Target	2	274827
1099.48	n/a	NonTarget	1	274870
1099.656	n/a	NonTarget	1	274914
1099.832	n/a	NonTarget	1	274958
1100.008	n/a	NonTarget	1	275002
1100.18	n/a	NonTarget	1	275045
1100.356	n/a	NonTarget	1	275089
1100.532	n/a	NonTarget	1	275133
1100.708	n/a	NonTarget	1	275177
1100.88	n/a	Target	2	275220
1101.056	n/a	NonTarget	1	275264
1101.232	n/a	NonTarget	1	275308
1101.408	n/a	NonTarget	1	275352
1101.58	n/a	Target	2	275395
1101.756	n/a	NonTarget	1	275439
1101.932	n/a	NonTarget	1	275483
1102.108	n/a	NonTarget	1	275527
1102.28	n/a	NonTarget	1	275570
1102.456	n/a	NonTarget	1	275614
1102.632	n/a	NonTarget	1	275658
1102.808	n/a	NonTarget	1	275702
1102.98	n/a	NonTarget	1	275745
1103.156	n/a	NonTarget	1	275789
1103.332	n/a	Target	2	275833
1103.508	n/a	NonTarget	1	275877
1103.684	n/a	NonTarget	1	275921
1103.856	n/a	NonTarget	1	275964
1104.032	n/a	Target	2	276008
1104.208	n/a	NonTarget	1	276052
1104.38	n/a	NonTarget	1	276095
1104.556	n/a	NonTarget	1	276139
1104.732	n/a	NonTarget	1	276183
1104.908	n/a	NonTarget	1	276227
1105.08	n/a	NonTarget	1	276270
1105.256	n/a	NonTarget	1	276314
1105.432	n/a	Target	2	276358
1105.608	n/a	NonTarget	1	276402
1105.78	n/a	NonTarget	1	276445
1105.956	n/a	NonTarget	1	276489
1106.132	n/a	Target	2	276533
1106.308	n/a	NonTarget	1	276577
1106.48	n/a	NonTarget	1	276620
1106.656	n/a	Target	2	276664
1106.832	n/a	NonTarget	1	276708
1107.008	n/a	NonTarget	1	276752
1107.18	n/a	NonTarget	1	276795
1107.356	n/a	NonTarget	1	276839
1107.532	n/a	NonTarget	1	276883
1107.708	n/a	Target	2	276927
1107.88	n/a	NonTarget	1	276970
1108.056	n/a	NonTarget	1	277014
1108.232	n/a	NonTarget	1	277058
1108.408	n/a	NonTarget	1	277102
1108.58	n/a	NonTarget	1	277145
1108.756	n/a	Target	2	277189
1108.932	n/a	NonTarget	1	277233
1109.108	n/a	NonTarget	1	277277
1109.28	n/a	NonTarget	1	277320
1109.456	n/a	NonTarget	1	277364
1109.632	n/a	NonTarget	1	277408
1109.808	n/a	Target	2	277452
1109.98	n/a	NonTarget	1	277495
1110.156	n/a	NonTarget	1	277539
1110.332	n/a	NonTarget	1	277583
1110.508	n/a	NonTarget	1	277627
1110.68	n/a	NonTarget	1	277670
1110.856	n/a	NonTarget	1	277714
1111.032	n/a	NonTarget	1	277758
1111.208	n/a	NonTarget	1	277802
1111.38	n/a	Target	2	277845
1111.556	n/a	NonTarget	1	277889
1111.732	n/a	NonTarget	1	277933
1111.908	n/a	Target	2	277977
1112.08	n/a	NonTarget	1	278020
1112.256	n/a	NonTarget	1	278064
1112.432	n/a	NonTarget	1	278108
1112.608	n/a	NonTarget	1	278152
1112.78	n/a	NonTarget	1	278195
1112.956	n/a	NonTarget	1	278239
1113.132	n/a	NonTarget	1	278283
1113.308	n/a	Target	2	278327
1113.48	n/a	NonTarget	1	278370
1113.656	n/a	NonTarget	1	278414
1113.832	n/a	NonTarget	1	278458
1114.008	n/a	NonTarget	1	278502
1114.18	n/a	Target	2	278545
1114.356	n/a	NonTarget	1	278589
1114.532	n/a	NonTarget	1	278633
1114.708	n/a	NonTarget	1	278677
1114.88	n/a	NonTarget	1	278720
1132.384	n/a	NonTarget	1	283096
1132.556	n/a	NonTarget	1	283139
1132.732	n/a	NonTarget	1	283183
1132.908	n/a	Target	2	283227
1133.084	n/a	NonTarget	1	283271
1133.256	n/a	NonTarget	1	283314
1133.432	n/a	NonTarget	1	283358
1133.608	n/a	Target	2	283402
1133.784	n/a	NonTarget	1	283446
1133.956	n/a	NonTarget	1	283489
1134.132	n/a	NonTarget	1	283533
1134.308	n/a	NonTarget	1	283577
1134.484	n/a	Target	2	283621
1134.656	n/a	NonTarget	1	283664
1134.832	n/a	NonTarget	1	283708
1135.008	n/a	NonTarget	1	283752
1135.184	n/a	NonTarget	1	283796
1135.356	n/a	NonTarget	1	283839
1135.532	n/a	NonTarget	1	283883
1135.708	n/a	Target	2	283927
1135.884	n/a	NonTarget	1	283971
1136.056	n/a	NonTarget	1	284014
1136.232	n/a	NonTarget	1	284058
1136.408	n/a	NonTarget	1	284102
1136.584	n/a	NonTarget	1	284146
1136.756	n/a	NonTarget	1	284189
1136.932	n/a	Target	2	284233
1137.108	n/a	NonTarget	1	284277
1137.284	n/a	NonTarget	1	284321
1137.456	n/a	NonTarget	1	284364
1137.632	n/a	NonTarget	1	284408
1137.808	n/a	NonTarget	1	284452
1137.984	n/a	Target	2	284496
1138.156	n/a	NonTarget	1	284539
1138.332	n/a	NonTarget	1	284583
1138.508	n/a	NonTarget	1	284627
1138.684	n/a	NonTarget	1	284671
1138.856	n/a	NonTarget	1	284714
1139.032	n/a	Target	2	284758
1139.208	n/a	NonTarget	1	284802
1139.384	n/a	NonTarget	1	284846
1139.556	n/a	NonTarget	1	284889
1139.732	n/a	NonTarget	1	284933
1139.908	n/a	Target	2	284977
1140.084	n/a	NonTarget	1	285021
1140.26	n/a	NonTarget	1	285065
1140.432	n/a	NonTarget	1	285108
1140.608	n/a	NonTarget	1	285152
1140.784	n/a	NonTarget	1	285196
1140.96	n/a	NonTarget	1	285240
1141.132	n/a	Target	2	285283
1141.308	n/a	NonTarget	1	285327
1141.484	n/a	NonTarget	1	285371
1141.656	n/a	NonTarget	1	285414
1141.832	n/a	NonTarget	1	285458
1142.008	n/a	NonTarget	1	285502
1142.184	n/a	NonTarget	1	285546
1142.356	n/a	Target	2	285589
1142.532	n/a	NonTarget	1	285633
1142.708	n/a	NonTarget	1	285677
1142.884	n/a	NonTarget	1	285721
1143.056	n/a	NonTarget	1	285764
1143.232	n/a	Target	2	285808
1143.408	n/a	NonTarget	1	285852
1143.584	n/a	NonTarget	1	285896
1143.756	n/a	NonTarget	1	285939
1143.932	n/a	NonTarget	1	285983
1144.108	n/a	NonTarget	1	286027
1144.284	n/a	NonTarget	1	286071
1144.456	n/a	Target	2	286114
1144.632	n/a	NonTarget	1	286158
1144.808	n/a	NonTarget	1	286202
1144.984	n/a	NonTarget	1	286246
1145.156	n/a	NonTarget	1	286289
1145.332	n/a	NonTarget	1	286333
1145.508	n/a	NonTarget	1	286377
1145.684	n/a	NonTarget	1	286421
1145.856	n/a	Target	2	286464
1146.032	n/a	NonTarget	1	286508
1146.208	n/a	NonTarget	1	286552
1146.384	n/a	NonTarget	1	286596
1146.556	n/a	NonTarget	1	286639
1146.732	n/a	NonTarget	1	286683
1146.908	n/a	Target	2	286727
1147.084	n/a	NonTarget	1	286771
1147.256	n/a	NonTarget	1	286814
1147.432	n/a	NonTarget	1	286858
1147.608	n/a	NonTarget	1	286902
1147.784	n/a	NonTarget	1	286946
1147.956	n/a	Target	2	286989
1163.048	n/a	NonTarget	1	290762
1163.224	n/a	NonTarget	1	290806
1163.4	n/a	NonTarget	1	290850
1163.572	n/a	NonTarget	1	290893
1163.748	n/a	Target	2	290937
1163.924	n/a	NonTarget	1	290981
1164.1	n/a	NonTarget	1	291025
1164.272	n/a	NonTarget	1	291068
1164.448	n/a	Target	2	291112
1164.624	n/a	NonTarget	1	291156
1164.796	n/a	NonTarget	1	291199
1164.972	n/a	NonTarget	1	291243
1165.148	n/a	NonTarget	1	291287
1165.324	n/a	NonTarget	1	291331
1165.496	n/a	NonTarget	1	291374
1165.672	n/a	Target	2	291418
1165.848	n/a	NonTarget	1	291462
1166.024	n/a	NonTarget	1	291506
1166.196	n/a	NonTarget	1	291549
1166.372	n/a	NonTarget	1	291593
1166.548	n/a	NonTarget	1	291637
1166.724	n/a	Target	2	291681
1166.896	n/a	NonTarget	1	291724
1167.072	n/a	NonTarget	1	291768
1167.248	n/a	Target	2	291812
1167.424	n/a	NonTarget	1	291856
1167.6	n/a	NonTarget	1	291900
1167.772	n/a	NonTarget	1	291943
1167.948	n/a	NonTarget	1	291987
1168.124	n/a	NonTarget	1	292031
1168.296	n/a	Target	2	292074
1168.472	n/a	NonTarget	1	292118
1168.648	n/a	NonTarget	1	292162
1168.824	n/a	NonTarget	1	292206
1168.996	n/a	NonTarget	1	292249
1169.172	n/a	NonTarget	1	292293
1169.348	n/a	NonTarget	1	292337
1169.524	n/a	NonTarget	1	292381
1169.696	n/a	NonTarget	1	292424
1169.872	n/a	NonTarget	1	292468
1170.048	n/a	NonTarget	1	292512
1170.224	n/a	Target	2	292556
1170.396	n/a	NonTarget	1	292599
1170.572	n/a	NonTarget	1	292643
1170.748	n/a	NonTarget	1	292687
1170.924	n/a	NonTarget	1	292731
1171.1	n/a	Target	2	292775
1171.272	n/a	NonTarget	1	292818
1171.448	n/a	NonTarget	1	292862
1171.624	n/a	NonTarget	1	292906
1171.796	n/a	NonTarget	1	292949
1171.972	n/a	NonTarget	1	292993
1172.148	n/a	NonTarget	1	293037
1172.324	n/a	Target	2	293081
1172.496	n/a	NonTarget	1	293124
1172.672	n/a	NonTarget	1	293168
1172.848	n/a	NonTarget	1	293212
1173.024	n/a	NonTarget	1	293256
1173.196	n/a	Target	2	293299
1173.372	n/a	NonTarget	1	293343
1173.548	n/a	NonTarget	1	293387
1173.724	n/a	NonTarget	1	293431
1173.896	n/a	NonTarget	1	293474
1174.072	n/a	Target	2	293518
1174.248	n/a	NonTarget	1	293562
1174.424	n/a	NonTarget	1	293606
1174.596	n/a	Target	2	293649
1174.772	n/a	NonTarget	1	293693
1174.948	n/a	NonTarget	1	293737
1175.124	n/a	NonTarget	1	293781
1175.296	n/a	NonTarget	1	293824
1175.472	n/a	NonTarget	1	293868
1175.648	n/a	NonTarget	1	293912
1175.824	n/a	NonTarget	1	293956
1175.996	n/a	NonTarget	1	293999
1176.172	n/a	Target	2	294043
1176.348	n/a	NonTarget	1	294087
1176.524	n/a	NonTarget	1	294131
1176.696	n/a	NonTarget	1	294174
1176.872	n/a	NonTarget	1	294218
1177.048	n/a	Target	2	294262
1177.224	n/a	NonTarget	1	294306
1177.396	n/a	NonTarget	1	294349
1177.572	n/a	NonTarget	1	294393
1177.748	n/a	NonTarget	1	294437
1177.924	n/a	NonTarget	1	294481
1178.096	n/a	NonTarget	1	294524
1178.272	n/a	NonTarget	1	294568
1178.448	n/a	NonTarget	1	294612
1178.624	n/a	Target	2	294656
1194.488	n/a	NonTarget	1	298622
1194.664	n/a	Target	2	298666
1194.84	n/a	NonTarget	1	298710
1195.016	n/a	NonTarget	1	298754
1195.188	n/a	NonTarget	1	298797
1195.364	n/a	NonTarget	1	298841
1195.54	n/a	NonTarget	1	298885
1195.716	n/a	NonTarget	1	298929
1195.888	n/a	Target	2	298972
1196.064	n/a	NonTarget	1	299016
1196.24	n/a	NonTarget	1	299060
1196.416	n/a	NonTarget	1	299104
1196.588	n/a	NonTarget	1	299147
1196.764	n/a	NonTarget	1	299191
1196.94	n/a	Target	2	299235
1197.116	n/a	NonTarget	1	299279
1197.288	n/a	NonTarget	1	299322
1197.464	n/a	NonTarget	1	299366
1197.64	n/a	NonTarget	1	299410
1197.816	n/a	NonTarget	1	299454
1197.988	n/a	Target	2	299497
1198.164	n/a	NonTarget	1	299541
1198.34	n/a	NonTarget	1	299585
1198.516	n/a	NonTarget	1	299629
1198.688	n/a	NonTarget	1	299672
1198.864	n/a	NonTarget	1	299716
1199.04	n/a	NonTarget	1	299760
1199.216	n/a	Target	2	299804
1199.388	n/a	NonTarget	1	299847
1199.564	n/a	NonTarget	1	299891
1199.74	n/a	NonTarget	1	299935
1199.916	n/a	NonTarget	1	299979
1200.088	n/a	NonTarget	1	300022
1200.264	n/a	NonTarget	1	300066
1200.44	n/a	Target	2	300110
1200.616	n/a	NonTarget	1	300154
1200.788	n/a	NonTarget	1	300197
1200.964	n/a	Target	2	300241
1201.14	n/a	NonTarget	1	300285
1201.316	n/a	NonTarget	1	300329
1201.488	n/a	NonTarget	1	300372
1201.664	n/a	NonTarget	1	300416
1201.84	n/a	NonTarget	1	300460
1202.016	n/a	NonTarget	1	300504
1202.188	n/a	NonTarget	1	300547
1202.364	n/a	Target	2	300591
1202.54	n/a	NonTarget	1	300635
1202.716	n/a	NonTarget	1	300679
1202.888	n/a	Target	2	300722
1203.064	n/a	NonTarget	1	300766
1203.24	n/a	NonTarget	1	300810
1203.416	n/a	NonTarget	1	300854
1203.588	n/a	NonTarget	1	300897
1203.764	n/a	NonTarget	1	300941
1203.94	n/a	Target	2	300985
1204.116	n/a	NonTarget	1	301029
1204.288	n/a	NonTarget	1	301072
1204.464	n/a	NonTarget	1	301116
1204.64	n/a	NonTarget	1	301160
1204.816	n/a	NonTarget	1	301204
1204.988	n/a	Target	2	301247
1205.164	n/a	NonTarget	1	301291
1205.34	n/a	NonTarget	1	301335
1205.516	n/a	NonTarget	1	301379
1205.688	n/a	NonTarget	1	301422
1205.864	n/a	NonTarget	1	301466
1206.04	n/a	NonTarget	1	301510
1206.216	n/a	NonTarget	1	301554
1206.388	n/a	NonTarget	1	301597
1206.564	n/a	NonTarget	1	301641
1206.74	n/a	NonTarget	1	301685
1206.916	n/a	Target	2	301729
1207.088	n/a	NonTarget	1	301772
1207.264	n/a	NonTarget	1	301816
1207.44	n/a	Target	2	301860
1207.616	n/a	NonTarget	1	301904
1207.788	n/a	NonTarget	1	301947
1207.964	n/a	NonTarget	1	301991
1208.14	n/a	NonTarget	1	302035
1208.312	n/a	NonTarget	1	302078
1208.488	n/a	Target	2	302122
1208.664	n/a	NonTarget	1	302166
1208.84	n/a	NonTarget	1	302210
1209.012	n/a	NonTarget	1	302253
1209.188	n/a	NonTarget	1	302297
1209.364	n/a	Target	2	302341
1209.54	n/a	NonTarget	1	302385
1209.716	n/a	NonTarget	1	302429
1209.888	n/a	NonTarget	1	302472
1210.064	n/a	NonTarget	1	302516
1227.6	n/a	NonTarget	1	306900
1227.776	n/a	Target	2	306944
1227.952	n/a	NonTarget	1	306988
1228.124	n/a	NonTarget	1	307031
1228.3	n/a	NonTarget	1	307075
1228.476	n/a	NonTarget	1	307119
1228.648	n/a	NonTarget	1	307162
1228.824	n/a	Target	2	307206
1229.0	n/a	NonTarget	1	307250
1229.176	n/a	NonTarget	1	307294
1229.352	n/a	NonTarget	1	307338
1229.524	n/a	NonTarget	1	307381
1229.7	n/a	Target	2	307425
1229.876	n/a	NonTarget	1	307469
1230.052	n/a	NonTarget	1	307513
1230.224	n/a	NonTarget	1	307556
1230.4	n/a	NonTarget	1	307600
1230.576	n/a	NonTarget	1	307644
1230.752	n/a	NonTarget	1	307688
1230.924	n/a	NonTarget	1	307731
1231.1	n/a	NonTarget	1	307775
1231.276	n/a	Target	2	307819
1231.452	n/a	NonTarget	1	307863
1231.624	n/a	NonTarget	1	307906
1231.8	n/a	Target	2	307950
1231.976	n/a	NonTarget	1	307994
1232.148	n/a	NonTarget	1	308037
1232.324	n/a	NonTarget	1	308081
1232.5	n/a	NonTarget	1	308125
1232.676	n/a	NonTarget	1	308169
1232.852	n/a	NonTarget	1	308213
1233.024	n/a	NonTarget	1	308256
1233.2	n/a	NonTarget	1	308300
1233.376	n/a	NonTarget	1	308344
1233.548	n/a	Target	2	308387
1233.724	n/a	NonTarget	1	308431
1233.9	n/a	NonTarget	1	308475
1234.076	n/a	NonTarget	1	308519
1234.248	n/a	NonTarget	1	308562
1234.424	n/a	NonTarget	1	308606
1234.6	n/a	Target	2	308650
1234.776	n/a	NonTarget	1	308694
1234.952	n/a	NonTarget	1	308738
1235.124	n/a	Target	2	308781
1235.3	n/a	NonTarget	1	308825
1235.476	n/a	NonTarget	1	308869
1235.648	n/a	NonTarget	1	308912
1235.824	n/a	NonTarget	1	308956
1236.0	n/a	NonTarget	1	309000
1236.176	n/a	NonTarget	1	309044
1236.352	n/a	Target	2	309088
1236.524	n/a	NonTarget	1	309131
1236.7	n/a	NonTarget	1	309175
1236.876	n/a	NonTarget	1	309219
1237.048	n/a	Target	2	309262
1237.224	n/a	NonTarget	1	309306
1237.4	n/a	NonTarget	1	309350
1237.576	n/a	NonTarget	1	309394
1237.748	n/a	NonTarget	1	309437
1237.924	n/a	NonTarget	1	309481
1238.1	n/a	Target	2	309525
1238.276	n/a	NonTarget	1	309569
1238.448	n/a	NonTarget	1	309612
1238.624	n/a	NonTarget	1	309656
1238.8	n/a	NonTarget	1	309700
1238.976	n/a	NonTarget	1	309744
1239.148	n/a	Target	2	309787
1239.324	n/a	NonTarget	1	309831
1239.5	n/a	NonTarget	1	309875
1239.676	n/a	NonTarget	1	309919
1239.852	n/a	NonTarget	1	309963
1240.024	n/a	NonTarget	1	310006
1240.2	n/a	Target	2	310050
1240.376	n/a	NonTarget	1	310094
1240.548	n/a	NonTarget	1	310137
1240.724	n/a	NonTarget	1	310181
1240.9	n/a	NonTarget	1	310225
1241.076	n/a	NonTarget	1	310269
1241.248	n/a	Target	2	310312
1241.424	n/a	NonTarget	1	310356
1241.6	n/a	NonTarget	1	310400
1241.776	n/a	NonTarget	1	310444
1241.952	n/a	NonTarget	1	310488
1242.124	n/a	NonTarget	1	310531
1242.3	n/a	NonTarget	1	310575
1242.476	n/a	NonTarget	1	310619
1242.648	n/a	Target	2	310662
1242.824	n/a	NonTarget	1	310706
1243.0	n/a	NonTarget	1	310750
1243.176	n/a	NonTarget	1	310794
1260.096	n/a	NonTarget	1	315024
1260.272	n/a	Target	2	315068
1260.444	n/a	NonTarget	1	315111
1260.62	n/a	NonTarget	1	315155
1260.796	n/a	NonTarget	1	315199
1260.972	n/a	NonTarget	1	315243
1261.144	n/a	NonTarget	1	315286
1261.32	n/a	Target	2	315330
1261.496	n/a	NonTarget	1	315374
1261.672	n/a	NonTarget	1	315418
1261.844	n/a	NonTarget	1	315461
1262.02	n/a	NonTarget	1	315505
1262.196	n/a	NonTarget	1	315549
1262.372	n/a	NonTarget	1	315593
1262.544	n/a	NonTarget	1	315636
1262.72	n/a	Target	2	315680
1262.896	n/a	NonTarget	1	315724
1263.072	n/a	NonTarget	1	315768
1263.244	n/a	NonTarget	1	315811
1263.42	n/a	NonTarget	1	315855
1263.596	n/a	Target	2	315899
1263.772	n/a	NonTarget	1	315943
1263.944	n/a	NonTarget	1	315986
1264.12	n/a	NonTarget	1	316030
1264.296	n/a	NonTarget	1	316074
1264.472	n/a	NonTarget	1	316118
1264.648	n/a	NonTarget	1	316162
1264.82	n/a	Target	2	316205
1264.996	n/a	NonTarget	1	316249
1265.172	n/a	NonTarget	1	316293
1265.348	n/a	NonTarget	1	316337
1265.52	n/a	NonTarget	1	316380
1265.696	n/a	Target	2	316424
1265.872	n/a	NonTarget	1	316468
1266.044	n/a	NonTarget	1	316511
1266.22	n/a	NonTarget	1	316555
1266.396	n/a	NonTarget	1	316599
1266.572	n/a	Target	2	316643
1266.744	n/a	NonTarget	1	316686
1266.92	n/a	NonTarget	1	316730
1267.096	n/a	NonTarget	1	316774
1267.272	n/a	NonTarget	1	316818
1267.444	n/a	NonTarget	1	316861
1267.62	n/a	NonTarget	1	316905
1267.796	n/a	Target	2	316949
1267.972	n/a	NonTarget	1	316993
1268.148	n/a	NonTarget	1	317037
1268.32	n/a	NonTarget	1	317080
1268.496	n/a	NonTarget	1	317124
1268.672	n/a	Target	2	317168
1268.844	n/a	NonTarget	1	317211
1269.02	n/a	NonTarget	1	317255
1269.196	n/a	NonTarget	1	317299
1269.372	n/a	NonTarget	1	317343
1269.544	n/a	NonTarget	1	317386
1269.72	n/a	NonTarget	1	317430
1269.896	n/a	NonTarget	1	317474
1270.072	n/a	NonTarget	1	317518
1270.244	n/a	Target	2	317561
1270.42	n/a	NonTarget	1	317605
1270.596	n/a	NonTarget	1	317649
1270.772	n/a	NonTarget	1	317693
1270.944	n/a	NonTarget	1	317736
1271.12	n/a	Target	2	317780
1271.296	n/a	NonTarget	1	317824
1271.472	n/a	NonTarget	1	317868
1271.644	n/a	NonTarget	1	317911
1271.82	n/a	NonTarget	1	317955
1271.996	n/a	NonTarget	1	317999
1272.172	n/a	NonTarget	1	318043
1272.348	n/a	NonTarget	1	318087
1272.52	n/a	Target	2	318130
1272.696	n/a	NonTarget	1	318174
1272.872	n/a	NonTarget	1	318218
1273.044	n/a	NonTarget	1	318261
1273.22	n/a	NonTarget	1	318305
1273.396	n/a	NonTarget	1	318349
1273.572	n/a	Target	2	318393
1273.744	n/a	NonTarget	1	318436
1273.92	n/a	NonTarget	1	318480
1274.096	n/a	NonTarget	1	318524
1274.272	n/a	NonTarget	1	318568
1274.444	n/a	NonTarget	1	318611
1274.62	n/a	Target	2	318655
1274.796	n/a	NonTarget	1	318699
1274.972	n/a	NonTarget	1	318743
1275.144	n/a	NonTarget	1	318786
1275.32	n/a	NonTarget	1	318830
1275.496	n/a	NonTarget	1	318874
1275.672	n/a	Target	2	318918
1290.456	n/a	NonTarget	1	322614
1290.628	n/a	Target	2	322657
1290.804	n/a	NonTarget	1	322701
1290.98	n/a	NonTarget	1	322745
1291.152	n/a	NonTarget	1	322788
1291.328	n/a	NonTarget	1	322832
1291.504	n/a	NonTarget	1	322876
1291.68	n/a	NonTarget	1	322920
1291.852	n/a	NonTarget	1	322963
1292.028	n/a	NonTarget	1	323007
1292.204	n/a	NonTarget	1	323051
1292.38	n/a	Target	2	323095
1292.552	n/a	NonTarget	1	323138
1292.728	n/a	NonTarget	1	323182
1292.904	n/a	Target	2	323226
1293.08	n/a	NonTarget	1	323270
1293.256	n/a	NonTarget	1	323314
1293.428	n/a	NonTarget	1	323357
1293.604	n/a	NonTarget	1	323401
1293.78	n/a	NonTarget	1	323445
1293.956	n/a	NonTarget	1	323489
1294.128	n/a	Target	2	323532
1294.304	n/a	NonTarget	1	323576
1294.48	n/a	NonTarget	1	323620
1294.652	n/a	NonTarget	1	323663
1294.828	n/a	NonTarget	1	323707
1295.004	n/a	Target	2	323751
1295.18	n/a	NonTarget	1	323795
1295.352	n/a	NonTarget	1	323838
1295.528	n/a	NonTarget	1	323882
1295.704	n/a	NonTarget	1	323926
1295.88	n/a	Target	2	323970
1296.052	n/a	NonTarget	1	324013
1296.228	n/a	NonTarget	1	324057
1296.404	n/a	NonTarget	1	324101
1296.58	n/a	NonTarget	1	324145
1296.752	n/a	NonTarget	1	324188
1296.928	n/a	NonTarget	1	324232
1297.104	n/a	NonTarget	1	324276
1297.28	n/a	NonTarget	1	324320
1297.452	n/a	Target	2	324363
1297.628	n/a	NonTarget	1	324407
1297.804	n/a	NonTarget	1	324451
1297.98	n/a	NonTarget	1	324495
1298.152	n/a	NonTarget	1	324538
1298.328	n/a	NonTarget	1	324582
1298.504	n/a	Target	2	324626
1298.68	n/a	NonTarget	1	324670
1298.852	n/a	NonTarget	1	324713
1299.028	n/a	NonTarget	1	324757
1299.204	n/a	NonTarget	1	324801
1299.38	n/a	Target	2	324845
1299.552	n/a	NonTarget	1	324888
1299.728	n/a	NonTarget	1	324932
1299.904	n/a	Target	2	324976
1300.08	n/a	NonTarget	1	325020
1300.252	n/a	NonTarget	1	325063
1300.428	n/a	NonTarget	1	325107
1300.604	n/a	NonTarget	1	325151
1300.78	n/a	NonTarget	1	325195
1300.952	n/a	NonTarget	1	325238
1301.128	n/a	NonTarget	1	325282
1301.304	n/a	NonTarget	1	325326
1301.48	n/a	NonTarget	1	325370
1301.652	n/a	NonTarget	1	325413
1301.828	n/a	Target	2	325457
1302.004	n/a	NonTarget	1	325501
1302.18	n/a	NonTarget	1	325545
1302.352	n/a	NonTarget	1	325588
1302.528	n/a	NonTarget	1	325632
1302.704	n/a	NonTarget	1	325676
1302.88	n/a	Target	2	325720
1303.052	n/a	NonTarget	1	325763
1303.228	n/a	NonTarget	1	325807
1303.404	n/a	NonTarget	1	325851
1303.58	n/a	NonTarget	1	325895
1303.756	n/a	NonTarget	1	325939
1303.928	n/a	Target	2	325982
1304.104	n/a	NonTarget	1	326026
1304.28	n/a	NonTarget	1	326070
1304.456	n/a	NonTarget	1	326114
1304.628	n/a	NonTarget	1	326157
1304.804	n/a	NonTarget	1	326201
1304.98	n/a	Target	2	326245
1305.152	n/a	NonTarget	1	326288
1305.328	n/a	NonTarget	1	326332
1305.504	n/a	NonTarget	1	326376
1305.68	n/a	NonTarget	1	326420
1305.852	n/a	NonTarget	1	326463
1306.028	n/a	Target	2	326507
1350.588	n/a	NonTarget	1	337647
1350.764	n/a	NonTarget	1	337691
1350.94	n/a	Target	2	337735
1351.116	n/a	NonTarget	1	337779
1351.288	n/a	NonTarget	1	337822
1351.464	n/a	NonTarget	1	337866
1351.64	n/a	NonTarget	1	337910
1351.816	n/a	NonTarget	1	337954
1351.988	n/a	Target	2	337997
1352.164	n/a	NonTarget	1	338041
1352.34	n/a	NonTarget	1	338085
1352.516	n/a	NonTarget	1	338129
1352.688	n/a	NonTarget	1	338172
1352.864	n/a	Target	2	338216
1353.04	n/a	NonTarget	1	338260
1353.216	n/a	NonTarget	1	338304
1353.392	n/a	NonTarget	1	338348
1353.564	n/a	NonTarget	1	338391
1353.74	n/a	NonTarget	1	338435
1353.916	n/a	NonTarget	1	338479
1354.088	n/a	NonTarget	1	338522
1354.264	n/a	Target	2	338566
1354.44	n/a	NonTarget	1	338610
1354.616	n/a	NonTarget	1	338654
1354.788	n/a	NonTarget	1	338697
1354.964	n/a	Target	2	338741
1355.14	n/a	NonTarget	1	338785
1355.316	n/a	NonTarget	1	338829
1355.488	n/a	NonTarget	1	338872
1355.664	n/a	NonTarget	1	338916
1355.84	n/a	NonTarget	1	338960
1356.016	n/a	NonTarget	1	339004
1356.188	n/a	NonTarget	1	339047
1356.364	n/a	Target	2	339091
1356.54	n/a	NonTarget	1	339135
1356.716	n/a	NonTarget	1	339179
1356.892	n/a	NonTarget	1	339223
1357.064	n/a	NonTarget	1	339266
1357.24	n/a	NonTarget	1	339310
1357.416	n/a	NonTarget	1	339354
1357.588	n/a	Target	2	339397
1357.764	n/a	NonTarget	1	339441
1357.94	n/a	NonTarget	1	339485
1358.116	n/a	Target	2	339529
1358.288	n/a	NonTarget	1	339572
1358.464	n/a	NonTarget	1	339616
1358.64	n/a	NonTarget	1	339660
1358.816	n/a	NonTarget	1	339704
1358.988	n/a	NonTarget	1	339747
1359.164	n/a	NonTarget	1	339791
1359.34	n/a	NonTarget	1	339835
1359.516	n/a	NonTarget	1	339879
1359.688	n/a	Target	2	339922
1359.864	n/a	NonTarget	1	339966
1360.04	n/a	NonTarget	1	340010
1360.216	n/a	NonTarget	1	340054
1360.388	n/a	NonTarget	1	340097
1360.564	n/a	NonTarget	1	340141
1360.74	n/a	Target	2	340185
1360.916	n/a	NonTarget	1	340229
1361.088	n/a	NonTarget	1	340272
1361.264	n/a	NonTarget	1	340316
1361.44	n/a	NonTarget	1	340360
1361.616	n/a	NonTarget	1	340404
1361.788	n/a	Target	2	340447
1361.964	n/a	NonTarget	1	340491
1362.14	n/a	NonTarget	1	340535
1362.316	n/a	NonTarget	1	340579
1362.492	n/a	NonTarget	1	340623
1362.664	n/a	NonTarget	1	340666
1362.84	n/a	NonTarget	1	340710
1363.016	n/a	Target	2	340754
1363.188	n/a	NonTarget	1	340797
1363.364	n/a	NonTarget	1	340841
1363.54	n/a	NonTarget	1	340885
1363.716	n/a	NonTarget	1	340929
1363.888	n/a	NonTarget	1	340972
1364.064	n/a	Target	2	341016
1364.24	n/a	NonTarget	1	341060
1364.416	n/a	NonTarget	1	341104
1364.588	n/a	NonTarget	1	341147
1364.764	n/a	NonTarget	1	341191
1364.94	n/a	Target	2	341235
1365.116	n/a	NonTarget	1	341279
1365.288	n/a	NonTarget	1	341322
1365.464	n/a	NonTarget	1	341366
1365.64	n/a	Target	2	341410
1365.816	n/a	NonTarget	1	341454
1365.988	n/a	NonTarget	1	341497
1366.164	n/a	NonTarget	1	341541
1383.108	n/a	NonTarget	1	345777
1383.284	n/a	NonTarget	1	345821
1383.46	n/a	NonTarget	1	345865
1383.636	n/a	NonTarget	1	345909
1383.808	n/a	Target	2	345952
1383.984	n/a	NonTarget	1	345996
1384.16	n/a	NonTarget	1	346040
1384.336	n/a	NonTarget	1	346084
1384.508	n/a	NonTarget	1	346127
1384.684	n/a	Target	2	346171
1384.86	n/a	NonTarget	1	346215
1385.036	n/a	NonTarget	1	346259
1385.208	n/a	NonTarget	1	346302
1385.384	n/a	NonTarget	1	346346
1385.56	n/a	NonTarget	1	346390
1385.736	n/a	Target	2	346434
1385.912	n/a	NonTarget	1	346478
1386.084	n/a	NonTarget	1	346521
1386.26	n/a	NonTarget	1	346565
1386.436	n/a	NonTarget	1	346609
1386.608	n/a	NonTarget	1	346652
1386.784	n/a	Target	2	346696
1386.96	n/a	NonTarget	1	346740
1387.136	n/a	NonTarget	1	346784
1387.312	n/a	NonTarget	1	346828
1387.484	n/a	NonTarget	1	346871
1387.66	n/a	NonTarget	1	346915
1387.836	n/a	NonTarget	1	346959
1388.008	n/a	NonTarget	1	347002
1388.184	n/a	Target	2	347046
1388.36	n/a	NonTarget	1	347090
1388.536	n/a	NonTarget	1	347134
1388.708	n/a	Target	2	347177
1388.884	n/a	NonTarget	1	347221
1389.06	n/a	NonTarget	1	347265
1389.236	n/a	NonTarget	1	347309
1389.408	n/a	NonTarget	1	347352
1389.584	n/a	Target	2	347396
1389.76	n/a	NonTarget	1	347440
1389.936	n/a	NonTarget	1	347484
1390.108	n/a	NonTarget	1	347527
1390.284	n/a	NonTarget	1	347571
1390.46	n/a	NonTarget	1	347615
1390.636	n/a	NonTarget	1	347659
1390.808	n/a	NonTarget	1	347702
1390.984	n/a	Target	2	347746
1391.16	n/a	NonTarget	1	347790
1391.336	n/a	NonTarget	1	347834
1391.508	n/a	NonTarget	1	347877
1391.684	n/a	NonTarget	1	347921
1391.86	n/a	NonTarget	1	347965
1392.036	n/a	Target	2	348009
1392.208	n/a	NonTarget	1	348052
1392.384	n/a	NonTarget	1	348096
1392.56	n/a	NonTarget	1	348140
1392.736	n/a	NonTarget	1	348184
1392.908	n/a	Target	2	348227
1393.084	n/a	NonTarget	1	348271
1393.26	n/a	NonTarget	1	348315
1393.436	n/a	NonTarget	1	348359
1393.612	n/a	NonTarget	1	348403
1393.784	n/a	NonTarget	1	348446
1393.96	n/a	NonTarget	1	348490
1394.136	n/a	Target	2	348534
1394.308	n/a	NonTarget	1	348577
1394.484	n/a	NonTarget	1	348621
1394.66	n/a	NonTarget	1	348665
1394.836	n/a	NonTarget	1	348709
1395.008	n/a	NonTarget	1	348752
1395.184	n/a	Target	2	348796
1395.36	n/a	NonTarget	1	348840
1395.536	n/a	NonTarget	1	348884
1395.708	n/a	NonTarget	1	348927
1395.884	n/a	Target	2	348971
1396.06	n/a	NonTarget	1	349015
1396.236	n/a	NonTarget	1	349059
1396.408	n/a	NonTarget	1	349102
1396.584	n/a	NonTarget	1	349146
1396.76	n/a	Target	2	349190
1396.936	n/a	NonTarget	1	349234
1397.112	n/a	NonTarget	1	349278
1397.284	n/a	NonTarget	1	349321
1397.46	n/a	NonTarget	1	349365
1397.636	n/a	NonTarget	1	349409
1397.808	n/a	NonTarget	1	349452
1397.984	n/a	NonTarget	1	349496
1398.16	n/a	NonTarget	1	349540
1398.336	n/a	Target	2	349584
1398.508	n/a	NonTarget	1	349627
1398.684	n/a	NonTarget	1	349671
1415.748	n/a	NonTarget	1	353937
1415.924	n/a	NonTarget	1	353981
1416.1	n/a	NonTarget	1	354025
1416.272	n/a	NonTarget	1	354068
1416.448	n/a	NonTarget	1	354112
1416.624	n/a	Target	2	354156
1416.8	n/a	NonTarget	1	354200
1416.972	n/a	NonTarget	1	354243
1417.148	n/a	NonTarget	1	354287
1417.324	n/a	NonTarget	1	354331
1417.5	n/a	NonTarget	1	354375
1417.672	n/a	Target	2	354418
1417.848	n/a	NonTarget	1	354462
1418.024	n/a	NonTarget	1	354506
1418.2	n/a	NonTarget	1	354550
1418.372	n/a	Target	2	354593
1418.548	n/a	NonTarget	1	354637
1418.724	n/a	NonTarget	1	354681
1418.9	n/a	NonTarget	1	354725
1419.072	n/a	Target	2	354768
1419.248	n/a	NonTarget	1	354812
1419.424	n/a	NonTarget	1	354856
1419.6	n/a	NonTarget	1	354900
1419.772	n/a	NonTarget	1	354943
1419.948	n/a	NonTarget	1	354987
1420.124	n/a	NonTarget	1	355031
1420.3	n/a	Target	2	355075
1420.472	n/a	NonTarget	1	355118
1420.648	n/a	NonTarget	1	355162
1420.824	n/a	NonTarget	1	355206
1421.0	n/a	Target	2	355250
1421.172	n/a	NonTarget	1	355293
1421.348	n/a	NonTarget	1	355337
1421.524	n/a	NonTarget	1	355381
1421.7	n/a	NonTarget	1	355425
1421.872	n/a	NonTarget	1	355468
1422.048	n/a	NonTarget	1	355512
1422.224	n/a	NonTarget	1	355556
1422.4	n/a	NonTarget	1	355600
1422.572	n/a	NonTarget	1	355643
1422.748	n/a	Target	2	355687
1422.924	n/a	NonTarget	1	355731
1423.1	n/a	NonTarget	1	355775
1423.272	n/a	NonTarget	1	355818
1423.448	n/a	Target	2	355862
1423.624	n/a	NonTarget	1	355906
1423.8	n/a	NonTarget	1	355950
1423.972	n/a	NonTarget	1	355993
1424.148	n/a	NonTarget	1	356037
1424.324	n/a	NonTarget	1	356081
1424.5	n/a	NonTarget	1	356125
1424.672	n/a	NonTarget	1	356168
1424.848	n/a	Target	2	356212
1425.024	n/a	NonTarget	1	356256
1425.2	n/a	NonTarget	1	356300
1425.372	n/a	NonTarget	1	356343
1425.548	n/a	NonTarget	1	356387
1425.724	n/a	NonTarget	1	356431
1425.9	n/a	NonTarget	1	356475
1426.072	n/a	Target	2	356518
1426.248	n/a	NonTarget	1	356562
1426.424	n/a	NonTarget	1	356606
1426.6	n/a	NonTarget	1	356650
1426.772	n/a	Target	2	356693
1426.948	n/a	NonTarget	1	356737
1427.124	n/a	NonTarget	1	356781
1427.3	n/a	NonTarget	1	356825
1427.472	n/a	NonTarget	1	356868
1427.648	n/a	NonTarget	1	356912
1427.824	n/a	NonTarget	1	356956
1428.0	n/a	NonTarget	1	357000
1428.172	n/a	Target	2	357043
1428.348	n/a	NonTarget	1	357087
1428.524	n/a	NonTarget	1	357131
1428.7	n/a	Target	2	357175
1428.872	n/a	NonTarget	1	357218
1429.048	n/a	NonTarget	1	357262
1429.224	n/a	NonTarget	1	357306
1429.4	n/a	NonTarget	1	357350
1429.572	n/a	Target	2	357393
1429.748	n/a	NonTarget	1	357437
1429.924	n/a	NonTarget	1	357481
1430.1	n/a	NonTarget	1	357525
1430.272	n/a	NonTarget	1	357568
1430.448	n/a	NonTarget	1	357612
1430.624	n/a	NonTarget	1	357656
1430.8	n/a	NonTarget	1	357700
1430.972	n/a	NonTarget	1	357743
1431.148	n/a	NonTarget	1	357787
1431.324	n/a	Target	2	357831
1449.004	n/a	NonTarget	1	362251
1449.18	n/a	NonTarget	1	362295
1449.356	n/a	NonTarget	1	362339
1449.532	n/a	NonTarget	1	362383
1449.704	n/a	NonTarget	1	362426
1449.88	n/a	Target	2	362470
1450.056	n/a	NonTarget	1	362514
1450.232	n/a	NonTarget	1	362558
1450.404	n/a	Target	2	362601
1450.58	n/a	NonTarget	1	362645
1450.756	n/a	NonTarget	1	362689
1450.932	n/a	NonTarget	1	362733
1451.104	n/a	NonTarget	1	362776
1451.28	n/a	NonTarget	1	362820
1451.456	n/a	NonTarget	1	362864
1451.632	n/a	Target	2	362908
1451.804	n/a	NonTarget	1	362951
1451.98	n/a	NonTarget	1	362995
1452.156	n/a	NonTarget	1	363039
1452.332	n/a	Target	2	363083
1452.504	n/a	NonTarget	1	363126
1452.68	n/a	NonTarget	1	363170
1452.856	n/a	NonTarget	1	363214
1453.032	n/a	NonTarget	1	363258
1453.204	n/a	NonTarget	1	363301
1453.38	n/a	NonTarget	1	363345
1453.556	n/a	Target	2	363389
1453.732	n/a	NonTarget	1	363433
1453.904	n/a	NonTarget	1	363476
1454.08	n/a	NonTarget	1	363520
1454.256	n/a	NonTarget	1	363564
1454.432	n/a	NonTarget	1	363608
1454.604	n/a	Target	2	363651
1454.78	n/a	NonTarget	1	363695
1454.956	n/a	NonTarget	1	363739
1455.132	n/a	NonTarget	1	363783
1455.304	n/a	NonTarget	1	363826
1455.48	n/a	Target	2	363870
1455.656	n/a	NonTarget	1	363914
1455.832	n/a	NonTarget	1	363958
1456.004	n/a	NonTarget	1	364001
1456.18	n/a	NonTarget	1	364045
1456.356	n/a	NonTarget	1	364089
1456.532	n/a	Target	2	364133
1456.704	n/a	NonTarget	1	364176
1456.88	n/a	NonTarget	1	364220
1457.056	n/a	NonTarget	1	364264
1457.232	n/a	NonTarget	1	364308
1457.404	n/a	NonTarget	1	364351
1457.58	n/a	Target	2	364395
1457.756	n/a	NonTarget	1	364439
1457.932	n/a	NonTarget	1	364483
1458.104	n/a	NonTarget	1	364526
1458.28	n/a	NonTarget	1	364570
1458.456	n/a	Target	2	364614
1458.632	n/a	NonTarget	1	364658
1458.804	n/a	NonTarget	1	364701
1458.98	n/a	NonTarget	1	364745
1459.156	n/a	NonTarget	1	364789
1459.332	n/a	NonTarget	1	364833
1459.504	n/a	NonTarget	1	364876
1459.68	n/a	Target	2	364920
1459.856	n/a	NonTarget	1	364964
1460.032	n/a	NonTarget	1	365008
1460.204	n/a	NonTarget	1	365051
1460.38	n/a	NonTarget	1	365095
1460.556	n/a	Target	2	365139
1460.732	n/a	NonTarget	1	365183
1460.904	n/a	NonTarget	1	365226
1461.08	n/a	NonTarget	1	365270
1461.256	n/a	NonTarget	1	365314
1461.432	n/a	NonTarget	1	365358
1461.604	n/a	NonTarget	1	365401
1461.78	n/a	Target	2	365445
1461.956	n/a	NonTarget	1	365489
1462.132	n/a	NonTarget	1	365533
1462.304	n/a	NonTarget	1	365576
1462.48	n/a	NonTarget	1	365620
1462.656	n/a	Target	2	365664
1462.828	n/a	NonTarget	1	365707
1463.004	n/a	NonTarget	1	365751
1463.18	n/a	NonTarget	1	365795
1463.356	n/a	NonTarget	1	365839
1463.528	n/a	NonTarget	1	365882
1463.704	n/a	NonTarget	1	365926
1463.88	n/a	NonTarget	1	365970
1464.056	n/a	Target	2	366014
1464.228	n/a	NonTarget	1	366057
1464.408	n/a	NonTarget	1	366102
1464.58	n/a	NonTarget	1	366145
1485.0	n/a	NonTarget	1	371250
1485.176	n/a	NonTarget	1	371294
1485.348	n/a	NonTarget	1	371337
1485.524	n/a	NonTarget	1	371381
1485.7	n/a	Target	2	371425
1485.876	n/a	NonTarget	1	371469
1486.048	n/a	NonTarget	1	371512
1486.224	n/a	NonTarget	1	371556
1486.4	n/a	NonTarget	1	371600
1486.576	n/a	NonTarget	1	371644
1486.748	n/a	Target	2	371687
1486.924	n/a	NonTarget	1	371731
1487.1	n/a	NonTarget	1	371775
1487.276	n/a	NonTarget	1	371819
1487.448	n/a	NonTarget	1	371862
1487.624	n/a	NonTarget	1	371906
1487.8	n/a	NonTarget	1	371950
1487.976	n/a	Target	2	371994
1488.148	n/a	NonTarget	1	372037
1488.324	n/a	NonTarget	1	372081
1488.5	n/a	NonTarget	1	372125
1488.676	n/a	NonTarget	1	372169
1488.848	n/a	NonTarget	1	372212
1489.024	n/a	Target	2	372256
1489.2	n/a	NonTarget	1	372300
1489.376	n/a	NonTarget	1	372344
1489.548	n/a	NonTarget	1	372387
1489.724	n/a	NonTarget	1	372431
1489.9	n/a	NonTarget	1	372475
1490.076	n/a	Target	2	372519
1490.248	n/a	NonTarget	1	372562
1490.424	n/a	NonTarget	1	372606
1490.6	n/a	NonTarget	1	372650
1490.776	n/a	NonTarget	1	372694
1490.948	n/a	NonTarget	1	372737
1491.124	n/a	Target	2	372781
1491.3	n/a	NonTarget	1	372825
1491.476	n/a	NonTarget	1	372869
1491.648	n/a	NonTarget	1	372912
1491.824	n/a	NonTarget	1	372956
1492.0	n/a	NonTarget	1	373000
1492.176	n/a	Target	2	373044
1492.348	n/a	NonTarget	1	373087
1492.524	n/a	NonTarget	1	373131
1492.7	n/a	NonTarget	1	373175
1492.876	n/a	Target	2	373219
1493.048	n/a	NonTarget	1	373262
1493.224	n/a	NonTarget	1	373306
1493.4	n/a	NonTarget	1	373350
1493.576	n/a	NonTarget	1	373394
1493.748	n/a	NonTarget	1	373437
1493.924	n/a	NonTarget	1	373481
1494.1	n/a	NonTarget	1	373525
1494.276	n/a	Target	2	373569
1494.448	n/a	NonTarget	1	373612
1494.624	n/a	NonTarget	1	373656
1494.8	n/a	NonTarget	1	373700
1494.976	n/a	NonTarget	1	373744
1495.148	n/a	NonTarget	1	373787
1495.324	n/a	Target	2	373831
1495.5	n/a	NonTarget	1	373875
1495.676	n/a	NonTarget	1	373919
1495.848	n/a	Target	2	373962
1496.024	n/a	NonTarget	1	374006
1496.2	n/a	NonTarget	1	374050
1496.376	n/a	NonTarget	1	374094
1496.548	n/a	NonTarget	1	374137
1496.724	n/a	Target	2	374181
1496.9	n/a	NonTarget	1	374225
1497.076	n/a	NonTarget	1	374269
1497.248	n/a	NonTarget	1	374312
1497.424	n/a	NonTarget	1	374356
1497.6	n/a	NonTarget	1	374400
1497.776	n/a	NonTarget	1	374444
1497.952	n/a	NonTarget	1	374488
1498.124	n/a	NonTarget	1	374531
1498.3	n/a	NonTarget	1	374575
1498.476	n/a	Target	2	374619
1498.648	n/a	NonTarget	1	374662
1498.824	n/a	NonTarget	1	374706
1499.0	n/a	NonTarget	1	374750
1499.176	n/a	NonTarget	1	374794
1499.348	n/a	NonTarget	1	374837
1499.524	n/a	Target	2	374881
1499.7	n/a	NonTarget	1	374925
1499.876	n/a	NonTarget	1	374969
1500.048	n/a	NonTarget	1	375012
1500.224	n/a	NonTarget	1	375056
1500.4	n/a	Target	2	375100
1500.576	n/a	NonTarget	1	375144
1515.916	n/a	NonTarget	1	378979
1516.092	n/a	Target	2	379023
1516.268	n/a	NonTarget	1	379067
1516.44	n/a	NonTarget	1	379110
1516.616	n/a	NonTarget	1	379154
1516.792	n/a	NonTarget	1	379198
1516.968	n/a	Target	2	379242
1517.144	n/a	NonTarget	1	379286
1517.316	n/a	NonTarget	1	379329
1517.492	n/a	NonTarget	1	379373
1517.668	n/a	NonTarget	1	379417
1517.84	n/a	NonTarget	1	379460
1518.016	n/a	NonTarget	1	379504
1518.192	n/a	NonTarget	1	379548
1518.368	n/a	NonTarget	1	379592
1518.54	n/a	NonTarget	1	379635
1518.716	n/a	Target	2	379679
1518.892	n/a	NonTarget	1	379723
1519.068	n/a	NonTarget	1	379767
1519.24	n/a	Target	2	379810
1519.416	n/a	NonTarget	1	379854
1519.592	n/a	NonTarget	1	379898
1519.768	n/a	NonTarget	1	379942
1519.94	n/a	NonTarget	1	379985
1520.116	n/a	Target	2	380029
1520.292	n/a	NonTarget	1	380073
1520.468	n/a	NonTarget	1	380117
1520.64	n/a	NonTarget	1	380160
1520.816	n/a	NonTarget	1	380204
1520.992	n/a	NonTarget	1	380248
1521.168	n/a	Target	2	380292
1521.34	n/a	NonTarget	1	380335
1521.516	n/a	NonTarget	1	380379
1521.692	n/a	NonTarget	1	380423
1521.868	n/a	NonTarget	1	380467
1522.04	n/a	NonTarget	1	380510
1522.216	n/a	Target	2	380554
1522.392	n/a	NonTarget	1	380598
1522.568	n/a	NonTarget	1	380642
1522.74	n/a	NonTarget	1	380685
1522.916	n/a	NonTarget	1	380729
1523.092	n/a	NonTarget	1	380773
1523.268	n/a	NonTarget	1	380817
1523.44	n/a	NonTarget	1	380860
1523.616	n/a	NonTarget	1	380904
1523.792	n/a	NonTarget	1	380948
1523.968	n/a	Target	2	380992
1524.14	n/a	NonTarget	1	381035
1524.316	n/a	NonTarget	1	381079
1524.492	n/a	NonTarget	1	381123
1524.668	n/a	NonTarget	1	381167
1524.84	n/a	NonTarget	1	381210
1525.016	n/a	NonTarget	1	381254
1525.192	n/a	Target	2	381298
1525.368	n/a	NonTarget	1	381342
1525.54	n/a	NonTarget	1	381385
1525.716	n/a	NonTarget	1	381429
1525.892	n/a	Target	2	381473
1526.068	n/a	NonTarget	1	381517
1526.24	n/a	NonTarget	1	381560
1526.416	n/a	Target	2	381604
1526.592	n/a	NonTarget	1	381648
1526.768	n/a	NonTarget	1	381692
1526.94	n/a	NonTarget	1	381735
1527.116	n/a	NonTarget	1	381779
1527.292	n/a	NonTarget	1	381823
1527.468	n/a	Target	2	381867
1527.64	n/a	NonTarget	1	381910
1527.816	n/a	NonTarget	1	381954
1527.992	n/a	NonTarget	1	381998
1528.168	n/a	NonTarget	1	382042
1528.34	n/a	NonTarget	1	382085
1528.516	n/a	NonTarget	1	382129
1528.692	n/a	NonTarget	1	382173
1528.868	n/a	NonTarget	1	382217
1529.04	n/a	NonTarget	1	382260
1529.216	n/a	Target	2	382304
1529.392	n/a	NonTarget	1	382348
1529.568	n/a	NonTarget	1	382392
1529.74	n/a	NonTarget	1	382435
1529.916	n/a	Target	2	382479
1530.092	n/a	NonTarget	1	382523
1530.268	n/a	NonTarget	1	382567
1530.44	n/a	NonTarget	1	382610
1530.616	n/a	Target	2	382654
1530.792	n/a	NonTarget	1	382698
1530.968	n/a	NonTarget	1	382742
1531.14	n/a	NonTarget	1	382785
1531.316	n/a	NonTarget	1	382829
1531.492	n/a	NonTarget	1	382873
1548.968	n/a	NonTarget	1	387242
1549.14	n/a	NonTarget	1	387285
1549.316	n/a	NonTarget	1	387329
1549.492	n/a	NonTarget	1	387373
1549.668	n/a	NonTarget	1	387417
1549.844	n/a	Target	2	387461
1550.016	n/a	NonTarget	1	387504
1550.192	n/a	NonTarget	1	387548
1550.368	n/a	NonTarget	1	387592
1550.54	n/a	NonTarget	1	387635
1550.716	n/a	Target	2	387679
1550.892	n/a	NonTarget	1	387723
1551.068	n/a	NonTarget	1	387767
1551.24	n/a	NonTarget	1	387810
1551.416	n/a	NonTarget	1	387854
1551.592	n/a	NonTarget	1	387898
1551.768	n/a	Target	2	387942
1551.94	n/a	NonTarget	1	387985
1552.116	n/a	NonTarget	1	388029
1552.292	n/a	NonTarget	1	388073
1552.468	n/a	NonTarget	1	388117
1552.64	n/a	Target	2	388160
1552.816	n/a	NonTarget	1	388204
1552.992	n/a	NonTarget	1	388248
1553.168	n/a	NonTarget	1	388292
1553.34	n/a	NonTarget	1	388335
1553.516	n/a	NonTarget	1	388379
1553.692	n/a	NonTarget	1	388423
1553.868	n/a	NonTarget	1	388467
1554.044	n/a	Target	2	388511
1554.216	n/a	NonTarget	1	388554
1554.392	n/a	NonTarget	1	388598
1554.568	n/a	NonTarget	1	388642
1554.74	n/a	NonTarget	1	388685
1554.916	n/a	Target	2	388729
1555.092	n/a	NonTarget	1	388773
1555.268	n/a	NonTarget	1	388817
1555.44	n/a	NonTarget	1	388860
1555.616	n/a	NonTarget	1	388904
1555.792	n/a	Target	2	388948
1555.968	n/a	NonTarget	1	388992
1556.14	n/a	NonTarget	1	389035
1556.316	n/a	NonTarget	1	389079
1556.492	n/a	NonTarget	1	389123
1556.668	n/a	NonTarget	1	389167
1556.84	n/a	Target	2	389210
1557.016	n/a	NonTarget	1	389254
1557.192	n/a	NonTarget	1	389298
1557.368	n/a	NonTarget	1	389342
1557.54	n/a	NonTarget	1	389385
1557.716	n/a	NonTarget	1	389429
1557.892	n/a	Target	2	389473
1558.068	n/a	NonTarget	1	389517
1558.24	n/a	NonTarget	1	389560
1558.416	n/a	NonTarget	1	389604
1558.592	n/a	NonTarget	1	389648
1558.768	n/a	NonTarget	1	389692
1558.94	n/a	NonTarget	1	389735
1559.116	n/a	NonTarget	1	389779
1559.292	n/a	Target	2	389823
1559.468	n/a	NonTarget	1	389867
1559.64	n/a	NonTarget	1	389910
1559.816	n/a	Target	2	389954
1559.992	n/a	NonTarget	1	389998
1560.168	n/a	NonTarget	1	390042
1560.34	n/a	NonTarget	1	390085
1560.516	n/a	NonTarget	1	390129
1560.692	n/a	Target	2	390173
1560.868	n/a	NonTarget	1	390217
1561.04	n/a	NonTarget	1	390260
1561.216	n/a	NonTarget	1	390304
1561.392	n/a	NonTarget	1	390348
1561.568	n/a	NonTarget	1	390392
1561.74	n/a	NonTarget	1	390435
1561.916	n/a	NonTarget	1	390479
1562.092	n/a	Target	2	390523
1562.268	n/a	NonTarget	1	390567
1562.444	n/a	NonTarget	1	390611
1562.616	n/a	NonTarget	1	390654
1562.792	n/a	NonTarget	1	390698
1562.968	n/a	NonTarget	1	390742
1563.14	n/a	Target	2	390785
1563.316	n/a	NonTarget	1	390829
1563.492	n/a	NonTarget	1	390873
1563.668	n/a	NonTarget	1	390917
1563.84	n/a	NonTarget	1	390960
1564.016	n/a	Target	2	391004
1564.192	n/a	NonTarget	1	391048
1564.368	n/a	NonTarget	1	391092
1564.544	n/a	NonTarget	1	391136
1579.836	n/a	NonTarget	1	394959
1580.012	n/a	NonTarget	1	395003
1580.184	n/a	NonTarget	1	395046
1580.36	n/a	NonTarget	1	395090
1580.536	n/a	Target	2	395134
1580.712	n/a	NonTarget	1	395178
1580.884	n/a	NonTarget	1	395221
1581.06	n/a	NonTarget	1	395265
1581.236	n/a	NonTarget	1	395309
1581.412	n/a	NonTarget	1	395353
1581.584	n/a	Target	2	395396
1581.76	n/a	NonTarget	1	395440
1581.936	n/a	NonTarget	1	395484
1582.112	n/a	NonTarget	1	395528
1582.284	n/a	Target	2	395571
1582.46	n/a	NonTarget	1	395615
1582.636	n/a	NonTarget	1	395659
1582.812	n/a	NonTarget	1	395703
1582.984	n/a	NonTarget	1	395746
1583.16	n/a	Target	2	395790
1583.336	n/a	NonTarget	1	395834
1583.512	n/a	NonTarget	1	395878
1583.684	n/a	NonTarget	1	395921
1583.86	n/a	NonTarget	1	395965
1584.036	n/a	NonTarget	1	396009
1584.212	n/a	NonTarget	1	396053
1584.384	n/a	Target	2	396096
1584.56	n/a	NonTarget	1	396140
1584.736	n/a	NonTarget	1	396184
1584.912	n/a	NonTarget	1	396228
1585.084	n/a	NonTarget	1	396271
1585.26	n/a	NonTarget	1	396315
1585.436	n/a	NonTarget	1	396359
1585.612	n/a	Target	2	396403
1585.784	n/a	NonTarget	1	396446
1585.96	n/a	NonTarget	1	396490
1586.136	n/a	NonTarget	1	396534
1586.312	n/a	NonTarget	1	396578
1586.484	n/a	NonTarget	1	396621
1586.66	n/a	NonTarget	1	396665
1586.836	n/a	Target	2	396709
1587.012	n/a	NonTarget	1	396753
1587.184	n/a	NonTarget	1	396796
1587.36	n/a	NonTarget	1	396840
1587.536	n/a	Target	2	396884
1587.712	n/a	NonTarget	1	396928
1587.884	n/a	NonTarget	1	396971
1588.06	n/a	NonTarget	1	397015
1588.236	n/a	Target	2	397059
1588.412	n/a	NonTarget	1	397103
1588.584	n/a	NonTarget	1	397146
1588.76	n/a	NonTarget	1	397190
1588.936	n/a	NonTarget	1	397234
1589.112	n/a	NonTarget	1	397278
1589.284	n/a	NonTarget	1	397321
1589.46	n/a	NonTarget	1	397365
1589.636	n/a	NonTarget	1	397409
1589.812	n/a	Target	2	397453
1589.984	n/a	NonTarget	1	397496
1590.16	n/a	NonTarget	1	397540
1590.336	n/a	NonTarget	1	397584
1590.512	n/a	NonTarget	1	397628
1590.684	n/a	NonTarget	1	397671
1590.86	n/a	Target	2	397715
1591.036	n/a	NonTarget	1	397759
1591.212	n/a	NonTarget	1	397803
1591.384	n/a	NonTarget	1	397846
1591.56	n/a	NonTarget	1	397890
1591.736	n/a	Target	2	397934
1591.912	n/a	NonTarget	1	397978
1592.084	n/a	NonTarget	1	398021
1592.26	n/a	NonTarget	1	398065
1592.436	n/a	NonTarget	1	398109
1592.612	n/a	Target	2	398153
1592.784	n/a	NonTarget	1	398196
1592.96	n/a	NonTarget	1	398240
1593.136	n/a	NonTarget	1	398284
1593.312	n/a	NonTarget	1	398328
1593.484	n/a	NonTarget	1	398371
1593.66	n/a	NonTarget	1	398415
1593.836	n/a	NonTarget	1	398459
1594.008	n/a	Target	2	398502
1594.184	n/a	NonTarget	1	398546
1594.36	n/a	NonTarget	1	398590
1594.536	n/a	NonTarget	1	398634
1594.708	n/a	NonTarget	1	398677
1594.884	n/a	Target	2	398721
1595.06	n/a	NonTarget	1	398765
1595.236	n/a	NonTarget	1	398809
1595.408	n/a	NonTarget	1	398852
1610.936	n/a	NonTarget	1	402734
1611.112	n/a	NonTarget	1	402778
1611.288	n/a	NonTarget	1	402822
1611.464	n/a	Target	2	402866
1611.636	n/a	NonTarget	1	402909
1611.812	n/a	NonTarget	1	402953
1611.988	n/a	NonTarget	1	402997
1612.164	n/a	NonTarget	1	403041
1612.336	n/a	NonTarget	1	403084
1612.512	n/a	NonTarget	1	403128
1612.688	n/a	NonTarget	1	403172
1612.864	n/a	Target	2	403216
1613.036	n/a	NonTarget	1	403259
1613.212	n/a	NonTarget	1	403303
1613.388	n/a	Target	2	403347
1613.564	n/a	NonTarget	1	403391
1613.736	n/a	NonTarget	1	403434
1613.912	n/a	NonTarget	1	403478
1614.088	n/a	NonTarget	1	403522
1614.264	n/a	Target	2	403566
1614.436	n/a	NonTarget	1	403609
1614.612	n/a	NonTarget	1	403653
1614.788	n/a	NonTarget	1	403697
1614.964	n/a	NonTarget	1	403741
1615.136	n/a	NonTarget	1	403784
1615.312	n/a	NonTarget	1	403828
1615.488	n/a	NonTarget	1	403872
1615.664	n/a	NonTarget	1	403916
1615.836	n/a	NonTarget	1	403959
1616.012	n/a	Target	2	404003
1616.188	n/a	NonTarget	1	404047
1616.364	n/a	NonTarget	1	404091
1616.536	n/a	Target	2	404134
1616.712	n/a	NonTarget	1	404178
1616.888	n/a	NonTarget	1	404222
1617.064	n/a	NonTarget	1	404266
1617.236	n/a	NonTarget	1	404309
1617.412	n/a	NonTarget	1	404353
1617.588	n/a	NonTarget	1	404397
1617.764	n/a	Target	2	404441
1617.936	n/a	NonTarget	1	404484
1618.112	n/a	NonTarget	1	404528
1618.288	n/a	Target	2	404572
1618.464	n/a	NonTarget	1	404616
1618.636	n/a	NonTarget	1	404659
1618.812	n/a	NonTarget	1	404703
1618.988	n/a	NonTarget	1	404747
1619.164	n/a	NonTarget	1	404791
1619.336	n/a	Target	2	404834
1619.512	n/a	NonTarget	1	404878
1619.688	n/a	NonTarget	1	404922
1619.864	n/a	NonTarget	1	404966
1620.036	n/a	NonTarget	1	405009
1620.212	n/a	NonTarget	1	405053
1620.388	n/a	NonTarget	1	405097
1620.564	n/a	NonTarget	1	405141
1620.736	n/a	NonTarget	1	405184
1620.912	n/a	Target	2	405228
1621.088	n/a	NonTarget	1	405272
1621.264	n/a	NonTarget	1	405316
1621.436	n/a	Target	2	405359
1621.612	n/a	NonTarget	1	405403
1621.788	n/a	NonTarget	1	405447
1621.964	n/a	NonTarget	1	405491
1622.136	n/a	NonTarget	1	405534
1622.312	n/a	NonTarget	1	405578
1622.488	n/a	Target	2	405622
1622.664	n/a	NonTarget	1	405666
1622.836	n/a	NonTarget	1	405709
1623.012	n/a	NonTarget	1	405753
1623.188	n/a	NonTarget	1	405797
1623.364	n/a	NonTarget	1	405841
1623.536	n/a	Target	2	405884
1623.712	n/a	NonTarget	1	405928
1623.888	n/a	NonTarget	1	405972
1624.064	n/a	NonTarget	1	406016
1624.24	n/a	NonTarget	1	406060
1624.412	n/a	NonTarget	1	406103
1624.588	n/a	Target	2	406147
1624.764	n/a	NonTarget	1	406191
1624.936	n/a	NonTarget	1	406234
1625.112	n/a	NonTarget	1	406278
1625.288	n/a	NonTarget	1	406322
1625.464	n/a	NonTarget	1	406366
1625.636	n/a	NonTarget	1	406409
1625.812	n/a	Target	2	406453
1625.988	n/a	NonTarget	1	406497
1626.164	n/a	NonTarget	1	406541
1626.336	n/a	NonTarget	1	406584
1626.512	n/a	NonTarget	1	406628
1643.588	n/a	NonTarget	1	410897
1643.764	n/a	NonTarget	1	410941
1643.94	n/a	NonTarget	1	410985
1644.116	n/a	NonTarget	1	411029
1644.288	n/a	NonTarget	1	411072
1644.464	n/a	Target	2	411116
1644.64	n/a	NonTarget	1	411160
1644.816	n/a	NonTarget	1	411204
1644.988	n/a	Target	2	411247
1645.164	n/a	NonTarget	1	411291
1645.34	n/a	NonTarget	1	411335
1645.516	n/a	NonTarget	1	411379
1645.688	n/a	Target	2	411422
1645.864	n/a	NonTarget	1	411466
1646.04	n/a	NonTarget	1	411510
1646.216	n/a	NonTarget	1	411554
1646.388	n/a	NonTarget	1	411597
1646.564	n/a	NonTarget	1	411641
1646.74	n/a	NonTarget	1	411685
1646.916	n/a	NonTarget	1	411729
1647.088	n/a	NonTarget	1	411772
1647.264	n/a	NonTarget	1	411816
1647.44	n/a	Target	2	411860
1647.616	n/a	NonTarget	1	411904
1647.788	n/a	NonTarget	1	411947
1647.964	n/a	NonTarget	1	411991
1648.14	n/a	NonTarget	1	412035
1648.316	n/a	NonTarget	1	412079
1648.488	n/a	Target	2	412122
1648.664	n/a	NonTarget	1	412166
1648.84	n/a	NonTarget	1	412210
1649.016	n/a	NonTarget	1	412254
1649.188	n/a	NonTarget	1	412297
1649.364	n/a	Target	2	412341
1649.54	n/a	NonTarget	1	412385
1649.716	n/a	NonTarget	1	412429
1649.888	n/a	Target	2	412472
1650.064	n/a	NonTarget	1	412516
1650.24	n/a	NonTarget	1	412560
1650.416	n/a	NonTarget	1	412604
1650.588	n/a	NonTarget	1	412647
1650.764	n/a	NonTarget	1	412691
1650.94	n/a	NonTarget	1	412735
1651.116	n/a	NonTarget	1	412779
1651.288	n/a	Target	2	412822
1651.464	n/a	NonTarget	1	412866
1651.64	n/a	NonTarget	1	412910
1651.816	n/a	NonTarget	1	412954
1651.988	n/a	NonTarget	1	412997
1652.164	n/a	NonTarget	1	413041
1652.34	n/a	NonTarget	1	413085
1652.516	n/a	NonTarget	1	413129
1652.688	n/a	Target	2	413172
1652.864	n/a	NonTarget	1	413216
1653.04	n/a	NonTarget	1	413260
1653.216	n/a	Target	2	413304
1653.388	n/a	NonTarget	1	413347
1653.564	n/a	NonTarget	1	413391
1653.74	n/a	NonTarget	1	413435
1653.916	n/a	NonTarget	1	413479
1654.088	n/a	Target	2	413522
1654.264	n/a	NonTarget	1	413566
1654.44	n/a	NonTarget	1	413610
1654.616	n/a	NonTarget	1	413654
1654.788	n/a	NonTarget	1	413697
1654.964	n/a	NonTarget	1	413741
1655.14	n/a	Target	2	413785
1655.312	n/a	NonTarget	1	413828
1655.488	n/a	NonTarget	1	413872
1655.664	n/a	NonTarget	1	413916
1655.84	n/a	NonTarget	1	413960
1656.012	n/a	NonTarget	1	414003
1656.188	n/a	Target	2	414047
1656.364	n/a	NonTarget	1	414091
1656.54	n/a	NonTarget	1	414135
1656.716	n/a	NonTarget	1	414179
1656.888	n/a	NonTarget	1	414222
1657.064	n/a	NonTarget	1	414266
1657.24	n/a	NonTarget	1	414310
1657.412	n/a	NonTarget	1	414353
1657.588	n/a	NonTarget	1	414397
1657.764	n/a	NonTarget	1	414441
1657.94	n/a	Target	2	414485
1658.112	n/a	NonTarget	1	414528
1658.288	n/a	NonTarget	1	414572
1658.464	n/a	NonTarget	1	414616
1658.64	n/a	NonTarget	1	414660
1658.812	n/a	NonTarget	1	414703
1658.988	n/a	Target	2	414747
1659.164	n/a	NonTarget	1	414791
1678.556	n/a	Target	2	419639
1678.732	n/a	NonTarget	1	419683
1678.908	n/a	NonTarget	1	419727
1679.08	n/a	NonTarget	1	419770
1679.256	n/a	NonTarget	1	419814
1679.432	n/a	NonTarget	1	419858
1679.608	n/a	Target	2	419902
1679.784	n/a	NonTarget	1	419946
1679.956	n/a	NonTarget	1	419989
1680.132	n/a	NonTarget	1	420033
1680.308	n/a	NonTarget	1	420077
1680.48	n/a	NonTarget	1	420120
1680.656	n/a	NonTarget	1	420164
1680.832	n/a	NonTarget	1	420208
1681.008	n/a	NonTarget	1	420252
1681.18	n/a	NonTarget	1	420295
1681.356	n/a	Target	2	420339
1681.532	n/a	NonTarget	1	420383
1681.708	n/a	NonTarget	1	420427
1681.884	n/a	NonTarget	1	420471
1682.056	n/a	NonTarget	1	420514
1682.232	n/a	NonTarget	1	420558
1682.408	n/a	Target	2	420602
1682.58	n/a	NonTarget	1	420645
1682.756	n/a	NonTarget	1	420689
1682.932	n/a	NonTarget	1	420733
1683.108	n/a	NonTarget	1	420777
1683.28	n/a	NonTarget	1	420820
1683.456	n/a	NonTarget	1	420864
1683.632	n/a	Target	2	420908
1683.808	n/a	NonTarget	1	420952
1683.98	n/a	NonTarget	1	420995
1684.156	n/a	NonTarget	1	421039
1684.332	n/a	NonTarget	1	421083
1684.508	n/a	NonTarget	1	421127
1684.68	n/a	Target	2	421170
1684.856	n/a	NonTarget	1	421214
1685.032	n/a	NonTarget	1	421258
1685.208	n/a	NonTarget	1	421302
1685.38	n/a	NonTarget	1	421345
1685.556	n/a	NonTarget	1	421389
1685.732	n/a	Target	2	421433
1685.908	n/a	NonTarget	1	421477
1686.08	n/a	NonTarget	1	421520
1686.256	n/a	NonTarget	1	421564
1686.432	n/a	NonTarget	1	421608
1686.608	n/a	NonTarget	1	421652
1686.78	n/a	Target	2	421695
1686.956	n/a	NonTarget	1	421739
1687.132	n/a	NonTarget	1	421783
1687.308	n/a	NonTarget	1	421827
1687.48	n/a	NonTarget	1	421870
1687.656	n/a	NonTarget	1	421914
1687.832	n/a	Target	2	421958
1688.008	n/a	NonTarget	1	422002
1688.18	n/a	NonTarget	1	422045
1688.356	n/a	NonTarget	1	422089
1688.532	n/a	NonTarget	1	422133
1688.708	n/a	Target	2	422177
1688.88	n/a	NonTarget	1	422220
1689.056	n/a	NonTarget	1	422264
1689.232	n/a	NonTarget	1	422308
1689.408	n/a	NonTarget	1	422352
1689.58	n/a	NonTarget	1	422395
1689.756	n/a	Target	2	422439
1689.932	n/a	NonTarget	1	422483
1690.108	n/a	NonTarget	1	422527
1690.28	n/a	NonTarget	1	422570
1690.456	n/a	NonTarget	1	422614
1690.632	n/a	NonTarget	1	422658
1690.808	n/a	Target	2	422702
1690.98	n/a	NonTarget	1	422745
1691.156	n/a	NonTarget	1	422789
1691.332	n/a	NonTarget	1	422833
1691.508	n/a	NonTarget	1	422877
1691.684	n/a	Target	2	422921
1691.856	n/a	NonTarget	1	422964
1692.032	n/a	NonTarget	1	423008
1692.208	n/a	Target	2	423052
1692.384	n/a	NonTarget	1	423096
1692.556	n/a	NonTarget	1	423139
1692.732	n/a	NonTarget	1	423183
1692.908	n/a	NonTarget	1	423227
1693.084	n/a	NonTarget	1	423271
1693.256	n/a	NonTarget	1	423314
1693.432	n/a	NonTarget	1	423358
1693.608	n/a	NonTarget	1	423402
1693.78	n/a	NonTarget	1	423445
1693.956	n/a	Target	2	423489
1694.132	n/a	NonTarget	1	423533
1768.86	n/a	NonTarget	1	442215
1769.036	n/a	NonTarget	1	442259
1769.208	n/a	NonTarget	1	442302
1769.384	n/a	NonTarget	1	442346
1769.56	n/a	Target	2	442390
1769.736	n/a	NonTarget	1	442434
1769.912	n/a	NonTarget	1	442478
1770.084	n/a	Target	2	442521
1770.26	n/a	NonTarget	1	442565
1770.436	n/a	NonTarget	1	442609
1770.608	n/a	NonTarget	1	442652
1770.784	n/a	NonTarget	1	442696
1770.96	n/a	NonTarget	1	442740
1771.136	n/a	NonTarget	1	442784
1771.308	n/a	Target	2	442827
1771.484	n/a	NonTarget	1	442871
1771.66	n/a	NonTarget	1	442915
1771.836	n/a	NonTarget	1	442959
1772.008	n/a	NonTarget	1	443002
1772.184	n/a	NonTarget	1	443046
1772.36	n/a	NonTarget	1	443090
1772.536	n/a	Target	2	443134
1772.708	n/a	NonTarget	1	443177
1772.884	n/a	NonTarget	1	443221
1773.06	n/a	NonTarget	1	443265
1773.236	n/a	Target	2	443309
1773.408	n/a	NonTarget	1	443352
1773.584	n/a	NonTarget	1	443396
1773.76	n/a	NonTarget	1	443440
1773.936	n/a	NonTarget	1	443484
1774.108	n/a	NonTarget	1	443527
1774.284	n/a	NonTarget	1	443571
1774.46	n/a	NonTarget	1	443615
1774.636	n/a	Target	2	443659
1774.808	n/a	NonTarget	1	443702
1774.984	n/a	NonTarget	1	443746
1775.16	n/a	NonTarget	1	443790
1775.336	n/a	NonTarget	1	443834
1775.508	n/a	Target	2	443877
1775.684	n/a	NonTarget	1	443921
1775.86	n/a	NonTarget	1	443965
1776.036	n/a	NonTarget	1	444009
1776.208	n/a	NonTarget	1	444052
1776.384	n/a	NonTarget	1	444096
1776.56	n/a	Target	2	444140
1776.736	n/a	NonTarget	1	444184
1776.908	n/a	NonTarget	1	444227
1777.084	n/a	NonTarget	1	444271
1777.26	n/a	NonTarget	1	444315
1777.436	n/a	NonTarget	1	444359
1777.608	n/a	NonTarget	1	444402
1777.784	n/a	NonTarget	1	444446
1777.96	n/a	NonTarget	1	444490
1778.136	n/a	Target	2	444534
1778.308	n/a	NonTarget	1	444577
1778.484	n/a	NonTarget	1	444621
1778.66	n/a	NonTarget	1	444665
1778.836	n/a	Target	2	444709
1779.012	n/a	NonTarget	1	444753
1779.184	n/a	NonTarget	1	444796
1779.36	n/a	NonTarget	1	444840
1779.536	n/a	NonTarget	1	444884
1779.708	n/a	Target	2	444927
1779.884	n/a	NonTarget	1	444971
1780.06	n/a	NonTarget	1	445015
1780.236	n/a	NonTarget	1	445059
1780.408	n/a	NonTarget	1	445102
1780.584	n/a	Target	2	445146
1780.76	n/a	NonTarget	1	445190
1780.936	n/a	NonTarget	1	445234
1781.108	n/a	NonTarget	1	445277
1781.284	n/a	NonTarget	1	445321
1781.46	n/a	NonTarget	1	445365
1781.636	n/a	NonTarget	1	445409
1781.808	n/a	NonTarget	1	445452
1781.984	n/a	NonTarget	1	445496
1782.16	n/a	NonTarget	1	445540
1782.336	n/a	Target	2	445584
1782.508	n/a	NonTarget	1	445627
1782.684	n/a	NonTarget	1	445671
1782.86	n/a	NonTarget	1	445715
1783.036	n/a	NonTarget	1	445759
1783.208	n/a	NonTarget	1	445802
1783.384	n/a	Target	2	445846
1783.56	n/a	NonTarget	1	445890
1783.736	n/a	NonTarget	1	445934
1783.912	n/a	NonTarget	1	445978
1784.084	n/a	Target	2	446021
1784.26	n/a	NonTarget	1	446065
1784.436	n/a	NonTarget	1	446109
